(1786378649.225516) can0 35D#0055555555555555
(1786378656.324974) can0 33D#0000FFFFFFFFFFFF
(1786378656.344842) can0 39D#A2010001
(1786378656.364693) can0 39D#A3020001
(1786378656.404706) can0 5BD#3840010000000000
(1786378656.424250) can0 39D#A4030001
(1786378656.444654) can0 33D#0000FFFFFFFFFFFF
(1786378656.444944) can0 39D#A5040001
(1786378656.484643) can0 39D#A6050001
(1786378656.524687) can0 33D#0000FFFFFFFFFFFF
(1786378656.544829) can0 39D#A7060001
(1786378656.564665) can0 39D#A8070001
(1786378656.604588) can0 39D#A9080001
(1786378656.644645) can0 33D#0000FFFFFFFFFFFF
(1786378656.644996) can0 39D#AA090001
(1786378656.684697) can0 39D#AB0A0001
(1786378656.724697) can0 33D#0000FFFFFFFFFFFF
(1786378656.744753) can0 39D#AC0B0001
(1786378656.764674) can0 39D#AD0C0001
(1786378656.804636) can0 39D#AE0D0001
(1786378656.844626) can0 33D#0000FFFFFFFFFFFF
(1786378656.845010) can0 39D#AF0E0001
(1786378656.884652) can0 39D#B00F0001
(1786378656.924656) can0 33D#0000FFFFFFFFFFFF
(1786378656.945216) can0 39D#A1000001
(1786378656.964719) can0 39D#B2011001
(1786378657.004723) can0 39D#B3021001
(1786378657.044806) can0 33D#0000FFFFFFFFFFFF
(1786378657.045184) can0 39D#A4030001
(1786378657.084742) can0 39D#B5041001
(1786378657.124690) can0 33D#0000FFFFFFFFFFFF
(1786378657.145122) can0 39D#B6051001
(1786378657.164732) can0 39D#B7061001
(1786378657.204734) can0 39D#B8071001
(1786378657.244801) can0 33D#0000FFFFFFFFFFFF
(1786378657.245224) can0 39D#B9081001
(1786378657.284776) can0 39D#BA091001
(1786378657.324783) can0 35D#0055555555555555
(1786378657.325158) can0 33D#0000FFFFFFFFFFFF
(1786378657.344813) can0 39D#BB0A1001
(1786378657.364795) can0 39D#BC0B1001
(1786378657.405129) can0 39D#BD0C1001
(1786378657.444799) can0 33D#0000FFFFFFFFFFFF
(1786378657.445193) can0 39D#AE0D0001
(1786378657.484737) can0 39D#AF0E0001
(1786378657.524750) can0 33D#0000FFFFFFFFFFFF
(1786378657.545205) can0 39D#B00F0001
(1786378657.564732) can0 39D#A1000001
(1786378657.604767) can0 39D#A2010001
(1786378657.644704) can0 33D#0000FFFFFFFFFFFF
(1786378657.645161) can0 39D#A3020001
(1786378657.684816) can0 39D#A4030001
(1786378657.725088) can0 33D#0000FFFFFFFFFFFF
(1786378657.745232) can0 39D#A5040001
(1786378657.764663) can0 30D#0E0060504D542207
(1786378657.795213) can0 39D#A6050001
(1786378657.805070) can0 39D#A7060001
(1786378657.844813) can0 33D#0000FFFFFFFFFFFF
(1786378657.845163) can0 39D#A8070001
(1786378657.884802) can0 39D#A9080001
(1786378657.924810) can0 33D#0000FFFFFFFFFFFF
(1786378657.945208) can0 39D#AA090001
(1786378657.965010) can0 39D#AB0A0001
(1786378658.004797) can0 39D#AC0B0001
(1786378658.045086) can0 33D#0000FFFFFFFFFFFF
(1786378658.045480) can0 39D#AD0C0001
(1786378658.084761) can0 39D#AE0D0001
(1786378658.124716) can0 33D#0000FFFFFFFFFFFF
(1786378658.145248) can0 39D#AF0E0001
(1786378658.164711) can0 39D#B00F0001
(1786378658.204775) can0 39D#A1000001
(1786378658.244729) can0 33D#0000FFFFFFFFFFFF
(1786378658.245081) can0 39D#A2010001
(1786378658.284778) can0 39D#A3020001
(1786378658.324802) can0 35D#0155555555555555
(1786378658.325184) can0 32D#0A01000000007000
(1786378658.325480) can0 33D#0000FFFFFFFFFFFF
(1786378658.345109) can0 39D#A4030001
(1786378658.364743) can0 39D#A5040001
(1786378658.405036) can0 39D#AE050801
(1786378658.445041) can0 33D#0000FFFFFFFFFFFF
(1786378658.445310) can0 3AD#1500002004000010
(1786378658.455150) can0 39D#AF060801
(1786378658.485036) can0 39D#B0070801
(1786378658.524834) can0 33D#0000FFFFFFFFFFFF
(1786378658.545154) can0 39D#B1080801
(1786378658.564726) can0 39D#B2090801
(1786378658.604782) can0 39D#B30A0801
(1786378658.644782) can0 33D#0000FFFFFFFFFFFF
(1786378658.645198) can0 39D#B40B0801
(1786378658.684862) can0 39D#B50C0801
(1786378658.724745) can0 33D#0000FFFFFFFFFFFF
(1786378658.745209) can0 39D#B60D0801
(1786378658.764770) can0 39D#B70E0801
(1786378658.804717) can0 39D#B80F0801
(1786378658.844659) can0 33D#0000FFFFFFFFFFFF
(1786378658.845100) can0 39D#A9000801
(1786378658.943419) can0 39D#AA010801
(1786378658.943841) can0 33D#0000FFFFFFFFFFFF
(1786378658.945173) can0 39D#AB020801
(1786378658.970030) can0 39D#AC030801
(1786378659.004842) can0 39D#AD040801
(1786378659.044775) can0 33D#0000FFFFFFFFFFFF
(1786378659.045120) can0 39D#AE050801
(1786378659.084759) can0 39D#AF060801
(1786378659.124808) can0 33D#0000FFFFFFFFFFFF
(1786378659.145205) can0 39D#B0070801
(1786378659.164715) can0 39D#B1080801
(1786378659.204770) can0 39D#B2090801
(1786378659.244765) can0 33D#0000FFFFFFFFFFFF
(1786378659.245117) can0 39D#B30A0801
(1786378659.284749) can0 39D#B40B0801
(1786378659.324769) can0 35D#0256555555555555
(1786378659.325090) can0 5BD#B240010000000000
(1786378659.344704) can0 33D#0000FFFFFFFFFFFF
(1786378659.345164) can0 39D#B50C0801
(1786378659.364740) can0 39D#B60D0801
(1786378659.404788) can0 39D#B70E0801
(1786378659.444821) can0 33D#0000FFFFFFFFFFFF
(1786378659.445301) can0 39D#B80F0801
(1786378659.484708) can0 39D#A9000801
(1786378659.524797) can0 5BD#D440010000000000
(1786378659.544722) can0 33D#0000FFFFFFFFFFFF
(1786378659.545167) can0 39D#AA010801
(1786378659.564749) can0 39D#AB020801
(1786378659.604804) can0 39D#AC030801
(1786378659.644739) can0 33D#0000FFFFFFFFFFFF
(1786378659.645112) can0 39D#AD040801
(1786378659.684759) can0 39D#AE050801
(1786378659.724715) can0 5BD#D540010000000000
(1786378659.744770) can0 33D#0000FFFFFFFFFFFF
(1786378659.745237) can0 39D#AF060801
(1786378659.764782) can0 39D#B0070801
(1786378659.804801) can0 39D#B1080801
(1786378659.844729) can0 33D#0000FFFFFFFFFFFF
(1786378659.845140) can0 39D#B2090801
(1786378659.884754) can0 39D#B30A0801
(1786378659.924667) can0 5BD#D640010000000000
(1786378659.944768) can0 33D#0000FFFFFFFFFFFF
(1786378659.945245) can0 39D#C40B1801
(1786378659.964698) can0 39D#B50C0801
(1786378660.004702) can0 39D#B60D0801
(1786378660.044781) can0 33D#0000FFFFFFFFFFFF
(1786378660.045163) can0 39D#B70E0801
(1786378660.084853) can0 39D#B80F0801
(1786378660.124791) can0 33D#0000FFFFFFFFFFFF
(1786378660.144860) can0 39D#A9000801
(1786378660.164795) can0 39D#AA010801
(1786378660.205063) can0 39D#AB020801
(1786378660.244761) can0 33D#0000FFFFFFFFFFFF
(1786378660.245162) can0 39D#AC030801
(1786378660.284815) can0 39D#AD040801
(1786378660.324804) can0 35D#0355555555555555
(1786378660.325179) can0 32D#0B00020101000000
(1786378660.325523) can0 33D#0000FFFFFFFFFFFF
(1786378660.344855) can0 39D#AE050801
(1786378660.364749) can0 39D#AF060801
(1786378660.404727) can0 39D#B0070801
(1786378660.444790) can0 33D#0000FFFFFFFFFFFF
(1786378660.445160) can0 39D#B1080801
(1786378660.484774) can0 39D#B2090801
(1786378660.524739) can0 33D#0000FFFFFFFFFFFF
(1786378660.545174) can0 39D#B30A0801
(1786378660.564722) can0 39D#B40B0801
(1786378660.604717) can0 39D#B50C0801
(1786378660.644735) can0 33D#0000FFFFFFFFFFFF
(1786378660.645168) can0 39D#B60D0801
(1786378660.684826) can0 39D#B70E0801
(1786378660.724736) can0 33D#0000FFFFFFFFFFFF
(1786378660.745171) can0 39D#B80F0801
(1786378660.764753) can0 39D#A9000801
(1786378660.804781) can0 5BD#C140010000000000
(1786378660.844753) can0 39D#AA010801
(1786378660.845032) can0 33D#0000FFFFFFFFFFFF
(1786378660.845260) can0 39D#AB020801
(1786378660.884796) can0 39D#AC030801
(1786378660.924701) can0 33D#0000FFFFFFFFFFFF
(1786378660.945106) can0 39D#AD040801
(1786378660.964754) can0 39D#AE050801
(1786378661.004702) can0 39D#AF060801
(1786378661.044729) can0 33D#0000FFFFFFFFFFFF
(1786378661.045162) can0 39D#B0070801
(1786378661.084821) can0 39D#B1080801
(1786378661.124730) can0 33D#0000FFFFFFFFFFFF
(1786378661.145161) can0 39D#B2090801
(1786378661.164775) can0 39D#B30A0801
(1786378661.204692) can0 39D#B40B0801
(1786378661.244771) can0 33D#0000FFFFFFFFFFFF
(1786378661.245170) can0 39D#B50C0801
(1786378661.284776) can0 39D#B60D0801
(1786378661.324755) can0 35D#0455555555555555
(1786378661.325058) can0 33D#0000FFFFFFFFFFFF
(1786378661.345211) can0 39D#B70E0801
(1786378661.364716) can0 39D#B80F0801
(1786378661.404785) can0 39D#A9000801
(1786378661.444773) can0 33D#0000FFFFFFFFFFFF
(1786378661.445146) can0 39D#AA010801
(1786378661.484824) can0 39D#AB020801
(1786378661.524766) can0 33D#0000FFFFFFFFFFFF
(1786378661.545217) can0 39D#AC030801
(1786378661.564787) can0 39D#AD040801
(1786378661.604735) can0 39D#AE050801
(1786378661.644929) can0 33D#0000FFFFFFFFFFFF
(1786378661.645176) can0 39D#AF060801
(1786378661.684797) can0 39D#B0070801
(1786378661.724717) can0 33D#0000FFFFFFFFFFFF
(1786378661.745156) can0 39D#B1080801
(1786378661.764845) can0 39D#B2090801
(1786378661.804809) can0 39D#B30A0801
(1786378661.844824) can0 33D#0000FFFFFFFFFFFF
(1786378661.845213) can0 39D#B40B0801
(1786378661.884832) can0 39D#B50C0801
(1786378661.925098) can0 33D#0000FFFFFFFFFFFF
(1786378661.945220) can0 39D#B60D0801
(1786378661.964796) can0 39D#B70E0801
(1786378662.004813) can0 39D#B80F0801
(1786378662.044858) can0 33D#0000FFFFFFFFFFFF
(1786378662.045326) can0 39D#A9000801
(1786378662.085069) can0 39D#AA010801
(1786378662.124711) can0 33D#0000FFFFFFFFFFFF
(1786378662.145191) can0 39D#AB020801
(1786378662.164733) can0 39D#AC030801
(1786378662.204750) can0 39D#AD040801
(1786378662.244748) can0 33D#0000FFFFFFFFFFFF
(1786378662.245123) can0 39D#AE050801
(1786378662.284748) can0 39D#AF060801
(1786378662.324701) can0 35D#0555555555555555
(1786378662.324927) can0 32D#0D0000008D792021
(1786378662.325147) can0 33D#0000FFFFFFFFFFFF
(1786378662.345170) can0 39D#B0070801
(1786378662.364785) can0 39D#B1080801
(1786378662.404917) can0 39D#B2090801
(1786378662.444758) can0 33D#0000FFFFFFFFFFFF
(1786378662.445170) can0 39D#B30A0801
(1786378662.484798) can0 39D#B40B0801
(1786378662.524722) can0 33D#0000FFFFFFFFFFFF
(1786378662.545091) can0 39D#B50C0801
(1786378662.565017) can0 39D#B60D0801
(1786378662.604782) can0 39D#B70E0801
(1786378662.644743) can0 33D#0000FFFFFFFFFFFF
(1786378662.645149) can0 39D#B80F0801
(1786378662.684764) can0 39D#A9000801
(1786378662.724690) can0 33D#0000FFFFFFFFFFFF
(1786378662.745275) can0 39D#AA010801
(1786378662.764781) can0 39D#AB020801
(1786378662.804719) can0 39D#AC030801
(1786378662.844721) can0 33D#0000FFFFFFFFFFFF
(1786378662.845149) can0 3AD#4100002004000010
(1786378662.874857) can0 39D#AD040801
(1786378662.884752) can0 39D#AE050801
(1786378662.924618) can0 33D#0000FFFFFFFFFFFF
(1786378662.944823) can0 39D#AF060801
(1786378662.964684) can0 39D#B0070801
(1786378663.004644) can0 39D#B1080801
(1786378663.044644) can0 33D#0000FFFFFFFFFFFF
(1786378663.045004) can0 39D#B2090801
(1786378663.084615) can0 39D#B30A0801
(1786378663.124636) can0 33D#0000FFFFFFFFFFFF
(1786378663.144808) can0 39D#B40B0801
(1786378663.164628) can0 39D#B50C0801
(1786378663.204663) can0 39D#B60D0801
(1786378663.244614) can0 33D#0000FFFFFFFFFFFF
(1786378663.244872) can0 31D#4500300000030200
(1786378663.254821) can0 33D#04000A0053535555
(1786378663.274831) can0 39D#B70E0801
(1786378663.284649) can0 34D#0000280015286400
(1786378663.294804) can0 36D#9D0000000040E785
(1786378663.314908) can0 39D#B80F0801
(1786378663.324746) can0 35D#0655556555555559
(1786378663.325087) can0 37D#87000000005C5700
(1786378663.334905) can0 33D#0000FFFFFFFFFFFF
(1786378663.344802) can0 38D#0000000070050000
(1786378663.354799) can0 39D#A9000801
(1786378663.364717) can0 39D#AA010801
(1786378663.407298) can0 39D#AB020801
(1786378663.444668) can0 33D#0000FFFFFFFFFFFF
(1786378663.445030) can0 39D#AC030801
(1786378663.484651) can0 39D#AD040801
(1786378663.524634) can0 33D#0000FFFFFFFFFFFF
(1786378663.544832) can0 39D#AE050801
(1786378663.564664) can0 39D#AF060801
(1786378663.604753) can0 39D#B0070801
(1786378663.644702) can0 33D#0000FFFFFFFFFFFF
(1786378663.645078) can0 39D#B1080801
(1786378663.684674) can0 39D#B2090801
(1786378663.724620) can0 33D#0000FFFFFFFFFFFF
(1786378663.744854) can0 39D#B30A0801
(1786378663.764679) can0 39D#B40B0801
(1786378663.804821) can0 39D#B50C0801
(1786378663.844742) can0 33D#0000FFFFFFFFFFFF
(1786378663.844989) can0 39D#B60D0801
(1786378663.884665) can0 39D#B70E0801
(1786378663.924653) can0 33D#0000FFFFFFFFFFFF
(1786378663.944771) can0 39D#B80F0801
(1786378663.964646) can0 39D#A9000801
(1786378664.004679) can0 39D#AA010801
(1786378664.044789) can0 33D#0000FFFFFFFFFFFF
(1786378664.045100) can0 39D#AB020801
(1786378664.084728) can0 39D#AC030801
(1786378664.124814) can0 33D#0000FFFFFFFFFFFF
(1786378664.144799) can0 39D#AD040801
(1786378664.164675) can0 39D#AE050801
(1786378664.204720) can0 39D#AF060801
(1786378664.244675) can0 33D#0000FFFFFFFFFFFF
(1786378664.244998) can0 39D#B0070801
(1786378664.284767) can0 39D#B1080801
(1786378664.324671) can0 35D#07555555552A0000
(1786378664.325043) can0 32D#1405000060FCB070
(1786378664.325340) can0 33D#0000FFFFFFFFFFFF
(1786378664.344865) can0 39D#B2090801
(1786378664.364558) can0 39D#B30A0801
(1786378664.404707) can0 39D#B40B0801
(1786378664.444675) can0 33D#0000FFFFFFFFFFFF
(1786378664.444996) can0 39D#B50C0801
(1786378664.484732) can0 39D#B60D0801
(1786378664.524712) can0 33D#0000FFFFFFFFFFFF
(1786378664.544829) can0 39D#B70E0801
(1786378664.564664) can0 39D#B80F0801
(1786378664.604735) can0 39D#A9000801
(1786378664.644614) can0 33D#0000FFFFFFFFFFFF
(1786378664.644858) can0 39D#AA010801
(1786378664.684778) can0 39D#AB020801
(1786378664.724672) can0 33D#0000FFFFFFFFFFFF
(1786378664.744789) can0 39D#AC030801
(1786378664.764679) can0 39D#AD040801
(1786378664.804777) can0 39D#AE050801
(1786378664.844729) can0 33D#0000FFFFFFFFFFFF
(1786378664.845114) can0 39D#AF060801
(1786378664.884796) can0 39D#B0070801
(1786378664.924744) can0 33D#0000FFFFFFFFFFFF
(1786378664.944868) can0 39D#B1080801
(1786378664.964842) can0 39D#B2090801
(1786378665.004689) can0 39D#B30A0801
(1786378665.044738) can0 33D#0000FFFFFFFFFFFF
(1786378665.045085) can0 39D#B40B0801
(1786378665.084732) can0 39D#B50C0801
(1786378665.124837) can0 33D#0000FFFFFFFFFFFF
(1786378665.144893) can0 39D#B60D0801
(1786378665.164737) can0 39D#B70E0801
(1786378665.204704) can0 39D#B80F0801
(1786378665.244753) can0 33D#0000FFFFFFFFFFFF
(1786378665.245095) can0 39D#A9000801
(1786378665.284865) can0 39D#AA010801
(1786378665.324798) can0 35D#0055555555555555
(1786378665.325203) can0 33D#0000FFFFFFFFFFFF
(1786378665.344780) can0 39D#AB020801
(1786378665.364798) can0 39D#AC030801
(1786378665.404701) can0 39D#AD040801
(1786378665.444723) can0 33D#0000FFFFFFFFFFFF
(1786378665.445137) can0 39D#AE050801
(1786378665.484795) can0 39D#AF060801
(1786378665.524823) can0 33D#0000FFFFFFFFFFFF
(1786378665.544843) can0 39D#B0070801
(1786378665.564712) can0 39D#B1080801
(1786378665.604816) can0 39D#B2090801
(1786378665.644740) can0 33D#0000FFFFFFFFFFFF
(1786378665.645067) can0 39D#B30A0801
(1786378665.684735) can0 39D#B40B0801
(1786378665.724596) can0 33D#0000FFFFFFFFFFFF
(1786378665.744788) can0 39D#B50C0801
(1786378665.764697) can0 39D#B60D0801
(1786378665.804763) can0 39D#B70E0801
(1786378665.844796) can0 33D#0000FFFFFFFFFFFF
(1786378665.845162) can0 39D#B80F0801
(1786378665.884822) can0 39D#A9000801
(1786378665.924792) can0 33D#0000FFFFFFFFFFFF
(1786378665.944814) can0 39D#AA010801
(1786378665.964756) can0 39D#AB020801
(1786378666.004762) can0 39D#AC030801
(1786378666.044800) can0 33D#0000FFFFFFFFFFFF
(1786378666.045121) can0 39D#AD040801
(1786378666.084676) can0 39D#AE050801
(1786378666.124900) can0 33D#0000FFFFFFFFFFFF
(1786378666.144889) can0 39D#AF060801
(1786378666.164810) can0 39D#B0070801
(1786378666.204747) can0 39D#B1080801
(1786378666.244671) can0 33D#0000FFFFFFFFFFFF
(1786378666.244991) can0 39D#B2090801
(1786378666.284807) can0 39D#B30A0801
(1786378666.324764) can0 35D#0155555555555555
(1786378666.325058) can0 32D#16000000E4ACA32F
(1786378666.325380) can0 33D#0000FFFFFFFFFFFF
(1786378666.344807) can0 39D#B40B0801
(1786378666.364609) can0 39D#B50C0801
(1786378666.404766) can0 39D#B60D0801
(1786378666.444703) can0 33D#0000FFFFFFFFFFFF
(1786378666.445007) can0 39D#B70E0801
(1786378666.484728) can0 39D#B80F0801
(1786378666.524711) can0 33D#0000FFFFFFFFFFFF
(1786378666.544775) can0 39D#A9000801
(1786378666.564707) can0 39D#AA010801
(1786378666.604702) can0 39D#AB020801
(1786378666.644717) can0 33D#0000FFFFFFFFFFFF
(1786378666.645026) can0 39D#AC030801
(1786378666.684660) can0 39D#AD040801
(1786378666.724917) can0 33D#0000FFFFFFFFFFFF
(1786378666.744815) can0 39D#AE050801
(1786378666.764661) can0 39D#AF060801
(1786378666.804743) can0 39D#B0070801
(1786378666.844725) can0 33D#0000FFFFFFFFFFFF
(1786378666.845030) can0 39D#B1080801
(1786378666.884801) can0 39D#B2090801
(1786378666.924972) can0 33D#0000FFFFFFFFFFFF
(1786378666.944864) can0 39D#B30A0801
(1786378666.964930) can0 39D#B40B0801
(1786378667.004784) can0 39D#B50C0801
(1786378667.044763) can0 33D#0000FFFFFFFFFFFF
(1786378667.045115) can0 39D#B60D0801
(1786378667.084880) can0 39D#B70E0801
(1786378667.124749) can0 33D#0000FFFFFFFFFFFF
(1786378667.144877) can0 39D#B80F0801
(1786378667.164758) can0 39D#A9000801
(1786378667.204786) can0 39D#AA010801
(1786378667.244746) can0 33D#0000FFFFFFFFFFFF
(1786378667.245178) can0 39D#AB020801
(1786378667.284808) can0 39D#AC030801
(1786378667.324708) can0 35D#0256555555555555
(1786378667.324986) can0 33D#0000FFFFFFFFFFFF
(1786378667.344882) can0 39D#AD040801
(1786378667.364773) can0 39D#AE050801
(1786378667.404636) can0 39D#AF060801
(1786378667.444637) can0 33D#0000FFFFFFFFFFFF
(1786378667.445002) can0 39D#B0070801
(1786378667.484793) can0 39D#B1080801
(1786378667.524646) can0 33D#0000FFFFFFFFFFFF
(1786378667.544782) can0 39D#B2090801
(1786378667.564790) can0 39D#B30A0801
(1786378667.604721) can0 39D#B40B0801
(1786378667.644735) can0 33D#0000FFFFFFFFFFFF
(1786378667.645077) can0 39D#B50C0801
(1786378667.684741) can0 39D#B60D0801
(1786378667.724687) can0 33D#0000FFFFFFFFFFFF
(1786378667.744830) can0 39D#B70E0801
(1786378667.764777) can0 39D#B80F0801
(1786378667.804661) can0 39D#A9000801
(1786378667.844779) can0 33D#0000FFFFFFFFFFFF
(1786378667.845132) can0 39D#AA010801
(1786378667.884742) can0 39D#AB020801
(1786378667.924699) can0 33D#0000FFFFFFFFFFFF
(1786378667.944867) can0 39D#AC030801
(1786378667.964743) can0 39D#AD040801
(1786378668.004768) can0 39D#AE050801
(1786378668.044773) can0 33D#0000FFFFFFFFFFFF
(1786378668.045124) can0 39D#AF060801
(1786378668.084651) can0 39D#B0070801
(1786378668.124730) can0 33D#0000FFFFFFFFFFFF
(1786378668.144829) can0 39D#B1080801
(1786378668.164694) can0 39D#B2090801
(1786378668.204740) can0 39D#B30A0801
(1786378668.244711) can0 33D#0000FFFFFFFFFFFF
(1786378668.245020) can0 39D#B40B0801
(1786378668.284760) can0 39D#B50C0801
(1786378668.324701) can0 35D#0355555555555555
(1786378668.325035) can0 32D#0A01000000007000
(1786378668.325295) can0 33D#0000FFFFFFFFFFFF
(1786378668.344842) can0 39D#B60D0801
(1786378668.364789) can0 39D#B70E0801
(1786378668.404675) can0 39D#B80F0801
(1786378668.444701) can0 33D#0000FFFFFFFFFFFF
(1786378668.445124) can0 39D#A9000801
(1786378668.484688) can0 39D#AA010801
(1786378668.524674) can0 33D#0000FFFFFFFFFFFF
(1786378668.544952) can0 39D#AB020801
(1786378668.564694) can0 39D#AC030801
(1786378668.604644) can0 39D#AD040801
(1786378668.644708) can0 33D#0000FFFFFFFFFFFF
(1786378668.645002) can0 39D#AE050801
(1786378668.684754) can0 39D#AF060801
(1786378668.724739) can0 33D#0000FFFFFFFFFFFF
(1786378668.744770) can0 39D#B0070801
(1786378668.764752) can0 39D#B1080801
(1786378668.804754) can0 39D#B2090801
(1786378668.844703) can0 33D#0000FFFFFFFFFFFF
(1786378668.845022) can0 39D#B30A0801
(1786378668.884868) can0 39D#B40B0801
(1786378668.924701) can0 33D#0000FFFFFFFFFFFF
(1786378668.944797) can0 39D#B50C0801
(1786378668.964790) can0 39D#B60D0801
(1786378669.004734) can0 39D#B70E0801
(1786378669.044723) can0 33D#0000FFFFFFFFFFFF
(1786378669.045018) can0 39D#B80F0801
(1786378669.084694) can0 39D#A9000801
(1786378669.124736) can0 33D#0000FFFFFFFFFFFF
(1786378669.144850) can0 39D#AA010801
(1786378669.164800) can0 39D#AB020801
(1786378669.204712) can0 39D#AC030801
(1786378669.244714) can0 33D#0000FFFFFFFFFFFF
(1786378669.245057) can0 39D#AD040801
(1786378669.284732) can0 39D#AE050801
(1786378669.324732) can0 35D#0455555555555555
(1786378669.325044) can0 33D#0000FFFFFFFFFFFF
(1786378669.344878) can0 39D#AF060801
(1786378669.364737) can0 39D#B0070801
(1786378669.404723) can0 39D#B1080801
(1786378669.444884) can0 33D#0000FFFFFFFFFFFF
(1786378669.445335) can0 39D#B2090801
(1786378669.484729) can0 39D#B30A0801
(1786378669.524632) can0 33D#0000FFFFFFFFFFFF
(1786378669.544895) can0 39D#B40B0801
(1786378669.564830) can0 39D#B50C0801
(1786378669.604669) can0 39D#B60D0801
(1786378669.644684) can0 33D#0000FFFFFFFFFFFF
(1786378669.645023) can0 39D#B70E0801
(1786378669.684726) can0 39D#B80F0801
(1786378669.724698) can0 33D#0000FFFFFFFFFFFF
(1786378669.744796) can0 39D#A9000801
(1786378669.764768) can0 39D#AA010801
(1786378669.804785) can0 39D#AB020801
(1786378669.844735) can0 33D#0000FFFFFFFFFFFF
(1786378669.845215) can0 39D#AC030801
(1786378669.884809) can0 39D#AD040801
(1786378669.924665) can0 33D#0000FFFFFFFFFFFF
(1786378669.944872) can0 39D#AE050801
(1786378669.964648) can0 39D#AF060801
(1786378670.004748) can0 39D#B0070801
(1786378670.044751) can0 33D#0000FFFFFFFFFFFF
(1786378670.045064) can0 39D#B1080801
(1786378670.084770) can0 39D#B2090801
(1786378670.124648) can0 33D#0000FFFFFFFFFFFF
(1786378670.144872) can0 39D#B30A0801
(1786378670.164715) can0 39D#B40B0801
(1786378670.204755) can0 39D#B50C0801
(1786378670.244750) can0 33D#0000FFFFFFFFFFFF
(1786378670.245126) can0 39D#B60D0801
(1786378670.284791) can0 39D#B70E0801
(1786378670.324669) can0 35D#0555555555555555
(1786378670.324985) can0 32D#0B00020101000000
(1786378670.325259) can0 33D#0000FFFFFFFFFFFF
(1786378670.344821) can0 39D#B80F0801
(1786378670.364680) can0 39D#A9000801
(1786378670.404817) can0 39D#AA010801
(1786378670.444819) can0 33D#0000FFFFFFFFFFFF
(1786378670.445163) can0 39D#AB020801
(1786378670.484837) can0 39D#AC030801
(1786378670.524818) can0 33D#0000FFFFFFFFFFFF
(1786378670.544849) can0 39D#AD040801
(1786378670.564653) can0 39D#AE050801
(1786378670.604661) can0 39D#AF060801
(1786378670.644739) can0 33D#0000FFFFFFFFFFFF
(1786378670.645178) can0 39D#B0070801
(1786378670.684836) can0 39D#B1080801
(1786378670.724691) can0 33D#0000FFFFFFFFFFFF
(1786378670.744840) can0 39D#B2090801
(1786378670.764691) can0 39D#B30A0801
(1786378670.804737) can0 39D#B40B0801
(1786378670.844738) can0 33D#0000FFFFFFFFFFFF
(1786378670.845105) can0 39D#B50C0801
(1786378670.884639) can0 39D#B60D0801
(1786378670.924809) can0 33D#0000FFFFFFFFFFFF
(1786378670.944844) can0 39D#B70E0801
(1786378670.964686) can0 39D#B80F0801
(1786378671.004708) can0 39D#A9000801
(1786378671.044682) can0 33D#0000FFFFFFFFFFFF
(1786378671.044951) can0 39D#AA010801
(1786378671.084714) can0 39D#AB020801
(1786378671.124663) can0 33D#0000FFFFFFFFFFFF
(1786378671.144825) can0 39D#AC030801
(1786378671.164711) can0 39D#AD040801
(1786378671.204711) can0 39D#AE050801
(1786378671.244651) can0 33D#0000FFFFFFFFFFFF
(1786378671.244902) can0 39D#AF060801
(1786378671.284663) can0 39D#B0070801
(1786378671.324648) can0 35D#0655556555555559
(1786378671.324876) can0 33D#0000FFFFFFFFFFFF
(1786378671.344832) can0 39D#B1080801
(1786378671.364698) can0 39D#B2090801
(1786378671.404702) can0 39D#B30A0801
(1786378671.444668) can0 33D#0000FFFFFFFFFFFF
(1786378671.444984) can0 39D#B40B0801
(1786378671.484759) can0 39D#B50C0801
(1786378671.524725) can0 33D#0000FFFFFFFFFFFF
(1786378671.544902) can0 39D#B60D0801
(1786378671.564770) can0 39D#B70E0801
(1786378671.604758) can0 39D#B80F0801
(1786378671.644724) can0 33D#0000FFFFFFFFFFFF
(1786378671.644986) can0 39D#A9000801
(1786378671.684656) can0 39D#AA010801
(1786378671.724764) can0 33D#0000FFFFFFFFFFFF
(1786378671.744785) can0 39D#AB020801
(1786378671.764705) can0 39D#AC030801
(1786378671.804728) can0 39D#AD040801
(1786378671.844736) can0 33D#0000FFFFFFFFFFFF
(1786378671.845082) can0 39D#AE050801
(1786378671.884748) can0 39D#AF060801
(1786378671.924757) can0 33D#0000FFFFFFFFFFFF
(1786378671.944867) can0 39D#B0070801
(1786378671.964711) can0 39D#B1080801
(1786378672.004736) can0 39D#B2090801
(1786378672.044697) can0 33D#0000FFFFFFFFFFFF
(1786378672.045041) can0 39D#B30A0801
(1786378672.133090) can0 39D#B40B0801
(1786378672.162707) can0 33D#0000FFFFFFFFFFFF
(1786378672.163078) can0 39D#B50C0801
(1786378672.164872) can0 39D#B60D0801
(1786378672.204746) can0 39D#B70E0801
(1786378672.244732) can0 33D#0000FFFFFFFFFFFF
(1786378672.245121) can0 39D#B80F0801
(1786378672.284738) can0 39D#A9000801
(1786378672.324687) can0 35D#07555555552A0000
(1786378672.324976) can0 32D#0D0000008D792021
(1786378672.325208) can0 33D#0000FFFFFFFFFFFF
(1786378672.344858) can0 39D#AA010801
(1786378672.364694) can0 39D#AB020801
(1786378672.404824) can0 39D#AC030801
(1786378672.444694) can0 33D#0000FFFFFFFFFFFF
(1786378672.445131) can0 39D#AD040801
(1786378672.484726) can0 39D#AE050801
(1786378672.524690) can0 33D#0000FFFFFFFFFFFF
(1786378672.544799) can0 39D#AF060801
(1786378672.564702) can0 39D#B0070801
(1786378672.604744) can0 39D#B1080801
(1786378672.644749) can0 33D#0000FFFFFFFFFFFF
(1786378672.645064) can0 39D#B2090801
(1786378672.684733) can0 39D#B30A0801
(1786378672.724751) can0 33D#0000FFFFFFFFFFFF
(1786378672.744884) can0 39D#B40B0801
(1786378672.764737) can0 39D#B50C0801
(1786378672.804722) can0 39D#B60D0801
(1786378672.844775) can0 33D#0000FFFFFFFFFFFF
(1786378672.845102) can0 39D#B70E0801
(1786378672.884776) can0 39D#B80F0801
(1786378672.924728) can0 33D#0000FFFFFFFFFFFF
(1786378672.944835) can0 39D#A9000801
(1786378672.964688) can0 39D#AA010801
(1786378673.004786) can0 39D#AB020801
(1786378673.044803) can0 33D#0000FFFFFFFFFFFF
(1786378673.045191) can0 39D#AC030801
(1786378673.084767) can0 39D#AD040801
(1786378673.124700) can0 33D#0000FFFFFFFFFFFF
(1786378673.144846) can0 39D#AE050801
(1786378673.164714) can0 39D#AF060801
(1786378673.204785) can0 39D#B0070801
(1786378673.244640) can0 33D#0000FFFFFFFFFFFF
(1786378673.244920) can0 39D#B1080801
(1786378673.284803) can0 39D#B2090801
(1786378673.324768) can0 35D#0055555555555555
(1786378673.325189) can0 33D#0000FFFFFFFFFFFF
(1786378673.344864) can0 39D#B30A0801
(1786378673.364731) can0 39D#B40B0801
(1786378673.404740) can0 39D#B50C0801
(1786378673.444778) can0 33D#0000FFFFFFFFFFFF
(1786378673.445155) can0 39D#B60D0801
(1786378673.484854) can0 39D#B70E0801
(1786378673.524743) can0 33D#0000FFFFFFFFFFFF
(1786378673.544867) can0 39D#B80F0801
(1786378673.564742) can0 39D#A9000801
(1786378673.604780) can0 39D#AA010801
(1786378673.644782) can0 33D#0000FFFFFFFFFFFF
(1786378673.645204) can0 39D#AB020801
(1786378673.684725) can0 39D#AC030801
(1786378673.724639) can0 33D#0000FFFFFFFFFFFF
(1786378673.744910) can0 39D#AD040801
(1786378673.764694) can0 39D#AE050801
(1786378673.804727) can0 39D#AF060801
(1786378673.844754) can0 33D#0000FFFFFFFFFFFF
(1786378673.845068) can0 39D#B0070801
(1786378673.884769) can0 39D#B1080801
(1786378673.924780) can0 33D#0000FFFFFFFFFFFF
(1786378673.944866) can0 39D#B2090801
(1786378673.964771) can0 39D#B30A0801
(1786378674.004721) can0 39D#B40B0801
(1786378674.044738) can0 33D#0000FFFFFFFFFFFF
(1786378674.045080) can0 39D#B50C0801
(1786378674.084792) can0 39D#B60D0801
(1786378674.124732) can0 33D#0000FFFFFFFFFFFF
(1786378674.144854) can0 39D#B70E0801
(1786378674.164754) can0 39D#B80F0801
(1786378674.204742) can0 39D#A9000801
(1786378674.244789) can0 33D#0000FFFFFFFFFFFF
(1786378674.245087) can0 39D#AA010801
(1786378674.284747) can0 39D#AB020801
(1786378674.324708) can0 35D#0155555555555555
(1786378674.325026) can0 32D#1405000060FCB070
(1786378674.325386) can0 33D#0000FFFFFFFFFFFF
(1786378674.344853) can0 39D#AC030801
(1786378674.364802) can0 39D#AD040801
(1786378674.404881) can0 39D#AE050801
(1786378674.444808) can0 33D#0000FFFFFFFFFFFF
(1786378674.445137) can0 39D#AF060801
(1786378674.484736) can0 39D#B0070801
(1786378674.524773) can0 33D#0000FFFFFFFFFFFF
(1786378674.544880) can0 39D#B1080801
(1786378674.564728) can0 39D#B2090801
(1786378674.604866) can0 39D#B30A0801
(1786378674.644801) can0 33D#0000FFFFFFFFFFFF
(1786378674.645148) can0 39D#B40B0801
(1786378674.684641) can0 39D#B50C0801
(1786378674.724713) can0 33D#0000FFFFFFFFFFFF
(1786378674.744944) can0 39D#B60D0801
(1786378674.764717) can0 39D#B70E0801
(1786378674.804765) can0 39D#B80F0801
(1786378674.844746) can0 33D#0000FFFFFFFFFFFF
(1786378674.845091) can0 39D#A9000801
(1786378674.884751) can0 39D#AA010801
(1786378674.924765) can0 33D#0000FFFFFFFFFFFF
(1786378674.944896) can0 39D#AB020801
(1786378674.964690) can0 39D#AC030801
(1786378675.004730) can0 39D#AD040801
(1786378675.044821) can0 33D#0000FFFFFFFFFFFF
(1786378675.045197) can0 39D#AE050801
(1786378675.084731) can0 39D#AF060801
(1786378675.124744) can0 33D#0000FFFFFFFFFFFF
(1786378675.144899) can0 39D#B0070801
(1786378675.164794) can0 39D#B1080801
(1786378675.204766) can0 39D#B2090801
(1786378675.244763) can0 33D#0000FFFFFFFFFFFF
(1786378675.245158) can0 39D#B30A0801
(1786378675.284787) can0 39D#B40B0801
(1786378675.324820) can0 35D#0256555555555555
(1786378675.325210) can0 33D#0000FFFFFFFFFFFF
(1786378675.344862) can0 39D#B50C0801
(1786378675.364712) can0 39D#B60D0801
(1786378675.404710) can0 39D#B70E0801
(1786378675.444679) can0 33D#0000FFFFFFFFFFFF
(1786378675.445025) can0 39D#B80F0801
(1786378675.484753) can0 39D#A9000801
(1786378675.524675) can0 33D#0000FFFFFFFFFFFF
(1786378675.544822) can0 39D#AA010801
(1786378675.564800) can0 39D#AB020801
(1786378675.604773) can0 39D#AC030801
(1786378675.644797) can0 33D#0000FFFFFFFFFFFF
(1786378675.645130) can0 39D#AD040801
(1786378675.684780) can0 39D#AE050801
(1786378675.724727) can0 33D#0000FFFFFFFFFFFF
(1786378675.744839) can0 39D#AF060801
(1786378675.764736) can0 39D#B0070801
(1786378675.804744) can0 39D#B1080801
(1786378675.844818) can0 33D#0000FFFFFFFFFFFF
(1786378675.845192) can0 39D#B2090801
(1786378675.884733) can0 39D#B30A0801
(1786378675.924739) can0 33D#0000FFFFFFFFFFFF
(1786378675.944858) can0 39D#B40B0801
(1786378675.964710) can0 39D#B50C0801
(1786378676.004802) can0 39D#B60D0801
(1786378676.044716) can0 33D#0000FFFFFFFFFFFF
(1786378676.045050) can0 39D#B70E0801
(1786378676.084742) can0 39D#B80F0801
(1786378676.124783) can0 33D#0000FFFFFFFFFFFF
(1786378676.144808) can0 39D#A9000801
(1786378676.164762) can0 39D#AA010801
(1786378676.204755) can0 39D#AB020801
(1786378676.244769) can0 33D#0000FFFFFFFFFFFF
(1786378676.245075) can0 39D#AC030801
(1786378676.284734) can0 39D#AD040801
(1786378676.324770) can0 35D#0355555555555555
(1786378676.325074) can0 32D#16000000E4ACA32F
(1786378676.325326) can0 33D#0000FFFFFFFFFFFF
(1786378676.344846) can0 39D#AE050801
(1786378676.364700) can0 39D#AF060801
(1786378676.404739) can0 39D#B0070801
(1786378676.444724) can0 33D#0000FFFFFFFFFFFF
(1786378676.445016) can0 39D#B1080801
(1786378676.484719) can0 39D#B2090801
(1786378676.524762) can0 33D#0000FFFFFFFFFFFF
(1786378676.544973) can0 39D#B30A0801
(1786378676.564761) can0 39D#B40B0801
(1786378676.604727) can0 39D#B50C0801
(1786378676.644837) can0 33D#0000FFFFFFFFFFFF
(1786378676.645240) can0 39D#B60D0801
(1786378676.684660) can0 39D#B70E0801
(1786378676.724731) can0 33D#0000FFFFFFFFFFFF
(1786378676.744834) can0 39D#B80F0801
(1786378676.764787) can0 39D#A9000801
(1786378676.804815) can0 39D#AA010801
(1786378676.844730) can0 33D#0000FFFFFFFFFFFF
(1786378676.844984) can0 39D#AB020801
(1786378676.884769) can0 39D#AC030801
(1786378676.924737) can0 33D#0000FFFFFFFFFFFF
(1786378676.944889) can0 39D#BD041801
(1786378676.964780) can0 39D#BE051801
(1786378677.004816) can0 39D#BF061801
(1786378677.044728) can0 33D#0000FFFFFFFFFFFF
(1786378677.045023) can0 39D#C0071801
(1786378677.084722) can0 39D#C1081801
(1786378677.124669) can0 33D#0000FFFFFFFFFFFF
(1786378677.144858) can0 39D#C2091801
(1786378677.164701) can0 39D#C30A1801
(1786378677.204750) can0 39D#C40B1801
(1786378677.244676) can0 33D#0000FFFFFFFFFFFF
(1786378677.244976) can0 39D#D50C2801
(1786378677.284872) can0 39D#360D8801
(1786378677.325237) can0 35D#0455555555555555
(1786378677.325540) can0 33D#0000FFFFFFFFFFFF
(1786378677.345275) can0 39D#F80E4802
(1786378677.365228) can0 39D#790FC802
(1786378677.405265) can0 39D#9B00F803
(1786378677.444906) can0 33D#0000FFFFFFFFFFFF
(1786378677.445287) can0 39D#2E018805
(1786378677.484886) can0 39D#C1021807
(1786378677.525141) can0 33D#0000FFFFFFFFFFFF
(1786378677.545248) can0 39D#13036808
(1786378677.565228) can0 39D#15046809
(1786378677.605193) can0 39D#2705780A
(1786378677.644867) can0 33D#0000FFFFFFFFFFFF
(1786378677.645233) can0 39D#6906B80B
(1786378677.685121) can0 39D#FC07480D
(1786378677.724873) can0 33D#0000FFFFFFFFFFFF
(1786378677.745327) can0 39D#DF08280F
(1786378677.764969) can0 39D#02094811
(1786378677.805222) can0 39D#350A7813
(1786378677.845218) can0 33D#0000FFFFFFFFFFFF
(1786378677.845579) can0 39D#580B9815
(1786378677.885218) can0 39D#3B0C7817
(1786378677.924978) can0 33D#0000FFFFFFFFFFFF
(1786378677.945467) can0 39D#EE0D2819
(1786378677.965176) can0 39D#600E981A
(1786378678.005221) can0 39D#E30F181C
(1786378678.045384) can0 33D#0000FFFFFFFFFFFF
(1786378678.045704) can0 39D#3500781D
(1786378678.085178) can0 39D#6701A81E
(1786378678.124875) can0 33D#0000FFFFFFFFFFFF
(1786378678.145349) can0 39D#4902881F
(1786378678.165184) can0 39D#0B034820
(1786378678.204933) can0 39D#ED042821
(1786378678.244874) can0 33D#0000FFFFFFFFFFFF
(1786378678.245295) can0 39D#FF053822
(1786378678.284891) can0 39D#01063823
(1786378678.325172) can0 35D#0555555555555555
(1786378678.325539) can0 32D#0A01000000007000
(1786378678.325793) can0 33D#0000FFFFFFFFFFFF
(1786378678.345347) can0 39D#F3072824
(1786378678.365275) can0 39D#F5082825
(1786378678.404895) can0 39D#E7091826
(1786378678.445172) can0 33D#0000FFFFFFFFFFFF
(1786378678.445491) can0 39D#B80AE826
(1786378678.484886) can0 39D#6A0B9827
(1786378678.524934) can0 33D#0000FFFFFFFFFFFF
(1786378678.545303) can0 39D#DC0C0828
(1786378678.564887) can0 39D#0D0D3828
(1786378678.605128) can0 39D#4E0E7828
(1786378678.644889) can0 33D#0000FFFFFFFFFFFF
(1786378678.645287) can0 39D#8F0FB828
(1786378678.685222) can0 39D#F1002829
(1786378678.724844) can0 33D#0000FFFFFFFFFFFF
(1786378678.745397) can0 39D#A201D829
(1786378678.764901) can0 39D#6402982A
(1786378678.805002) can0 39D#E603182B
(1786378678.844908) can0 33D#0000FFFFFFFFFFFF
(1786378678.845303) can0 39D#4704782B
(1786378678.884895) can0 39D#A805D82B
(1786378678.924847) can0 33D#0000FFFFFFFFFFFF
(1786378678.945278) can0 39D#2A06582C
(1786378678.964917) can0 39D#AB07D82C
(1786378679.005137) can0 39D#5D08882D
(1786378679.045252) can0 33D#0000FFFFFFFFFFFF
(1786378679.045598) can0 39D#0F09382E
(1786378679.085273) can0 39D#A00AC82E
(1786378679.125237) can0 33D#0000FFFFFFFFFFFF
(1786378679.145299) can0 39D#F20B182F
(1786378679.164916) can0 39D#430C682F
(1786378679.204846) can0 39D#A40DC82F
(1786378679.245215) can0 33D#0000FFFFFFFFFFFF
(1786378679.245500) can0 39D#060E2830
(1786378679.285284) can0 39D#770F9830
(1786378679.324891) can0 35D#0655556555555559
(1786378679.325183) can0 33D#0000FFFFFFFFFFFF
(1786378679.345343) can0 39D#F9002831
(1786378679.364899) can0 39D#AA01D831
(1786378679.405154) can0 39D#7A02A632
(1786378679.444879) can0 33D#0000FFFFFFFFFFFF
(1786378679.445280) can0 3AD#E700001804000010
(1786378679.455313) can0 39D#4C037633
(1786378679.484854) can0 39D#2E045634
(1786378679.525183) can0 5BD#CF40010000000000
(1786378679.544888) can0 33D#0000FFFFFFFFFFFF
(1786378679.545349) can0 39D#F0051635
(1786378679.565209) can0 39D#40066634
(1786378679.605191) can0 39D#02072635
(1786378679.644927) can0 33D#0000FFFFFFFFFFFF
(1786378679.645322) can0 39D#62088634
(1786378679.685215) can0 39D#04092635
(1786378679.725178) can0 33D#0000FFFFFFFFFFFF
(1786378679.745252) can0 39D#C40AE634
(1786378679.765326) can0 39D#350B5634
(1786378679.805218) can0 39D#E60C0634
(1786378679.844887) can0 33D#0000FFFFFFFFFFFF
(1786378679.845280) can0 39D#550D7632
(1786378679.884914) can0 39D#760E9830
(1786378679.924922) can0 33D#0000FFFFFFFFFFFF
(1786378679.945348) can0 3AD#EC00002004000010
(1786378679.955336) can0 39D#050F282E
(1786378679.964987) can0 39D#1300482B
(1786378680.004910) can0 39D#31016828
(1786378680.045196) can0 33D#0000FFFFFFFFFFFF
(1786378680.045527) can0 39D#5F029825
(1786378680.085183) can0 39D#9D03D822
(1786378680.124928) can0 33D#0000FFFFFFFFFFFF
(1786378680.145317) can0 39D#9B04D81F
(1786378680.165273) can0 39D#A905E81C
(1786378680.205184) can0 39D#B706F819
(1786378680.245183) can0 33D#0000FFFFFFFFFFFF
(1786378680.245397) can0 39D#D6071817
(1786378680.284915) can0 39D#D4081814
(1786378680.325215) can0 35D#07555595552A0000
(1786378680.325511) can0 32D#0B00020101000000
(1786378680.325793) can0 33D#0000FFFFFFFFFFFF
(1786378680.345315) can0 39D#C2090811
(1786378680.365154) can0 39D#C00A080E
(1786378680.405212) can0 39D#CE0B180B
(1786378680.444900) can0 33D#0000FFFFFFFFFFFF
(1786378680.445353) can0 39D#1C0C6808
(1786378680.484954) can0 39D#CB0D1806
(1786378680.524854) can0 33D#0000FFFFFFFFFFFF
(1786378680.545320) can0 39D#1A0E6804
(1786378680.564877) can0 39D#2A0F7803
(1786378680.604828) can0 39D#6A00C802
(1786378680.644856) can0 33D#0000FFFFFFFFFFFF
(1786378680.645244) can0 39D#EB014802
(1786378680.684843) can0 39D#1B027801
(1786378680.724865) can0 33D#0000FFFFFFFFFFFF
(1786378680.745327) can0 39D#CC032801
(1786378680.765214) can0 39D#BD041801
(1786378680.805195) can0 39D#BE051801
(1786378680.845184) can0 33D#0000FFFFFFFFFFFF
(1786378680.845487) can0 39D#AF060801
(1786378680.935991) can0 39D#B0070801
(1786378680.942063) can0 33D#0000FFFFFFFFFFFF
(1786378680.945304) can0 39D#B1080801
(1786378680.970612) can0 39D#B2090801
(1786378681.005122) can0 39D#B30A0801
(1786378681.044867) can0 33D#0000FFFFFFFFFFFF
(1786378681.045290) can0 39D#B40B0801
(1786378681.084959) can0 39D#B50C0801
(1786378681.124901) can0 33D#0000FFFFFFFFFFFF
(1786378681.145311) can0 39D#B60D0801
(1786378681.164824) can0 39D#B70E0801
(1786378681.204889) can0 39D#B80F0801
(1786378681.244864) can0 33D#0000FFFFFFFFFFFF
(1786378681.245281) can0 39D#A9000801
(1786378681.284851) can0 39D#AA010801
(1786378681.324729) can0 35D#0055555555555555
(1786378681.324979) can0 3AD#FA00002004200010
(1786378681.335227) can0 33D#0000FFFFFFFFFFFF
(1786378681.344962) can0 39D#AB020801
(1786378681.364751) can0 39D#AC030801
(1786378681.404771) can0 39D#AD040801
(1786378681.444876) can0 33D#0000FFFFFFFFFFFF
(1786378681.445266) can0 39D#AE050801
(1786378681.484820) can0 39D#AF060801
(1786378681.524769) can0 33D#0000FFFFFFFFFFFF
(1786378681.544897) can0 31D#FC00200000030005
(1786378681.554992) can0 39D#B0070801
(1786378681.564783) can0 33D#1600000055525753
(1786378681.574924) can0 34D#2A00280108263000
(1786378681.594920) can0 39D#B1080801
(1786378681.604759) can0 36D#6104000000AAC195
(1786378681.615275) can0 37D#6A0000000058D801
(1786378681.634866) can0 39D#B2090801
(1786378681.644728) can0 33D#0000FFFFFFFFFFFF
(1786378681.645039) can0 38D#00000000701D1500
(1786378681.654946) can0 39D#B30A0801
(1786378681.684804) can0 39D#B40B0801
(1786378681.724748) can0 33D#0000FFFFFFFFFFFF
(1786378681.744872) can0 39D#B50C0801
(1786378681.764911) can0 39D#B60D0801
(1786378681.804854) can0 39D#B70E0801
(1786378681.844747) can0 33D#0000FFFFFFFFFFFF
(1786378681.845030) can0 39D#B80F0801
(1786378681.884766) can0 39D#A9000801
(1786378681.924782) can0 33D#0000FFFFFFFFFFFF
(1786378681.944941) can0 39D#AA010801
(1786378681.964799) can0 39D#AB020801
(1786378682.004825) can0 39D#AC030801
(1786378682.044827) can0 33D#0000FFFFFFFFFFFF
(1786378682.045106) can0 39D#AD040801
(1786378682.084796) can0 39D#AE050801
(1786378682.124884) can0 33D#0000FFFFFFFFFFFF
(1786378682.145041) can0 39D#AF060801
(1786378682.164707) can0 39D#B0070801
(1786378682.204797) can0 39D#B1080801
(1786378682.244796) can0 33D#0000FFFFFFFFFFFF
(1786378682.245109) can0 39D#B2090801
(1786378682.284759) can0 39D#B30A0801
(1786378682.324701) can0 35D#0155555555555555
(1786378682.324953) can0 32D#0D0000008D792021
(1786378682.325232) can0 33D#0000FFFFFFFFFFFF
(1786378682.345009) can0 39D#B40B0801
(1786378682.364742) can0 39D#B50C0801
(1786378682.404874) can0 39D#B60D0801
(1786378682.444823) can0 33D#0000FFFFFFFFFFFF
(1786378682.445125) can0 39D#B70E0801
(1786378682.484813) can0 39D#B80F0801
(1786378682.524784) can0 33D#0000FFFFFFFFFFFF
(1786378682.544930) can0 39D#A9000801
(1786378682.564869) can0 39D#AA010801
(1786378682.604832) can0 39D#AB020801
(1786378682.644794) can0 33D#0000FFFFFFFFFFFF
(1786378682.645100) can0 39D#AC030801
(1786378682.684821) can0 39D#AD040801
(1786378682.724822) can0 33D#0000FFFFFFFFFFFF
(1786378682.744961) can0 39D#AE050801
(1786378682.764770) can0 39D#AF060801
(1786378682.804784) can0 39D#B0070801
(1786378682.844813) can0 33D#0000FFFFFFFFFFFF
(1786378682.845129) can0 39D#B1080801
(1786378682.884745) can0 39D#B2090801
(1786378682.924716) can0 33D#0000FFFFFFFFFFFF
(1786378682.944904) can0 39D#B30A0801
(1786378682.964821) can0 39D#B40B0801
(1786378683.004822) can0 39D#B50C0801
(1786378683.044821) can0 33D#0000FFFFFFFFFFFF
(1786378683.045122) can0 39D#B60D0801
(1786378683.084783) can0 39D#B70E0801
(1786378683.124810) can0 33D#0000FFFFFFFFFFFF
(1786378683.144947) can0 39D#C80F1801
(1786378683.164836) can0 39D#B9001801
(1786378683.204845) can0 39D#CA012801
(1786378683.244970) can0 33D#0000FFFFFFFFFFFF
(1786378683.245298) can0 39D#5B02B801
(1786378683.284888) can0 39D#AD030802
(1786378683.325201) can0 35D#0256555555555555
(1786378683.325527) can0 33D#0000FFFFFFFFFFFF
(1786378683.345385) can0 39D#FE045802
(1786378683.364881) can0 39D#5F05B802
(1786378683.404976) can0 39D#D1062803
(1786378683.444910) can0 33D#0000FFFFFFFFFFFF
(1786378683.445344) can0 39D#5207A803
(1786378683.485171) can0 39D#F4084804
(1786378683.525171) can0 33D#0000FFFFFFFFFFFF
(1786378683.545354) can0 39D#9509E804
(1786378683.564877) can0 39D#F70A4805
(1786378683.605215) can0 39D#F80B4805
(1786378683.645225) can0 33D#0000FFFFFFFFFFFF
(1786378683.645528) can0 39D#090C5805
(1786378683.684936) can0 39D#5A0DA805
(1786378683.724951) can0 33D#0000FFFFFFFFFFFF
(1786378683.745391) can0 39D#CC0E1806
(1786378683.765195) can0 39D#6D0FB806
(1786378683.805405) can0 39D#EF004807
(1786378683.845243) can0 33D#0000FFFFFFFFFFFF
(1786378683.845545) can0 39D#40019807
(1786378683.884917) can0 39D#6102B807
(1786378683.924938) can0 33D#0000FFFFFFFFFFFF
(1786378683.945345) can0 39D#8203D807
(1786378683.964996) can0 39D#9304E807
(1786378684.004916) can0 39D#C5051808
(1786378684.044911) can0 33D#0000FFFFFFFFFFFF
(1786378684.045337) can0 39D#16066808
(1786378684.084915) can0 39D#7707C808
(1786378684.124876) can0 33D#0000FFFFFFFFFFFF
(1786378684.145406) can0 39D#D9082809
(1786378684.165206) can0 39D#5A09A809
(1786378684.205323) can0 39D#CC0A180A
(1786378684.245269) can0 33D#0000FFFFFFFFFFFF
(1786378684.245604) can0 39D#6D0BB80A
(1786378684.285301) can0 39D#2F0C780B
(1786378684.324899) can0 35D#0355555555555555
(1786378684.325168) can0 32D#1405000060FCB070
(1786378684.325452) can0 33D#0000FFFFFFFFFFFF
(1786378684.345390) can0 39D#210D680C
(1786378684.364906) can0 39D#530E980D
(1786378684.405267) can0 39D#850FC80E
(1786378684.445306) can0 33D#0000FFFFFFFFFFFF
(1786378684.445673) can0 39D#B8000810
(1786378684.484962) can0 39D#EA013811
(1786378684.525214) can0 33D#0000FFFFFFFFFFFF
(1786378684.545386) can0 39D#1C026812
(1786378684.565221) can0 39D#6E03B813
(1786378684.605195) can0 39D#B004F814
(1786378684.644998) can0 33D#0000FFFFFFFFFFFF
(1786378684.645348) can0 39D#03054816
(1786378684.685308) can0 39D#35067817
(1786378684.725264) can0 33D#0000FFFFFFFFFFFF
(1786378684.745419) can0 39D#57079818
(1786378684.765581) can0 39D#59089819
(1786378684.805296) can0 39D#DB09181A
(1786378684.845284) can0 33D#0000FFFFFFFFFFFF
(1786378684.845626) can0 39D#EC0A281A
(1786378684.884994) can0 39D#ED0B281A
(1786378684.925276) can0 33D#0000FFFFFFFFFFFF
(1786378684.945341) can0 39D#EE0C281A
(1786378684.964962) can0 39D#EF0D281A
(1786378685.004924) can0 39D#100E481A
(1786378685.045019) can0 33D#0000FFFFFFFFFFFF
(1786378685.045420) can0 39D#610F981A
(1786378685.084960) can0 39D#8200C81A
(1786378685.125018) can0 33D#0000FFFFFFFFFFFF
(1786378685.145514) can0 39D#A301E81A
(1786378685.164946) can0 39D#D502181B
(1786378685.205307) can0 39D#F603381B
(1786378685.245265) can0 33D#0000FFFFFFFFFFFF
(1786378685.245565) can0 39D#0704481B
(1786378685.284932) can0 39D#3805781B
(1786378685.325282) can0 35D#0455555555555555
(1786378685.325618) can0 33D#0000FFFFFFFFFFFF
(1786378685.345355) can0 39D#6906A81B
(1786378685.365258) can0 39D#AA07E81B
(1786378685.405255) can0 39D#FC08381C
(1786378685.445021) can0 33D#0000FFFFFFFFFFFF
(1786378685.445345) can0 39D#5D09981C
(1786378685.485263) can0 39D#BE0AF81C
(1786378685.525243) can0 33D#0000FFFFFFFFFFFF
(1786378685.545447) can0 39D#200B581D
(1786378685.565221) can0 39D#910CC81D
(1786378685.604935) can0 39D#030D381E
(1786378685.645321) can0 33D#0000FFFFFFFFFFFF
(1786378685.645649) can0 39D#940EC81E
(1786378685.685316) can0 39D#460F781F
(1786378685.724867) can0 33D#0000FFFFFFFFFFFF
(1786378685.745391) can0 39D#F8003820
(1786378685.764916) can0 39D#B901F820
(1786378685.804941) can0 39D#7B02B821
(1786378685.844947) can0 33D#0000FFFFFFFFFFFF
(1786378685.845311) can0 39D#5D039822
(1786378685.885268) can0 39D#5F049823
(1786378685.925359) can0 33D#0000FFFFFFFFFFFF
(1786378685.945335) can0 39D#7105A824
(1786378685.965331) can0 39D#7306A825
(1786378686.005264) can0 39D#8507B826
(1786378686.044967) can0 33D#0000FFFFFFFFFFFF
(1786378686.045331) can0 39D#67089827
(1786378686.084922) can0 39D#49097828
(1786378686.125264) can0 33D#0000FFFFFFFFFFFF
(1786378686.145389) can0 39D#1B0A4829
(1786378686.165287) can0 39D#DD0B082A
(1786378686.205301) can0 39D#8E0CB82A
(1786378686.245053) can0 33D#0000FFFFFFFFFFFF
(1786378686.245422) can0 39D#400D682B
(1786378686.285283) can0 39D#D10EF82B
(1786378686.324969) can0 35D#0555555555555555
(1786378686.325408) can0 32D#16000000E4ACA32F
(1786378686.325808) can0 33D#0000FFFFFFFFFFFF
(1786378686.345390) can0 39D#730F982C
(1786378686.365116) can0 39D#F500282D
(1786378686.405251) can0 39D#8601B82D
(1786378686.445223) can0 33D#0000FFFFFFFFFFFF
(1786378686.445539) can0 39D#2802582E
(1786378686.485438) can0 39D#B903E82E
(1786378686.524944) can0 33D#0000FFFFFFFFFFFF
(1786378686.545278) can0 39D#4B04782F
(1786378686.565221) can0 39D#BC05E82F
(1786378686.605264) can0 39D#2E065830
(1786378686.645246) can0 33D#0000FFFFFFFFFFFF
(1786378686.645567) can0 39D#9F07C830
(1786378686.685210) can0 39D#01082831
(1786378686.724919) can0 33D#0000FFFFFFFFFFFF
(1786378686.745366) can0 39D#72099831
(1786378686.764916) can0 39D#F40A1832
(1786378686.804922) can0 3AD#3101001804200010
(1786378686.835520) can0 39D#730B9632
(1786378686.844973) can0 33D#0000FFFFFFFFFFFF
(1786378686.845417) can0 39D#F50C1633
(1786378686.885023) can0 39D#660D8633
(1786378686.925305) can0 33D#0000FFFFFFFFFFFF
(1786378686.945358) can0 39D#D70EF633
(1786378686.965258) can0 39D#590F7634
(1786378687.004930) can0 39D#AA00D634
(1786378687.045253) can0 33D#0000FFFFFFFFFFFF
(1786378687.045575) can0 39D#5B018634
(1786378687.085022) can0 39D#CC02F634
(1786378687.124986) can0 33D#0000FFFFFFFFFFFF
(1786378687.145352) can0 39D#2D035634
(1786378687.165233) can0 39D#3E046634
(1786378687.205254) can0 39D#0F053634
(1786378687.244933) can0 33D#0000FFFFFFFFFFFF
(1786378687.245405) can0 39D#F0061634
(1786378687.285298) can0 39D#F1071634
(1786378687.325004) can0 35D#0655556555555559
(1786378687.325476) can0 33D#0000FFFFFFFFFFFF
(1786378687.345349) can0 39D#E2080634
(1786378687.365120) can0 39D#E3090634
(1786378687.404962) can0 39D#D30AF633
(1786378687.444881) can0 33D#0000FFFFFFFFFFFF
(1786378687.445345) can0 39D#C40BE633
(1786378687.485020) can0 39D#950CB633
(1786378687.525051) can0 33D#0000FFFFFFFFFFFF
(1786378687.545401) can0 39D#560D7633
(1786378687.564971) can0 39D#070E2633
(1786378687.605263) can0 39D#B70FD632
(1786378687.645319) can0 33D#0000FFFFFFFFFFFF
(1786378687.645730) can0 39D#48007632
(1786378687.685271) can0 39D#D9010632
(1786378687.725292) can0 33D#0000FFFFFFFFFFFF
(1786378687.745385) can0 39D#49027631
(1786378687.765053) can0 3AD#3A01002004200010
(1786378687.795381) can0 39D#AB03D830
(1786378687.804928) can0 39D#EC041830
(1786378687.845250) can0 33D#0000FFFFFFFFFFFF
(1786378687.845586) can0 39D#1C05482F
(1786378687.885357) can0 39D#4C06782E
(1786378687.925031) can0 33D#0000FFFFFFFFFFFF
(1786378687.945357) can0 39D#8C07B82D
(1786378687.965001) can0 39D#DD08082D
(1786378688.005253) can0 39D#2D09582C
(1786378688.045026) can0 33D#0000FFFFFFFFFFFF
(1786378688.045417) can0 39D#7D0AA82B
(1786378688.084968) can0 39D#CD0BF82A
(1786378688.125050) can0 33D#0000FFFFFFFFFFFF
(1786378688.145437) can0 39D#1E0C482A
(1786378688.165135) can0 39D#8E0DB829
(1786378688.205371) can0 39D#FF0E2829
(1786378688.244987) can0 33D#0000FFFFFFFFFFFF
(1786378688.245319) can0 39D#7F0FA828
(1786378688.285237) can0 39D#F0002828
(1786378688.325101) can0 35D#07555595552A0000
(1786378688.325585) can0 32D#0A01000000007000
(1786378688.326091) can0 33D#0000FFFFFFFFFFFF
(1786378688.345338) can0 39D#60019827
(1786378688.365591) can0 39D#E1021827
(1786378688.405352) can0 39D#51038826
(1786378688.444972) can0 33D#0000FFFFFFFFFFFF
(1786378688.445385) can0 39D#C104F825
(1786378688.485036) can0 39D#32056825
(1786378688.524940) can0 33D#0000FFFFFFFFFFFF
(1786378688.545399) can0 39D#A206D824
(1786378688.565061) can0 39D#13074824
(1786378688.604991) can0 39D#8308B823
(1786378688.645038) can0 33D#0000FFFFFFFFFFFF
(1786378688.645519) can0 39D#D4090823
(1786378688.685278) can0 39D#040A3822
(1786378688.725015) can0 33D#0000FFFFFFFFFFFF
(1786378688.745443) can0 39D#140B4821
(1786378688.765573) can0 39D#140C4820
(1786378688.805276) can0 39D#F40D281F
(1786378688.844976) can0 33D#0000FFFFFFFFFFFF
(1786378688.845389) can0 39D#F40E281E
(1786378688.885057) can0 39D#540F881D
(1786378688.925298) can0 33D#0000FFFFFFFFFFFF
(1786378688.945325) can0 39D#E500281D
(1786378688.965024) can0 39D#B501F81C
(1786378689.005241) can0 39D#6602A81C
(1786378689.044942) can0 33D#0000FFFFFFFFFFFF
(1786378689.045339) can0 39D#2703681C
(1786378689.085027) can0 39D#D804181C
(1786378689.124921) can0 33D#0000FFFFFFFFFFFF
(1786378689.145375) can0 39D#8805C81B
(1786378689.164946) can0 39D#4906881B
(1786378689.205065) can0 39D#FA07381B
(1786378689.244927) can0 33D#0000FFFFFFFFFFFF
(1786378689.245413) can0 39D#AA08E81A
(1786378689.285043) can0 39D#5B09981A
(1786378689.325259) can0 35D#0055555555555555
(1786378689.325597) can0 33D#0000FFFFFFFFFFFF
(1786378689.345380) can0 39D#0C0A481A
(1786378689.365361) can0 39D#BC0BF819
(1786378689.405418) can0 39D#6D0CA819
(1786378689.445308) can0 33D#0000FFFFFFFFFFFF
(1786378689.445630) can0 39D#1E0D5819
(1786378689.484954) can0 39D#BE0EF818
(1786378689.525039) can0 33D#0000FFFFFFFFFFFF
(1786378689.545430) can0 39D#6F0FA818
(1786378689.565285) can0 39D#10005818
(1786378689.605393) can0 39D#C1010818
(1786378689.645032) can0 33D#0000FFFFFFFFFFFF
(1786378689.645418) can0 39D#7102B817
(1786378689.685101) can0 39D#32037817
(1786378689.725313) can0 33D#0000FFFFFFFFFFFF
(1786378689.745426) can0 39D#E3042817
(1786378689.765033) can0 39D#9305D816
(1786378689.805087) can0 39D#54069816
(1786378689.845320) can0 33D#0000FFFFFFFFFFFF
(1786378689.845618) can0 39D#05074816
(1786378689.885305) can0 39D#B508F815
(1786378689.925346) can0 33D#0000FFFFFFFFFFFF
(1786378689.945416) can0 39D#56099815
(1786378689.965254) can0 39D#F70A3815
(1786378690.005368) can0 39D#970BD814
(1786378690.045037) can0 33D#0000FFFFFFFFFFFF
(1786378690.045456) can0 39D#380C7814
(1786378690.085369) can0 39D#B80DF813
(1786378690.125278) can0 33D#0000FFFFFFFFFFFF
(1786378690.145422) can0 39D#390E7813
(1786378690.164945) can0 39D#990FD812
(1786378690.205004) can0 39D#DA002812
(1786378690.245125) can0 33D#0000FFFFFFFFFFFF
(1786378690.245495) can0 39D#1A016811
(1786378690.284998) can0 39D#2A027810
(1786378690.324970) can0 35D#0155555555555555
(1786378690.325376) can0 32D#0B00020101000000
(1786378690.325712) can0 33D#0000FFFFFFFFFFFF
(1786378690.345363) can0 39D#1A03680F
(1786378690.365278) can0 39D#FA04480E
(1786378690.405314) can0 39D#CA05180D
(1786378690.445023) can0 33D#0000FFFFFFFFFFFF
(1786378690.445457) can0 39D#9906E80B
(1786378690.485288) can0 39D#7907C80A
(1786378690.525029) can0 33D#0000FFFFFFFFFFFF
(1786378690.545345) can0 39D#8908D809
(1786378690.565259) can0 39D#BA090809
(1786378690.605002) can0 39D#FA0A4808
(1786378690.645260) can0 33D#0000FFFFFFFFFFFF
(1786378690.645554) can0 39D#2A0B7807
(1786378690.685053) can0 39D#7A0CC806
(1786378690.725027) can0 33D#0000FFFFFFFFFFFF
(1786378690.745405) can0 39D#EB0D3806
(1786378690.765036) can0 39D#8B0ED805
(1786378690.805258) can0 39D#3C0F8805
(1786378690.845024) can0 33D#0000FFFFFFFFFFFF
(1786378690.845502) can0 39D#CD002805
(1786378690.884978) can0 39D#5D01B804
(1786378690.924998) can0 33D#0000FFFFFFFFFFFF
(1786378690.945442) can0 39D#EE024804
(1786378690.965134) can0 39D#9E03F803
(1786378691.004971) can0 39D#5F04B803
(1786378691.045000) can0 33D#0000FFFFFFFFFFFF
(1786378691.045390) can0 39D#10056803
(1786378691.085260) can0 39D#B1060803
(1786378691.125323) can0 33D#0000FFFFFFFFFFFF
(1786378691.145376) can0 39D#31078802
(1786378691.165412) can0 39D#A108F801
(1786378691.204933) can0 39D#22097801
(1786378691.244973) can0 33D#0000FFFFFFFFFFFF
(1786378691.245405) can0 39D#D30A2801
(1786378691.284997) can0 39D#C40B1801
(1786378691.325264) can0 35D#0256555555555555
(1786378691.325749) can0 33D#0000FFFFFFFFFFFF
(1786378691.345421) can0 39D#C50C1801
(1786378691.364981) can0 39D#C60D1801
(1786378691.405086) can0 39D#C70E1801
(1786378691.445037) can0 33D#0000FFFFFFFFFFFF
(1786378691.445465) can0 39D#C80F1801
(1786378691.485044) can0 39D#B9001801
(1786378691.524940) can0 33D#0000FFFFFFFFFFFF
(1786378691.545448) can0 39D#BA011801
(1786378691.565165) can0 39D#BB021801
(1786378691.604989) can0 39D#BC031801
(1786378691.645002) can0 33D#0000FFFFFFFFFFFF
(1786378691.645351) can0 39D#AD040801
(1786378691.684937) can0 3AD#61010020041F0010
(1786378691.695331) can0 39D#AE050801
(1786378691.724941) can0 33D#0000FFFFFFFFFFFF
(1786378691.744922) can0 39D#AF060801
(1786378691.764911) can0 39D#B0070801
(1786378691.805018) can0 39D#B1080801
(1786378691.844892) can0 33D#0000FFFFFFFFFFFF
(1786378691.845313) can0 39D#B2090801
(1786378691.884913) can0 39D#B30A0801
(1786378691.925075) can0 33D#0000FFFFFFFFFFFF
(1786378691.945074) can0 39D#B40B0801
(1786378691.964839) can0 39D#B50C0801
(1786378692.004909) can0 39D#B60D0801
(1786378692.044820) can0 33D#0000FFFFFFFFFFFF
(1786378692.045155) can0 31D#6501400000020105
(1786378692.075296) can0 39D#B70E0801
(1786378692.084951) can0 33D#1600000058535A55
(1786378692.094999) can0 34D#0000280313260000
(1786378692.115025) can0 39D#B80F0801
(1786378692.124932) can0 36D#210A0000002AD685
(1786378692.135011) can0 33D#0000FFFFFFFFFFFF
(1786378692.145056) can0 37D#DD00000000585701
(1786378692.155076) can0 39D#A9000801
(1786378692.164886) can0 38D#0000000070911400
(1786378692.174966) can0 39D#AA010801
(1786378692.205050) can0 39D#AB020801
(1786378692.244897) can0 33D#0000FFFFFFFFFFFF
(1786378692.245204) can0 39D#AC030801
(1786378692.284994) can0 39D#AD040801
(1786378692.324816) can0 35D#0355555555555555
(1786378692.325181) can0 32D#0D0000008D792021
(1786378692.325501) can0 33D#0000FFFFFFFFFFFF
(1786378692.344943) can0 39D#AE050801
(1786378692.364920) can0 39D#AF060801
(1786378692.404965) can0 39D#B0070801
(1786378692.444930) can0 33D#0000FFFFFFFFFFFF
(1786378692.445286) can0 39D#B1080801
(1786378692.484869) can0 39D#B2090801
(1786378692.524882) can0 33D#0000FFFFFFFFFFFF
(1786378692.545020) can0 39D#B30A0801
(1786378692.565053) can0 39D#B40B0801
(1786378692.604878) can0 39D#B50C0801
(1786378692.644907) can0 33D#0000FFFFFFFFFFFF
(1786378692.645271) can0 39D#B60D0801
(1786378692.684900) can0 39D#B70E0801
(1786378692.724917) can0 33D#0000FFFFFFFFFFFF
(1786378692.744961) can0 39D#B80F0801
(1786378692.764917) can0 39D#A9000801
(1786378692.804854) can0 39D#AA010801
(1786378692.844861) can0 33D#0000FFFFFFFFFFFF
(1786378692.845231) can0 39D#AB020801
(1786378692.884871) can0 39D#AC030801
(1786378692.924778) can0 33D#0000FFFFFFFFFFFF
(1786378692.944985) can0 39D#AD040801
(1786378692.964824) can0 39D#AE050801
(1786378693.004914) can0 39D#AF060801
(1786378693.044985) can0 33D#0000FFFFFFFFFFFF
(1786378693.045323) can0 39D#B0070801
(1786378693.084812) can0 39D#B1080801
(1786378693.124960) can0 33D#0000FFFFFFFFFFFF
(1786378693.145033) can0 39D#B2090801
(1786378693.164840) can0 39D#B30A0801
(1786378693.204865) can0 39D#B40B0801
(1786378693.244946) can0 33D#0000FFFFFFFFFFFF
(1786378693.245348) can0 39D#B50C0801
(1786378693.284888) can0 39D#B60D0801
(1786378693.324799) can0 35D#0455555555555555
(1786378693.325098) can0 33D#0000FFFFFFFFFFFF
(1786378693.344925) can0 39D#B70E0801
(1786378693.364902) can0 39D#B80F0801
(1786378693.404861) can0 39D#A9000801
(1786378693.444883) can0 33D#0000FFFFFFFFFFFF
(1786378693.445124) can0 39D#AA010801
(1786378693.484951) can0 39D#AB020801
(1786378693.524991) can0 33D#0000FFFFFFFFFFFF
(1786378693.544942) can0 39D#AC030801
(1786378693.564920) can0 39D#AD040801
(1786378693.604917) can0 39D#AE050801
(1786378693.644885) can0 33D#0000FFFFFFFFFFFF
(1786378693.645243) can0 39D#AF060801
(1786378693.684880) can0 39D#B0070801
(1786378693.724897) can0 33D#0000FFFFFFFFFFFF
(1786378693.745076) can0 39D#B1080801
(1786378693.764909) can0 39D#B2090801
(1786378693.804961) can0 39D#B30A0801
(1786378693.845001) can0 33D#0000FFFFFFFFFFFF
(1786378693.845476) can0 39D#B40B0801
(1786378693.884869) can0 39D#B50C0801
(1786378693.925010) can0 33D#0000FFFFFFFFFFFF
(1786378693.944979) can0 39D#B60D0801
(1786378693.964914) can0 39D#B70E0801
(1786378694.005124) can0 39D#B80F0801
(1786378694.044991) can0 33D#0000FFFFFFFFFFFF
(1786378694.045304) can0 39D#A9000801
(1786378694.084969) can0 39D#AA010801
(1786378694.124884) can0 33D#0000FFFFFFFFFFFF
(1786378694.144964) can0 39D#AB020801
(1786378694.164961) can0 39D#AC030801
(1786378694.204930) can0 39D#AD040801
(1786378694.244902) can0 33D#0000FFFFFFFFFFFF
(1786378694.245345) can0 39D#AE050801
(1786378694.284946) can0 39D#AF060801
(1786378694.325032) can0 35D#0555555555555555
(1786378694.325432) can0 32D#1405000060FCB070
(1786378694.325864) can0 33D#0000FFFFFFFFFFFF
(1786378694.345056) can0 39D#B0070801
(1786378694.364886) can0 39D#B1080801
(1786378694.404889) can0 39D#B2090801
(1786378694.444965) can0 33D#0000FFFFFFFFFFFF
(1786378694.445401) can0 39D#B30A0801
(1786378694.484913) can0 39D#B40B0801
(1786378694.524943) can0 33D#0000FFFFFFFFFFFF
(1786378694.544961) can0 39D#B50C0801
(1786378694.564953) can0 39D#B60D0801
(1786378694.604926) can0 39D#B70E0801
(1786378694.644926) can0 33D#0000FFFFFFFFFFFF
(1786378694.645277) can0 39D#B80F0801
(1786378694.684859) can0 39D#A9000801
(1786378694.724933) can0 33D#0000FFFFFFFFFFFF
(1786378694.744965) can0 39D#AA010801
(1786378694.764934) can0 39D#AB020801
(1786378694.804850) can0 39D#AC030801
(1786378694.844913) can0 33D#0000FFFFFFFFFFFF
(1786378694.845262) can0 39D#AD040801
(1786378694.884855) can0 39D#AE050801
(1786378694.924889) can0 33D#0000FFFFFFFFFFFF
(1786378694.945035) can0 39D#AF060801
(1786378694.964814) can0 39D#B0070801
(1786378695.004910) can0 39D#B1080801
(1786378695.044934) can0 33D#0000FFFFFFFFFFFF
(1786378695.045270) can0 39D#B2090801
(1786378695.084885) can0 39D#B30A0801
(1786378695.124865) can0 33D#0000FFFFFFFFFFFF
(1786378695.145031) can0 39D#B40B0801
(1786378695.164852) can0 39D#B50C0801
(1786378695.204850) can0 39D#B60D0801
(1786378695.244929) can0 33D#0000FFFFFFFFFFFF
(1786378695.245317) can0 39D#B70E0801
(1786378695.284901) can0 39D#B80F0801
(1786378695.324794) can0 35D#0655556555555559
(1786378695.325128) can0 33D#0000FFFFFFFFFFFF
(1786378695.345025) can0 39D#A9000801
(1786378695.364866) can0 39D#AA010801
(1786378695.404782) can0 39D#AB020801
(1786378695.444851) can0 33D#0000FFFFFFFFFFFF
(1786378695.445155) can0 39D#AC030801
(1786378695.484820) can0 39D#AD040801
(1786378695.524816) can0 33D#0000FFFFFFFFFFFF
(1786378695.544988) can0 39D#AE050801
(1786378695.564893) can0 39D#AF060801
(1786378695.604819) can0 39D#B0070801
(1786378695.644863) can0 33D#0000FFFFFFFFFFFF
(1786378695.645142) can0 39D#B1080801
(1786378695.684862) can0 39D#B2090801
(1786378695.724928) can0 33D#0000FFFFFFFFFFFF
(1786378695.744976) can0 39D#B30A0801
(1786378695.764892) can0 39D#B40B0801
(1786378695.804903) can0 39D#B50C0801
(1786378695.844887) can0 33D#0000FFFFFFFFFFFF
(1786378695.845203) can0 39D#B60D0801
(1786378695.884898) can0 39D#B70E0801
(1786378695.924808) can0 33D#0000FFFFFFFFFFFF
(1786378695.945078) can0 39D#B80F0801
(1786378695.964873) can0 39D#A9000801
(1786378696.004878) can0 39D#AA010801
(1786378696.044885) can0 33D#0000FFFFFFFFFFFF
(1786378696.045213) can0 39D#AB020801
(1786378696.084916) can0 39D#AC030801
(1786378696.124936) can0 33D#0000FFFFFFFFFFFF
(1786378696.145069) can0 39D#AD040801
(1786378696.164876) can0 39D#AE050801
(1786378696.204889) can0 39D#AF060801
(1786378696.244929) can0 33D#0000FFFFFFFFFFFF
(1786378696.245293) can0 39D#B0070801
(1786378696.285026) can0 39D#B1080801
(1786378696.324944) can0 35D#07555595552A0000
(1786378696.325349) can0 32D#16000000E4ACA32F
(1786378696.325712) can0 33D#0000FFFFFFFFFFFF
(1786378696.344938) can0 39D#B2090801
(1786378696.364815) can0 39D#B30A0801
(1786378696.404857) can0 39D#B40B0801
(1786378696.444975) can0 33D#0000FFFFFFFFFFFF
(1786378696.445334) can0 39D#B50C0801
(1786378696.484971) can0 39D#B60D0801
(1786378696.524793) can0 33D#0000FFFFFFFFFFFF
(1786378696.545045) can0 39D#B70E0801
(1786378696.564828) can0 39D#B80F0801
(1786378696.604917) can0 39D#A9000801
(1786378696.644878) can0 33D#0000FFFFFFFFFFFF
(1786378696.645243) can0 39D#AA010801
(1786378696.684895) can0 39D#AB020801
(1786378696.724875) can0 33D#0000FFFFFFFFFFFF
(1786378696.745064) can0 39D#AC030801
(1786378696.764891) can0 39D#AD040801
(1786378696.804935) can0 39D#AE050801
(1786378696.844889) can0 33D#0000FFFFFFFFFFFF
(1786378696.845194) can0 39D#AF060801
(1786378696.885017) can0 39D#B0070801
(1786378696.924909) can0 33D#0000FFFFFFFFFFFF
(1786378696.945101) can0 39D#B1080801
(1786378696.964973) can0 39D#B2090801
(1786378697.004870) can0 39D#B30A0801
(1786378697.044869) can0 33D#0000FFFFFFFFFFFF
(1786378697.045222) can0 39D#B40B0801
(1786378697.084941) can0 39D#B50C0801
(1786378697.124801) can0 33D#0000FFFFFFFFFFFF
(1786378697.145032) can0 39D#B60D0801
(1786378697.164887) can0 39D#B70E0801
(1786378697.204834) can0 39D#B80F0801
(1786378697.244979) can0 33D#0000FFFFFFFFFFFF
(1786378697.245413) can0 39D#A9000801
(1786378697.284927) can0 39D#AA010801
(1786378697.324841) can0 35D#0055555555555555
(1786378697.325249) can0 33D#0000FFFFFFFFFFFF
(1786378697.345115) can0 39D#AB020801
(1786378697.364924) can0 39D#AC030801
(1786378697.404878) can0 39D#AD040801
(1786378697.444882) can0 33D#0000FFFFFFFFFFFF
(1786378697.445200) can0 39D#AE050801
(1786378697.484868) can0 39D#AF060801
(1786378697.524845) can0 33D#0000FFFFFFFFFFFF
(1786378697.545082) can0 39D#B0070801
(1786378697.564902) can0 39D#B1080801
(1786378697.604936) can0 39D#B2090801
(1786378697.645060) can0 33D#0000FFFFFFFFFFFF
(1786378697.645448) can0 39D#B30A0801
(1786378697.684917) can0 39D#B40B0801
(1786378697.724863) can0 33D#0000FFFFFFFFFFFF
(1786378697.745058) can0 39D#B50C0801
(1786378697.764889) can0 39D#B60D0801
(1786378697.804898) can0 39D#B70E0801
(1786378697.844982) can0 33D#0000FFFFFFFFFFFF
(1786378697.845397) can0 39D#B80F0801
(1786378697.884853) can0 39D#A9000801
(1786378697.924873) can0 33D#0000FFFFFFFFFFFF
(1786378697.945100) can0 39D#AA010801
(1786378697.964890) can0 39D#AB020801
(1786378698.004867) can0 39D#AC030801
(1786378698.044962) can0 33D#0000FFFFFFFFFFFF
(1786378698.045372) can0 39D#AD040801
(1786378698.084875) can0 39D#AE050801
(1786378698.124865) can0 33D#0000FFFFFFFFFFFF
(1786378698.145092) can0 39D#AF060801
(1786378698.164880) can0 39D#B0070801
(1786378698.204907) can0 39D#B1080801
(1786378698.244860) can0 33D#0000FFFFFFFFFFFF
(1786378698.245162) can0 39D#B2090801
(1786378698.284927) can0 39D#B30A0801
(1786378698.324870) can0 35D#0155555555555555
(1786378698.325192) can0 32D#0A01000000007000
(1786378698.325492) can0 33D#0000FFFFFFFFFFFF
(1786378698.345109) can0 39D#B40B0801
(1786378698.364874) can0 39D#B50C0801
(1786378698.404874) can0 39D#B60D0801
(1786378698.444874) can0 33D#0000FFFFFFFFFFFF
(1786378698.445214) can0 39D#B70E0801
(1786378698.484904) can0 39D#B80F0801
(1786378698.524896) can0 33D#0000FFFFFFFFFFFF
(1786378698.545065) can0 39D#A9000801
(1786378698.564889) can0 39D#AA010801
(1786378698.604919) can0 39D#AB020801
(1786378698.644855) can0 33D#0000FFFFFFFFFFFF
(1786378698.645147) can0 39D#AC030801
(1786378698.684900) can0 39D#AD040801
(1786378698.724911) can0 33D#0000FFFFFFFFFFFF
(1786378698.744938) can0 39D#AE050801
(1786378698.764799) can0 39D#AF060801
(1786378698.804859) can0 39D#B0070801
(1786378698.844805) can0 33D#0000FFFFFFFFFFFF
(1786378698.845059) can0 39D#B1080801
(1786378698.884810) can0 39D#B2090801
(1786378698.924778) can0 33D#0000FFFFFFFFFFFF
(1786378698.944938) can0 39D#B30A0801
(1786378698.964905) can0 39D#B40B0801
(1786378699.004946) can0 39D#B50C0801
(1786378699.044782) can0 33D#0000FFFFFFFFFFFF
(1786378699.045023) can0 39D#B60D0801
(1786378699.084862) can0 39D#B70E0801
(1786378699.124850) can0 33D#0000FFFFFFFFFFFF
(1786378699.144942) can0 39D#B80F0801
(1786378699.164867) can0 39D#A9000801
(1786378699.204845) can0 39D#AA010801
(1786378699.244853) can0 33D#0000FFFFFFFFFFFF
(1786378699.245091) can0 39D#AB020801
(1786378699.284855) can0 39D#AC030801
(1786378699.324864) can0 35D#0256555555555555
(1786378699.325102) can0 33D#0000FFFFFFFFFFFF
(1786378699.344975) can0 39D#AD040801
(1786378699.364875) can0 39D#AE050801
(1786378699.404830) can0 39D#AF060801
(1786378699.444838) can0 33D#0000FFFFFFFFFFFF
(1786378699.445082) can0 39D#B0070801
(1786378699.484806) can0 39D#B1080801
(1786378699.524864) can0 33D#0000FFFFFFFFFFFF
(1786378699.545034) can0 39D#B2090801
(1786378699.564818) can0 39D#B30A0801
(1786378699.604865) can0 39D#B40B0801
(1786378699.644873) can0 33D#0000FFFFFFFFFFFF
(1786378699.645116) can0 39D#B50C0801
(1786378699.684885) can0 39D#B60D0801
(1786378699.724847) can0 33D#0000FFFFFFFFFFFF
(1786378699.744961) can0 39D#B70E0801
(1786378699.764882) can0 39D#B80F0801
(1786378699.804869) can0 39D#A9000801
(1786378699.844818) can0 33D#0000FFFFFFFFFFFF
(1786378699.845066) can0 39D#AA010801
(1786378699.884870) can0 39D#AB020801
(1786378699.924905) can0 33D#0000FFFFFFFFFFFF
(1786378699.944994) can0 39D#AC030801
(1786378699.964857) can0 39D#AD040801
(1786378700.004862) can0 39D#AE050801
(1786378700.044862) can0 33D#0000FFFFFFFFFFFF
(1786378700.045121) can0 39D#AF060801
(1786378700.084860) can0 39D#B0070801
(1786378700.124808) can0 33D#0000FFFFFFFFFFFF
(1786378700.145039) can0 39D#B1080801
(1786378700.164853) can0 39D#B2090801
(1786378700.204870) can0 39D#B30A0801
(1786378700.244855) can0 33D#0000FFFFFFFFFFFF
(1786378700.245112) can0 39D#B40B0801
(1786378700.284882) can0 39D#B50C0801
(1786378700.324859) can0 35D#0355555555555555
(1786378700.325062) can0 32D#0B00020101000000
(1786378700.325285) can0 33D#0000FFFFFFFFFFFF
(1786378700.344956) can0 39D#B60D0801
(1786378700.364879) can0 39D#B70E0801
(1786378700.404943) can0 39D#B80F0801
(1786378700.444922) can0 33D#0000FFFFFFFFFFFF
(1786378700.445194) can0 39D#A9000801
(1786378700.484835) can0 39D#AA010801
(1786378700.524866) can0 33D#0000FFFFFFFFFFFF
(1786378700.544983) can0 39D#AB020801
(1786378700.564789) can0 39D#AC030801
(1786378700.604847) can0 39D#AD040801
(1786378700.644858) can0 33D#0000FFFFFFFFFFFF
(1786378700.645130) can0 39D#AE050801
(1786378700.684847) can0 39D#AF060801
(1786378700.724845) can0 33D#0000FFFFFFFFFFFF
(1786378700.745009) can0 39D#B0070801
(1786378700.764816) can0 39D#B1080801
(1786378700.804897) can0 39D#B2090801
(1786378700.844852) can0 33D#0000FFFFFFFFFFFF
(1786378700.845214) can0 39D#B30A0801
(1786378700.884848) can0 39D#B40B0801
(1786378700.924825) can0 33D#0000FFFFFFFFFFFF
(1786378700.944961) can0 39D#B50C0801
(1786378700.964876) can0 39D#B60D0801
(1786378701.004899) can0 39D#B70E0801
(1786378701.044871) can0 33D#0000FFFFFFFFFFFF
(1786378701.045209) can0 39D#B80F0801
(1786378701.084848) can0 39D#A9000801
(1786378701.124815) can0 33D#0000FFFFFFFFFFFF
(1786378701.144989) can0 39D#AA010801
(1786378701.164848) can0 39D#AB020801
(1786378701.204825) can0 39D#AC030801
(1786378701.244805) can0 33D#0000FFFFFFFFFFFF
(1786378701.245069) can0 39D#AD040801
(1786378701.284896) can0 39D#AE050801
(1786378701.324878) can0 35D#0455555555555555
(1786378701.325156) can0 33D#0000FFFFFFFFFFFF
(1786378701.345026) can0 39D#AF060801
(1786378701.364906) can0 39D#B0070801
(1786378701.404966) can0 39D#B1080801
(1786378701.444926) can0 33D#0000FFFFFFFFFFFF
(1786378701.445303) can0 39D#B2090801
(1786378701.484937) can0 39D#B30A0801
(1786378701.524836) can0 33D#0000FFFFFFFFFFFF
(1786378701.544987) can0 39D#B40B0801
(1786378701.564836) can0 39D#B50C0801
(1786378701.604943) can0 39D#B60D0801
(1786378701.644888) can0 33D#0000FFFFFFFFFFFF
(1786378701.645308) can0 39D#B70E0801
(1786378701.684830) can0 39D#B80F0801
(1786378701.724872) can0 33D#0000FFFFFFFFFFFF
(1786378701.744989) can0 39D#A9000801
(1786378701.764860) can0 39D#AA010801
(1786378701.804854) can0 39D#AB020801
(1786378701.844876) can0 33D#0000FFFFFFFFFFFF
(1786378701.845174) can0 39D#AC030801
(1786378701.884915) can0 39D#AD040801
(1786378701.924909) can0 33D#0000FFFFFFFFFFFF
(1786378701.944964) can0 39D#AE050801
(1786378701.964909) can0 39D#AF060801
(1786378702.004857) can0 39D#B0070801
(1786378702.044882) can0 33D#0000FFFFFFFFFFFF
(1786378702.045116) can0 39D#B1080801
(1786378702.084883) can0 39D#B2090801
(1786378702.124882) can0 33D#0000FFFFFFFFFFFF
(1786378702.145008) can0 39D#B30A0801
(1786378702.164865) can0 39D#B40B0801
(1786378702.204842) can0 39D#B50C0801
(1786378702.244861) can0 33D#0000FFFFFFFFFFFF
(1786378702.245122) can0 39D#B60D0801
(1786378702.284811) can0 39D#B70E0801
(1786378702.324873) can0 35D#0555555555555555
(1786378702.325149) can0 32D#0D0000008D792021
(1786378702.325396) can0 33D#0000FFFFFFFFFFFF
(1786378702.345032) can0 39D#B80F0801
(1786378702.364865) can0 39D#A9000801
(1786378702.404883) can0 39D#AA010801
(1786378702.444916) can0 33D#0000FFFFFFFFFFFF
(1786378702.445235) can0 39D#AB020801
(1786378702.484823) can0 39D#AC030801
(1786378702.524949) can0 33D#0000FFFFFFFFFFFF
(1786378702.545042) can0 39D#AD040801
(1786378702.564881) can0 39D#AE050801
(1786378702.604887) can0 39D#AF060801
(1786378702.644889) can0 33D#0000FFFFFFFFFFFF
(1786378702.645152) can0 39D#B0070801
(1786378702.684882) can0 39D#B1080801
(1786378702.724834) can0 33D#0000FFFFFFFFFFFF
(1786378702.745022) can0 39D#B2090801
(1786378702.764888) can0 39D#B30A0801
(1786378702.804870) can0 39D#B40B0801
(1786378702.844870) can0 33D#0000FFFFFFFFFFFF
(1786378702.845109) can0 39D#B50C0801
(1786378702.884850) can0 39D#B60D0801
(1786378702.924818) can0 33D#0000FFFFFFFFFFFF
(1786378702.944988) can0 39D#B70E0801
(1786378702.964901) can0 39D#B80F0801
(1786378703.004871) can0 39D#A9000801
(1786378703.044817) can0 33D#0000FFFFFFFFFFFF
(1786378703.045071) can0 39D#AA010801
(1786378703.084935) can0 39D#AB020801
(1786378703.124866) can0 33D#0000FFFFFFFFFFFF
(1786378703.144941) can0 39D#AC030801
(1786378703.164887) can0 39D#AD040801
(1786378703.204923) can0 39D#AE050801
(1786378703.244832) can0 33D#0000FFFFFFFFFFFF
(1786378703.245186) can0 39D#AF060801
(1786378703.284840) can0 39D#B0070801
(1786378703.324874) can0 35D#0655556555555559
(1786378703.325100) can0 33D#0000FFFFFFFFFFFF
(1786378703.344948) can0 39D#B1080801
(1786378703.364894) can0 39D#B2090801
(1786378703.404869) can0 39D#B30A0801
(1786378703.444885) can0 33D#0000FFFFFFFFFFFF
(1786378703.445266) can0 39D#B40B0801
(1786378703.484893) can0 39D#B50C0801
(1786378703.524835) can0 33D#0000FFFFFFFFFFFF
(1786378703.545017) can0 39D#B60D0801
(1786378703.564799) can0 39D#B70E0801
(1786378703.604922) can0 39D#B80F0801
(1786378703.644888) can0 33D#0000FFFFFFFFFFFF
(1786378703.645139) can0 39D#A9000801
(1786378703.684917) can0 39D#AA010801
(1786378703.724860) can0 33D#0000FFFFFFFFFFFF
(1786378703.745004) can0 39D#AB020801
(1786378703.764878) can0 39D#AC030801
(1786378703.804902) can0 39D#AD040801
(1786378703.844944) can0 33D#0000FFFFFFFFFFFF
(1786378703.845306) can0 39D#AE050801
(1786378703.884863) can0 39D#AF060801
(1786378703.924814) can0 33D#0000FFFFFFFFFFFF
(1786378703.945030) can0 39D#B0070801
(1786378703.964858) can0 39D#B1080801
(1786378704.004867) can0 39D#B2090801
(1786378704.044839) can0 33D#0000FFFFFFFFFFFF
(1786378704.045072) can0 39D#B30A0801
(1786378704.084906) can0 39D#B40B0801
(1786378704.124879) can0 33D#0000FFFFFFFFFFFF
(1786378704.144964) can0 39D#B50C0801
(1786378704.164913) can0 39D#B60D0801
(1786378704.204814) can0 39D#B70E0801
(1786378704.244923) can0 33D#0000FFFFFFFFFFFF
(1786378704.245375) can0 39D#B80F0801
(1786378704.284875) can0 39D#A9000801
(1786378704.324824) can0 35D#07555595552A0000
(1786378704.325058) can0 32D#1405000060FCB070
(1786378704.325278) can0 33D#0000FFFFFFFFFFFF
(1786378704.345053) can0 39D#AA010801
(1786378704.364876) can0 39D#AB020801
(1786378704.404965) can0 39D#AC030801
(1786378704.444865) can0 33D#0000FFFFFFFFFFFF
(1786378704.445112) can0 39D#AD040801
(1786378704.484980) can0 39D#AE050801
(1786378704.524833) can0 33D#0000FFFFFFFFFFFF
(1786378704.545057) can0 39D#AF060801
(1786378704.564876) can0 39D#B0070801
(1786378704.604931) can0 39D#B1080801
(1786378704.644848) can0 33D#0000FFFFFFFFFFFF
(1786378704.645103) can0 39D#B2090801
(1786378704.684835) can0 39D#B30A0801
(1786378704.724877) can0 33D#0000FFFFFFFFFFFF
(1786378704.745099) can0 39D#B40B0801
(1786378704.764895) can0 39D#B50C0801
(1786378704.804952) can0 39D#B60D0801
(1786378704.844935) can0 33D#0000FFFFFFFFFFFF
(1786378704.845356) can0 39D#B70E0801
(1786378704.884916) can0 39D#B80F0801
(1786378704.924969) can0 33D#0000FFFFFFFFFFFF
(1786378704.945058) can0 39D#A9000801
(1786378704.964869) can0 39D#AA010801
(1786378705.004887) can0 39D#AB020801
(1786378705.044887) can0 33D#0000FFFFFFFFFFFF
(1786378705.045228) can0 39D#AC030801
(1786378705.084922) can0 39D#AD040801
(1786378705.124860) can0 33D#0000FFFFFFFFFFFF
(1786378705.145105) can0 39D#AE050801
(1786378705.164933) can0 39D#AF060801
(1786378705.204919) can0 39D#B0070801
(1786378705.244915) can0 33D#0000FFFFFFFFFFFF
(1786378705.245270) can0 39D#B1080801
(1786378705.284824) can0 39D#B2090801
(1786378705.324878) can0 35D#0055555555555555
(1786378705.325113) can0 33D#0000FFFFFFFFFFFF
(1786378705.345115) can0 39D#B30A0801
(1786378705.364932) can0 39D#B40B0801
(1786378705.404914) can0 39D#B50C0801
(1786378705.444869) can0 33D#0000FFFFFFFFFFFF
(1786378705.445110) can0 39D#B60D0801
(1786378705.484887) can0 39D#B70E0801
(1786378705.524911) can0 33D#0000FFFFFFFFFFFF
(1786378705.545030) can0 39D#B80F0801
(1786378705.564921) can0 39D#A9000801
(1786378705.604891) can0 39D#AA010801
(1786378705.644861) can0 33D#0000FFFFFFFFFFFF
(1786378705.645147) can0 39D#AB020801
(1786378705.684922) can0 39D#AC030801
(1786378705.724809) can0 33D#0000FFFFFFFFFFFF
(1786378705.745063) can0 39D#AD040801
(1786378705.764880) can0 39D#AE050801
(1786378705.804985) can0 39D#AF060801
(1786378705.844894) can0 33D#0000FFFFFFFFFFFF
(1786378705.845176) can0 39D#B0070801
(1786378705.884894) can0 39D#B1080801
(1786378705.924806) can0 33D#0000FFFFFFFFFFFF
(1786378705.945064) can0 39D#B2090801
(1786378705.964933) can0 39D#B30A0801
(1786378706.004907) can0 39D#B40B0801
(1786378706.044890) can0 33D#0000FFFFFFFFFFFF
(1786378706.045189) can0 39D#B50C0801
(1786378706.084889) can0 39D#B60D0801
(1786378706.124887) can0 33D#0000FFFFFFFFFFFF
(1786378706.144955) can0 39D#B70E0801
(1786378706.164912) can0 39D#B80F0801
(1786378706.204898) can0 39D#A9000801
(1786378706.244905) can0 33D#0000FFFFFFFFFFFF
(1786378706.245190) can0 39D#AA010801
(1786378706.284955) can0 39D#AB020801
(1786378706.324920) can0 35D#0155555555555555
(1786378706.325181) can0 32D#16000000E4ACA32F
(1786378706.325401) can0 33D#0000FFFFFFFFFFFF
(1786378706.345082) can0 39D#AC030801
(1786378706.364914) can0 39D#AD040801
(1786378706.404881) can0 39D#AE050801
(1786378706.444866) can0 33D#0000FFFFFFFFFFFF
(1786378706.445090) can0 39D#AF060801
(1786378706.484847) can0 39D#B0070801
(1786378706.524961) can0 33D#0000FFFFFFFFFFFF
(1786378706.545048) can0 39D#B1080801
(1786378706.564950) can0 39D#B2090801
(1786378706.604930) can0 39D#B30A0801
(1786378706.644963) can0 33D#0000FFFFFFFFFFFF
(1786378706.645348) can0 39D#B40B0801
(1786378706.684891) can0 39D#B50C0801
(1786378706.724833) can0 33D#0000FFFFFFFFFFFF
(1786378706.745082) can0 39D#B60D0801
(1786378706.764888) can0 39D#B70E0801
(1786378706.804956) can0 39D#B80F0801
(1786378706.844878) can0 33D#0000FFFFFFFFFFFF
(1786378706.845162) can0 39D#A9000801
(1786378706.884927) can0 39D#AA010801
(1786378706.924869) can0 33D#0000FFFFFFFFFFFF
(1786378706.945050) can0 39D#AB020801
(1786378706.964864) can0 39D#AC030801
(1786378707.004863) can0 39D#AD040801
(1786378707.044892) can0 33D#0000FFFFFFFFFFFF
(1786378707.045151) can0 39D#AE050801
(1786378707.084914) can0 39D#AF060801
(1786378707.124923) can0 33D#0000FFFFFFFFFFFF
(1786378707.144988) can0 39D#B0070801
(1786378707.164898) can0 39D#B1080801
(1786378707.204906) can0 39D#B2090801
(1786378707.244901) can0 33D#0000FFFFFFFFFFFF
(1786378707.245137) can0 39D#B30A0801
(1786378707.284932) can0 39D#B40B0801
(1786378707.324891) can0 35D#0256555555555555
(1786378707.325113) can0 33D#0000FFFFFFFFFFFF
(1786378707.345050) can0 39D#B50C0801
(1786378707.364931) can0 39D#B60D0801
(1786378707.404960) can0 39D#B70E0801
(1786378707.444870) can0 33D#0000FFFFFFFFFFFF
(1786378707.445128) can0 39D#B80F0801
(1786378707.484879) can0 39D#A9000801
(1786378707.524896) can0 33D#0000FFFFFFFFFFFF
(1786378707.545025) can0 39D#AA010801
(1786378707.564974) can0 39D#AB020801
(1786378707.604933) can0 39D#AC030801
(1786378707.644803) can0 33D#0000FFFFFFFFFFFF
(1786378707.645055) can0 39D#AD040801
(1786378707.684967) can0 39D#AE050801
(1786378707.724849) can0 33D#0000FFFFFFFFFFFF
(1786378707.745046) can0 39D#AF060801
(1786378707.764867) can0 39D#B0070801
(1786378707.804898) can0 39D#B1080801
(1786378707.844944) can0 33D#0000FFFFFFFFFFFF
(1786378707.845272) can0 39D#B2090801
(1786378707.884912) can0 39D#B30A0801
(1786378707.924881) can0 33D#0000FFFFFFFFFFFF
(1786378707.945024) can0 39D#B40B0801
(1786378707.964908) can0 39D#B50C0801
(1786378708.004927) can0 39D#B60D0801
(1786378708.044873) can0 33D#0000FFFFFFFFFFFF
(1786378708.045120) can0 39D#B70E0801
(1786378708.084931) can0 39D#B80F0801
(1786378708.124870) can0 33D#0000FFFFFFFFFFFF
(1786378708.145164) can0 39D#A9000801
(1786378708.164877) can0 39D#AA010801
(1786378708.204895) can0 39D#AB020801
(1786378708.244917) can0 33D#0000FFFFFFFFFFFF
(1786378708.245158) can0 39D#AC030801
(1786378708.284927) can0 39D#AD040801
(1786378708.324943) can0 35D#0355555555555555
(1786378708.325213) can0 32D#0A01000000007000
(1786378708.325430) can0 33D#0000FFFFFFFFFFFF
(1786378708.345075) can0 39D#AE050801
(1786378708.364939) can0 39D#AF060801
(1786378708.404884) can0 39D#B0070801
(1786378708.444899) can0 33D#0000FFFFFFFFFFFF
(1786378708.445182) can0 39D#B1080801
(1786378708.484894) can0 39D#B2090801
(1786378708.524879) can0 33D#0000FFFFFFFFFFFF
(1786378708.545109) can0 39D#B30A0801
(1786378708.565007) can0 39D#B40B0801
(1786378708.604889) can0 39D#B50C0801
(1786378708.644915) can0 33D#0000FFFFFFFFFFFF
(1786378708.645162) can0 39D#B60D0801
(1786378708.684884) can0 39D#B70E0801
(1786378708.724817) can0 33D#0000FFFFFFFFFFFF
(1786378708.745052) can0 39D#B80F0801
(1786378708.764944) can0 39D#A9000801
(1786378708.804929) can0 39D#AA010801
(1786378708.844987) can0 33D#0000FFFFFFFFFFFF
(1786378708.845294) can0 39D#AB020801
(1786378708.884891) can0 39D#AC030801
(1786378708.924913) can0 33D#0000FFFFFFFFFFFF
(1786378708.945031) can0 39D#AD040801
(1786378708.964948) can0 39D#AE050801
(1786378709.004941) can0 39D#AF060801
(1786378709.044928) can0 33D#0000FFFFFFFFFFFF
(1786378709.045181) can0 39D#B0070801
(1786378709.084857) can0 39D#B1080801
(1786378709.124882) can0 33D#0000FFFFFFFFFFFF
(1786378709.145153) can0 39D#B2090801
(1786378709.164848) can0 39D#B30A0801
(1786378709.204903) can0 39D#B40B0801
(1786378709.244881) can0 33D#0000FFFFFFFFFFFF
(1786378709.245130) can0 39D#B50C0801
(1786378709.284928) can0 39D#B60D0801
(1786378709.324928) can0 35D#0455555555555555
(1786378709.325162) can0 33D#0000FFFFFFFFFFFF
(1786378709.345035) can0 39D#B70E0801
(1786378709.364849) can0 39D#B80F0801
(1786378709.404940) can0 39D#A9000801
(1786378709.444881) can0 33D#0000FFFFFFFFFFFF
(1786378709.445105) can0 39D#AA010801
(1786378709.484934) can0 39D#AB020801
(1786378709.524881) can0 33D#0000FFFFFFFFFFFF
(1786378709.544987) can0 39D#AC030801
(1786378709.564955) can0 39D#AD040801
(1786378709.604947) can0 39D#AE050801
(1786378709.644919) can0 33D#0000FFFFFFFFFFFF
(1786378709.645162) can0 39D#AF060801
(1786378709.684859) can0 39D#B0070801
(1786378709.724874) can0 33D#0000FFFFFFFFFFFF
(1786378709.745028) can0 39D#B1080801
(1786378709.764876) can0 39D#B2090801
(1786378709.804969) can0 39D#B30A0801
(1786378709.844854) can0 33D#0000FFFFFFFFFFFF
(1786378709.845124) can0 39D#B40B0801
(1786378709.884865) can0 39D#B50C0801
(1786378709.924870) can0 33D#0000FFFFFFFFFFFF
(1786378709.945078) can0 39D#B60D0801
(1786378709.964911) can0 39D#B70E0801
(1786378710.004976) can0 39D#B80F0801
(1786378710.044949) can0 33D#0000FFFFFFFFFFFF
(1786378710.045305) can0 39D#A9000801
(1786378710.084953) can0 39D#AA010801
(1786378710.124900) can0 33D#0000FFFFFFFFFFFF
(1786378710.145063) can0 39D#AB020801
(1786378710.164915) can0 39D#AC030801
(1786378710.204952) can0 39D#AD040801
(1786378710.244952) can0 33D#0000FFFFFFFFFFFF
(1786378710.245308) can0 39D#AE050801
(1786378710.284870) can0 39D#AF060801
(1786378710.324939) can0 35D#0555555555555555
(1786378710.325200) can0 32D#0B00020101000000
(1786378710.325398) can0 33D#0000FFFFFFFFFFFF
(1786378710.345076) can0 39D#B0070801
(1786378710.364929) can0 39D#B1080801
(1786378710.404931) can0 39D#B2090801
(1786378710.444855) can0 33D#0000FFFFFFFFFFFF
(1786378710.445115) can0 39D#B30A0801
(1786378710.484916) can0 39D#B40B0801
(1786378710.524960) can0 33D#0000FFFFFFFFFFFF
(1786378710.545121) can0 39D#B50C0801
(1786378710.564953) can0 39D#B60D0801
(1786378710.604933) can0 39D#B70E0801
(1786378710.645053) can0 33D#0000FFFFFFFFFFFF
(1786378710.645361) can0 39D#B80F0801
(1786378710.684959) can0 39D#A9000801
(1786378710.724952) can0 33D#0000FFFFFFFFFFFF
(1786378710.745016) can0 39D#AA010801
(1786378710.764929) can0 39D#AB020801
(1786378710.804858) can0 39D#AC030801
(1786378710.844894) can0 33D#0000FFFFFFFFFFFF
(1786378710.845146) can0 39D#AD040801
(1786378710.884889) can0 39D#AE050801
(1786378710.924884) can0 33D#0000FFFFFFFFFFFF
(1786378710.945150) can0 39D#AF060801
(1786378710.964942) can0 39D#B0070801
(1786378711.004975) can0 39D#B1080801
(1786378711.044955) can0 33D#0000FFFFFFFFFFFF
(1786378711.045317) can0 39D#B2090801
(1786378711.084889) can0 39D#B30A0801
(1786378711.124914) can0 33D#0000FFFFFFFFFFFF
(1786378711.145023) can0 39D#B40B0801
(1786378711.164970) can0 39D#B50C0801
(1786378711.204916) can0 39D#B60D0801
(1786378711.244940) can0 33D#0000FFFFFFFFFFFF
(1786378711.245306) can0 39D#B70E0801
(1786378711.284933) can0 39D#B80F0801
(1786378711.324900) can0 35D#0655556555555559
(1786378711.325122) can0 33D#0000FFFFFFFFFFFF
(1786378711.345029) can0 39D#A9000801
(1786378711.364950) can0 39D#AA010801
(1786378711.404936) can0 39D#AB020801
(1786378711.444917) can0 33D#0000FFFFFFFFFFFF
(1786378711.445196) can0 39D#AC030801
(1786378711.484874) can0 39D#AD040801
(1786378711.524870) can0 33D#0000FFFFFFFFFFFF
(1786378711.545135) can0 39D#AE050801
(1786378711.565010) can0 39D#AF060801
(1786378711.604937) can0 39D#B0070801
(1786378711.644935) can0 33D#0000FFFFFFFFFFFF
(1786378711.645177) can0 39D#B1080801
(1786378711.684963) can0 39D#B2090801
(1786378711.724913) can0 33D#0000FFFFFFFFFFFF
(1786378711.745025) can0 39D#B30A0801
(1786378711.764938) can0 39D#B40B0801
(1786378711.804976) can0 39D#B50C0801
(1786378711.844879) can0 33D#0000FFFFFFFFFFFF
(1786378711.845149) can0 39D#B60D0801
(1786378711.884890) can0 39D#B70E0801
(1786378711.924943) can0 33D#0000FFFFFFFFFFFF
(1786378711.945022) can0 39D#B80F0801
(1786378711.964963) can0 39D#A9000801
(1786378712.004891) can0 39D#AA010801
(1786378712.044937) can0 33D#0000FFFFFFFFFFFF
(1786378712.045221) can0 39D#AB020801
(1786378712.084976) can0 39D#AC030801
(1786378712.124897) can0 33D#0000FFFFFFFFFFFF
(1786378712.145062) can0 39D#AD040801
(1786378712.164892) can0 39D#AE050801
(1786378712.204990) can0 39D#AF060801
(1786378712.244952) can0 33D#0000FFFFFFFFFFFF
(1786378712.245211) can0 39D#B0070801
(1786378712.284958) can0 39D#B1080801
(1786378712.324883) can0 35D#07555595552A0000
(1786378712.325183) can0 32D#0D0000008D792021
(1786378712.325376) can0 33D#0000FFFFFFFFFFFF
(1786378712.345049) can0 39D#B2090801
(1786378712.365012) can0 39D#B30A0801
(1786378712.404953) can0 39D#B40B0801
(1786378712.444958) can0 33D#0000FFFFFFFFFFFF
(1786378712.445345) can0 39D#B50C0801
(1786378712.484965) can0 39D#B60D0801
(1786378712.524872) can0 33D#0000FFFFFFFFFFFF
(1786378712.545073) can0 39D#B70E0801
(1786378712.565026) can0 39D#B80F0801
(1786378712.605026) can0 39D#A9000801
(1786378712.644946) can0 33D#0000FFFFFFFFFFFF
(1786378712.645202) can0 39D#AA010801
(1786378712.684947) can0 39D#AB020801
(1786378712.724944) can0 33D#0000FFFFFFFFFFFF
(1786378712.745030) can0 39D#AC030801
(1786378712.765031) can0 39D#AD040801
(1786378712.804909) can0 39D#AE050801
(1786378712.844926) can0 33D#0000FFFFFFFFFFFF
(1786378712.845368) can0 39D#AF060801
(1786378712.884961) can0 39D#B0070801
(1786378712.924882) can0 33D#0000FFFFFFFFFFFF
(1786378712.945055) can0 39D#B1080801
(1786378712.964927) can0 39D#B2090801
(1786378713.004962) can0 39D#B30A0801
(1786378713.044910) can0 33D#0000FFFFFFFFFFFF
(1786378713.045160) can0 39D#B40B0801
(1786378713.084974) can0 39D#B50C0801
(1786378713.124949) can0 33D#0000FFFFFFFFFFFF
(1786378713.145110) can0 39D#B60D0801
(1786378713.164943) can0 39D#B70E0801
(1786378713.204939) can0 39D#B80F0801
(1786378713.244960) can0 33D#0000FFFFFFFFFFFF
(1786378713.245266) can0 39D#A9000801
(1786378713.284899) can0 39D#AA010801
(1786378713.324867) can0 35D#0055555555555555
(1786378713.325160) can0 33D#0000FFFFFFFFFFFF
(1786378713.345094) can0 39D#AB020801
(1786378713.364917) can0 39D#AC030801
(1786378713.405007) can0 39D#AD040801
(1786378713.444960) can0 33D#0000FFFFFFFFFFFF
(1786378713.445326) can0 39D#AE050801
(1786378713.484998) can0 39D#AF060801
(1786378713.524965) can0 33D#0000FFFFFFFFFFFF
(1786378713.545071) can0 39D#B0070801
(1786378713.564920) can0 39D#C1081801
(1786378713.604912) can0 39D#B2090801
(1786378713.645006) can0 33D#0000FFFFFFFFFFFF
(1786378713.645397) can0 39D#B30A0801
(1786378713.684992) can0 39D#B40B0801
(1786378713.724892) can0 33D#0000FFFFFFFFFFFF
(1786378713.745107) can0 39D#B50C0801
(1786378713.764916) can0 39D#B60D0801
(1786378713.804994) can0 39D#B70E0801
(1786378713.844903) can0 33D#0000FFFFFFFFFFFF
(1786378713.845173) can0 39D#B80F0801
(1786378713.884890) can0 39D#A9000801
(1786378713.924911) can0 33D#0000FFFFFFFFFFFF
(1786378713.945099) can0 39D#AA010801
(1786378713.964941) can0 39D#AB020801
(1786378714.005007) can0 39D#AC030801
(1786378714.044987) can0 33D#0000FFFFFFFFFFFF
(1786378714.045329) can0 39D#AD040801
(1786378714.084926) can0 39D#AE050801
(1786378714.124981) can0 33D#0000FFFFFFFFFFFF
(1786378714.145017) can0 39D#AF060801
(1786378714.165011) can0 39D#B0070801
(1786378714.204938) can0 39D#B1080801
(1786378714.244860) can0 33D#0000FFFFFFFFFFFF
(1786378714.245111) can0 39D#B2090801
(1786378714.284945) can0 39D#B30A0801
(1786378714.324863) can0 35D#0155555555555555
(1786378714.325086) can0 32D#1405000060FCB070
(1786378714.325263) can0 33D#0000FFFFFFFFFFFF
(1786378714.345105) can0 39D#B40B0801
(1786378714.364943) can0 39D#B50C0801
(1786378714.404991) can0 39D#B60D0801
(1786378714.444941) can0 33D#0000FFFFFFFFFFFF
(1786378714.445184) can0 39D#B70E0801
(1786378714.484940) can0 39D#B80F0801
(1786378714.524828) can0 33D#0000FFFFFFFFFFFF
(1786378714.545133) can0 39D#A9000801
(1786378714.564949) can0 39D#AA010801
(1786378714.604931) can0 39D#AB020801
(1786378714.645034) can0 33D#0000FFFFFFFFFFFF
(1786378714.645461) can0 39D#AC030801
(1786378714.685039) can0 39D#AD040801
(1786378714.724909) can0 33D#0000FFFFFFFFFFFF
(1786378714.745021) can0 39D#AE050801
(1786378714.764985) can0 39D#AF060801
(1786378714.805041) can0 39D#B0070801
(1786378714.844916) can0 33D#0000FFFFFFFFFFFF
(1786378714.845208) can0 39D#B1080801
(1786378714.885002) can0 39D#B2090801
(1786378714.924879) can0 33D#0000FFFFFFFFFFFF
(1786378714.945074) can0 39D#B30A0801
(1786378714.964933) can0 39D#B40B0801
(1786378715.004907) can0 39D#B50C0801
(1786378715.044916) can0 33D#0000FFFFFFFFFFFF
(1786378715.045164) can0 39D#B60D0801
(1786378715.084947) can0 39D#B70E0801
(1786378715.124971) can0 33D#0000FFFFFFFFFFFF
(1786378715.145138) can0 39D#B80F0801
(1786378715.165050) can0 39D#A9000801
(1786378715.205079) can0 39D#AA010801
(1786378715.244981) can0 33D#0000FFFFFFFFFFFF
(1786378715.245373) can0 39D#AB020801
(1786378715.284914) can0 39D#AC030801
(1786378715.324929) can0 35D#0256555555555555
(1786378715.325271) can0 33D#0000FFFFFFFFFFFF
(1786378715.345153) can0 39D#AD040801
(1786378715.365004) can0 39D#AE050801
(1786378715.405016) can0 39D#AF060801
(1786378715.444991) can0 33D#0000FFFFFFFFFFFF
(1786378715.445355) can0 39D#B0070801
(1786378715.484967) can0 39D#B1080801
(1786378715.524961) can0 33D#0000FFFFFFFFFFFF
(1786378715.545124) can0 39D#B2090801
(1786378715.564931) can0 39D#B30A0801
(1786378715.604955) can0 39D#B40B0801
(1786378715.644980) can0 33D#0000FFFFFFFFFFFF
(1786378715.645303) can0 39D#B50C0801
(1786378715.685031) can0 39D#B60D0801
(1786378715.725003) can0 33D#0000FFFFFFFFFFFF
(1786378715.745071) can0 39D#B70E0801
(1786378715.764953) can0 39D#B80F0801
(1786378715.804956) can0 39D#A9000801
(1786378715.844938) can0 33D#0000FFFFFFFFFFFF
(1786378715.845252) can0 39D#AA010801
(1786378715.885031) can0 39D#AB020801
(1786378715.924909) can0 33D#0000FFFFFFFFFFFF
(1786378715.945072) can0 39D#AC030801
(1786378715.964880) can0 39D#AD040801
(1786378716.004986) can0 39D#AE050801
(1786378716.044935) can0 33D#0000FFFFFFFFFFFF
(1786378716.045230) can0 39D#AF060801
(1786378716.084927) can0 39D#B0070801
(1786378716.125038) can0 33D#0000FFFFFFFFFFFF
(1786378716.145089) can0 39D#B1080801
(1786378716.165015) can0 39D#B2090801
(1786378716.204955) can0 39D#B30A0801
(1786378716.244978) can0 33D#0000FFFFFFFFFFFF
(1786378716.245328) can0 39D#B40B0801
(1786378716.285017) can0 39D#B50C0801
(1786378716.324957) can0 35D#0355555555555555
(1786378716.325212) can0 32D#16000000E4ACA32F
(1786378716.325411) can0 33D#0000FFFFFFFFFFFF
(1786378716.345103) can0 39D#B60D0801
(1786378716.364939) can0 39D#B70E0801
(1786378716.404932) can0 39D#B80F0801
(1786378716.444973) can0 33D#0000FFFFFFFFFFFF
(1786378716.445226) can0 39D#A9000801
(1786378716.484934) can0 39D#AA010801
(1786378716.524956) can0 33D#0000FFFFFFFFFFFF
(1786378716.545078) can0 39D#AB020801
(1786378716.564930) can0 39D#AC030801
(1786378716.604934) can0 39D#AD040801
(1786378716.644964) can0 33D#0000FFFFFFFFFFFF
(1786378716.645278) can0 39D#AE050801
(1786378716.684878) can0 39D#AF060801
(1786378716.724951) can0 33D#0000FFFFFFFFFFFF
(1786378716.745114) can0 39D#B0070801
(1786378716.764966) can0 39D#B1080801
(1786378716.804966) can0 39D#B2090801
(1786378716.844971) can0 33D#0000FFFFFFFFFFFF
(1786378716.845258) can0 39D#B30A0801
(1786378716.884982) can0 39D#B40B0801
(1786378716.924978) can0 33D#0000FFFFFFFFFFFF
(1786378716.945105) can0 39D#B50C0801
(1786378716.965022) can0 39D#B60D0801
(1786378717.004936) can0 39D#B70E0801
(1786378717.044968) can0 33D#0000FFFFFFFFFFFF
(1786378717.045267) can0 39D#B80F0801
(1786378717.085042) can0 39D#A9000801
(1786378717.124970) can0 33D#0000FFFFFFFFFFFF
(1786378717.145104) can0 39D#AA010801
(1786378717.164938) can0 39D#AB020801
(1786378717.204948) can0 39D#AC030801
(1786378717.245018) can0 33D#0000FFFFFFFFFFFF
(1786378717.245355) can0 39D#AD040801
(1786378717.284967) can0 39D#AE050801
(1786378717.324952) can0 35D#0455555555555555
(1786378717.325224) can0 33D#0000FFFFFFFFFFFF
(1786378717.345164) can0 39D#AF060801
(1786378717.364927) can0 39D#B0070801
(1786378717.404977) can0 39D#B1080801
(1786378717.445007) can0 33D#0000FFFFFFFFFFFF
(1786378717.445406) can0 39D#B2090801
(1786378717.484943) can0 39D#B30A0801
(1786378717.524934) can0 33D#0000FFFFFFFFFFFF
(1786378717.545081) can0 39D#B40B0801
(1786378717.564958) can0 39D#B50C0801
(1786378717.604991) can0 39D#B60D0801
(1786378717.644977) can0 33D#0000FFFFFFFFFFFF
(1786378717.645303) can0 39D#B70E0801
(1786378717.684923) can0 39D#B80F0801
(1786378717.724998) can0 33D#0000FFFFFFFFFFFF
(1786378717.745174) can0 39D#A9000801
(1786378717.764894) can0 39D#AA010801
(1786378717.805015) can0 39D#AB020801
(1786378717.844916) can0 33D#0000FFFFFFFFFFFF
(1786378717.845160) can0 39D#AC030801
(1786378717.884949) can0 39D#AD040801
(1786378717.924930) can0 33D#0000FFFFFFFFFFFF
(1786378717.945141) can0 39D#AE050801
(1786378717.964856) can0 39D#AF060801
(1786378718.005017) can0 39D#B0070801
(1786378718.044957) can0 33D#0000FFFFFFFFFFFF
(1786378718.045298) can0 39D#B1080801
(1786378718.084986) can0 39D#B2090801
(1786378718.124886) can0 33D#0000FFFFFFFFFFFF
(1786378718.145084) can0 39D#B30A0801
(1786378718.164964) can0 39D#B40B0801
(1786378718.204961) can0 39D#B50C0801
(1786378718.244945) can0 33D#0000FFFFFFFFFFFF
(1786378718.245282) can0 39D#B60D0801
(1786378718.284906) can0 39D#B70E0801
(1786378718.324972) can0 35D#0555555555555555
(1786378718.325237) can0 32D#0A01000000007000
(1786378718.325440) can0 33D#0000FFFFFFFFFFFF
(1786378718.345201) can0 39D#B80F0801
(1786378718.364958) can0 39D#A9000801
(1786378718.404916) can0 39D#AA010801
(1786378718.444952) can0 33D#0000FFFFFFFFFFFF
(1786378718.445289) can0 39D#AB020801
(1786378718.484965) can0 39D#AC030801
(1786378718.524972) can0 33D#0000FFFFFFFFFFFF
(1786378718.545029) can0 39D#AD040801
(1786378718.564975) can0 39D#AE050801
(1786378718.605015) can0 39D#AF060801
(1786378718.645039) can0 33D#0000FFFFFFFFFFFF
(1786378718.645450) can0 39D#B0070801
(1786378718.685064) can0 39D#B1080801
(1786378718.724960) can0 33D#0000FFFFFFFFFFFF
(1786378718.745188) can0 39D#B2090801
(1786378718.764940) can0 39D#B30A0801
(1786378718.804969) can0 39D#B40B0801
(1786378718.845124) can0 33D#0000FFFFFFFFFFFF
(1786378718.845544) can0 39D#B50C0801
(1786378718.884949) can0 39D#B60D0801
(1786378718.924931) can0 33D#0000FFFFFFFFFFFF
(1786378718.945110) can0 39D#B70E0801
(1786378718.964991) can0 39D#B80F0801
(1786378719.004969) can0 39D#A9000801
(1786378719.044984) can0 33D#0000FFFFFFFFFFFF
(1786378719.045284) can0 39D#AA010801
(1786378719.084980) can0 39D#AB020801
(1786378719.124985) can0 33D#0000FFFFFFFFFFFF
(1786378719.145137) can0 39D#AC030801
(1786378719.164976) can0 39D#AD040801
(1786378719.204960) can0 39D#AE050801
(1786378719.245020) can0 33D#0000FFFFFFFFFFFF
(1786378719.245293) can0 39D#AF060801
(1786378719.285007) can0 39D#B0070801
(1786378719.325014) can0 35D#0655556555555559
(1786378719.325250) can0 33D#0000FFFFFFFFFFFF
(1786378719.345065) can0 39D#B1080801
(1786378719.364986) can0 39D#B2090801
(1786378719.404928) can0 39D#B30A0801
(1786378719.444995) can0 33D#0000FFFFFFFFFFFF
(1786378719.445273) can0 39D#B40B0801
(1786378719.484956) can0 39D#B50C0801
(1786378719.524950) can0 33D#0000FFFFFFFFFFFF
(1786378719.545133) can0 39D#B60D0801
(1786378719.564948) can0 39D#B70E0801
(1786378719.604990) can0 39D#B80F0801
(1786378719.645048) can0 33D#0000FFFFFFFFFFFF
(1786378719.645383) can0 39D#A9000801
(1786378719.684976) can0 39D#AA010801
(1786378719.724996) can0 33D#0000FFFFFFFFFFFF
(1786378719.745171) can0 39D#AB020801
(1786378719.765003) can0 39D#AC030801
(1786378719.804936) can0 39D#AD040801
(1786378719.844966) can0 33D#0000FFFFFFFFFFFF
(1786378719.845299) can0 39D#AE050801
(1786378719.885064) can0 39D#AF060801
(1786378719.924957) can0 33D#0000FFFFFFFFFFFF
(1786378719.945118) can0 39D#B0070801
(1786378719.964989) can0 39D#B1080801
(1786378720.004944) can0 39D#B2090801
(1786378720.044999) can0 33D#0000FFFFFFFFFFFF
(1786378720.045277) can0 39D#B30A0801
(1786378720.084977) can0 39D#B40B0801
(1786378720.124945) can0 33D#0000FFFFFFFFFFFF
(1786378720.145224) can0 39D#B50C0801
(1786378720.164978) can0 39D#B60D0801
(1786378720.204992) can0 39D#B70E0801
(1786378720.244954) can0 33D#0000FFFFFFFFFFFF
(1786378720.245195) can0 39D#B80F0801
(1786378720.285019) can0 39D#A9000801
(1786378720.324983) can0 35D#07555595552A0000
(1786378720.325344) can0 32D#0B00020101000000
(1786378720.325541) can0 33D#0000FFFFFFFFFFFF
(1786378720.345063) can0 39D#AA010801
(1786378720.364999) can0 39D#AB020801
(1786378720.405061) can0 39D#AC030801
(1786378720.445029) can0 33D#0000FFFFFFFFFFFF
(1786378720.445464) can0 39D#AD040801
(1786378720.484960) can0 39D#AE050801
(1786378720.525017) can0 33D#0000FFFFFFFFFFFF
(1786378720.545118) can0 39D#AF060801
(1786378720.565018) can0 39D#B0070801
(1786378720.604999) can0 39D#B1080801
(1786378720.645001) can0 33D#0000FFFFFFFFFFFF
(1786378720.645390) can0 39D#B2090801
(1786378720.685074) can0 39D#B30A0801
(1786378720.724975) can0 33D#0000FFFFFFFFFFFF
(1786378720.745134) can0 39D#B40B0801
(1786378720.765054) can0 39D#B50C0801
(1786378720.805024) can0 39D#B60D0801
(1786378720.844957) can0 33D#0000FFFFFFFFFFFF
(1786378720.845218) can0 39D#B70E0801
(1786378720.885102) can0 39D#B80F0801
(1786378720.924969) can0 33D#0000FFFFFFFFFFFF
(1786378720.945055) can0 39D#A9000801
(1786378720.965063) can0 39D#AA010801
(1786378721.005034) can0 39D#AB020801
(1786378721.045079) can0 33D#0000FFFFFFFFFFFF
(1786378721.045489) can0 39D#AC030801
(1786378721.085043) can0 39D#AD040801
(1786378721.124939) can0 33D#0000FFFFFFFFFFFF
(1786378721.145143) can0 39D#AE050801
(1786378721.164977) can0 39D#AF060801
(1786378721.204928) can0 39D#B0070801
(1786378721.244999) can0 33D#0000FFFFFFFFFFFF
(1786378721.245319) can0 39D#B1080801
(1786378721.284999) can0 39D#B2090801
(1786378721.324933) can0 35D#0055555555555555
(1786378721.325156) can0 33D#0000FFFFFFFFFFFF
(1786378721.345144) can0 39D#B30A0801
(1786378721.365053) can0 39D#B40B0801
(1786378721.404900) can0 39D#B50C0801
(1786378721.445011) can0 33D#0000FFFFFFFFFFFF
(1786378721.445331) can0 39D#B60D0801
(1786378721.485024) can0 39D#B70E0801
(1786378721.524983) can0 33D#0000FFFFFFFFFFFF
(1786378721.545155) can0 39D#B80F0801
(1786378721.565097) can0 39D#A9000801
(1786378721.605051) can0 39D#AA010801
(1786378721.645123) can0 33D#0000FFFFFFFFFFFF
(1786378721.645433) can0 39D#AB020801
(1786378721.685057) can0 39D#AC030801
(1786378721.725025) can0 33D#0000FFFFFFFFFFFF
(1786378721.745190) can0 39D#AD040801
(1786378721.765061) can0 39D#AE050801
(1786378721.805063) can0 39D#AF060801
(1786378721.845045) can0 33D#0000FFFFFFFFFFFF
(1786378721.845388) can0 39D#B0070801
(1786378721.884980) can0 39D#B1080801
(1786378721.924990) can0 33D#0000FFFFFFFFFFFF
(1786378721.945206) can0 39D#B2090801
(1786378721.964977) can0 39D#B30A0801
(1786378722.005027) can0 39D#B40B0801
(1786378722.045026) can0 33D#0000FFFFFFFFFFFF
(1786378722.045414) can0 39D#B50C0801
(1786378722.085087) can0 39D#B60D0801
(1786378722.125072) can0 33D#0000FFFFFFFFFFFF
(1786378722.145102) can0 39D#B70E0801
(1786378722.164988) can0 39D#B80F0801
(1786378722.205092) can0 39D#A9000801
(1786378722.245002) can0 33D#0000FFFFFFFFFFFF
(1786378722.245372) can0 39D#AA010801
(1786378722.285058) can0 39D#AB020801
(1786378722.325004) can0 35D#0155555555555555
(1786378722.325397) can0 32D#0D0000008D792021
(1786378722.325746) can0 33D#0000FFFFFFFFFFFF
(1786378722.345127) can0 39D#AC030801
(1786378722.364983) can0 39D#AD040801
(1786378722.405018) can0 39D#AE050801
(1786378722.444933) can0 33D#0000FFFFFFFFFFFF
(1786378722.445234) can0 39D#AF060801
(1786378722.484987) can0 39D#B0070801
(1786378722.525002) can0 33D#0000FFFFFFFFFFFF
(1786378722.545168) can0 39D#B1080801
(1786378722.565009) can0 39D#B2090801
(1786378722.605086) can0 39D#B30A0801
(1786378722.645079) can0 33D#0000FFFFFFFFFFFF
(1786378722.645451) can0 39D#B40B0801
(1786378722.685048) can0 39D#B50C0801
(1786378722.724990) can0 33D#0000FFFFFFFFFFFF
(1786378722.745214) can0 39D#B60D0801
(1786378722.765335) can0 39D#B70E0801
(1786378722.832404) can0 39D#B80F0801
(1786378722.867852) can0 33D#0000FFFFFFFFFFFF
(1786378722.868399) can0 39D#A9000801
(1786378722.903752) can0 39D#AA010801
(1786378722.924955) can0 33D#0000FFFFFFFFFFFF
(1786378722.945215) can0 39D#AB020801
(1786378722.965029) can0 39D#AC030801
(1786378723.005087) can0 39D#AD040801
(1786378723.045102) can0 33D#0000FFFFFFFFFFFF
(1786378723.045522) can0 39D#AE050801
(1786378723.085031) can0 39D#AF060801
(1786378723.124931) can0 33D#0000FFFFFFFFFFFF
(1786378723.145187) can0 39D#B0070801
(1786378723.165009) can0 39D#B1080801
(1786378723.205017) can0 39D#B2090801
(1786378723.245061) can0 33D#0000FFFFFFFFFFFF
(1786378723.245413) can0 39D#B30A0801
(1786378723.285057) can0 39D#B40B0801
(1786378723.325011) can0 35D#0256555555555555
(1786378723.325266) can0 33D#0000FFFFFFFFFFFF
(1786378723.345105) can0 39D#B50C0801
(1786378723.365015) can0 39D#B60D0801
(1786378723.405085) can0 39D#B70E0801
(1786378723.445084) can0 33D#0000FFFFFFFFFFFF
(1786378723.445587) can0 39D#B80F0801
(1786378723.485032) can0 39D#A9000801
(1786378723.524933) can0 33D#0000FFFFFFFFFFFF
(1786378723.545104) can0 39D#AA010801
(1786378723.565001) can0 39D#AB020801
(1786378723.605072) can0 39D#AC030801
(1786378723.645007) can0 33D#0000FFFFFFFFFFFF
(1786378723.645388) can0 39D#AD040801
(1786378723.684982) can0 39D#AE050801
(1786378723.724964) can0 33D#0000FFFFFFFFFFFF
(1786378723.745137) can0 39D#AF060801
(1786378723.765057) can0 39D#B0070801
(1786378723.805124) can0 39D#B1080801
(1786378723.845090) can0 33D#0000FFFFFFFFFFFF
(1786378723.845544) can0 39D#B2090801
(1786378723.885027) can0 39D#B30A0801
(1786378723.924964) can0 33D#0000FFFFFFFFFFFF
(1786378723.945173) can0 39D#B40B0801
(1786378723.965065) can0 39D#B50C0801
(1786378724.005069) can0 39D#B60D0801
(1786378724.045066) can0 33D#0000FFFFFFFFFFFF
(1786378724.045425) can0 39D#B70E0801
(1786378724.084993) can0 39D#B80F0801
(1786378724.124968) can0 33D#0000FFFFFFFFFFFF
(1786378724.145094) can0 39D#A9000801
(1786378724.164991) can0 39D#AA010801
(1786378724.204994) can0 39D#AB020801
(1786378724.245003) can0 33D#0000FFFFFFFFFFFF
(1786378724.245282) can0 39D#AC030801
(1786378724.284997) can0 39D#AD040801
(1786378724.325035) can0 35D#0355555555555555
(1786378724.325478) can0 32D#1405000060FCB070
(1786378724.325793) can0 33D#0000FFFFFFFFFFFF
(1786378724.345115) can0 39D#AE050801
(1786378724.365001) can0 39D#AF060801
(1786378724.405036) can0 39D#B0070801
(1786378724.445030) can0 33D#0000FFFFFFFFFFFF
(1786378724.445365) can0 39D#B1080801
(1786378724.485044) can0 39D#B2090801
(1786378724.525002) can0 33D#0000FFFFFFFFFFFF
(1786378724.545121) can0 39D#B30A0801
(1786378724.565007) can0 39D#B40B0801
(1786378724.605022) can0 39D#B50C0801
(1786378724.645025) can0 33D#0000FFFFFFFFFFFF
(1786378724.645306) can0 39D#B60D0801
(1786378724.685006) can0 39D#B70E0801
(1786378724.725042) can0 33D#0000FFFFFFFFFFFF
(1786378724.745156) can0 39D#B80F0801
(1786378724.765229) can0 39D#A9000801
(1786378724.805263) can0 39D#AA010801
(1786378724.844963) can0 33D#0000FFFFFFFFFFFF
(1786378724.845348) can0 39D#AB020801
(1786378724.885170) can0 39D#AC030801
(1786378724.925039) can0 33D#0000FFFFFFFFFFFF
(1786378724.945165) can0 39D#AD040801
(1786378724.965110) can0 39D#AE050801
(1786378725.005036) can0 39D#AF060801
(1786378725.045176) can0 33D#0000FFFFFFFFFFFF
(1786378725.045558) can0 39D#B0070801
(1786378725.085183) can0 39D#B1080801
(1786378725.125040) can0 33D#0000FFFFFFFFFFFF
(1786378725.145183) can0 39D#B2090801
(1786378725.165047) can0 39D#B30A0801
(1786378725.205010) can0 39D#B40B0801
(1786378725.245064) can0 33D#0000FFFFFFFFFFFF
(1786378725.245500) can0 39D#B50C0801
(1786378725.285097) can0 39D#B60D0801
(1786378725.325007) can0 35D#0455555555555555
(1786378725.325280) can0 33D#0000FFFFFFFFFFFF
(1786378725.345244) can0 39D#B70E0801
(1786378725.365079) can0 39D#B80F0801
(1786378725.405026) can0 39D#A9000801
(1786378725.445060) can0 33D#0000FFFFFFFFFFFF
(1786378725.445462) can0 39D#AA010801
(1786378725.485184) can0 39D#AB020801
(1786378725.525062) can0 33D#0000FFFFFFFFFFFF
(1786378725.545293) can0 39D#AC030801
(1786378725.565132) can0 39D#AD040801
(1786378725.605033) can0 39D#AE050801
(1786378725.645117) can0 33D#0000FFFFFFFFFFFF
(1786378725.645508) can0 39D#AF060801
(1786378725.685120) can0 39D#B0070801
(1786378725.725085) can0 33D#0000FFFFFFFFFFFF
(1786378725.745260) can0 39D#B1080801
(1786378725.765071) can0 39D#B2090801
(1786378725.805090) can0 39D#B30A0801
(1786378725.845184) can0 33D#0000FFFFFFFFFFFF
(1786378725.845548) can0 39D#B40B0801
(1786378725.885043) can0 39D#B50C0801
(1786378725.925004) can0 33D#0000FFFFFFFFFFFF
(1786378725.945228) can0 39D#B60D0801
(1786378725.965076) can0 39D#B70E0801
(1786378726.005066) can0 39D#B80F0801
(1786378726.045117) can0 33D#0000FFFFFFFFFFFF
(1786378726.045532) can0 39D#A9000801
(1786378726.085103) can0 39D#AA010801
(1786378726.125013) can0 33D#0000FFFFFFFFFFFF
(1786378726.145172) can0 39D#AB020801
(1786378726.165024) can0 39D#AC030801
(1786378726.205184) can0 39D#AD040801
(1786378726.245132) can0 33D#0000FFFFFFFFFFFF
(1786378726.245553) can0 39D#AE050801
(1786378726.285037) can0 39D#AF060801
(1786378726.325020) can0 35D#0555555555555555
(1786378726.325336) can0 32D#16000000E4ACA32F
(1786378726.325568) can0 33D#0000FFFFFFFFFFFF
(1786378726.345202) can0 39D#B0070801
(1786378726.365014) can0 39D#B1080801
(1786378726.405130) can0 39D#B2090801
(1786378726.445141) can0 33D#0000FFFFFFFFFFFF
(1786378726.445544) can0 39D#B30A0801
(1786378726.485124) can0 39D#B40B0801
(1786378726.525029) can0 33D#0000FFFFFFFFFFFF
(1786378726.545229) can0 39D#B50C0801
(1786378726.565010) can0 39D#B60D0801
(1786378726.605070) can0 39D#B70E0801
(1786378726.645052) can0 33D#0000FFFFFFFFFFFF
(1786378726.645421) can0 39D#B80F0801
(1786378726.685106) can0 39D#A9000801
(1786378726.725091) can0 33D#0000FFFFFFFFFFFF
(1786378726.745203) can0 39D#AA010801
(1786378726.765089) can0 39D#AB020801
(1786378726.805145) can0 39D#AC030801
(1786378726.845171) can0 33D#0000FFFFFFFFFFFF
(1786378726.845544) can0 39D#AD040801
(1786378726.885103) can0 39D#AE050801
(1786378726.925036) can0 33D#0000FFFFFFFFFFFF
(1786378726.945221) can0 39D#AF060801
(1786378726.965220) can0 39D#B0070801
(1786378727.005067) can0 39D#B1080801
(1786378727.045054) can0 33D#0000FFFFFFFFFFFF
(1786378727.045471) can0 39D#B2090801
(1786378727.085066) can0 39D#B30A0801
(1786378727.125078) can0 33D#0000FFFFFFFFFFFF
(1786378727.145179) can0 39D#B40B0801
(1786378727.165205) can0 39D#B50C0801
(1786378727.205197) can0 39D#B60D0801
(1786378727.245087) can0 33D#0000FFFFFFFFFFFF
(1786378727.245503) can0 39D#B70E0801
(1786378727.285191) can0 39D#B80F0801
(1786378727.325081) can0 35D#0655556555555559
(1786378727.325454) can0 33D#0000FFFFFFFFFFFF
(1786378727.345197) can0 39D#A9000801
(1786378727.365070) can0 39D#AA010801
(1786378727.405149) can0 39D#AB020801
(1786378727.445157) can0 33D#0000FFFFFFFFFFFF
(1786378727.445487) can0 39D#AC030801
(1786378727.485132) can0 39D#AD040801
(1786378727.525118) can0 33D#0000FFFFFFFFFFFF
(1786378727.545184) can0 39D#AE050801
(1786378727.565090) can0 39D#AF060801
(1786378727.605049) can0 39D#B0070801
(1786378727.645121) can0 33D#0000FFFFFFFFFFFF
(1786378727.645669) can0 39D#B1080801
(1786378727.685124) can0 39D#B2090801
(1786378727.725111) can0 33D#0000FFFFFFFFFFFF
(1786378727.745312) can0 39D#B30A0801
(1786378727.765113) can0 39D#B40B0801
(1786378727.805153) can0 39D#B50C0801
(1786378727.845198) can0 33D#0000FFFFFFFFFFFF
(1786378727.845610) can0 39D#B60D0801
(1786378727.885126) can0 39D#B70E0801
(1786378727.925093) can0 33D#0000FFFFFFFFFFFF
(1786378727.945227) can0 39D#B80F0801
(1786378727.965118) can0 39D#A9000801
(1786378728.005033) can0 39D#AA010801
(1786378728.045086) can0 33D#0000FFFFFFFFFFFF
(1786378728.045550) can0 39D#AB020801
(1786378728.085032) can0 39D#AC030801
(1786378728.125101) can0 33D#0000FFFFFFFFFFFF
(1786378728.145268) can0 39D#AD040801
(1786378728.165062) can0 39D#AE050801
(1786378728.205110) can0 39D#AF060801
(1786378728.245169) can0 33D#0000FFFFFFFFFFFF
(1786378728.245559) can0 39D#B0070801
(1786378728.285062) can0 39D#B1080801
(1786378728.325148) can0 35D#07555595552A0000
(1786378728.325528) can0 32D#0A01000000007000
(1786378728.325898) can0 33D#0000FFFFFFFFFFFF
(1786378728.345177) can0 39D#B2090801
(1786378728.365084) can0 39D#B30A0801
(1786378728.405138) can0 39D#B40B0801
(1786378728.445128) can0 33D#0000FFFFFFFFFFFF
(1786378728.445571) can0 39D#B50C0801
(1786378728.485213) can0 39D#B60D0801
(1786378728.525067) can0 33D#0000FFFFFFFFFFFF
(1786378728.545237) can0 39D#B70E0801
(1786378728.565089) can0 39D#B80F0801
(1786378728.605088) can0 39D#A9000801
(1786378728.645120) can0 33D#0000FFFFFFFFFFFF
(1786378728.645532) can0 39D#AA010801
(1786378728.685162) can0 39D#AB020801
(1786378728.725034) can0 33D#0000FFFFFFFFFFFF
(1786378728.745231) can0 39D#AC030801
(1786378728.765062) can0 39D#AD040801
(1786378728.805076) can0 39D#AE050801
(1786378728.845173) can0 33D#0000FFFFFFFFFFFF
(1786378728.845744) can0 39D#AF060801
(1786378728.885236) can0 39D#B0070801
(1786378728.925143) can0 33D#0000FFFFFFFFFFFF
(1786378728.945262) can0 39D#B1080801
(1786378728.965107) can0 39D#B2090801
(1786378729.005213) can0 39D#B30A0801
(1786378729.045090) can0 33D#0000FFFFFFFFFFFF
(1786378729.045521) can0 39D#B40B0801
(1786378729.085114) can0 39D#B50C0801
(1786378729.125118) can0 33D#0000FFFFFFFFFFFF
(1786378729.145248) can0 39D#B60D0801
(1786378729.165082) can0 39D#B70E0801
(1786378729.205168) can0 39D#B80F0801
(1786378729.245166) can0 33D#0000FFFFFFFFFFFF
(1786378729.245664) can0 39D#A9000801
(1786378729.285105) can0 39D#AA010801
(1786378729.325087) can0 35D#0055555555555555
(1786378729.325386) can0 33D#0000FFFFFFFFFFFF
(1786378729.345240) can0 39D#AB020801
(1786378729.365007) can0 39D#AC030801
(1786378729.405074) can0 39D#AD040801
(1786378729.445123) can0 33D#0000FFFFFFFFFFFF
(1786378729.445563) can0 39D#AE050801
(1786378729.485111) can0 39D#AF060801
(1786378729.525028) can0 33D#0000FFFFFFFFFFFF
(1786378729.545188) can0 39D#B0070801
(1786378729.565127) can0 39D#B1080801
(1786378729.605149) can0 39D#B2090801
(1786378729.645174) can0 33D#0000FFFFFFFFFFFF
(1786378729.645678) can0 39D#B30A0801
(1786378729.685122) can0 39D#B40B0801
(1786378729.725022) can0 33D#0000FFFFFFFFFFFF
(1786378729.745262) can0 39D#B50C0801
(1786378729.765092) can0 39D#B60D0801
(1786378729.805124) can0 39D#B70E0801
(1786378729.845117) can0 33D#0000FFFFFFFFFFFF
(1786378729.845516) can0 39D#B80F0801
(1786378729.885178) can0 39D#A9000801
(1786378729.925130) can0 33D#0000FFFFFFFFFFFF
(1786378729.945273) can0 39D#AA010801
(1786378729.965165) can0 39D#AB020801
(1786378730.005038) can0 39D#AC030801
(1786378730.045150) can0 33D#0000FFFFFFFFFFFF
(1786378730.045572) can0 39D#AD040801
(1786378730.085158) can0 39D#AE050801
(1786378730.125039) can0 33D#0000FFFFFFFFFFFF
(1786378730.145205) can0 39D#AF060801
(1786378730.165054) can0 39D#B0070801
(1786378730.205023) can0 39D#B1080801
(1786378730.245071) can0 33D#0000FFFFFFFFFFFF
(1786378730.245379) can0 39D#B2090801
(1786378730.285093) can0 39D#B30A0801
(1786378730.325038) can0 35D#0155555555555555
(1786378730.325304) can0 32D#0B00020101000000
(1786378730.325519) can0 33D#0000FFFFFFFFFFFF
(1786378730.345193) can0 39D#B40B0801
(1786378730.365024) can0 39D#B50C0801
(1786378730.405091) can0 39D#B60D0801
(1786378730.445025) can0 33D#0000FFFFFFFFFFFF
(1786378730.445326) can0 39D#B70E0801
(1786378730.484987) can0 39D#B80F0801
(1786378730.525032) can0 33D#0000FFFFFFFFFFFF
(1786378730.545135) can0 39D#A9000801
(1786378730.565038) can0 39D#AA010801
(1786378730.605090) can0 39D#AB020801
(1786378730.645098) can0 33D#0000FFFFFFFFFFFF
(1786378730.645546) can0 39D#AC030801
(1786378730.685063) can0 39D#AD040801
(1786378730.725115) can0 33D#0000FFFFFFFFFFFF
(1786378730.745174) can0 39D#AE050801
(1786378730.765027) can0 39D#AF060801
(1786378730.805083) can0 39D#B0070801
(1786378730.845125) can0 33D#0000FFFFFFFFFFFF
(1786378730.845520) can0 39D#B1080801
(1786378730.885186) can0 39D#B2090801
(1786378730.925073) can0 33D#0000FFFFFFFFFFFF
(1786378730.945169) can0 39D#B30A0801
(1786378730.965010) can0 39D#B40B0801
(1786378731.005125) can0 39D#B50C0801
(1786378731.045067) can0 33D#0000FFFFFFFFFFFF
(1786378731.045381) can0 39D#B60D0801
(1786378731.085056) can0 39D#B70E0801
(1786378731.125052) can0 33D#0000FFFFFFFFFFFF
(1786378731.145137) can0 39D#B80F0801
(1786378731.165082) can0 39D#A9000801
(1786378731.205082) can0 39D#AA010801
(1786378731.245101) can0 33D#0000FFFFFFFFFFFF
(1786378731.245424) can0 39D#AB020801
(1786378731.285078) can0 39D#AC030801
(1786378731.325128) can0 35D#0256555555555555
(1786378731.325466) can0 33D#0000FFFFFFFFFFFF
(1786378731.345151) can0 39D#AD040801
(1786378731.365119) can0 39D#AE050801
(1786378731.405074) can0 39D#AF060801
(1786378731.445035) can0 33D#0000FFFFFFFFFFFF
(1786378731.445307) can0 39D#B0070801
(1786378731.485051) can0 39D#B1080801
(1786378731.525015) can0 33D#0000FFFFFFFFFFFF
(1786378731.545209) can0 39D#B2090801
(1786378731.616346) can0 39D#B30A0801
(1786378731.649896) can0 39D#B40B0801
(1786378731.650456) can0 33D#0000FFFFFFFFFFFF
(1786378731.651820) can0 39D#B50C0801
(1786378731.685041) can0 39D#B60D0801
(1786378731.725025) can0 33D#0000FFFFFFFFFFFF
(1786378731.745211) can0 39D#B70E0801
(1786378731.765060) can0 39D#B80F0801
(1786378731.805099) can0 39D#A9000801
(1786378731.845069) can0 33D#0000FFFFFFFFFFFF
(1786378731.845402) can0 39D#AA010801
(1786378731.885050) can0 39D#AB020801
(1786378731.925208) can0 33D#0000FFFFFFFFFFFF
(1786378731.945172) can0 39D#AC030801
(1786378731.965082) can0 39D#AD040801
(1786378732.005159) can0 39D#AE050801
(1786378732.045103) can0 33D#0000FFFFFFFFFFFF
(1786378732.045483) can0 39D#AF060801
(1786378732.085119) can0 39D#B0070801
(1786378732.125127) can0 33D#0000FFFFFFFFFFFF
(1786378732.145240) can0 39D#B1080801
(1786378732.165026) can0 39D#B2090801
(1786378732.205104) can0 39D#B30A0801
(1786378732.245036) can0 33D#0000FFFFFFFFFFFF
(1786378732.245295) can0 39D#B40B0801
(1786378732.285051) can0 39D#B50C0801
(1786378732.325169) can0 35D#0355555555555555
(1786378732.325523) can0 32D#0D0000008D792021
(1786378732.325845) can0 33D#0000FFFFFFFFFFFF
(1786378732.345238) can0 39D#B60D0801
(1786378732.365146) can0 39D#B70E0801
(1786378732.405138) can0 39D#B80F0801
(1786378732.445152) can0 33D#0000FFFFFFFFFFFF
(1786378732.445501) can0 39D#A9000801
(1786378732.485095) can0 39D#AA010801
(1786378732.525122) can0 33D#0000FFFFFFFFFFFF
(1786378732.545180) can0 39D#AB020801
(1786378732.565132) can0 39D#AC030801
(1786378732.605097) can0 39D#AD040801
(1786378732.645076) can0 33D#0000FFFFFFFFFFFF
(1786378732.645435) can0 39D#AE050801
(1786378732.685168) can0 39D#AF060801
(1786378732.725116) can0 33D#0000FFFFFFFFFFFF
(1786378732.745202) can0 39D#B0070801
(1786378732.765088) can0 39D#B1080801
(1786378732.805006) can0 39D#B2090801
(1786378732.845134) can0 33D#0000FFFFFFFFFFFF
(1786378732.845437) can0 39D#B30A0801
(1786378732.885097) can0 39D#B40B0801
(1786378732.925169) can0 33D#0000FFFFFFFFFFFF
(1786378732.945181) can0 39D#B50C0801
(1786378732.965052) can0 39D#B60D0801
(1786378733.005106) can0 39D#B70E0801
(1786378733.045102) can0 33D#0000FFFFFFFFFFFF
(1786378733.045508) can0 39D#B80F0801
(1786378733.085189) can0 39D#A9000801
(1786378733.125131) can0 33D#0000FFFFFFFFFFFF
(1786378733.145179) can0 39D#AA010801
(1786378733.165057) can0 39D#AB020801
(1786378733.205161) can0 39D#AC030801
(1786378733.245054) can0 33D#0000FFFFFFFFFFFF
(1786378733.245367) can0 39D#AD040801
(1786378733.285178) can0 39D#AE050801
(1786378733.325274) can0 35D#0455555555555555
(1786378733.325696) can0 33D#0000FFFFFFFFFFFF
(1786378733.345194) can0 39D#AF060801
(1786378733.365134) can0 39D#B0070801
(1786378733.405281) can0 39D#B1080801
(1786378733.445197) can0 33D#0000FFFFFFFFFFFF
(1786378733.445589) can0 39D#B2090801
(1786378733.485209) can0 39D#B30A0801
(1786378733.525149) can0 33D#0000FFFFFFFFFFFF
(1786378733.545172) can0 39D#B40B0801
(1786378733.565249) can0 39D#B50C0801
(1786378733.605164) can0 39D#B60D0801
(1786378733.645178) can0 33D#0000FFFFFFFFFFFF
(1786378733.645724) can0 39D#B70E0801
(1786378733.685115) can0 39D#B80F0801
(1786378733.725167) can0 33D#0000FFFFFFFFFFFF
(1786378733.745226) can0 39D#A9000801
(1786378733.765099) can0 39D#AA010801
(1786378733.805146) can0 39D#AB020801
(1786378733.845050) can0 33D#0000FFFFFFFFFFFF
(1786378733.845393) can0 39D#AC030801
(1786378733.885200) can0 39D#AD040801
(1786378733.925185) can0 33D#0000FFFFFFFFFFFF
(1786378733.945327) can0 39D#AE050801
(1786378733.965102) can0 39D#AF060801
(1786378734.005148) can0 39D#B0070801
(1786378734.045125) can0 33D#0000FFFFFFFFFFFF
(1786378734.045473) can0 39D#B1080801
(1786378734.085289) can0 39D#B2090801
(1786378734.125170) can0 33D#0000FFFFFFFFFFFF
(1786378734.145217) can0 39D#B30A0801
(1786378734.165169) can0 39D#B40B0801
(1786378734.205131) can0 39D#B50C0801
(1786378734.245157) can0 33D#0000FFFFFFFFFFFF
(1786378734.245485) can0 39D#B60D0801
(1786378734.285190) can0 39D#B70E0801
(1786378734.325180) can0 35D#0555555555555555
(1786378734.325630) can0 32D#1405000060FCB070
(1786378734.325936) can0 33D#0000FFFFFFFFFFFF
(1786378734.345298) can0 39D#B80F0801
(1786378734.365123) can0 39D#A9000801
(1786378734.405155) can0 39D#AA010801
(1786378734.445185) can0 33D#0000FFFFFFFFFFFF
(1786378734.445591) can0 39D#AB020801
(1786378734.485160) can0 39D#AC030801
(1786378734.525088) can0 33D#0000FFFFFFFFFFFF
(1786378734.545250) can0 39D#AD040801
(1786378734.565159) can0 39D#AE050801
(1786378734.605170) can0 39D#AF060801
(1786378734.645107) can0 33D#0000FFFFFFFFFFFF
(1786378734.645471) can0 39D#B0070801
(1786378734.685201) can0 39D#B1080801
(1786378734.725320) can0 33D#0000FFFFFFFFFFFF
(1786378734.745173) can0 39D#B2090801
(1786378734.765146) can0 39D#B30A0801
(1786378734.805137) can0 39D#B40B0801
(1786378734.845088) can0 33D#0000FFFFFFFFFFFF
(1786378734.845373) can0 39D#B50C0801
(1786378734.885081) can0 39D#B60D0801
(1786378734.925056) can0 33D#0000FFFFFFFFFFFF
(1786378734.945280) can0 39D#B70E0801
(1786378734.965091) can0 39D#B80F0801
(1786378735.005111) can0 39D#A9000801
(1786378735.045066) can0 33D#0000FFFFFFFFFFFF
(1786378735.045320) can0 39D#AA010801
(1786378735.085074) can0 39D#AB020801
(1786378735.125123) can0 33D#0000FFFFFFFFFFFF
(1786378735.145284) can0 39D#AC030801
(1786378735.165051) can0 39D#AD040801
(1786378735.205116) can0 39D#AE050801
(1786378735.245098) can0 33D#0000FFFFFFFFFFFF
(1786378735.245374) can0 39D#AF060801
(1786378735.285078) can0 39D#B0070801
(1786378735.325136) can0 35D#0655556555555559
(1786378735.325494) can0 33D#0000FFFFFFFFFFFF
(1786378735.345186) can0 39D#B1080801
(1786378735.365147) can0 39D#B2090801
(1786378735.405101) can0 39D#B30A0801
(1786378735.445137) can0 33D#0000FFFFFFFFFFFF
(1786378735.445437) can0 39D#B40B0801
(1786378735.485159) can0 39D#B50C0801
(1786378735.525075) can0 33D#0000FFFFFFFFFFFF
(1786378735.545221) can0 39D#B60D0801
(1786378735.565121) can0 39D#B70E0801
(1786378735.605020) can0 39D#B80F0801
(1786378735.645119) can0 33D#0000FFFFFFFFFFFF
(1786378735.645432) can0 39D#A9000801
(1786378735.685121) can0 39D#AA010801
(1786378735.725050) can0 33D#0000FFFFFFFFFFFF
(1786378735.745175) can0 39D#AB020801
(1786378735.765112) can0 39D#AC030801
(1786378735.805115) can0 39D#AD040801
(1786378735.845169) can0 33D#0000FFFFFFFFFFFF
(1786378735.845584) can0 39D#AE050801
(1786378735.885158) can0 39D#AF060801
(1786378735.925048) can0 33D#0000FFFFFFFFFFFF
(1786378735.945249) can0 39D#B0070801
(1786378735.965190) can0 39D#B1080801
(1786378736.005143) can0 39D#B2090801
(1786378736.045175) can0 33D#0000FFFFFFFFFFFF
(1786378736.045617) can0 39D#B30A0801
(1786378736.085089) can0 39D#B40B0801
(1786378736.125095) can0 33D#0000FFFFFFFFFFFF
(1786378736.145224) can0 39D#B50C0801
(1786378736.165102) can0 39D#B60D0801
(1786378736.205082) can0 39D#B70E0801
(1786378736.245080) can0 33D#0000FFFFFFFFFFFF
(1786378736.245376) can0 39D#B80F0801
(1786378736.285076) can0 39D#A9000801
(1786378736.325077) can0 35D#07555595552A0000
(1786378736.325354) can0 32D#16000000E4ACA32F
(1786378736.325547) can0 33D#0000FFFFFFFFFFFF
(1786378736.345210) can0 39D#AA010801
(1786378736.365178) can0 39D#AB020801
(1786378736.405109) can0 39D#AC030801
(1786378736.445128) can0 33D#0000FFFFFFFFFFFF
(1786378736.445405) can0 39D#AD040801
(1786378736.485054) can0 39D#AE050801
(1786378736.525097) can0 33D#0000FFFFFFFFFFFF
(1786378736.545182) can0 39D#AF060801
(1786378736.565070) can0 39D#B0070801
(1786378736.605057) can0 39D#B1080801
(1786378736.645151) can0 33D#0000FFFFFFFFFFFF
(1786378736.645730) can0 39D#B2090801
(1786378736.685021) can0 39D#B30A0801
(1786378736.725117) can0 33D#0000FFFFFFFFFFFF
(1786378736.745392) can0 39D#B40B0801
(1786378736.765078) can0 39D#B50C0801
(1786378736.805161) can0 39D#B60D0801
(1786378736.845173) can0 33D#0000FFFFFFFFFFFF
(1786378736.845597) can0 39D#B70E0801
(1786378736.885034) can0 39D#B80F0801
(1786378736.925152) can0 33D#0000FFFFFFFFFFFF
(1786378736.945181) can0 39D#A9000801
(1786378736.965088) can0 39D#AA010801
(1786378737.005213) can0 39D#AB020801
(1786378737.045079) can0 33D#0000FFFFFFFFFFFF
(1786378737.045358) can0 39D#AC030801
(1786378737.085110) can0 39D#AD040801
(1786378737.125071) can0 33D#0000FFFFFFFFFFFF
(1786378737.145238) can0 39D#AE050801
(1786378737.165144) can0 39D#AF060801
(1786378737.205132) can0 39D#B0070801
(1786378737.245149) can0 33D#0000FFFFFFFFFFFF
(1786378737.245463) can0 39D#B1080801
(1786378737.285156) can0 39D#B2090801
(1786378737.325102) can0 35D#0055555555555555
(1786378737.325419) can0 33D#0000FFFFFFFFFFFF
(1786378737.345230) can0 39D#B30A0801
(1786378737.365020) can0 39D#B40B0801
(1786378737.405107) can0 39D#B50C0801
(1786378737.445069) can0 33D#0000FFFFFFFFFFFF
(1786378737.445365) can0 39D#B60D0801
(1786378737.485169) can0 39D#B70E0801
(1786378737.525102) can0 33D#0000FFFFFFFFFFFF
(1786378737.545216) can0 39D#B80F0801
(1786378737.565195) can0 39D#A9000801
(1786378737.605115) can0 39D#AA010801
(1786378737.645153) can0 33D#0000FFFFFFFFFFFF
(1786378737.645562) can0 39D#AB020801
(1786378737.685089) can0 39D#AC030801
(1786378737.725066) can0 33D#0000FFFFFFFFFFFF
(1786378737.745144) can0 39D#AD040801
(1786378737.765129) can0 39D#AE050801
(1786378737.805103) can0 39D#AF060801
(1786378737.845134) can0 33D#0000FFFFFFFFFFFF
(1786378737.845528) can0 39D#B0070801
(1786378737.885097) can0 39D#B1080801
(1786378737.925227) can0 33D#0000FFFFFFFFFFFF
(1786378737.945310) can0 39D#B2090801
(1786378737.965029) can0 39D#B30A0801
(1786378738.005114) can0 39D#B40B0801
(1786378738.045265) can0 33D#0000FFFFFFFFFFFF
(1786378738.045579) can0 39D#B50C0801
(1786378738.085185) can0 39D#B60D0801
(1786378738.125085) can0 33D#0000FFFFFFFFFFFF
(1786378738.145223) can0 39D#B70E0801
(1786378738.165093) can0 39D#B80F0801
(1786378738.205078) can0 39D#A9000801
(1786378738.245117) can0 33D#0000FFFFFFFFFFFF
(1786378738.245561) can0 39D#AA010801
(1786378738.285137) can0 39D#AB020801
(1786378738.325039) can0 35D#0155555555555555
(1786378738.325261) can0 32D#0A01000000007000
(1786378738.325439) can0 33D#0000FFFFFFFFFFFF
(1786378738.345295) can0 39D#AC030801
(1786378738.365110) can0 39D#AD040801
(1786378738.405058) can0 39D#AE050801
(1786378738.445107) can0 33D#0000FFFFFFFFFFFF
(1786378738.445482) can0 39D#AF060801
(1786378738.485065) can0 39D#B0070801
(1786378738.525059) can0 33D#0000FFFFFFFFFFFF
(1786378738.545275) can0 39D#B1080801
(1786378738.565098) can0 39D#B2090801
(1786378738.605052) can0 39D#B30A0801
(1786378738.645157) can0 33D#0000FFFFFFFFFFFF
(1786378738.645469) can0 39D#B40B0801
(1786378738.685143) can0 39D#B50C0801
(1786378738.725066) can0 33D#0000FFFFFFFFFFFF
(1786378738.745275) can0 39D#B60D0801
(1786378738.765059) can0 39D#B70E0801
(1786378738.805134) can0 39D#B80F0801
(1786378738.845183) can0 33D#0000FFFFFFFFFFFF
(1786378738.845687) can0 39D#A9000801
(1786378738.885169) can0 39D#AA010801
(1786378738.925047) can0 33D#0000FFFFFFFFFFFF
(1786378738.945362) can0 39D#AB020801
(1786378738.965175) can0 39D#AC030801
(1786378739.005130) can0 39D#AD040801
(1786378739.045206) can0 33D#0000FFFFFFFFFFFF
(1786378739.045584) can0 39D#AE050801
(1786378739.085052) can0 39D#AF060801
(1786378739.125028) can0 33D#0000FFFFFFFFFFFF
(1786378739.145300) can0 39D#B0070801
(1786378739.165088) can0 39D#B1080801
(1786378739.205128) can0 39D#B2090801
(1786378739.245182) can0 33D#0000FFFFFFFFFFFF
(1786378739.245530) can0 39D#B30A0801
(1786378739.285140) can0 39D#B40B0801
(1786378739.325120) can0 35D#0256555555555555
(1786378739.325335) can0 33D#0000FFFFFFFFFFFF
(1786378739.345301) can0 39D#B50C0801
(1786378739.365091) can0 39D#B60D0801
(1786378739.405164) can0 39D#B70E0801
(1786378739.445243) can0 33D#0000FFFFFFFFFFFF
(1786378739.445643) can0 39D#B80F0801
(1786378739.485218) can0 39D#A9000801
(1786378739.525049) can0 33D#0000FFFFFFFFFFFF
(1786378739.545250) can0 39D#AA010801
(1786378739.565066) can0 39D#AB020801
(1786378739.605146) can0 39D#AC030801
(1786378739.645207) can0 33D#0000FFFFFFFFFFFF
(1786378739.645703) can0 39D#AD040801
(1786378739.685071) can0 39D#AE050801
(1786378739.725088) can0 33D#0000FFFFFFFFFFFF
(1786378739.745286) can0 39D#AF060801
(1786378739.765134) can0 39D#B0070801
(1786378739.805181) can0 39D#B1080801
(1786378739.845107) can0 33D#0000FFFFFFFFFFFF
(1786378739.845405) can0 39D#B2090801
(1786378739.885139) can0 39D#B30A0801
(1786378739.925109) can0 33D#0000FFFFFFFFFFFF
(1786378739.945284) can0 39D#B40B0801
(1786378739.965129) can0 39D#B50C0801
(1786378740.005080) can0 39D#B60D0801
(1786378740.045046) can0 33D#0000FFFFFFFFFFFF
(1786378740.045388) can0 39D#B70E0801
(1786378740.085126) can0 39D#B80F0801
(1786378740.125080) can0 33D#0000FFFFFFFFFFFF
(1786378740.145282) can0 39D#A9000801
(1786378740.165095) can0 39D#AA010801
(1786378740.205089) can0 39D#AB020801
(1786378740.245182) can0 33D#0000FFFFFFFFFFFF
(1786378740.245739) can0 39D#AC030801
(1786378740.285206) can0 39D#AD040801
(1786378740.324992) can0 35D#0355555555555555
(1786378740.325231) can0 32D#0B00020101000000
(1786378740.325430) can0 33D#0000FFFFFFFFFFFF
(1786378740.345288) can0 39D#AE050801
(1786378740.365223) can0 39D#AF060801
(1786378740.405167) can0 39D#B0070801
(1786378740.445176) can0 33D#0000FFFFFFFFFFFF
(1786378740.445573) can0 39D#B1080801
(1786378740.485081) can0 39D#B2090801
(1786378740.525094) can0 33D#0000FFFFFFFFFFFF
(1786378740.545228) can0 39D#B30A0801
(1786378740.565103) can0 39D#B40B0801
(1786378740.605111) can0 39D#B50C0801
(1786378740.645114) can0 33D#0000FFFFFFFFFFFF
(1786378740.645489) can0 39D#B60D0801
(1786378740.685224) can0 39D#B70E0801
(1786378740.725110) can0 33D#0000FFFFFFFFFFFF
(1786378740.745284) can0 39D#B80F0801
(1786378740.765070) can0 39D#A9000801
(1786378740.805135) can0 39D#AA010801
(1786378740.845094) can0 33D#0000FFFFFFFFFFFF
(1786378740.845373) can0 39D#AB020801
(1786378740.885116) can0 39D#AC030801
(1786378740.925213) can0 33D#0000FFFFFFFFFFFF
(1786378740.945351) can0 39D#AD040801
(1786378740.965162) can0 39D#AE050801
(1786378741.005110) can0 39D#AF060801
(1786378741.045185) can0 33D#0000FFFFFFFFFFFF
(1786378741.045741) can0 39D#B0070801
(1786378741.085159) can0 39D#B1080801
(1786378741.125138) can0 33D#0000FFFFFFFFFFFF
(1786378741.145294) can0 39D#B2090801
(1786378741.165143) can0 39D#B30A0801
(1786378741.205140) can0 39D#B40B0801
(1786378741.245279) can0 33D#0000FFFFFFFFFFFF
(1786378741.245765) can0 39D#B50C0801
(1786378741.285130) can0 39D#B60D0801
(1786378741.325171) can0 35D#0455555555555555
(1786378741.325496) can0 33D#0000FFFFFFFFFFFF
(1786378741.345236) can0 39D#B70E0801
(1786378741.365130) can0 39D#B80F0801
(1786378741.405114) can0 39D#A9000801
(1786378741.445091) can0 33D#0000FFFFFFFFFFFF
(1786378741.445475) can0 39D#AA010801
(1786378741.485109) can0 39D#AB020801
(1786378741.525176) can0 33D#0000FFFFFFFFFFFF
(1786378741.545236) can0 39D#AC030801
(1786378741.565091) can0 39D#AD040801
(1786378741.605197) can0 39D#AE050801
(1786378741.645123) can0 33D#0000FFFFFFFFFFFF
(1786378741.645435) can0 39D#AF060801
(1786378741.685227) can0 39D#B0070801
(1786378741.725121) can0 33D#0000FFFFFFFFFFFF
(1786378741.745202) can0 39D#B1080801
(1786378741.765061) can0 39D#B2090801
(1786378741.805101) can0 39D#B30A0801
(1786378741.845086) can0 33D#0000FFFFFFFFFFFF
(1786378741.845374) can0 39D#B40B0801
(1786378741.922652) can0 39D#B50C0801
(1786378741.947700) can0 33D#0000FFFFFFFFFFFF
(1786378741.948182) can0 39D#B60D0801
(1786378741.965122) can0 39D#B70E0801
(1786378742.005191) can0 39D#B80F0801
(1786378742.045059) can0 33D#0000FFFFFFFFFFFF
(1786378742.045386) can0 39D#A9000801
(1786378742.085155) can0 39D#AA010801
(1786378742.125093) can0 33D#0000FFFFFFFFFFFF
(1786378742.145201) can0 39D#AB020801
(1786378742.165135) can0 39D#AC030801
(1786378742.205096) can0 39D#AD040801
(1786378742.245193) can0 33D#0000FFFFFFFFFFFF
(1786378742.245562) can0 39D#AE050801
(1786378742.285132) can0 39D#AF060801
(1786378742.325061) can0 35D#0555555555555555
(1786378742.325314) can0 32D#0D0000008D792021
(1786378742.325502) can0 33D#0000FFFFFFFFFFFF
(1786378742.345345) can0 39D#B0070801
(1786378742.365063) can0 39D#B1080801
(1786378742.405143) can0 39D#B2090801
(1786378742.445172) can0 33D#0000FFFFFFFFFFFF
(1786378742.445525) can0 39D#B30A0801
(1786378742.485117) can0 39D#B40B0801
(1786378742.525059) can0 33D#0000FFFFFFFFFFFF
(1786378742.545340) can0 39D#B50C0801
(1786378742.565122) can0 39D#B60D0801
(1786378742.605127) can0 39D#B70E0801
(1786378742.645206) can0 33D#0000FFFFFFFFFFFF
(1786378742.645592) can0 39D#B80F0801
(1786378742.685166) can0 39D#A9000801
(1786378742.725114) can0 33D#0000FFFFFFFFFFFF
(1786378742.745235) can0 39D#AA010801
(1786378742.765128) can0 39D#AB020801
(1786378742.805137) can0 39D#AC030801
(1786378742.845099) can0 33D#0000FFFFFFFFFFFF
(1786378742.845397) can0 39D#AD040801
(1786378742.885158) can0 39D#AE050801
(1786378742.925155) can0 33D#0000FFFFFFFFFFFF
(1786378742.945320) can0 39D#AF060801
(1786378742.965128) can0 39D#B0070801
(1786378743.005137) can0 39D#B1080801
(1786378743.045192) can0 33D#0000FFFFFFFFFFFF
(1786378743.045515) can0 39D#B2090801
(1786378743.085136) can0 39D#B30A0801
(1786378743.125053) can0 33D#0000FFFFFFFFFFFF
(1786378743.145268) can0 39D#B40B0801
(1786378743.165168) can0 39D#B50C0801
(1786378743.205186) can0 39D#B60D0801
(1786378743.245145) can0 33D#0000FFFFFFFFFFFF
(1786378743.245461) can0 39D#B70E0801
(1786378743.285120) can0 39D#B80F0801
(1786378743.325196) can0 35D#0655556555555559
(1786378743.325564) can0 33D#0000FFFFFFFFFFFF
(1786378743.345249) can0 39D#A9000801
(1786378743.365133) can0 39D#AA010801
(1786378743.405220) can0 39D#AB020801
(1786378743.445100) can0 33D#0000FFFFFFFFFFFF
(1786378743.445429) can0 39D#AC030801
(1786378743.485089) can0 39D#AD040801
(1786378743.525128) can0 33D#0000FFFFFFFFFFFF
(1786378743.545293) can0 39D#AE050801
(1786378743.565108) can0 39D#AF060801
(1786378743.605176) can0 39D#B0070801
(1786378743.645125) can0 33D#0000FFFFFFFFFFFF
(1786378743.645400) can0 39D#B1080801
(1786378743.685136) can0 39D#B2090801
(1786378743.725158) can0 33D#0000FFFFFFFFFFFF
(1786378743.745363) can0 39D#B30A0801
(1786378743.765039) can0 39D#B40B0801
(1786378743.805133) can0 39D#B50C0801
(1786378743.845241) can0 33D#0000FFFFFFFFFFFF
(1786378743.845580) can0 39D#B60D0801
(1786378743.885183) can0 39D#B70E0801
(1786378743.925127) can0 33D#0000FFFFFFFFFFFF
(1786378743.945207) can0 39D#B80F0801
(1786378743.965140) can0 39D#A9000801
(1786378744.005193) can0 39D#AA010801
(1786378744.045190) can0 33D#0000FFFFFFFFFFFF
(1786378744.045521) can0 39D#AB020801
(1786378744.085133) can0 39D#AC030801
(1786378744.125098) can0 33D#0000FFFFFFFFFFFF
(1786378744.145257) can0 39D#AD040801
(1786378744.165102) can0 39D#AE050801
(1786378744.205143) can0 39D#AF060801
(1786378744.245188) can0 33D#0000FFFFFFFFFFFF
(1786378744.245557) can0 39D#B0070801
(1786378744.285069) can0 39D#B1080801
(1786378744.325193) can0 35D#07555595552A0000
(1786378744.325498) can0 32D#1405000060FCB070
(1786378744.325768) can0 33D#0000FFFFFFFFFFFF
(1786378744.345251) can0 39D#B2090801
(1786378744.365135) can0 39D#B30A0801
(1786378744.405208) can0 39D#B40B0801
(1786378744.445154) can0 33D#0000FFFFFFFFFFFF
(1786378744.445427) can0 39D#B50C0801
(1786378744.485139) can0 39D#B60D0801
(1786378744.525095) can0 33D#0000FFFFFFFFFFFF
(1786378744.545344) can0 39D#B70E0801
(1786378744.565191) can0 39D#B80F0801
(1786378744.605185) can0 39D#A9000801
(1786378744.645286) can0 33D#0000FFFFFFFFFFFF
(1786378744.645737) can0 39D#AA010801
(1786378744.685181) can0 39D#AB020801
(1786378744.725119) can0 33D#0000FFFFFFFFFFFF
(1786378744.745348) can0 39D#AC030801
(1786378744.765162) can0 39D#AD040801
(1786378744.805227) can0 39D#AE050801
(1786378744.845235) can0 33D#0000FFFFFFFFFFFF
(1786378744.845620) can0 39D#AF060801
(1786378744.885260) can0 39D#B0070801
(1786378744.925213) can0 33D#0000FFFFFFFFFFFF
(1786378744.945395) can0 39D#B1080801
(1786378744.965272) can0 39D#B2090801
(1786378745.005163) can0 39D#B30A0801
(1786378745.045321) can0 33D#0000FFFFFFFFFFFF
(1786378745.045728) can0 39D#B40B0801
(1786378745.085267) can0 39D#B50C0801
(1786378745.125202) can0 33D#0000FFFFFFFFFFFF
(1786378745.145325) can0 39D#B60D0801
(1786378745.165120) can0 39D#B70E0801
(1786378745.205151) can0 39D#B80F0801
(1786378745.245220) can0 33D#0000FFFFFFFFFFFF
(1786378745.245724) can0 39D#A9000801
(1786378745.285155) can0 39D#AA010801
(1786378745.325158) can0 35D#0055555555555555
(1786378745.325508) can0 33D#0000FFFFFFFFFFFF
(1786378745.345395) can0 39D#AB020801
(1786378745.365165) can0 39D#AC030801
(1786378745.405303) can0 39D#AD040801
(1786378745.445301) can0 33D#0000FFFFFFFFFFFF
(1786378745.445755) can0 39D#AE050801
(1786378745.485189) can0 39D#AF060801
(1786378745.525252) can0 33D#0000FFFFFFFFFFFF
(1786378745.545402) can0 39D#B0070801
(1786378745.565222) can0 39D#B1080801
(1786378745.605201) can0 39D#B2090801
(1786378745.645190) can0 33D#0000FFFFFFFFFFFF
(1786378745.645587) can0 39D#B30A0801
(1786378745.685298) can0 39D#B40B0801
(1786378745.725209) can0 33D#0000FFFFFFFFFFFF
(1786378745.745369) can0 39D#B50C0801
(1786378745.765228) can0 39D#B60D0801
(1786378745.805194) can0 39D#B70E0801
(1786378745.845276) can0 33D#0000FFFFFFFFFFFF
(1786378745.845784) can0 39D#B80F0801
(1786378745.885283) can0 39D#A9000801
(1786378745.925090) can0 33D#0000FFFFFFFFFFFF
(1786378745.945376) can0 39D#AA010801
(1786378745.965178) can0 39D#AB020801
(1786378746.005183) can0 39D#AC030801
(1786378746.045155) can0 33D#0000FFFFFFFFFFFF
(1786378746.045552) can0 39D#AD040801
(1786378746.085257) can0 39D#AE050801
(1786378746.125255) can0 33D#0000FFFFFFFFFFFF
(1786378746.145345) can0 39D#AF060801
(1786378746.165274) can0 39D#B0070801
(1786378746.205242) can0 39D#B1080801
(1786378746.245122) can0 33D#0000FFFFFFFFFFFF
(1786378746.245390) can0 39D#B2090801
(1786378746.285102) can0 39D#B30A0801
(1786378746.325120) can0 35D#0155555555555555
(1786378746.325375) can0 32D#16000000E4ACA32F
(1786378746.325577) can0 33D#0000FFFFFFFFFFFF
(1786378746.345256) can0 39D#B40B0801
(1786378746.365247) can0 39D#B50C0801
(1786378746.405143) can0 39D#B60D0801
(1786378746.445127) can0 33D#0000FFFFFFFFFFFF
(1786378746.445531) can0 39D#B70E0801
(1786378746.485208) can0 39D#B80F0801
(1786378746.525156) can0 33D#0000FFFFFFFFFFFF
(1786378746.545473) can0 39D#A9000801
(1786378746.565169) can0 39D#AA010801
(1786378746.605190) can0 39D#AB020801
(1786378746.645309) can0 33D#0000FFFFFFFFFFFF
(1786378746.645677) can0 39D#AC030801
(1786378746.685196) can0 39D#AD040801
(1786378746.725155) can0 33D#0000FFFFFFFFFFFF
(1786378746.745245) can0 39D#AE050801
(1786378746.765169) can0 39D#AF060801
(1786378746.805173) can0 39D#B0070801
(1786378746.845253) can0 33D#0000FFFFFFFFFFFF
(1786378746.845633) can0 39D#B1080801
(1786378746.885189) can0 39D#B2090801
(1786378746.925087) can0 33D#0000FFFFFFFFFFFF
(1786378746.945263) can0 39D#B30A0801
(1786378746.965194) can0 39D#B40B0801
(1786378747.005155) can0 39D#B50C0801
(1786378747.045199) can0 33D#0000FFFFFFFFFFFF
(1786378747.045577) can0 39D#B60D0801
(1786378747.085258) can0 39D#B70E0801
(1786378747.125313) can0 33D#0000FFFFFFFFFFFF
(1786378747.145276) can0 39D#B80F0801
(1786378747.165189) can0 39D#A9000801
(1786378747.205189) can0 39D#AA010801
(1786378747.245256) can0 33D#0000FFFFFFFFFFFF
(1786378747.245670) can0 39D#AB020801
(1786378747.285182) can0 39D#AC030801
(1786378747.325172) can0 35D#0256555555555555
(1786378747.325635) can0 33D#0000FFFFFFFFFFFF
(1786378747.345317) can0 39D#AD040801
(1786378747.365231) can0 39D#AE050801
(1786378747.405216) can0 39D#AF060801
(1786378747.445308) can0 33D#0000FFFFFFFFFFFF
(1786378747.445796) can0 39D#B0070801
(1786378747.485282) can0 39D#B1080801
(1786378747.525217) can0 33D#0000FFFFFFFFFFFF
(1786378747.545411) can0 39D#B2090801
(1786378747.565219) can0 39D#B30A0801
(1786378747.605281) can0 39D#B40B0801
(1786378747.645143) can0 33D#0000FFFFFFFFFFFF
(1786378747.645570) can0 39D#B50C0801
(1786378747.685256) can0 39D#B60D0801
(1786378747.725350) can0 33D#0000FFFFFFFFFFFF
(1786378747.745320) can0 39D#B70E0801
(1786378747.765205) can0 39D#B80F0801
(1786378747.805216) can0 39D#A9000801
(1786378747.845278) can0 33D#0000FFFFFFFFFFFF
(1786378747.845650) can0 39D#AA010801
(1786378747.885261) can0 39D#AB020801
(1786378747.925366) can0 33D#0000FFFFFFFFFFFF
(1786378747.945278) can0 39D#AC030801
(1786378747.965165) can0 39D#AD040801
(1786378748.005207) can0 39D#AE050801
(1786378748.045242) can0 33D#0000FFFFFFFFFFFF
(1786378748.045644) can0 39D#AF060801
(1786378748.085214) can0 39D#B0070801
(1786378748.125156) can0 33D#0000FFFFFFFFFFFF
(1786378748.145435) can0 39D#B1080801
(1786378748.165181) can0 39D#B2090801
(1786378748.205272) can0 39D#B30A0801
(1786378748.245241) can0 33D#0000FFFFFFFFFFFF
(1786378748.245590) can0 39D#B40B0801
(1786378748.285142) can0 39D#B50C0801
(1786378748.325176) can0 35D#0355555555555555
(1786378748.325580) can0 32D#0A01000000007000
(1786378748.325915) can0 33D#0000FFFFFFFFFFFF
(1786378748.345355) can0 39D#B60D0801
(1786378748.365194) can0 39D#B70E0801
(1786378748.405281) can0 39D#B80F0801
(1786378748.445213) can0 33D#0000FFFFFFFFFFFF
(1786378748.445576) can0 39D#A9000801
(1786378748.485220) can0 39D#AA010801
(1786378748.525232) can0 33D#0000FFFFFFFFFFFF
(1786378748.545282) can0 39D#AB020801
(1786378748.565448) can0 39D#AC030801
(1786378748.605181) can0 39D#AD040801
(1786378748.645183) can0 33D#0000FFFFFFFFFFFF
(1786378748.645530) can0 39D#AE050801
(1786378748.685198) can0 39D#AF060801
(1786378748.725166) can0 33D#0000FFFFFFFFFFFF
(1786378748.745343) can0 39D#B0070801
(1786378748.765314) can0 39D#B1080801
(1786378748.805181) can0 39D#B2090801
(1786378748.845259) can0 33D#0000FFFFFFFFFFFF
(1786378748.845653) can0 39D#B30A0801
(1786378748.885255) can0 39D#B40B0801
(1786378748.925107) can0 33D#0000FFFFFFFFFFFF
(1786378748.945376) can0 39D#B50C0801
(1786378748.965237) can0 39D#B60D0801
(1786378749.005212) can0 39D#B70E0801
(1786378749.045219) can0 33D#0000FFFFFFFFFFFF
(1786378749.045634) can0 39D#B80F0801
(1786378749.085196) can0 39D#A9000801
(1786378749.125332) can0 33D#0000FFFFFFFFFFFF
(1786378749.145439) can0 39D#AA010801
(1786378749.165192) can0 39D#AB020801
(1786378749.205229) can0 39D#AC030801
(1786378749.245331) can0 33D#0000FFFFFFFFFFFF
(1786378749.245751) can0 39D#AD040801
(1786378749.285232) can0 39D#AE050801
(1786378749.325161) can0 35D#0455555555555555
(1786378749.325534) can0 33D#0000FFFFFFFFFFFF
(1786378749.345349) can0 39D#AF060801
(1786378749.365184) can0 39D#B0070801
(1786378749.405146) can0 39D#B1080801
(1786378749.445216) can0 33D#0000FFFFFFFFFFFF
(1786378749.445555) can0 39D#B2090801
(1786378749.485258) can0 39D#B30A0801
(1786378749.525214) can0 33D#0000FFFFFFFFFFFF
(1786378749.545339) can0 39D#B40B0801
(1786378749.565242) can0 39D#B50C0801
(1786378749.605274) can0 39D#B60D0801
(1786378749.645224) can0 33D#0000FFFFFFFFFFFF
(1786378749.645644) can0 39D#B70E0801
(1786378749.685288) can0 39D#B80F0801
(1786378749.725339) can0 33D#0000FFFFFFFFFFFF
(1786378749.745377) can0 39D#A9000801
(1786378749.765301) can0 39D#AA010801
(1786378749.805296) can0 39D#AB020801
(1786378749.845239) can0 33D#0000FFFFFFFFFFFF
(1786378749.845609) can0 39D#AC030801
(1786378749.885209) can0 39D#AD040801
(1786378749.925165) can0 33D#0000FFFFFFFFFFFF
(1786378749.945319) can0 39D#AE050801
(1786378749.965211) can0 39D#AF060801
(1786378750.005253) can0 39D#B0070801
(1786378750.045205) can0 33D#0000FFFFFFFFFFFF
(1786378750.045646) can0 39D#B1080801
(1786378750.085222) can0 39D#B2090801
(1786378750.125248) can0 33D#0000FFFFFFFFFFFF
(1786378750.145321) can0 39D#B30A0801
(1786378750.165353) can0 39D#B40B0801
(1786378750.205278) can0 39D#B50C0801
(1786378750.245270) can0 33D#0000FFFFFFFFFFFF
(1786378750.245764) can0 39D#B60D0801
(1786378750.285259) can0 39D#B70E0801
(1786378750.325160) can0 35D#0555555555555555
(1786378750.325473) can0 32D#0B00020101000000
(1786378750.325721) can0 33D#0000FFFFFFFFFFFF
(1786378750.345498) can0 39D#B80F0801
(1786378750.365162) can0 39D#A9000801
(1786378750.405243) can0 39D#AA010801
(1786378750.445185) can0 33D#0000FFFFFFFFFFFF
(1786378750.445710) can0 39D#AB020801
(1786378750.485233) can0 39D#AC030801
(1786378750.525372) can0 33D#0000FFFFFFFFFFFF
(1786378750.545328) can0 39D#AD040801
(1786378750.565299) can0 39D#AE050801
(1786378750.605206) can0 39D#AF060801
(1786378750.645243) can0 33D#0000FFFFFFFFFFFF
(1786378750.645654) can0 39D#B0070801
(1786378750.685259) can0 39D#B1080801
(1786378750.725188) can0 33D#0000FFFFFFFFFFFF
(1786378750.745312) can0 39D#B2090801
(1786378750.765258) can0 39D#B30A0801
(1786378750.805260) can0 39D#B40B0801
(1786378750.845261) can0 33D#0000FFFFFFFFFFFF
(1786378750.845716) can0 39D#B50C0801
(1786378750.885214) can0 39D#B60D0801
(1786378750.925278) can0 33D#0000FFFFFFFFFFFF
(1786378750.945329) can0 39D#B70E0801
(1786378750.965183) can0 39D#B80F0801
(1786378751.005312) can0 39D#A9000801
(1786378751.045196) can0 33D#0000FFFFFFFFFFFF
(1786378751.045579) can0 39D#AA010801
(1786378751.085179) can0 39D#AB020801
(1786378751.125152) can0 33D#0000FFFFFFFFFFFF
(1786378751.145370) can0 39D#AC030801
(1786378751.165215) can0 39D#AD040801
(1786378751.205170) can0 39D#AE050801
(1786378751.245238) can0 33D#0000FFFFFFFFFFFF
(1786378751.245614) can0 39D#AF060801
(1786378751.285260) can0 39D#B0070801
(1786378751.325187) can0 35D#0655556555555559
(1786378751.325427) can0 33D#0000FFFFFFFFFFFF
(1786378751.345384) can0 39D#B1080801
(1786378751.365284) can0 39D#B2090801
(1786378751.405253) can0 39D#B30A0801
(1786378751.445265) can0 33D#0000FFFFFFFFFFFF
(1786378751.445698) can0 39D#B40B0801
(1786378751.485387) can0 39D#B50C0801
(1786378751.525184) can0 33D#0000FFFFFFFFFFFF
(1786378751.545385) can0 39D#B60D0801
(1786378751.565139) can0 39D#B70E0801
(1786378751.605196) can0 39D#B80F0801
(1786378751.645219) can0 33D#0000FFFFFFFFFFFF
(1786378751.645584) can0 39D#A9000801
(1786378751.685160) can0 39D#AA010801
(1786378751.725225) can0 33D#0000FFFFFFFFFFFF
(1786378751.745424) can0 39D#AB020801
(1786378751.765250) can0 39D#AC030801
(1786378751.805228) can0 39D#AD040801
(1786378751.845322) can0 33D#0000FFFFFFFFFFFF
(1786378751.845730) can0 39D#AE050801
(1786378751.885221) can0 39D#AF060801
(1786378751.925186) can0 33D#0000FFFFFFFFFFFF
(1786378751.945302) can0 39D#B0070801
(1786378751.965240) can0 39D#B1080801
(1786378752.005316) can0 39D#B2090801
(1786378752.045247) can0 33D#0000FFFFFFFFFFFF
(1786378752.045681) can0 39D#B30A0801
(1786378752.085174) can0 39D#B40B0801
(1786378752.125187) can0 33D#0000FFFFFFFFFFFF
(1786378752.145359) can0 39D#B50C0801
(1786378752.165260) can0 39D#B60D0801
(1786378752.205301) can0 39D#B70E0801
(1786378752.245223) can0 33D#0000FFFFFFFFFFFF
(1786378752.245853) can0 39D#B80F0801
(1786378752.285199) can0 39D#A9000801
(1786378752.325170) can0 35D#07555595552A0000
(1786378752.325422) can0 32D#0D0000008D792021
(1786378752.325660) can0 33D#0000FFFFFFFFFFFF
(1786378752.345373) can0 39D#AA010801
(1786378752.365077) can0 39D#AB020801
(1786378752.405326) can0 39D#AC030801
(1786378752.445311) can0 33D#0000FFFFFFFFFFFF
(1786378752.445715) can0 39D#AD040801
(1786378752.485270) can0 39D#BE051801
(1786378752.525124) can0 33D#0000FFFFFFFFFFFF
(1786378752.545329) can0 39D#AF060801
(1786378752.565226) can0 39D#B0070801
(1786378752.605218) can0 39D#B1080801
(1786378752.645304) can0 33D#0000FFFFFFFFFFFF
(1786378752.645768) can0 39D#B2090801
(1786378752.685191) can0 39D#B30A0801
(1786378752.725176) can0 33D#0000FFFFFFFFFFFF
(1786378752.745329) can0 39D#B40B0801
(1786378752.765200) can0 39D#B50C0801
(1786378752.805236) can0 39D#B60D0801
(1786378752.845168) can0 33D#0000FFFFFFFFFFFF
(1786378752.845608) can0 39D#B70E0801
(1786378752.885178) can0 39D#B80F0801
(1786378752.925248) can0 33D#0000FFFFFFFFFFFF
(1786378752.945333) can0 39D#A9000801
(1786378752.965213) can0 39D#AA010801
(1786378753.005276) can0 39D#AB020801
(1786378753.045308) can0 33D#0000FFFFFFFFFFFF
(1786378753.045709) can0 39D#AC030801
(1786378753.085317) can0 39D#AD040801
(1786378753.125202) can0 33D#0000FFFFFFFFFFFF
(1786378753.145358) can0 39D#AE050801
(1786378753.165177) can0 39D#AF060801
(1786378753.205257) can0 39D#B0070801
(1786378753.245440) can0 33D#0000FFFFFFFFFFFF
(1786378753.245858) can0 39D#B1080801
(1786378753.285227) can0 39D#B2090801
(1786378753.325191) can0 35D#0055555555555555
(1786378753.325544) can0 33D#0000FFFFFFFFFFFF
(1786378753.345413) can0 39D#B30A0801
(1786378753.365212) can0 39D#B40B0801
(1786378753.405161) can0 39D#B50C0801
(1786378753.445178) can0 33D#0000FFFFFFFFFFFF
(1786378753.445500) can0 39D#B60D0801
(1786378753.485245) can0 39D#B70E0801
(1786378753.525153) can0 33D#0000FFFFFFFFFFFF
(1786378753.545332) can0 39D#B80F0801
(1786378753.565208) can0 39D#A9000801
(1786378753.605255) can0 39D#AA010801
(1786378753.645266) can0 33D#0000FFFFFFFFFFFF
(1786378753.645740) can0 39D#AB020801
(1786378753.685306) can0 39D#AC030801
(1786378753.725268) can0 33D#0000FFFFFFFFFFFF
(1786378753.745356) can0 39D#AD040801
(1786378753.765243) can0 39D#AE050801
(1786378753.805209) can0 39D#AF060801
(1786378753.845276) can0 33D#0000FFFFFFFFFFFF
(1786378753.845678) can0 39D#B0070801
(1786378753.885154) can0 39D#B1080801
(1786378753.925179) can0 33D#0000FFFFFFFFFFFF
(1786378753.945360) can0 39D#B2090801
(1786378753.965144) can0 39D#B30A0801
(1786378754.005240) can0 39D#B40B0801
(1786378754.045269) can0 33D#0000FFFFFFFFFFFF
(1786378754.045700) can0 39D#B50C0801
(1786378754.085174) can0 39D#B60D0801
(1786378754.125218) can0 33D#0000FFFFFFFFFFFF
(1786378754.145376) can0 39D#B70E0801
(1786378754.165281) can0 39D#B80F0801
(1786378754.205291) can0 39D#A9000801
(1786378754.245333) can0 33D#0000FFFFFFFFFFFF
(1786378754.245697) can0 39D#AA010801
(1786378754.285264) can0 39D#AB020801
(1786378754.325217) can0 35D#0155555555555555
(1786378754.325547) can0 32D#1405000060FCB070
(1786378754.325816) can0 33D#0000FFFFFFFFFFFF
(1786378754.345407) can0 39D#AC030801
(1786378754.365200) can0 39D#AD040801
(1786378754.405188) can0 39D#AE050801
(1786378754.445328) can0 33D#0000FFFFFFFFFFFF
(1786378754.445719) can0 39D#AF060801
(1786378754.485299) can0 39D#B0070801
(1786378754.525188) can0 33D#0000FFFFFFFFFFFF
(1786378754.545427) can0 39D#B1080801
(1786378754.565222) can0 39D#B2090801
(1786378754.605206) can0 39D#B30A0801
(1786378754.645248) can0 33D#0000FFFFFFFFFFFF
(1786378754.645653) can0 39D#B40B0801
(1786378754.685199) can0 39D#B50C0801
(1786378754.725187) can0 33D#0000FFFFFFFFFFFF
(1786378754.745324) can0 39D#B60D0801
(1786378754.765267) can0 39D#B70E0801
(1786378754.805315) can0 39D#B80F0801
(1786378754.845199) can0 33D#0000FFFFFFFFFFFF
(1786378754.845539) can0 39D#A9000801
(1786378754.885169) can0 39D#AA010801
(1786378754.925293) can0 33D#0000FFFFFFFFFFFF
(1786378754.945332) can0 39D#AB020801
(1786378754.965254) can0 39D#AC030801
(1786378755.005232) can0 39D#AD040801
(1786378755.045236) can0 33D#0000FFFFFFFFFFFF
(1786378755.045664) can0 39D#AE050801
(1786378755.085187) can0 39D#AF060801
(1786378755.125135) can0 33D#0000FFFFFFFFFFFF
(1786378755.145382) can0 39D#B0070801
(1786378755.165061) can0 39D#B1080801
(1786378755.205277) can0 39D#B2090801
(1786378755.245259) can0 33D#0000FFFFFFFFFFFF
(1786378755.245873) can0 39D#B30A0801
(1786378755.285317) can0 39D#B40B0801
(1786378755.325327) can0 35D#0256555555555555
(1786378755.325783) can0 33D#0000FFFFFFFFFFFF
(1786378755.345329) can0 39D#B50C0801
(1786378755.365237) can0 39D#B60D0801
(1786378755.405289) can0 39D#B70E0801
(1786378755.445242) can0 33D#0000FFFFFFFFFFFF
(1786378755.445651) can0 39D#B80F0801
(1786378755.485209) can0 39D#A9000801
(1786378755.525196) can0 33D#0000FFFFFFFFFFFF
(1786378755.545394) can0 39D#AA010801
(1786378755.565277) can0 39D#AB020801
(1786378755.605165) can0 39D#AC030801
(1786378755.645269) can0 33D#0000FFFFFFFFFFFF
(1786378755.645678) can0 39D#AD040801
(1786378755.685242) can0 39D#AE050801
(1786378755.725294) can0 33D#0000FFFFFFFFFFFF
(1786378755.745348) can0 39D#AF060801
(1786378755.765275) can0 39D#B0070801
(1786378755.805219) can0 39D#B1080801
(1786378755.845329) can0 33D#0000FFFFFFFFFFFF
(1786378755.845816) can0 39D#B2090801
(1786378755.885341) can0 39D#B30A0801
(1786378755.925212) can0 33D#0000FFFFFFFFFFFF
(1786378755.945418) can0 39D#B40B0801
(1786378755.965241) can0 39D#B50C0801
(1786378756.005255) can0 39D#B60D0801
(1786378756.045178) can0 33D#0000FFFFFFFFFFFF
(1786378756.045535) can0 39D#B70E0801
(1786378756.085260) can0 39D#B80F0801
(1786378756.125179) can0 33D#0000FFFFFFFFFFFF
(1786378756.145353) can0 39D#A9000801
(1786378756.165188) can0 39D#AA010801
(1786378756.205306) can0 39D#AB020801
(1786378756.245295) can0 33D#0000FFFFFFFFFFFF
(1786378756.245805) can0 39D#AC030801
(1786378756.285153) can0 39D#AD040801
(1786378756.325249) can0 35D#0355555555555555
(1786378756.325574) can0 32D#16000000E4ACA32F
(1786378756.325919) can0 33D#0000FFFFFFFFFFFF
(1786378756.345431) can0 39D#AE050801
(1786378756.365247) can0 39D#AF060801
(1786378756.405303) can0 39D#B0070801
(1786378756.445293) can0 33D#0000FFFFFFFFFFFF
(1786378756.445794) can0 39D#B1080801
(1786378756.485242) can0 39D#B2090801
(1786378756.525319) can0 33D#0000FFFFFFFFFFFF
(1786378756.545351) can0 39D#B30A0801
(1786378756.565269) can0 39D#B40B0801
(1786378756.605220) can0 39D#B50C0801
(1786378756.645268) can0 33D#0000FFFFFFFFFFFF
(1786378756.645658) can0 39D#B60D0801
(1786378756.685274) can0 39D#B70E0801
(1786378756.725264) can0 33D#0000FFFFFFFFFFFF
(1786378756.745423) can0 39D#B80F0801
(1786378756.765275) can0 39D#A9000801
(1786378756.805293) can0 39D#AA010801
(1786378756.845254) can0 33D#0000FFFFFFFFFFFF
(1786378756.845685) can0 39D#AB020801
(1786378756.885161) can0 39D#AC030801
(1786378756.925242) can0 33D#0000FFFFFFFFFFFF
(1786378756.945400) can0 39D#AD040801
(1786378756.965259) can0 39D#AE050801
(1786378757.005313) can0 39D#AF060801
(1786378757.045224) can0 33D#0000FFFFFFFFFFFF
(1786378757.045691) can0 39D#B0070801
(1786378757.085304) can0 39D#B1080801
(1786378757.125255) can0 33D#0000FFFFFFFFFFFF
(1786378757.145357) can0 39D#B2090801
(1786378757.165268) can0 39D#B30A0801
(1786378757.205260) can0 39D#B40B0801
(1786378757.245189) can0 33D#0000FFFFFFFFFFFF
(1786378757.245604) can0 39D#B50C0801
(1786378757.285429) can0 39D#B60D0801
(1786378757.325241) can0 35D#0455555555555555
(1786378757.325692) can0 33D#0000FFFFFFFFFFFF
(1786378757.345452) can0 39D#B70E0801
(1786378757.365234) can0 39D#B80F0801
(1786378757.405213) can0 39D#A9000801
(1786378757.445316) can0 33D#0000FFFFFFFFFFFF
(1786378757.445736) can0 39D#AA010801
(1786378757.485284) can0 39D#AB020801
(1786378757.525131) can0 33D#0000FFFFFFFFFFFF
(1786378757.545364) can0 39D#AC030801
(1786378757.565273) can0 39D#AD040801
(1786378757.605309) can0 39D#AE050801
(1786378757.645237) can0 33D#0000FFFFFFFFFFFF
(1786378757.645597) can0 39D#AF060801
(1786378757.685301) can0 39D#B0070801
(1786378757.725226) can0 33D#0000FFFFFFFFFFFF
(1786378757.745345) can0 39D#B1080801
(1786378757.765229) can0 39D#B2090801
(1786378757.805275) can0 39D#B30A0801
(1786378757.845258) can0 33D#0000FFFFFFFFFFFF
(1786378757.845640) can0 39D#B40B0801
(1786378757.885308) can0 39D#B50C0801
(1786378757.925273) can0 33D#0000FFFFFFFFFFFF
(1786378757.945488) can0 39D#B60D0801
(1786378757.965309) can0 39D#B70E0801
(1786378758.005200) can0 39D#B80F0801
(1786378758.045192) can0 33D#0000FFFFFFFFFFFF
(1786378758.045526) can0 39D#A9000801
(1786378758.085309) can0 39D#AA010801
(1786378758.125288) can0 33D#0000FFFFFFFFFFFF
(1786378758.145392) can0 39D#AB020801
(1786378758.165369) can0 39D#AC030801
(1786378758.205340) can0 39D#AD040801
(1786378758.245323) can0 33D#0000FFFFFFFFFFFF
(1786378758.245725) can0 39D#AE050801
(1786378758.285334) can0 39D#AF060801
(1786378758.325261) can0 35D#0555555555555555
(1786378758.325663) can0 32D#0A01000000007000
(1786378758.326069) can0 33D#0000FFFFFFFFFFFF
(1786378758.345477) can0 39D#B0070801
(1786378758.365307) can0 39D#B1080801
(1786378758.405324) can0 39D#B2090801
(1786378758.445277) can0 33D#0000FFFFFFFFFFFF
(1786378758.445621) can0 39D#B30A0801
(1786378758.485246) can0 39D#B40B0801
(1786378758.525489) can0 33D#0000FFFFFFFFFFFF
(1786378758.545366) can0 39D#B50C0801
(1786378758.565245) can0 39D#B60D0801
(1786378758.605266) can0 39D#B70E0801
(1786378758.645308) can0 33D#0000FFFFFFFFFFFF
(1786378758.645723) can0 39D#B80F0801
(1786378758.685265) can0 39D#A9000801
(1786378758.725203) can0 33D#0000FFFFFFFFFFFF
(1786378758.745388) can0 39D#AA010801
(1786378758.765380) can0 39D#AB020801
(1786378758.805310) can0 39D#AC030801
(1786378758.845335) can0 33D#0000FFFFFFFFFFFF
(1786378758.845645) can0 39D#AD040801
(1786378758.885356) can0 39D#AE050801
(1786378758.925318) can0 33D#0000FFFFFFFFFFFF
(1786378758.945437) can0 39D#AF060801
(1786378758.965169) can0 39D#B0070801
(1786378759.005298) can0 39D#B1080801
(1786378759.045288) can0 33D#0000FFFFFFFFFFFF
(1786378759.045725) can0 39D#B2090801
(1786378759.085316) can0 39D#B30A0801
(1786378759.125269) can0 33D#0000FFFFFFFFFFFF
(1786378759.145395) can0 39D#B40B0801
(1786378759.165423) can0 39D#B50C0801
(1786378759.205377) can0 39D#B60D0801
(1786378759.245263) can0 33D#0000FFFFFFFFFFFF
(1786378759.245655) can0 39D#B70E0801
(1786378759.285320) can0 39D#B80F0801
(1786378759.325367) can0 35D#0655556555555559
(1786378759.325751) can0 33D#0000FFFFFFFFFFFF
(1786378759.345394) can0 39D#A9000801
(1786378759.365326) can0 39D#AA010801
(1786378759.405255) can0 39D#AB020801
(1786378759.445331) can0 33D#0000FFFFFFFFFFFF
(1786378759.445682) can0 39D#AC030801
(1786378759.485376) can0 39D#AD040801
(1786378759.525316) can0 33D#0000FFFFFFFFFFFF
(1786378759.545371) can0 39D#AE050801
(1786378759.565291) can0 39D#AF060801
(1786378759.605333) can0 39D#B0070801
(1786378759.645271) can0 33D#0000FFFFFFFFFFFF
(1786378759.645737) can0 39D#B1080801
(1786378759.685286) can0 39D#B2090801
(1786378759.725380) can0 33D#0000FFFFFFFFFFFF
(1786378759.745457) can0 39D#B30A0801
(1786378759.765301) can0 39D#B40B0801
(1786378759.805269) can0 39D#B50C0801
(1786378759.845329) can0 33D#0000FFFFFFFFFFFF
(1786378759.845615) can0 39D#B60D0801
(1786378759.885321) can0 39D#B70E0801
(1786378759.925385) can0 33D#0000FFFFFFFFFFFF
(1786378759.945415) can0 39D#B80F0801
(1786378759.965347) can0 39D#A9000801
(1786378760.005255) can0 39D#AA010801
(1786378760.045274) can0 33D#0000FFFFFFFFFFFF
(1786378760.045557) can0 39D#AB020801
(1786378760.085252) can0 39D#AC030801
(1786378760.125362) can0 33D#0000FFFFFFFFFFFF
(1786378760.145386) can0 39D#AD040801
(1786378760.165325) can0 39D#AE050801
(1786378760.205297) can0 39D#AF060801
(1786378760.245332) can0 33D#0000FFFFFFFFFFFF
(1786378760.245793) can0 39D#B0070801
(1786378760.285325) can0 39D#B1080801
(1786378760.325277) can0 35D#07555595552A0000
(1786378760.325599) can0 32D#0B00020101000000
(1786378760.325988) can0 33D#0000FFFFFFFFFFFF
(1786378760.345432) can0 39D#B2090801
(1786378760.365266) can0 39D#B30A0801
(1786378760.405298) can0 39D#B40B0801
(1786378760.445350) can0 33D#0000FFFFFFFFFFFF
(1786378760.445789) can0 39D#B50C0801
(1786378760.485283) can0 39D#B60D0801
(1786378760.525304) can0 33D#0000FFFFFFFFFFFF
(1786378760.545332) can0 39D#B70E0801
(1786378760.565265) can0 39D#B80F0801
(1786378760.605337) can0 39D#A9000801
(1786378760.645409) can0 33D#0000FFFFFFFFFFFF
(1786378760.645741) can0 39D#AA010801
(1786378760.685140) can0 39D#AB020801
(1786378760.725391) can0 33D#0000FFFFFFFFFFFF
(1786378760.745427) can0 39D#AC030801
(1786378760.765288) can0 39D#AD040801
(1786378760.805279) can0 39D#AE050801
(1786378760.845332) can0 33D#0000FFFFFFFFFFFF
(1786378760.845669) can0 39D#AF060801
(1786378760.885319) can0 39D#B0070801
(1786378760.925480) can0 33D#0000FFFFFFFFFFFF
(1786378760.945440) can0 39D#B1080801
(1786378760.965214) can0 39D#B2090801
(1786378761.005349) can0 39D#B30A0801
(1786378761.045280) can0 33D#0000FFFFFFFFFFFF
(1786378761.045661) can0 39D#B40B0801
(1786378761.085299) can0 39D#B50C0801
(1786378761.125287) can0 33D#0000FFFFFFFFFFFF
(1786378761.145336) can0 39D#B60D0801
(1786378761.165263) can0 39D#B70E0801
(1786378761.205294) can0 39D#B80F0801
(1786378761.245349) can0 33D#0000FFFFFFFFFFFF
(1786378761.245676) can0 39D#A9000801
(1786378761.285297) can0 39D#AA010801
(1786378761.325320) can0 35D#0055555555555555
(1786378761.325818) can0 33D#0000FFFFFFFFFFFF
(1786378761.345356) can0 39D#AB020801
(1786378761.365279) can0 39D#AC030801
(1786378761.405265) can0 39D#AD040801
(1786378761.445252) can0 33D#0000FFFFFFFFFFFF
(1786378761.445747) can0 39D#AE050801
(1786378761.485305) can0 39D#AF060801
(1786378761.525200) can0 33D#0000FFFFFFFFFFFF
(1786378761.545384) can0 39D#B0070801
(1786378761.565333) can0 39D#B1080801
(1786378761.605377) can0 39D#B2090801
(1786378761.645385) can0 33D#0000FFFFFFFFFFFF
(1786378761.645799) can0 39D#B30A0801
(1786378761.685379) can0 39D#B40B0801
(1786378761.725247) can0 33D#0000FFFFFFFFFFFF
(1786378761.745382) can0 39D#B50C0801
(1786378761.765292) can0 39D#B60D0801
(1786378761.805366) can0 39D#B70E0801
(1786378761.845324) can0 33D#0000FFFFFFFFFFFF
(1786378761.845932) can0 39D#B80F0801
(1786378761.885339) can0 39D#A9000801
(1786378761.925311) can0 33D#0000FFFFFFFFFFFF
(1786378761.945376) can0 39D#AA010801
(1786378761.965280) can0 39D#AB020801
(1786378762.005356) can0 39D#AC030801
(1786378762.045269) can0 33D#0000FFFFFFFFFFFF
(1786378762.045722) can0 39D#AD040801
(1786378762.085304) can0 39D#AE050801
(1786378762.125309) can0 33D#0000FFFFFFFFFFFF
(1786378762.145436) can0 39D#AF060801
(1786378762.165465) can0 39D#B0070801
(1786378762.205284) can0 39D#B1080801
(1786378762.245335) can0 33D#0000FFFFFFFFFFFF
(1786378762.245740) can0 39D#B2090801
(1786378762.285343) can0 39D#B30A0801
(1786378762.325332) can0 35D#0155555555555555
(1786378762.325794) can0 32D#0D0000008D792021
(1786378762.326144) can0 33D#0000FFFFFFFFFFFF
(1786378762.345565) can0 39D#B40B0801
(1786378762.365343) can0 39D#B50C0801
(1786378762.405182) can0 39D#B60D0801
(1786378762.445412) can0 33D#0000FFFFFFFFFFFF
(1786378762.445802) can0 39D#B70E0801
(1786378762.485250) can0 39D#B80F0801
(1786378762.525474) can0 33D#0000FFFFFFFFFFFF
(1786378762.545438) can0 39D#A9000801
(1786378762.565268) can0 39D#AA010801
(1786378762.605320) can0 39D#AB020801
(1786378762.645316) can0 33D#0000FFFFFFFFFFFF
(1786378762.645674) can0 39D#AC030801
(1786378762.685196) can0 39D#AD040801
(1786378762.725482) can0 33D#0000FFFFFFFFFFFF
(1786378762.745476) can0 39D#AE050801
(1786378762.765284) can0 39D#AF060801
(1786378762.805305) can0 39D#B0070801
(1786378762.845275) can0 33D#0000FFFFFFFFFFFF
(1786378762.845703) can0 39D#B1080801
(1786378762.885213) can0 39D#B2090801
(1786378762.925425) can0 33D#0000FFFFFFFFFFFF
(1786378762.945486) can0 39D#B30A0801
(1786378762.965269) can0 39D#B40B0801
(1786378763.005255) can0 39D#B50C0801
(1786378763.045283) can0 33D#0000FFFFFFFFFFFF
(1786378763.045738) can0 39D#B60D0801
(1786378763.085252) can0 39D#B70E0801
(1786378763.125204) can0 33D#0000FFFFFFFFFFFF
(1786378763.145376) can0 39D#B80F0801
(1786378763.165332) can0 39D#A9000801
(1786378763.205331) can0 39D#AA010801
(1786378763.245245) can0 33D#0000FFFFFFFFFFFF
(1786378763.245634) can0 39D#AB020801
(1786378763.285416) can0 39D#AC030801
(1786378763.325312) can0 35D#0256555555555555
(1786378763.325712) can0 33D#0000FFFFFFFFFFFF
(1786378763.345505) can0 39D#AD040801
(1786378763.365333) can0 39D#AE050801
(1786378763.405442) can0 39D#AF060801
(1786378763.445291) can0 33D#0000FFFFFFFFFFFF
(1786378763.445773) can0 39D#B0070801
(1786378763.485307) can0 39D#B1080801
(1786378763.525328) can0 33D#0000FFFFFFFFFFFF
(1786378763.545331) can0 39D#B2090801
(1786378763.565325) can0 39D#B30A0801
(1786378763.605253) can0 39D#B40B0801
(1786378763.645305) can0 33D#0000FFFFFFFFFFFF
(1786378763.645591) can0 39D#B50C0801
(1786378763.685383) can0 39D#B60D0801
(1786378763.725399) can0 33D#0000FFFFFFFFFFFF
(1786378763.745508) can0 39D#B70E0801
(1786378763.765272) can0 39D#B80F0801
(1786378763.805308) can0 39D#A9000801
(1786378763.845333) can0 33D#0000FFFFFFFFFFFF
(1786378763.845767) can0 39D#AA010801
(1786378763.885338) can0 39D#AB020801
(1786378763.925349) can0 33D#0000FFFFFFFFFFFF
(1786378763.945333) can0 39D#AC030801
(1786378763.965267) can0 39D#AD040801
(1786378764.005374) can0 39D#AE050801
(1786378764.045313) can0 33D#0000FFFFFFFFFFFF
(1786378764.045699) can0 39D#AF060801
(1786378764.085346) can0 39D#B0070801
(1786378764.125298) can0 33D#0000FFFFFFFFFFFF
(1786378764.145433) can0 39D#B1080801
(1786378764.165301) can0 39D#B2090801
(1786378764.205262) can0 39D#B30A0801
(1786378764.245242) can0 33D#0000FFFFFFFFFFFF
(1786378764.245556) can0 39D#B40B0801
(1786378764.285212) can0 39D#B50C0801
(1786378764.325249) can0 35D#0355555555555555
(1786378764.325514) can0 32D#1405000060FCB070
(1786378764.325734) can0 33D#0000FFFFFFFFFFFF
(1786378764.345353) can0 39D#B60D0801
(1786378764.365254) can0 39D#B70E0801
(1786378764.405215) can0 39D#B80F0801
(1786378764.445246) can0 33D#0000FFFFFFFFFFFF
(1786378764.445469) can0 39D#A9000801
(1786378764.485265) can0 39D#AA010801
(1786378764.525236) can0 33D#0000FFFFFFFFFFFF
(1786378764.545380) can0 39D#AB020801
(1786378764.565232) can0 39D#AC030801
(1786378764.605232) can0 39D#AD040801
(1786378764.645310) can0 33D#0000FFFFFFFFFFFF
(1786378764.645698) can0 39D#AE050801
(1786378764.687322) can0 39D#AF060801
(1786378764.750721) can0 33D#0000FFFFFFFFFFFF
(1786378764.751843) can0 39D#B0070801
(1786378764.765228) can0 39D#B1080801
(1786378764.805254) can0 39D#B2090801
(1786378764.845196) can0 33D#0000FFFFFFFFFFFF
(1786378764.845427) can0 39D#B30A0801
(1786378764.899731) can0 39D#B40B0801
(1786378764.925166) can0 33D#0000FFFFFFFFFFFF
(1786378764.945396) can0 39D#B50C0801
(1786378764.965204) can0 39D#B60D0801
(1786378765.005288) can0 39D#B70E0801
(1786378765.045308) can0 33D#0000FFFFFFFFFFFF
(1786378765.045606) can0 39D#B80F0801
(1786378765.085290) can0 39D#A9000801
(1786378765.125268) can0 33D#0000FFFFFFFFFFFF
(1786378765.145372) can0 39D#AA010801
(1786378765.165268) can0 39D#AB020801
(1786378765.205240) can0 39D#AC030801
(1786378765.245315) can0 33D#0000FFFFFFFFFFFF
(1786378765.245690) can0 39D#AD040801
(1786378765.285283) can0 39D#AE050801
(1786378765.325230) can0 35D#0455555555555555
(1786378765.325523) can0 33D#0000FFFFFFFFFFFF
(1786378765.345320) can0 39D#AF060801
(1786378765.365188) can0 39D#B0070801
(1786378765.405249) can0 39D#B1080801
(1786378765.445142) can0 33D#0000FFFFFFFFFFFF
(1786378765.445488) can0 39D#B2090801
(1786378765.485189) can0 39D#B30A0801
(1786378765.525230) can0 33D#0000FFFFFFFFFFFF
(1786378765.545392) can0 39D#B40B0801
(1786378765.565215) can0 39D#B50C0801
(1786378765.605288) can0 39D#B60D0801
(1786378765.645165) can0 33D#0000FFFFFFFFFFFF
(1786378765.645414) can0 39D#B70E0801
(1786378765.685293) can0 39D#B80F0801
(1786378765.725241) can0 33D#0000FFFFFFFFFFFF
(1786378765.745290) can0 39D#A9000801
(1786378765.765274) can0 39D#AA010801
(1786378765.805281) can0 39D#AB020801
(1786378765.845271) can0 33D#0000FFFFFFFFFFFF
(1786378765.845537) can0 39D#AC030801
(1786378765.885313) can0 39D#AD040801
(1786378765.925189) can0 33D#0000FFFFFFFFFFFF
(1786378765.945425) can0 39D#AE050801
(1786378765.965195) can0 39D#AF060801
(1786378766.005236) can0 39D#B0070801
(1786378766.045290) can0 33D#0000FFFFFFFFFFFF
(1786378766.045636) can0 39D#B1080801
(1786378766.085238) can0 39D#B2090801
(1786378766.125133) can0 33D#0000FFFFFFFFFFFF
(1786378766.145391) can0 39D#B30A0801
(1786378766.165406) can0 39D#B40B0801
(1786378766.205282) can0 39D#B50C0801
(1786378766.245346) can0 33D#0000FFFFFFFFFFFF
(1786378766.245757) can0 39D#B60D0801
(1786378766.285288) can0 39D#B70E0801
(1786378766.325361) can0 35D#0555555555555555
(1786378766.325728) can0 32D#16000000E4ACA32F
(1786378766.326087) can0 33D#0000FFFFFFFFFFFF
(1786378766.345508) can0 39D#B80F0801
(1786378766.365371) can0 39D#A9000801
(1786378766.405329) can0 39D#AA010801
(1786378766.445232) can0 33D#0000FFFFFFFFFFFF
(1786378766.445558) can0 39D#AB020801
(1786378766.485265) can0 39D#AC030801
(1786378766.525230) can0 33D#0000FFFFFFFFFFFF
(1786378766.545453) can0 39D#AD040801
(1786378766.565194) can0 39D#AE050801
(1786378766.605266) can0 39D#AF060801
(1786378766.645275) can0 33D#0000FFFFFFFFFFFF
(1786378766.645607) can0 39D#B0070801
(1786378766.685256) can0 39D#B1080801
(1786378766.725278) can0 33D#0000FFFFFFFFFFFF
(1786378766.745412) can0 39D#B2090801
(1786378766.765312) can0 39D#B30A0801
(1786378766.805288) can0 39D#B40B0801
(1786378766.845323) can0 33D#0000FFFFFFFFFFFF
(1786378766.845794) can0 39D#B50C0801
(1786378766.885275) can0 39D#B60D0801
(1786378766.925204) can0 33D#0000FFFFFFFFFFFF
(1786378766.945461) can0 39D#B70E0801
(1786378766.965293) can0 39D#B80F0801
(1786378767.005359) can0 39D#A9000801
(1786378767.045251) can0 33D#0000FFFFFFFFFFFF
(1786378767.045546) can0 39D#AA010801
(1786378767.085349) can0 39D#AB020801
(1786378767.125323) can0 33D#0000FFFFFFFFFFFF
(1786378767.145476) can0 39D#AC030801
(1786378767.165277) can0 39D#AD040801
(1786378767.205218) can0 39D#AE050801
(1786378767.245266) can0 33D#0000FFFFFFFFFFFF
(1786378767.245551) can0 39D#AF060801
(1786378767.285281) can0 39D#B0070801
(1786378767.325291) can0 35D#0655556555555559
(1786378767.325563) can0 33D#0000FFFFFFFFFFFF
(1786378767.345530) can0 39D#B1080801
(1786378767.365315) can0 39D#B2090801
(1786378767.405342) can0 39D#B30A0801
(1786378767.445257) can0 33D#0000FFFFFFFFFFFF
(1786378767.445563) can0 39D#B40B0801
(1786378767.485366) can0 39D#B50C0801
(1786378767.525303) can0 33D#0000FFFFFFFFFFFF
(1786378767.545383) can0 39D#B60D0801
(1786378767.565150) can0 39D#B70E0801
(1786378767.605305) can0 39D#B80F0801
(1786378767.645290) can0 33D#0000FFFFFFFFFFFF
(1786378767.645606) can0 39D#A9000801
(1786378767.685298) can0 39D#AA010801
(1786378767.725327) can0 33D#0000FFFFFFFFFFFF
(1786378767.745428) can0 39D#AB020801
(1786378767.765332) can0 39D#AC030801
(1786378767.805348) can0 39D#AD040801
(1786378767.845326) can0 33D#0000FFFFFFFFFFFF
(1786378767.845764) can0 39D#AE050801
(1786378767.885304) can0 39D#AF060801
(1786378767.925376) can0 33D#0000FFFFFFFFFFFF
(1786378767.945416) can0 39D#B0070801
(1786378767.965241) can0 39D#B1080801
(1786378768.005371) can0 39D#B2090801
(1786378768.045359) can0 33D#0000FFFFFFFFFFFF
(1786378768.045723) can0 39D#B30A0801
(1786378768.085331) can0 39D#B40B0801
(1786378768.125341) can0 33D#0000FFFFFFFFFFFF
(1786378768.145430) can0 39D#B50C0801
(1786378768.165261) can0 39D#B60D0801
(1786378768.205364) can0 39D#B70E0801
(1786378768.245291) can0 33D#0000FFFFFFFFFFFF
(1786378768.245651) can0 39D#B80F0801
(1786378768.285294) can0 39D#A9000801
(1786378768.325289) can0 35D#07555595552A0000
(1786378768.325659) can0 32D#0A01000000007000
(1786378768.325984) can0 33D#0000FFFFFFFFFFFF
(1786378768.345541) can0 39D#AA010801
(1786378768.365312) can0 39D#AB020801
(1786378768.405209) can0 39D#AC030801
(1786378768.445380) can0 33D#0000FFFFFFFFFFFF
(1786378768.445827) can0 39D#AD040801
(1786378768.485392) can0 39D#AE050801
(1786378768.525354) can0 33D#0000FFFFFFFFFFFF
(1786378768.545510) can0 39D#AF060801
(1786378768.565326) can0 39D#B0070801
(1786378768.605296) can0 39D#B1080801
(1786378768.645284) can0 33D#0000FFFFFFFFFFFF
(1786378768.645653) can0 39D#B2090801
(1786378768.685341) can0 39D#B30A0801
(1786378768.725393) can0 33D#0000FFFFFFFFFFFF
(1786378768.745429) can0 39D#B40B0801
(1786378768.765251) can0 39D#B50C0801
(1786378768.805270) can0 39D#B60D0801
(1786378768.845327) can0 33D#0000FFFFFFFFFFFF
(1786378768.845664) can0 39D#B70E0801
(1786378768.885310) can0 39D#B80F0801
(1786378768.925271) can0 33D#0000FFFFFFFFFFFF
(1786378768.945445) can0 39D#A9000801
(1786378768.965273) can0 39D#AA010801
(1786378769.005342) can0 39D#AB020801
(1786378769.045340) can0 33D#0000FFFFFFFFFFFF
(1786378769.045645) can0 39D#AC030801
(1786378769.085270) can0 39D#AD040801
(1786378769.125300) can0 33D#0000FFFFFFFFFFFF
(1786378769.145375) can0 39D#AE050801
(1786378769.165302) can0 39D#AF060801
(1786378769.205351) can0 39D#B0070801
(1786378769.245374) can0 33D#0000FFFFFFFFFFFF
(1786378769.245723) can0 39D#B1080801
(1786378769.285346) can0 39D#B2090801
(1786378769.325358) can0 35D#0055555555555555
(1786378769.325743) can0 33D#0000FFFFFFFFFFFF
(1786378769.345473) can0 39D#B30A0801
(1786378769.365270) can0 39D#B40B0801
(1786378769.405356) can0 39D#B50C0801
(1786378769.445261) can0 33D#0000FFFFFFFFFFFF
(1786378769.445611) can0 39D#B60D0801
(1786378769.485270) can0 39D#B70E0801
(1786378769.525354) can0 33D#0000FFFFFFFFFFFF
(1786378769.545505) can0 39D#B80F0801
(1786378769.565236) can0 39D#A9000801
(1786378769.605336) can0 39D#AA010801
(1786378769.645327) can0 33D#0000FFFFFFFFFFFF
(1786378769.645646) can0 39D#AB020801
(1786378769.685294) can0 39D#AC030801
(1786378769.725318) can0 33D#0000FFFFFFFFFFFF
(1786378769.745437) can0 39D#AD040801
(1786378769.765397) can0 39D#AE050801
(1786378769.805378) can0 39D#AF060801
(1786378769.845382) can0 33D#0000FFFFFFFFFFFF
(1786378769.845737) can0 39D#B0070801
(1786378769.885260) can0 39D#B1080801
(1786378769.925296) can0 33D#0000FFFFFFFFFFFF
(1786378769.945475) can0 39D#B2090801
(1786378769.965270) can0 39D#B30A0801
(1786378770.005315) can0 39D#B40B0801
(1786378770.045328) can0 33D#0000FFFFFFFFFFFF
(1786378770.045703) can0 39D#B50C0801
(1786378770.085301) can0 39D#B60D0801
(1786378770.125319) can0 33D#0000FFFFFFFFFFFF
(1786378770.145436) can0 39D#B70E0801
(1786378770.165286) can0 39D#B80F0801
(1786378770.205344) can0 39D#A9000801
(1786378770.245320) can0 33D#0000FFFFFFFFFFFF
(1786378770.245657) can0 39D#AA010801
(1786378770.285303) can0 39D#AB020801
(1786378770.325286) can0 35D#0155555555555555
(1786378770.325587) can0 32D#0B00020101000000
(1786378770.325876) can0 33D#0000FFFFFFFFFFFF
(1786378770.345478) can0 39D#AC030801
(1786378770.365262) can0 39D#AD040801
(1786378770.405307) can0 39D#AE050801
(1786378770.445448) can0 33D#0000FFFFFFFFFFFF
(1786378770.445780) can0 39D#AF060801
(1786378770.485265) can0 39D#B0070801
(1786378770.525365) can0 33D#0000FFFFFFFFFFFF
(1786378770.545412) can0 39D#B1080801
(1786378770.565349) can0 39D#B2090801
(1786378770.605253) can0 39D#B30A0801
(1786378770.645286) can0 33D#0000FFFFFFFFFFFF
(1786378770.645642) can0 39D#B40B0801
(1786378770.685362) can0 39D#B50C0801
(1786378770.725291) can0 33D#0000FFFFFFFFFFFF
(1786378770.745362) can0 39D#B60D0801
(1786378770.765292) can0 39D#B70E0801
(1786378770.805298) can0 39D#B80F0801
(1786378770.845404) can0 33D#0000FFFFFFFFFFFF
(1786378770.845865) can0 39D#A9000801
(1786378770.885339) can0 39D#AA010801
(1786378770.925419) can0 33D#0000FFFFFFFFFFFF
(1786378770.945451) can0 39D#AB020801
(1786378770.965345) can0 39D#AC030801
(1786378771.005345) can0 39D#AD040801
(1786378771.045333) can0 33D#0000FFFFFFFFFFFF
(1786378771.045690) can0 39D#AE050801
(1786378771.085263) can0 39D#AF060801
(1786378771.125286) can0 33D#0000FFFFFFFFFFFF
(1786378771.145480) can0 39D#B0070801
(1786378771.165302) can0 39D#B1080801
(1786378771.205302) can0 39D#B2090801
(1786378771.245308) can0 33D#0000FFFFFFFFFFFF
(1786378771.245611) can0 39D#B30A0801
(1786378771.285254) can0 39D#B40B0801
(1786378771.325281) can0 35D#0256555555555555
(1786378771.325498) can0 33D#0000FFFFFFFFFFFF
(1786378771.345434) can0 39D#B50C0801
(1786378771.365326) can0 39D#B60D0801
(1786378771.405392) can0 39D#B70E0801
(1786378771.445419) can0 33D#0000FFFFFFFFFFFF
(1786378771.445838) can0 39D#B80F0801
(1786378771.485313) can0 39D#A9000801
(1786378771.525274) can0 33D#0000FFFFFFFFFFFF
(1786378771.545459) can0 39D#AA010801
(1786378771.565292) can0 39D#AB020801
(1786378771.605328) can0 39D#AC030801
(1786378771.645293) can0 33D#0000FFFFFFFFFFFF
(1786378771.645592) can0 39D#AD040801
(1786378771.685293) can0 39D#AE050801
(1786378771.725256) can0 33D#0000FFFFFFFFFFFF
(1786378771.745482) can0 39D#AF060801
(1786378771.765287) can0 39D#B0070801
(1786378771.805274) can0 39D#B1080801
(1786378771.845354) can0 33D#0000FFFFFFFFFFFF
(1786378771.845669) can0 39D#B2090801
(1786378771.885285) can0 39D#B30A0801
(1786378771.925355) can0 33D#0000FFFFFFFFFFFF
(1786378771.945436) can0 39D#B40B0801
(1786378771.965393) can0 39D#B50C0801
(1786378772.007883) can0 39D#B60D0801
(1786378772.045311) can0 33D#0000FFFFFFFFFFFF
(1786378772.045622) can0 39D#B70E0801
(1786378772.085331) can0 39D#B80F0801
(1786378772.125273) can0 33D#0000FFFFFFFFFFFF
(1786378772.145398) can0 39D#A9000801
(1786378772.165387) can0 39D#AA010801
(1786378772.205375) can0 39D#AB020801
(1786378772.245310) can0 33D#0000FFFFFFFFFFFF
(1786378772.245659) can0 39D#AC030801
(1786378772.285338) can0 39D#AD040801
(1786378772.325286) can0 35D#0355555555555555
(1786378772.325530) can0 32D#0D0000008D792021
(1786378772.325736) can0 33D#0000FFFFFFFFFFFF
(1786378772.345473) can0 39D#AE050801
(1786378772.365317) can0 39D#AF060801
(1786378772.405318) can0 39D#B0070801
(1786378772.445286) can0 33D#0000FFFFFFFFFFFF
(1786378772.445694) can0 39D#B1080801
(1786378772.485293) can0 39D#B2090801
(1786378772.525291) can0 33D#0000FFFFFFFFFFFF
(1786378772.545423) can0 39D#B30A0801
(1786378772.565301) can0 39D#B40B0801
(1786378772.605338) can0 39D#B50C0801
(1786378772.645466) can0 33D#0000FFFFFFFFFFFF
(1786378772.645847) can0 39D#B60D0801
(1786378772.685346) can0 39D#B70E0801
(1786378772.725363) can0 33D#0000FFFFFFFFFFFF
(1786378772.745480) can0 39D#B80F0801
(1786378772.765323) can0 39D#A9000801
(1786378772.805311) can0 39D#AA010801
(1786378772.845323) can0 33D#0000FFFFFFFFFFFF
(1786378772.845629) can0 39D#AB020801
(1786378772.885301) can0 39D#AC030801
(1786378772.925307) can0 33D#0000FFFFFFFFFFFF
(1786378772.945433) can0 39D#AD040801
(1786378772.965347) can0 39D#AE050801
(1786378773.005318) can0 39D#AF060801
(1786378773.045404) can0 33D#0000FFFFFFFFFFFF
(1786378773.045706) can0 39D#B0070801
(1786378773.085348) can0 39D#B1080801
(1786378773.125341) can0 33D#0000FFFFFFFFFFFF
(1786378773.145518) can0 39D#B2090801
(1786378773.165311) can0 39D#B30A0801
(1786378773.205305) can0 39D#B40B0801
(1786378773.245327) can0 33D#0000FFFFFFFFFFFF
(1786378773.245644) can0 39D#B50C0801
(1786378773.285311) can0 39D#B60D0801
(1786378773.325402) can0 35D#0455555555555555
(1786378773.325792) can0 33D#0000FFFFFFFFFFFF
(1786378773.345516) can0 39D#B70E0801
(1786378773.365407) can0 39D#B80F0801
(1786378773.405305) can0 39D#A9000801
(1786378773.445315) can0 33D#0000FFFFFFFFFFFF
(1786378773.445700) can0 39D#AA010801
(1786378773.485463) can0 39D#AB020801
(1786378773.525406) can0 33D#0000FFFFFFFFFFFF
(1786378773.545445) can0 39D#AC030801
(1786378773.565331) can0 39D#AD040801
(1786378773.605387) can0 39D#AE050801
(1786378773.645408) can0 33D#0000FFFFFFFFFFFF
(1786378773.645765) can0 39D#AF060801
(1786378773.685350) can0 39D#B0070801
(1786378773.725394) can0 33D#0000FFFFFFFFFFFF
(1786378773.745417) can0 39D#B1080801
(1786378773.765310) can0 39D#B2090801
(1786378773.805358) can0 39D#B30A0801
(1786378773.845354) can0 33D#0000FFFFFFFFFFFF
(1786378773.845765) can0 39D#B40B0801
(1786378773.885372) can0 39D#B50C0801
(1786378773.925296) can0 33D#0000FFFFFFFFFFFF
(1786378773.945604) can0 39D#B60D0801
(1786378773.965336) can0 39D#B70E0801
(1786378774.005341) can0 39D#B80F0801
(1786378774.045348) can0 33D#0000FFFFFFFFFFFF
(1786378774.045627) can0 39D#A9000801
(1786378774.085288) can0 39D#AA010801
(1786378774.125340) can0 33D#0000FFFFFFFFFFFF
(1786378774.145414) can0 39D#AB020801
(1786378774.165348) can0 39D#AC030801
(1786378774.205404) can0 39D#AD040801
(1786378774.245369) can0 33D#0000FFFFFFFFFFFF
(1786378774.245682) can0 39D#AE050801
(1786378774.285324) can0 39D#AF060801
(1786378774.325327) can0 35D#0555555555555555
(1786378774.325637) can0 32D#1405000060FCB070
(1786378774.325852) can0 33D#0000FFFFFFFFFFFF
(1786378774.345489) can0 39D#B0070801
(1786378774.365362) can0 39D#B1080801
(1786378774.405345) can0 39D#B2090801
(1786378774.445300) can0 33D#0000FFFFFFFFFFFF
(1786378774.445704) can0 39D#B30A0801
(1786378774.485420) can0 39D#B40B0801
(1786378774.525310) can0 33D#0000FFFFFFFFFFFF
(1786378774.545534) can0 39D#B50C0801
(1786378774.565339) can0 39D#B60D0801
(1786378774.605359) can0 39D#B70E0801
(1786378774.645373) can0 33D#0000FFFFFFFFFFFF
(1786378774.645707) can0 39D#B80F0801
(1786378774.685346) can0 39D#A9000801
(1786378774.725281) can0 33D#0000FFFFFFFFFFFF
(1786378774.745522) can0 39D#AA010801
(1786378774.765359) can0 39D#AB020801
(1786378774.805380) can0 39D#AC030801
(1786378774.845349) can0 33D#0000FFFFFFFFFFFF
(1786378774.845715) can0 39D#AD040801
(1786378774.885407) can0 39D#AE050801
(1786378774.925438) can0 33D#0000FFFFFFFFFFFF
(1786378774.945430) can0 39D#AF060801
(1786378774.965408) can0 39D#B0070801
(1786378775.005366) can0 39D#B1080801
(1786378775.045310) can0 33D#0000FFFFFFFFFFFF
(1786378775.045669) can0 39D#B2090801
(1786378775.085386) can0 39D#B30A0801
(1786378775.125328) can0 33D#0000FFFFFFFFFFFF
(1786378775.145511) can0 39D#B40B0801
(1786378775.165347) can0 39D#B50C0801
(1786378775.205334) can0 39D#B60D0801
(1786378775.245404) can0 33D#0000FFFFFFFFFFFF
(1786378775.245874) can0 39D#B70E0801
(1786378775.285334) can0 39D#B80F0801
(1786378775.325372) can0 35D#0655556555555559
(1786378775.325670) can0 33D#0000FFFFFFFFFFFF
(1786378775.345651) can0 39D#A9000801
(1786378775.365411) can0 39D#AA010801
(1786378775.405415) can0 39D#AB020801
(1786378775.445458) can0 33D#0000FFFFFFFFFFFF
(1786378775.445871) can0 39D#AC030801
(1786378775.485472) can0 39D#AD040801
(1786378775.525402) can0 33D#0000FFFFFFFFFFFF
(1786378775.545515) can0 39D#AE050801
(1786378775.565384) can0 39D#AF060801
(1786378775.605450) can0 39D#B0070801
(1786378775.645397) can0 33D#0000FFFFFFFFFFFF
(1786378775.645818) can0 39D#B1080801
(1786378775.741199) can0 39D#B2090801
(1786378775.749875) can0 33D#0000FFFFFFFFFFFF
(1786378775.751301) can0 39D#B30A0801
(1786378775.765326) can0 39D#B40B0801
(1786378775.805336) can0 39D#B50C0801
(1786378775.845424) can0 33D#0000FFFFFFFFFFFF
(1786378775.845874) can0 39D#B60D0801
(1786378775.885474) can0 39D#B70E0801
(1786378775.925433) can0 33D#0000FFFFFFFFFFFF
(1786378775.945517) can0 39D#B80F0801
(1786378775.965354) can0 39D#A9000801
(1786378776.005386) can0 39D#AA010801
(1786378776.045453) can0 33D#0000FFFFFFFFFFFF
(1786378776.045978) can0 39D#AB020801
(1786378776.085506) can0 39D#AC030801
(1786378776.125377) can0 33D#0000FFFFFFFFFFFF
(1786378776.145467) can0 39D#AD040801
(1786378776.165376) can0 39D#AE050801
(1786378776.205493) can0 39D#AF060801
(1786378776.245528) can0 33D#0000FFFFFFFFFFFF
(1786378776.245960) can0 39D#B0070801
(1786378776.285419) can0 39D#B1080801
(1786378776.325329) can0 35D#07555595552A0000
(1786378776.325721) can0 32D#16000000E4ACA32F
(1786378776.326133) can0 33D#0000FFFFFFFFFFFF
(1786378776.345458) can0 39D#B2090801
(1786378776.365401) can0 39D#B30A0801
(1786378776.405506) can0 39D#B40B0801
(1786378776.445316) can0 33D#0000FFFFFFFFFFFF
(1786378776.445702) can0 39D#B50C0801
(1786378776.485414) can0 39D#B60D0801
(1786378776.525463) can0 33D#0000FFFFFFFFFFFF
(1786378776.545534) can0 39D#B70E0801
(1786378776.565417) can0 39D#B80F0801
(1786378776.605352) can0 39D#A9000801
(1786378776.645456) can0 33D#0000FFFFFFFFFFFF
(1786378776.645862) can0 39D#AA010801
(1786378776.685384) can0 39D#AB020801
(1786378776.725572) can0 33D#0000FFFFFFFFFFFF
(1786378776.745596) can0 39D#AC030801
(1786378776.765362) can0 39D#AD040801
(1786378776.805481) can0 39D#AE050801
(1786378776.845409) can0 33D#0000FFFFFFFFFFFF
(1786378776.845906) can0 39D#AF060801
(1786378776.885434) can0 39D#B0070801
(1786378776.925401) can0 33D#0000FFFFFFFFFFFF
(1786378776.945708) can0 39D#B1080801
(1786378776.965394) can0 39D#B2090801
(1786378777.005380) can0 39D#B30A0801
(1786378777.045372) can0 33D#0000FFFFFFFFFFFF
(1786378777.045746) can0 39D#B40B0801
(1786378777.085473) can0 39D#B50C0801
(1786378777.125455) can0 33D#0000FFFFFFFFFFFF
(1786378777.145553) can0 39D#B60D0801
(1786378777.165431) can0 39D#B70E0801
(1786378777.205456) can0 39D#B80F0801
(1786378777.245440) can0 33D#0000FFFFFFFFFFFF
(1786378777.245886) can0 39D#A9000801
(1786378777.285508) can0 39D#AA010801
(1786378777.325405) can0 35D#0055555555555555
(1786378777.325742) can0 33D#0000FFFFFFFFFFFF
(1786378777.345519) can0 39D#AB020801
(1786378777.365396) can0 39D#AC030801
(1786378777.405372) can0 39D#AD040801
(1786378777.445517) can0 33D#0000FFFFFFFFFFFF
(1786378777.446006) can0 39D#AE050801
(1786378777.485409) can0 39D#AF060801
(1786378777.525485) can0 33D#0000FFFFFFFFFFFF
(1786378777.545624) can0 39D#B0070801
(1786378777.565379) can0 39D#B1080801
(1786378777.605412) can0 39D#B2090801
(1786378777.645522) can0 33D#0000FFFFFFFFFFFF
(1786378777.646001) can0 39D#B30A0801
(1786378777.685382) can0 39D#B40B0801
(1786378777.725419) can0 33D#0000FFFFFFFFFFFF
(1786378777.745512) can0 39D#B50C0801
(1786378777.765386) can0 39D#B60D0801
(1786378777.805536) can0 39D#B70E0801
(1786378777.845494) can0 33D#0000FFFFFFFFFFFF
(1786378777.846012) can0 39D#B80F0801
(1786378777.885282) can0 39D#A9000801
(1786378777.925412) can0 33D#0000FFFFFFFFFFFF
(1786378777.945621) can0 39D#AA010801
(1786378777.965377) can0 39D#AB020801
(1786378778.005465) can0 39D#AC030801
(1786378778.045467) can0 33D#0000FFFFFFFFFFFF
(1786378778.045886) can0 39D#AD040801
(1786378778.085452) can0 39D#AE050801
(1786378778.125437) can0 33D#0000FFFFFFFFFFFF
(1786378778.145594) can0 39D#AF060801
(1786378778.165369) can0 39D#B0070801
(1786378778.205426) can0 39D#B1080801
(1786378778.245419) can0 33D#0000FFFFFFFFFFFF
(1786378778.245904) can0 39D#B2090801
(1786378778.285415) can0 39D#B30A0801
(1786378778.325483) can0 35D#0155555555555555
(1786378778.325896) can0 32D#0A01000000007000
(1786378778.326247) can0 33D#0000FFFFFFFFFFFF
(1786378778.345519) can0 39D#B40B0801
(1786378778.365371) can0 39D#B50C0801
(1786378778.405330) can0 39D#B60D0801
(1786378778.445424) can0 33D#0000FFFFFFFFFFFF
(1786378778.445792) can0 39D#B70E0801
(1786378778.485388) can0 39D#B80F0801
(1786378778.525375) can0 33D#0000FFFFFFFFFFFF
(1786378778.545479) can0 39D#A9000801
(1786378778.565401) can0 39D#AA010801
(1786378778.605343) can0 39D#AB020801
(1786378778.645342) can0 33D#0000FFFFFFFFFFFF
(1786378778.645737) can0 39D#AC030801
(1786378778.685397) can0 39D#AD040801
(1786378778.725367) can0 33D#0000FFFFFFFFFFFF
(1786378778.745453) can0 39D#AE050801
(1786378778.765341) can0 39D#AF060801
(1786378778.805447) can0 39D#B0070801
(1786378778.845429) can0 33D#0000FFFFFFFFFFFF
(1786378778.845952) can0 39D#B1080801
(1786378778.885462) can0 39D#B2090801
(1786378778.925340) can0 33D#0000FFFFFFFFFFFF
(1786378778.945506) can0 39D#B30A0801
(1786378778.965299) can0 39D#B40B0801
(1786378779.005378) can0 39D#B50C0801
(1786378779.045480) can0 33D#0000FFFFFFFFFFFF
(1786378779.045817) can0 39D#B60D0801
(1786378779.085411) can0 39D#B70E0801
(1786378779.125318) can0 33D#0000FFFFFFFFFFFF
(1786378779.145519) can0 39D#B80F0801
(1786378779.165370) can0 39D#A9000801
(1786378779.205366) can0 39D#AA010801
(1786378779.245364) can0 33D#0000FFFFFFFFFFFF
(1786378779.245687) can0 39D#AB020801
(1786378779.285412) can0 39D#AC030801
(1786378779.325372) can0 35D#0256555555555555
(1786378779.325690) can0 33D#0000FFFFFFFFFFFF
(1786378779.345442) can0 39D#AD040801
(1786378779.365387) can0 39D#AE050801
(1786378779.405423) can0 39D#AF060801
(1786378779.445394) can0 33D#0000FFFFFFFFFFFF
(1786378779.445692) can0 39D#B0070801
(1786378779.485458) can0 39D#B1080801
(1786378779.525454) can0 33D#0000FFFFFFFFFFFF
(1786378779.545580) can0 39D#B2090801
(1786378779.565415) can0 39D#B30A0801
(1786378779.605375) can0 39D#B40B0801
(1786378779.645364) can0 33D#0000FFFFFFFFFFFF
(1786378779.645710) can0 39D#B50C0801
(1786378779.685389) can0 39D#B60D0801
(1786378779.725386) can0 33D#0000FFFFFFFFFFFF
(1786378779.745579) can0 39D#B70E0801
(1786378779.765372) can0 39D#B80F0801
(1786378779.805370) can0 39D#A9000801
(1786378779.845527) can0 33D#0000FFFFFFFFFFFF
(1786378779.845967) can0 39D#AA010801
(1786378779.885314) can0 39D#AB020801
(1786378779.925427) can0 33D#0000FFFFFFFFFFFF
(1786378779.945521) can0 39D#AC030801
(1786378779.965447) can0 39D#AD040801
(1786378780.005381) can0 39D#AE050801
(1786378780.045481) can0 33D#0000FFFFFFFFFFFF
(1786378780.045883) can0 39D#AF060801
(1786378780.085449) can0 39D#B0070801
(1786378780.125382) can0 33D#0000FFFFFFFFFFFF
(1786378780.145490) can0 39D#B1080801
(1786378780.165519) can0 39D#B2090801
(1786378780.205384) can0 39D#B30A0801
(1786378780.245418) can0 33D#0000FFFFFFFFFFFF
(1786378780.245802) can0 39D#B40B0801
(1786378780.285443) can0 39D#B50C0801
(1786378780.325330) can0 35D#0355555555555555
(1786378780.325722) can0 32D#0B00020101000000
(1786378780.326062) can0 33D#0000FFFFFFFFFFFF
(1786378780.345532) can0 39D#B60D0801
(1786378780.365371) can0 39D#B70E0801
(1786378780.405481) can0 39D#B80F0801
(1786378780.445582) can0 33D#0000FFFFFFFFFFFF
(1786378780.445923) can0 39D#A9000801
(1786378780.485442) can0 39D#AA010801
(1786378780.525472) can0 33D#0000FFFFFFFFFFFF
(1786378780.545538) can0 39D#AB020801
(1786378780.565427) can0 39D#AC030801
(1786378780.605611) can0 39D#AD040801
(1786378780.645383) can0 33D#0000FFFFFFFFFFFF
(1786378780.645810) can0 39D#AE050801
(1786378780.685363) can0 39D#AF060801
(1786378780.725362) can0 33D#0000FFFFFFFFFFFF
(1786378780.745516) can0 39D#B0070801
(1786378780.765393) can0 39D#B1080801
(1786378780.805310) can0 39D#B2090801
(1786378780.845352) can0 33D#0000FFFFFFFFFFFF
(1786378780.845686) can0 39D#B30A0801
(1786378780.885373) can0 39D#B40B0801
(1786378780.925310) can0 33D#0000FFFFFFFFFFFF
(1786378780.945506) can0 39D#B50C0801
(1786378780.965310) can0 39D#B60D0801
(1786378781.005391) can0 39D#B70E0801
(1786378781.045375) can0 33D#0000FFFFFFFFFFFF
(1786378781.045771) can0 39D#B80F0801
(1786378781.085509) can0 39D#A9000801
(1786378781.125481) can0 33D#0000FFFFFFFFFFFF
(1786378781.145519) can0 39D#AA010801
(1786378781.165381) can0 39D#AB020801
(1786378781.205519) can0 39D#AC030801
(1786378781.245486) can0 33D#0000FFFFFFFFFFFF
(1786378781.245887) can0 39D#AD040801
(1786378781.285408) can0 39D#AE050801
(1786378781.325413) can0 35D#0455555555555555
(1786378781.325855) can0 33D#0000FFFFFFFFFFFF
(1786378781.345593) can0 39D#AF060801
(1786378781.365347) can0 39D#B0070801
(1786378781.405319) can0 39D#B1080801
(1786378781.445378) can0 33D#0000FFFFFFFFFFFF
(1786378781.445875) can0 39D#B2090801
(1786378781.485422) can0 39D#B30A0801
(1786378781.525489) can0 33D#0000FFFFFFFFFFFF
(1786378781.545490) can0 39D#B40B0801
(1786378781.565475) can0 39D#B50C0801
(1786378781.605507) can0 39D#B60D0801
(1786378781.645506) can0 33D#0000FFFFFFFFFFFF
(1786378781.645938) can0 39D#B70E0801
(1786378781.685479) can0 39D#B80F0801
(1786378781.725436) can0 33D#0000FFFFFFFFFFFF
(1786378781.745524) can0 39D#A9000801
(1786378781.765383) can0 39D#AA010801
(1786378781.805441) can0 39D#AB020801
(1786378781.845348) can0 33D#0000FFFFFFFFFFFF
(1786378781.845702) can0 39D#AC030801
(1786378781.885404) can0 39D#AD040801
(1786378781.925336) can0 33D#0000FFFFFFFFFFFF
(1786378781.945526) can0 39D#AE050801
(1786378781.965377) can0 39D#AF060801
(1786378782.005434) can0 39D#B0070801
(1786378782.045422) can0 33D#0000FFFFFFFFFFFF
(1786378782.045819) can0 39D#B1080801
(1786378782.085457) can0 39D#B2090801
(1786378782.125372) can0 33D#0000FFFFFFFFFFFF
(1786378782.145578) can0 39D#B30A0801
(1786378782.165423) can0 39D#B40B0801
(1786378782.205461) can0 39D#B50C0801
(1786378782.245522) can0 33D#0000FFFFFFFFFFFF
(1786378782.246023) can0 39D#B60D0801
(1786378782.285518) can0 39D#B70E0801
(1786378782.325612) can0 35D#0555555555555555
(1786378782.326015) can0 32D#0D0000008D792021
(1786378782.326324) can0 33D#0000FFFFFFFFFFFF
(1786378782.345492) can0 39D#B80F0801
(1786378782.365441) can0 39D#A9000801
(1786378782.405463) can0 39D#AA010801
(1786378782.445481) can0 33D#0000FFFFFFFFFFFF
(1786378782.445924) can0 39D#AB020801
(1786378782.485526) can0 39D#AC030801
(1786378782.525336) can0 33D#0000FFFFFFFFFFFF
(1786378782.545456) can0 39D#AD040801
(1786378782.565371) can0 39D#AE050801
(1786378782.605486) can0 39D#AF060801
(1786378782.645559) can0 33D#0000FFFFFFFFFFFF
(1786378782.645976) can0 39D#B0070801
(1786378782.685435) can0 39D#B1080801
(1786378782.725415) can0 33D#0000FFFFFFFFFFFF
(1786378782.745598) can0 39D#B2090801
(1786378782.765541) can0 39D#B30A0801
(1786378782.805505) can0 39D#B40B0801
(1786378782.845484) can0 33D#0000FFFFFFFFFFFF
(1786378782.846026) can0 39D#B50C0801
(1786378782.885486) can0 39D#B60D0801
(1786378782.925499) can0 33D#0000FFFFFFFFFFFF
(1786378782.945506) can0 39D#B70E0801
(1786378782.965486) can0 39D#B80F0801
(1786378783.005430) can0 39D#A9000801
(1786378783.045432) can0 33D#0000FFFFFFFFFFFF
(1786378783.045927) can0 39D#AA010801
(1786378783.085486) can0 39D#AB020801
(1786378783.125364) can0 33D#0000FFFFFFFFFFFF
(1786378783.145641) can0 39D#AC030801
(1786378783.165431) can0 39D#AD040801
(1786378783.205445) can0 39D#AE050801
(1786378783.245433) can0 33D#0000FFFFFFFFFFFF
(1786378783.245855) can0 39D#AF060801
(1786378783.285536) can0 39D#B0070801
(1786378783.325389) can0 35D#0655556555555559
(1786378783.325837) can0 33D#0000FFFFFFFFFFFF
(1786378783.346227) can0 39D#B1080801
(1786378783.365418) can0 39D#B2090801
(1786378783.405475) can0 39D#B30A0801
(1786378783.445407) can0 33D#0000FFFFFFFFFFFF
(1786378783.445806) can0 39D#B40B0801
(1786378783.485411) can0 39D#B50C0801
(1786378783.525474) can0 33D#0000FFFFFFFFFFFF
(1786378783.545458) can0 39D#B60D0801
(1786378783.565469) can0 39D#B70E0801
(1786378783.605447) can0 39D#B80F0801
(1786378783.645423) can0 33D#0000FFFFFFFFFFFF
(1786378783.645931) can0 39D#A9000801
(1786378783.685437) can0 39D#AA010801
(1786378783.725471) can0 33D#0000FFFFFFFFFFFF
(1786378783.745622) can0 39D#AB020801
(1786378783.765355) can0 39D#AC030801
(1786378783.805444) can0 39D#AD040801
(1786378783.845500) can0 33D#0000FFFFFFFFFFFF
(1786378783.846018) can0 39D#AE050801
(1786378783.885401) can0 39D#AF060801
(1786378783.925509) can0 33D#0000FFFFFFFFFFFF
(1786378783.945641) can0 39D#B0070801
(1786378783.965416) can0 39D#B1080801
(1786378784.005481) can0 39D#B2090801
(1786378784.045523) can0 33D#0000FFFFFFFFFFFF
(1786378784.046014) can0 39D#B30A0801
(1786378784.085408) can0 39D#B40B0801
(1786378784.125563) can0 33D#0000FFFFFFFFFFFF
(1786378784.145558) can0 39D#B50C0801
(1786378784.165403) can0 39D#B60D0801
(1786378784.205482) can0 39D#B70E0801
(1786378784.245432) can0 33D#0000FFFFFFFFFFFF
(1786378784.245781) can0 39D#B80F0801
(1786378784.285342) can0 39D#A9000801
(1786378784.325428) can0 35D#07555595552A0000
(1786378784.325757) can0 32D#1405000060FCB070
(1786378784.325982) can0 33D#0000FFFFFFFFFFFF
(1786378784.345505) can0 39D#AA010801
(1786378784.365379) can0 39D#AB020801
(1786378784.405464) can0 39D#AC030801
(1786378784.445483) can0 33D#0000FFFFFFFFFFFF
(1786378784.445911) can0 39D#AD040801
(1786378784.485424) can0 39D#AE050801
(1786378784.525498) can0 33D#0000FFFFFFFFFFFF
(1786378784.545547) can0 39D#AF060801
(1786378784.565380) can0 39D#B0070801
(1786378784.605620) can0 39D#B1080801
(1786378784.645515) can0 33D#0000FFFFFFFFFFFF
(1786378784.646086) can0 39D#B2090801
(1786378784.685499) can0 39D#B30A0801
(1786378784.725480) can0 33D#0000FFFFFFFFFFFF
(1786378784.745523) can0 39D#B40B0801
(1786378784.765394) can0 39D#B50C0801
(1786378784.805448) can0 39D#B60D0801
(1786378784.845427) can0 33D#0000FFFFFFFFFFFF
(1786378784.845852) can0 39D#B70E0801
(1786378784.885474) can0 39D#B80F0801
(1786378784.925455) can0 33D#0000FFFFFFFFFFFF
(1786378784.945525) can0 39D#A9000801
(1786378784.965402) can0 39D#AA010801
(1786378785.005547) can0 39D#AB020801
(1786378785.045401) can0 33D#0000FFFFFFFFFFFF
(1786378785.045835) can0 39D#AC030801
(1786378785.085513) can0 39D#AD040801
(1786378785.125438) can0 33D#0000FFFFFFFFFFFF
(1786378785.145507) can0 39D#AE050801
(1786378785.165365) can0 39D#AF060801
(1786378785.205423) can0 39D#B0070801
(1786378785.245472) can0 33D#0000FFFFFFFFFFFF
(1786378785.245829) can0 39D#B1080801
(1786378785.285380) can0 39D#B2090801
(1786378785.325359) can0 35D#0055555555555555
(1786378785.325684) can0 33D#0000FFFFFFFFFFFF
(1786378785.345504) can0 39D#B30A0801
(1786378785.365357) can0 39D#B40B0801
(1786378785.405505) can0 39D#B50C0801
(1786378785.445430) can0 33D#0000FFFFFFFFFFFF
(1786378785.445821) can0 39D#B60D0801
(1786378785.485334) can0 39D#B70E0801
(1786378785.525397) can0 33D#0000FFFFFFFFFFFF
(1786378785.545583) can0 39D#B80F0801
(1786378785.565345) can0 39D#A9000801
(1786378785.605439) can0 39D#AA010801
(1786378785.645475) can0 33D#0000FFFFFFFFFFFF
(1786378785.645989) can0 39D#AB020801
(1786378785.685515) can0 39D#AC030801
(1786378785.725385) can0 33D#0000FFFFFFFFFFFF
(1786378785.745530) can0 39D#AD040801
(1786378785.765514) can0 39D#AE050801
(1786378785.805398) can0 39D#AF060801
(1786378785.845385) can0 33D#0000FFFFFFFFFFFF
(1786378785.845681) can0 39D#B0070801
(1786378785.885461) can0 39D#B1080801
(1786378785.925479) can0 33D#0000FFFFFFFFFFFF
(1786378785.945534) can0 39D#B2090801
(1786378785.965393) can0 39D#B30A0801
(1786378786.005452) can0 39D#B40B0801
(1786378786.045505) can0 33D#0000FFFFFFFFFFFF
(1786378786.045817) can0 39D#B50C0801
(1786378786.085407) can0 39D#B60D0801
(1786378786.125388) can0 33D#0000FFFFFFFFFFFF
(1786378786.145598) can0 39D#B70E0801
(1786378786.165402) can0 39D#B80F0801
(1786378786.205481) can0 39D#A9000801
(1786378786.245510) can0 33D#0000FFFFFFFFFFFF
(1786378786.245950) can0 39D#AA010801
(1786378786.285405) can0 39D#AB020801
(1786378786.325370) can0 35D#0155555555555555
(1786378786.325615) can0 32D#16000000E4ACA32F
(1786378786.325820) can0 33D#0000FFFFFFFFFFFF
(1786378786.345619) can0 39D#AC030801
(1786378786.365353) can0 39D#AD040801
(1786378786.405468) can0 39D#AE050801
(1786378786.445429) can0 33D#0000FFFFFFFFFFFF
(1786378786.445768) can0 39D#AF060801
(1786378786.485381) can0 39D#B0070801
(1786378786.525406) can0 33D#0000FFFFFFFFFFFF
(1786378786.545624) can0 39D#B1080801
(1786378786.565324) can0 39D#B2090801
(1786378786.605377) can0 39D#B30A0801
(1786378786.645417) can0 33D#0000FFFFFFFFFFFF
(1786378786.645744) can0 39D#B40B0801
(1786378786.685432) can0 39D#B50C0801
(1786378786.725442) can0 33D#0000FFFFFFFFFFFF
(1786378786.745503) can0 39D#B60D0801
(1786378786.765319) can0 39D#B70E0801
(1786378786.805428) can0 39D#B80F0801
(1786378786.845431) can0 33D#0000FFFFFFFFFFFF
(1786378786.845743) can0 39D#A9000801
(1786378786.885500) can0 39D#AA010801
(1786378786.925388) can0 33D#0000FFFFFFFFFFFF
(1786378786.945479) can0 39D#AB020801
(1786378786.965469) can0 39D#AC030801
(1786378787.005441) can0 39D#AD040801
(1786378787.045431) can0 33D#0000FFFFFFFFFFFF
(1786378787.045870) can0 39D#AE050801
(1786378787.085360) can0 39D#AF060801
(1786378787.125360) can0 33D#0000FFFFFFFFFFFF
(1786378787.145571) can0 39D#B0070801
(1786378787.165422) can0 39D#B1080801
(1786378787.205343) can0 39D#B2090801
(1786378787.245376) can0 33D#0000FFFFFFFFFFFF
(1786378787.245694) can0 39D#B30A0801
(1786378787.285393) can0 39D#B40B0801
(1786378787.325323) can0 35D#0256555555555555
(1786378787.325580) can0 33D#0000FFFFFFFFFFFF
(1786378787.345432) can0 39D#B50C0801
(1786378787.365412) can0 39D#B60D0801
(1786378787.405441) can0 39D#B70E0801
(1786378787.445466) can0 33D#0000FFFFFFFFFFFF
(1786378787.445778) can0 39D#B80F0801
(1786378787.485464) can0 39D#A9000801
(1786378787.525347) can0 33D#0000FFFFFFFFFFFF
(1786378787.545507) can0 39D#AA010801
(1786378787.565340) can0 39D#AB020801
(1786378787.605410) can0 39D#AC030801
(1786378787.645495) can0 33D#0000FFFFFFFFFFFF
(1786378787.645865) can0 39D#AD040801
(1786378787.685408) can0 39D#AE050801
(1786378787.725413) can0 33D#0000FFFFFFFFFFFF
(1786378787.745585) can0 39D#AF060801
(1786378787.765460) can0 39D#B0070801
(1786378787.805372) can0 39D#B1080801
(1786378787.845367) can0 33D#0000FFFFFFFFFFFF
(1786378787.845642) can0 39D#B2090801
(1786378787.885428) can0 39D#B30A0801
(1786378787.925446) can0 33D#0000FFFFFFFFFFFF
(1786378787.945567) can0 39D#B40B0801
(1786378787.965469) can0 39D#B50C0801
(1786378788.005438) can0 39D#B60D0801
(1786378788.045581) can0 33D#0000FFFFFFFFFFFF
(1786378788.045892) can0 39D#B70E0801
(1786378788.085425) can0 39D#B80F0801
(1786378788.125438) can0 33D#0000FFFFFFFFFFFF
(1786378788.145583) can0 39D#A9000801
(1786378788.165468) can0 39D#AA010801
(1786378788.205407) can0 39D#AB020801
(1786378788.245419) can0 33D#0000FFFFFFFFFFFF
(1786378788.245841) can0 39D#AC030801
(1786378788.285449) can0 39D#AD040801
(1786378788.325411) can0 35D#0355555555555555
(1786378788.325770) can0 32D#0A01000000007000
(1786378788.325997) can0 33D#0000FFFFFFFFFFFF
(1786378788.345533) can0 39D#AE050801
(1786378788.365465) can0 39D#AF060801
(1786378788.405461) can0 39D#B0070801
(1786378788.445525) can0 33D#0000FFFFFFFFFFFF
(1786378788.445917) can0 39D#B1080801
(1786378788.485408) can0 39D#B2090801
(1786378788.525400) can0 33D#0000FFFFFFFFFFFF
(1786378788.545529) can0 39D#B30A0801
(1786378788.565444) can0 39D#B40B0801
(1786378788.605404) can0 39D#B50C0801
(1786378788.645442) can0 33D#0000FFFFFFFFFFFF
(1786378788.645713) can0 39D#B60D0801
(1786378788.685434) can0 39D#B70E0801
(1786378788.725492) can0 33D#0000FFFFFFFFFFFF
(1786378788.745628) can0 39D#B80F0801
(1786378788.765478) can0 39D#A9000801
(1786378788.805421) can0 39D#AA010801
(1786378788.845397) can0 33D#0000FFFFFFFFFFFF
(1786378788.845716) can0 39D#AB020801
(1786378788.885395) can0 39D#AC030801
(1786378788.925379) can0 33D#0000FFFFFFFFFFFF
(1786378788.945584) can0 39D#AD040801
(1786378788.965528) can0 39D#AE050801
(1786378789.005421) can0 39D#AF060801
(1786378789.045391) can0 33D#0000FFFFFFFFFFFF
(1786378789.045757) can0 39D#B0070801
(1786378789.085473) can0 39D#B1080801
(1786378789.125511) can0 33D#0000FFFFFFFFFFFF
(1786378789.145489) can0 39D#B2090801
(1786378789.165420) can0 39D#B30A0801
(1786378789.205468) can0 39D#B40B0801
(1786378789.245384) can0 33D#0000FFFFFFFFFFFF
(1786378789.245718) can0 39D#B50C0801
(1786378789.285435) can0 39D#B60D0801
(1786378789.325412) can0 35D#0455555555555555
(1786378789.325681) can0 33D#0000FFFFFFFFFFFF
(1786378789.345505) can0 39D#B70E0801
(1786378789.365529) can0 39D#B80F0801
(1786378789.405497) can0 39D#A9000801
(1786378789.445453) can0 33D#0000FFFFFFFFFFFF
(1786378789.445808) can0 39D#AA010801
(1786378789.485444) can0 39D#AB020801
(1786378789.525416) can0 33D#0000FFFFFFFFFFFF
(1786378789.545588) can0 39D#AC030801
(1786378789.565391) can0 39D#AD040801
(1786378789.605487) can0 39D#AE050801
(1786378789.645434) can0 33D#0000FFFFFFFFFFFF
(1786378789.645758) can0 39D#AF060801
(1786378789.685477) can0 39D#B0070801
(1786378789.725392) can0 33D#0000FFFFFFFFFFFF
(1786378789.745580) can0 39D#B1080801
(1786378789.765528) can0 39D#B2090801
(1786378789.805465) can0 39D#B30A0801
(1786378789.845513) can0 33D#0000FFFFFFFFFFFF
(1786378789.845838) can0 39D#B40B0801
(1786378789.885482) can0 39D#B50C0801
(1786378789.925319) can0 33D#0000FFFFFFFFFFFF
(1786378789.945599) can0 39D#B60D0801
(1786378789.965444) can0 39D#B70E0801
(1786378790.005375) can0 39D#B80F0801
(1786378790.045413) can0 33D#0000FFFFFFFFFFFF
(1786378790.045708) can0 39D#A9000801
(1786378790.085417) can0 39D#AA010801
(1786378790.125434) can0 33D#0000FFFFFFFFFFFF
(1786378790.145524) can0 39D#AB020801
(1786378790.165432) can0 39D#AC030801
(1786378790.205392) can0 39D#AD040801
(1786378790.245500) can0 33D#0000FFFFFFFFFFFF
(1786378790.245827) can0 39D#AE050801
(1786378790.285443) can0 39D#AF060801
(1786378790.325426) can0 35D#0555555555555555
(1786378790.325752) can0 32D#0B00020101000000
(1786378790.325980) can0 33D#0000FFFFFFFFFFFF
(1786378790.345520) can0 39D#B0070801
(1786378790.365435) can0 39D#B1080801
(1786378790.405459) can0 39D#B2090801
(1786378790.445508) can0 33D#0000FFFFFFFFFFFF
(1786378790.445911) can0 39D#B30A0801
(1786378790.485468) can0 39D#B40B0801
(1786378790.525389) can0 33D#0000FFFFFFFFFFFF
(1786378790.545598) can0 39D#B50C0801
(1786378790.565456) can0 39D#B60D0801
(1786378790.605401) can0 39D#B70E0801
(1786378790.645478) can0 33D#0000FFFFFFFFFFFF
(1786378790.645927) can0 39D#B80F0801
(1786378790.685383) can0 39D#A9000801
(1786378790.725477) can0 33D#0000FFFFFFFFFFFF
(1786378790.745607) can0 39D#AA010801
(1786378790.765497) can0 39D#AB020801
(1786378790.805424) can0 39D#AC030801
(1786378790.845442) can0 33D#0000FFFFFFFFFFFF
(1786378790.845768) can0 39D#AD040801
(1786378790.885496) can0 39D#AE050801
(1786378790.925418) can0 33D#0000FFFFFFFFFFFF
(1786378790.945504) can0 39D#AF060801
(1786378790.965452) can0 39D#B0070801
(1786378791.005447) can0 39D#B1080801
(1786378791.045482) can0 33D#0000FFFFFFFFFFFF
(1786378791.045881) can0 39D#B2090801
(1786378791.085502) can0 39D#B30A0801
(1786378791.125430) can0 33D#0000FFFFFFFFFFFF
(1786378791.145680) can0 39D#B40B0801
(1786378791.165451) can0 39D#B50C0801
(1786378791.205445) can0 39D#B60D0801
(1786378791.245416) can0 33D#0000FFFFFFFFFFFF
(1786378791.245728) can0 39D#B70E0801
(1786378791.285386) can0 39D#B80F0801
(1786378791.325583) can0 35D#0655556555555559
(1786378791.325985) can0 33D#0000FFFFFFFFFFFF
(1786378791.345651) can0 39D#A9000801
(1786378791.365497) can0 39D#AA010801
(1786378791.405489) can0 39D#AB020801
(1786378791.445460) can0 33D#0000FFFFFFFFFFFF
(1786378791.445832) can0 39D#AC030801
(1786378791.485503) can0 39D#AD040801
(1786378791.525398) can0 33D#0000FFFFFFFFFFFF
(1786378791.545554) can0 39D#AE050801
(1786378791.565462) can0 39D#AF060801
(1786378791.605417) can0 39D#B0070801
(1786378791.645371) can0 33D#0000FFFFFFFFFFFF
(1786378791.645765) can0 39D#B1080801
(1786378791.685443) can0 39D#B2090801
(1786378791.725390) can0 33D#0000FFFFFFFFFFFF
(1786378791.745589) can0 39D#B30A0801
(1786378791.765457) can0 39D#B40B0801
(1786378791.805445) can0 39D#B50C0801
(1786378791.845457) can0 33D#0000FFFFFFFFFFFF
(1786378791.845716) can0 39D#B60D0801
(1786378791.885458) can0 39D#B70E0801
(1786378791.925393) can0 33D#0000FFFFFFFFFFFF
(1786378791.945628) can0 39D#B80F0801
(1786378791.965459) can0 39D#A9000801
(1786378792.005542) can0 39D#AA010801
(1786378792.045533) can0 33D#0000FFFFFFFFFFFF
(1786378792.045952) can0 39D#AB020801
(1786378792.085420) can0 39D#AC030801
(1786378792.125454) can0 33D#0000FFFFFFFFFFFF
(1786378792.145600) can0 39D#AD040801
(1786378792.165484) can0 39D#AE050801
(1786378792.205520) can0 39D#AF060801
(1786378792.245454) can0 33D#0000FFFFFFFFFFFF
(1786378792.245849) can0 39D#B0070801
(1786378792.285456) can0 39D#B1080801
(1786378792.325494) can0 35D#07555595552A0000
(1786378792.325947) can0 32D#0D0000008D792021
(1786378792.326405) can0 33D#0000FFFFFFFFFFFF
(1786378792.345660) can0 39D#B2090801
(1786378792.365476) can0 39D#B30A0801
(1786378792.405386) can0 39D#B40B0801
(1786378792.445497) can0 33D#0000FFFFFFFFFFFF
(1786378792.445880) can0 39D#B50C0801
(1786378792.485443) can0 39D#B60D0801
(1786378792.525486) can0 33D#0000FFFFFFFFFFFF
(1786378792.545560) can0 39D#B70E0801
(1786378792.565508) can0 39D#B80F0801
(1786378792.605545) can0 39D#A9000801
(1786378792.645520) can0 33D#0000FFFFFFFFFFFF
(1786378792.645892) can0 39D#AA010801
(1786378792.685432) can0 39D#AB020801
(1786378792.725396) can0 33D#0000FFFFFFFFFFFF
(1786378792.745609) can0 39D#AC030801
(1786378792.765482) can0 39D#AD040801
(1786378792.805581) can0 39D#AE050801
(1786378792.845429) can0 33D#0000FFFFFFFFFFFF
(1786378792.845750) can0 39D#AF060801
(1786378792.885507) can0 39D#B0070801
(1786378792.925430) can0 33D#0000FFFFFFFFFFFF
(1786378793.005249) can0 39D#B1080801
(1786378793.015672) can0 39D#B2090801
(1786378793.016894) can0 39D#B30A0801
(1786378793.045407) can0 33D#0000FFFFFFFFFFFF
(1786378793.045730) can0 39D#B40B0801
(1786378793.085470) can0 39D#B50C0801
(1786378793.125533) can0 33D#0000FFFFFFFFFFFF
(1786378793.145569) can0 39D#B60D0801
(1786378793.165427) can0 39D#B70E0801
(1786378793.205461) can0 39D#B80F0801
(1786378793.245525) can0 33D#0000FFFFFFFFFFFF
(1786378793.245926) can0 39D#A9000801
(1786378793.285531) can0 39D#AA010801
(1786378793.325400) can0 35D#0055555555555555
(1786378793.325725) can0 33D#0000FFFFFFFFFFFF
(1786378793.345565) can0 39D#AB020801
(1786378793.365351) can0 39D#AC030801
(1786378793.405468) can0 39D#AD040801
(1786378793.445411) can0 33D#0000FFFFFFFFFFFF
(1786378793.445725) can0 39D#AE050801
(1786378793.485461) can0 39D#AF060801
(1786378793.525458) can0 33D#0000FFFFFFFFFFFF
(1786378793.545750) can0 39D#B0070801
(1786378793.565441) can0 39D#B1080801
(1786378793.605446) can0 39D#B2090801
(1786378793.645342) can0 33D#0000FFFFFFFFFFFF
(1786378793.645625) can0 39D#B30A0801
(1786378793.685461) can0 39D#B40B0801
(1786378793.725433) can0 33D#0000FFFFFFFFFFFF
(1786378793.745537) can0 39D#B50C0801
(1786378793.765451) can0 39D#B60D0801
(1786378793.805493) can0 39D#B70E0801
(1786378793.845580) can0 33D#0000FFFFFFFFFFFF
(1786378793.845948) can0 39D#B80F0801
(1786378793.885468) can0 39D#A9000801
(1786378793.925575) can0 33D#0000FFFFFFFFFFFF
(1786378793.945632) can0 39D#AA010801
(1786378793.965433) can0 39D#AB020801
(1786378794.005473) can0 39D#AC030801
(1786378794.045456) can0 33D#0000FFFFFFFFFFFF
(1786378794.045774) can0 39D#AD040801
(1786378794.085406) can0 39D#AE050801
(1786378794.125428) can0 33D#0000FFFFFFFFFFFF
(1786378794.145565) can0 39D#AF060801
(1786378794.165425) can0 39D#B0070801
(1786378794.205443) can0 39D#B1080801
(1786378794.245497) can0 33D#0000FFFFFFFFFFFF
(1786378794.245881) can0 39D#B2090801
(1786378794.285538) can0 39D#B30A0801
(1786378794.325590) can0 35D#0155555555555555
(1786378794.326017) can0 32D#1405000060FCB070
(1786378794.326387) can0 33D#0000FFFFFFFFFFFF
(1786378794.345562) can0 39D#B40B0801
(1786378794.365566) can0 39D#B50C0801
(1786378794.405493) can0 39D#B60D0801
(1786378794.445450) can0 33D#0000FFFFFFFFFFFF
(1786378794.445836) can0 39D#B70E0801
(1786378794.485514) can0 39D#B80F0801
(1786378794.525589) can0 33D#0000FFFFFFFFFFFF
(1786378794.545669) can0 39D#A9000801
(1786378794.565523) can0 39D#AA010801
(1786378794.605484) can0 39D#AB020801
(1786378794.645455) can0 33D#0000FFFFFFFFFFFF
(1786378794.645792) can0 39D#AC030801
(1786378794.685495) can0 39D#AD040801
(1786378794.725381) can0 33D#0000FFFFFFFFFFFF
(1786378794.745586) can0 39D#AE050801
(1786378794.765485) can0 39D#AF060801
(1786378794.805452) can0 39D#B0070801
(1786378794.845472) can0 33D#0000FFFFFFFFFFFF
(1786378794.845850) can0 39D#B1080801
(1786378794.885512) can0 39D#B2090801
(1786378794.925526) can0 33D#0000FFFFFFFFFFFF
(1786378794.945499) can0 39D#B30A0801
(1786378794.965504) can0 39D#B40B0801
(1786378795.005554) can0 39D#B50C0801
(1786378795.045460) can0 33D#0000FFFFFFFFFFFF
(1786378795.045798) can0 39D#B60D0801
(1786378795.085408) can0 39D#B70E0801
(1786378795.125465) can0 33D#0000FFFFFFFFFFFF
(1786378795.145629) can0 39D#B80F0801
(1786378795.165467) can0 39D#A9000801
(1786378795.205471) can0 39D#AA010801
(1786378795.245478) can0 33D#0000FFFFFFFFFFFF
(1786378795.245892) can0 39D#AB020801
(1786378795.285535) can0 39D#AC030801
(1786378795.325519) can0 35D#0256555555555555
(1786378795.325942) can0 33D#0000FFFFFFFFFFFF
(1786378795.345623) can0 39D#AD040801
(1786378795.365396) can0 39D#AE050801
(1786378795.405514) can0 39D#AF060801
(1786378795.445548) can0 33D#0000FFFFFFFFFFFF
(1786378795.446020) can0 39D#B0070801
(1786378795.485489) can0 39D#B1080801
(1786378795.525519) can0 33D#0000FFFFFFFFFFFF
(1786378795.545646) can0 39D#B2090801
(1786378795.565473) can0 39D#B30A0801
(1786378795.605566) can0 39D#B40B0801
(1786378795.645562) can0 33D#0000FFFFFFFFFFFF
(1786378795.645991) can0 39D#B50C0801
(1786378795.685468) can0 39D#B60D0801
(1786378795.725503) can0 33D#0000FFFFFFFFFFFF
(1786378795.745660) can0 39D#B70E0801
(1786378795.765440) can0 39D#B80F0801
(1786378795.805618) can0 39D#A9000801
(1786378795.845508) can0 33D#0000FFFFFFFFFFFF
(1786378795.846045) can0 39D#AA010801
(1786378795.885478) can0 39D#AB020801
(1786378795.925538) can0 33D#0000FFFFFFFFFFFF
(1786378795.945571) can0 39D#AC030801
(1786378795.965481) can0 39D#AD040801
(1786378796.005578) can0 39D#AE050801
(1786378796.045567) can0 33D#0000FFFFFFFFFFFF
(1786378796.046020) can0 39D#AF060801
(1786378796.085616) can0 39D#B0070801
(1786378796.125465) can0 33D#0000FFFFFFFFFFFF
(1786378796.145620) can0 39D#B1080801
(1786378796.165440) can0 39D#B2090801
(1786378796.205517) can0 39D#B30A0801
(1786378796.245498) can0 33D#0000FFFFFFFFFFFF
(1786378796.245911) can0 39D#B40B0801
(1786378796.285473) can0 39D#B50C0801
(1786378796.325559) can0 35D#0355555555555555
(1786378796.325993) can0 32D#16000000E4ACA32F
(1786378796.326372) can0 33D#0000FFFFFFFFFFFF
(1786378796.345627) can0 39D#B60D0801
(1786378796.365528) can0 39D#B70E0801
(1786378796.405525) can0 39D#B80F0801
(1786378796.445565) can0 33D#0000FFFFFFFFFFFF
(1786378796.446070) can0 39D#A9000801
(1786378796.485532) can0 39D#AA010801
(1786378796.525540) can0 33D#0000FFFFFFFFFFFF
(1786378796.545589) can0 39D#AB020801
(1786378796.565509) can0 39D#AC030801
(1786378796.605591) can0 39D#AD040801
(1786378796.645518) can0 33D#0000FFFFFFFFFFFF
(1786378796.645924) can0 39D#AE050801
(1786378796.685538) can0 39D#AF060801
(1786378796.725532) can0 33D#0000FFFFFFFFFFFF
(1786378796.745579) can0 39D#B0070801
(1786378796.765460) can0 39D#B1080801
(1786378796.805504) can0 39D#B2090801
(1786378796.845459) can0 33D#0000FFFFFFFFFFFF
(1786378796.845777) can0 39D#B30A0801
(1786378796.885521) can0 39D#B40B0801
(1786378796.925468) can0 33D#0000FFFFFFFFFFFF
(1786378796.945603) can0 39D#B50C0801
(1786378796.965439) can0 39D#B60D0801
(1786378797.005462) can0 39D#B70E0801
(1786378797.045549) can0 33D#0000FFFFFFFFFFFF
(1786378797.045926) can0 39D#B80F0801
(1786378797.085594) can0 39D#A9000801
(1786378797.125469) can0 33D#0000FFFFFFFFFFFF
(1786378797.145543) can0 39D#AA010801
(1786378797.165433) can0 39D#AB020801
(1786378797.205514) can0 39D#AC030801
(1786378797.245506) can0 33D#0000FFFFFFFFFFFF
(1786378797.245921) can0 39D#AD040801
(1786378797.285470) can0 39D#AE050801
(1786378797.325448) can0 35D#0455555555555555
(1786378797.325873) can0 33D#0000FFFFFFFFFFFF
(1786378797.345592) can0 39D#AF060801
(1786378797.365417) can0 39D#B0070801
(1786378797.405410) can0 39D#B1080801
(1786378797.445463) can0 33D#0000FFFFFFFFFFFF
(1786378797.445787) can0 39D#B2090801
(1786378797.485408) can0 39D#B30A0801
(1786378797.525507) can0 33D#0000FFFFFFFFFFFF
(1786378797.545642) can0 39D#B40B0801
(1786378797.565410) can0 39D#B50C0801
(1786378797.605424) can0 39D#B60D0801
(1786378797.645349) can0 33D#0000FFFFFFFFFFFF
(1786378797.645688) can0 39D#B70E0801
(1786378797.685408) can0 39D#B80F0801
(1786378797.725455) can0 33D#0000FFFFFFFFFFFF
(1786378797.745613) can0 39D#A9000801
(1786378797.765502) can0 39D#AA010801
(1786378797.805480) can0 39D#AB020801
(1786378797.845501) can0 33D#0000FFFFFFFFFFFF
(1786378797.845837) can0 39D#AC030801
(1786378797.885507) can0 39D#AD040801
(1786378797.925427) can0 33D#0000FFFFFFFFFFFF
(1786378797.945615) can0 39D#AE050801
(1786378797.965563) can0 39D#AF060801
(1786378798.005535) can0 39D#B0070801
(1786378798.045467) can0 33D#0000FFFFFFFFFFFF
(1786378798.045872) can0 39D#B1080801
(1786378798.085436) can0 39D#B2090801
(1786378798.125380) can0 33D#0000FFFFFFFFFFFF
(1786378798.145677) can0 39D#B30A0801
(1786378798.165418) can0 39D#B40B0801
(1786378798.205455) can0 39D#B50C0801
(1786378798.245533) can0 33D#0000FFFFFFFFFFFF
(1786378798.246064) can0 39D#B60D0801
(1786378798.285513) can0 39D#B70E0801
(1786378798.325389) can0 35D#0555555555555555
(1786378798.325633) can0 32D#0A01000000007000
(1786378798.325817) can0 33D#0000FFFFFFFFFFFF
(1786378798.345589) can0 39D#B80F0801
(1786378798.365574) can0 39D#A9000801
(1786378798.405484) can0 39D#AA010801
(1786378798.445546) can0 33D#0000FFFFFFFFFFFF
(1786378798.445955) can0 39D#AB020801
(1786378798.485455) can0 39D#AC030801
(1786378798.525443) can0 33D#0000FFFFFFFFFFFF
(1786378798.545646) can0 39D#AD040801
(1786378798.565470) can0 39D#AE050801
(1786378798.605444) can0 39D#AF060801
(1786378798.645523) can0 33D#0000FFFFFFFFFFFF
(1786378798.645826) can0 39D#B0070801
(1786378798.685440) can0 39D#B1080801
(1786378798.725426) can0 33D#0000FFFFFFFFFFFF
(1786378798.745596) can0 39D#B2090801
(1786378798.765480) can0 39D#B30A0801
(1786378798.805432) can0 39D#B40B0801
(1786378798.845444) can0 33D#0000FFFFFFFFFFFF
(1786378798.845801) can0 39D#B50C0801
(1786378798.885523) can0 39D#B60D0801
(1786378798.925515) can0 33D#0000FFFFFFFFFFFF
(1786378798.945703) can0 39D#B70E0801
(1786378798.965446) can0 39D#B80F0801
(1786378799.005501) can0 39D#A9000801
(1786378799.045504) can0 33D#0000FFFFFFFFFFFF
(1786378799.045973) can0 39D#AA010801
(1786378799.085547) can0 39D#AB020801
(1786378799.125392) can0 33D#0000FFFFFFFFFFFF
(1786378799.145614) can0 39D#AC030801
(1786378799.165447) can0 39D#AD040801
(1786378799.205462) can0 39D#AE050801
