(1786378656.304280) can0 38E#3A21004001000000
(1786378656.334765) can0 38E#DD22004001000000
(1786378656.344806) can0 38F#E121405502000000
(1786378656.345167) can0 38E#8023004001000000
(1786378656.354814) can0 38E#3F24005501000000
(1786378656.364694) can0 38F#0622405502000000
(1786378656.364913) can0 38E#DC25005601000000
(1786378656.374663) can0 38E#3B26005601000000
(1786378656.384802) can0 38F#5B23405502000000
(1786378656.385131) can0 38E#6627005601000000
(1786378656.394764) can0 38E#3A28005601000000
(1786378656.404751) can0 38F#D524405502000000
(1786378656.405008) can0 38E#6729005601000000
(1786378656.414781) can0 38E#3E2A005501000000
(1786378656.424636) can0 38F#8825405502000000
(1786378656.424911) can0 38E#DD2B005601000000
(1786378656.434745) can0 38E#532C005601000000
(1786378656.444655) can0 38F#6F26405502000000
(1786378656.444954) can0 38E#0E2D005601000000
(1786378656.454686) can0 38E#E92E005601000000
(1786378656.464795) can0 38F#3227405502000000
(1786378656.465092) can0 38E#B42F005601000000
(1786378656.474626) can0 38E#E820005601000000
(1786378656.484681) can0 38F#6E28405502000000
(1786378656.485013) can0 38E#B521005601000000
(1786378656.494846) can0 38E#5222005601000000
(1786378656.504743) can0 38F#3329405502000000
(1786378656.505092) can0 38E#B123005501000000
(1786378656.514722) can0 38E#8124005601000000
(1786378656.524682) can0 38F#D42A405502000000
(1786378656.524965) can0 38E#DC25005601000000
(1786378656.534707) can0 38E#3B26005601000000
(1786378656.544745) can0 38F#892B405502000000
(1786378656.545057) can0 38E#6627005601000000
(1786378656.554668) can0 38E#3A28005601000000
(1786378656.564706) can0 38F#072C405502000000
(1786378656.565075) can0 38E#6729005601000000
(1786378656.574714) can0 38E#802A005601000000
(1786378656.584720) can0 38F#5A2D405502000000
(1786378656.585098) can0 38E#DD2B005601000000
(1786378656.594690) can0 38E#532C005601000000
(1786378656.604615) can0 38F#BD2E405502000000
(1786378656.604901) can0 38E#0E2D005601000000
(1786378656.614748) can0 38E#E92E005601000000
(1786378656.624579) can0 38F#E02F405502000000
(1786378656.624872) can0 38E#B42F005601000000
(1786378656.634728) can0 38E#5620005501000000
(1786378656.644651) can0 38F#BC20405502000000
(1786378656.644973) can0 38E#B521005601000000
(1786378656.654712) can0 38E#5222005601000000
(1786378656.664800) can0 38F#E121405502000000
(1786378656.665346) can0 38E#0F23005601000000
(1786378656.674657) can0 38E#8124005601000000
(1786378656.684776) can0 38F#0622405502000000
(1786378656.685003) can0 38E#DC25005601000000
(1786378656.694647) can0 38E#3B26005601000000
(1786378656.704711) can0 38F#5B23405502000000
(1786378656.705098) can0 38E#6627005601000000
(1786378656.714661) can0 38E#3A28005601000000
(1786378656.724694) can0 38F#D524405502000000
(1786378656.724977) can0 38E#6729005601000000
(1786378656.734704) can0 38E#802A005601000000
(1786378656.744685) can0 38F#8825405502000000
(1786378656.744933) can0 38E#DD2B005601000000
(1786378656.754714) can0 38E#ED2C005501000000
(1786378656.764675) can0 38F#6F26405502000000
(1786378656.764948) can0 38E#0E2D005601000000
(1786378656.774719) can0 38E#E92E005601000000
(1786378656.784659) can0 38F#3227405502000000
(1786378656.784905) can0 38E#B42F005601000000
(1786378656.794648) can0 38E#E820005601000000
(1786378656.804678) can0 38F#6E28405502000000
(1786378656.804913) can0 38E#B521005601000000
(1786378656.814707) can0 38E#5222005601000000
(1786378656.824623) can0 38F#3329405502000000
(1786378656.824878) can0 38E#0F23005601000000
(1786378656.834691) can0 38E#8124005601000000
(1786378656.844627) can0 38F#D42A405502000000
(1786378656.844904) can0 38E#DC25005601000000
(1786378656.854666) can0 38E#3B26005601000000
(1786378656.864758) can0 38F#892B405502000000
(1786378656.865027) can0 38E#6627005601000000
(1786378656.874703) can0 38E#3A28005601000000
(1786378656.884694) can0 38F#072C405502000000
(1786378656.885042) can0 38E#6729005601000000
(1786378656.894808) can0 38E#802A005601000000
(1786378656.904698) can0 38F#5A2D405502000000
(1786378656.905004) can0 38E#DD2B005601000000
(1786378656.914740) can0 38E#532C005601000000
(1786378656.924713) can0 38F#BD2E405502000000
(1786378656.924938) can0 38E#0E2D005601000000
(1786378656.934790) can0 38E#E92E005601000000
(1786378656.944790) can0 38F#E02F405502000000
(1786378656.945101) can0 38E#B42F005601000000
(1786378656.954722) can0 38E#E820005601000000
(1786378656.964718) can0 38F#BC20405502000000
(1786378656.965008) can0 38E#B521005601000000
(1786378656.974807) can0 38E#5222005601000000
(1786378656.984805) can0 38F#E121405502000000
(1786378656.985103) can0 38E#6523005701000000
(1786378656.994809) can0 38E#8124005601000000
(1786378657.004753) can0 38F#0622405502000000
(1786378657.005005) can0 38E#DC25005601000000
(1786378657.014771) can0 38E#3B26005601000000
(1786378657.024733) can0 38F#5B23405502000000
(1786378657.025019) can0 38E#6627005601000000
(1786378657.034774) can0 38E#3A28005601000000
(1786378657.044806) can0 38F#D524405502000000
(1786378657.045200) can0 38E#6729005601000000
(1786378657.054711) can0 38E#802A005601000000
(1786378657.064794) can0 38F#8825405502000000
(1786378657.065112) can0 38E#DD2B005601000000
(1786378657.074717) can0 38E#532C005601000000
(1786378657.084786) can0 38F#6F26405502000000
(1786378657.084986) can0 38E#0E2D005601000000
(1786378657.095224) can0 38E#832E005701000000
(1786378657.105141) can0 38F#3227405502000000
(1786378657.105412) can0 38E#DE2F005701000000
(1786378657.114918) can0 38E#E820005601000000
(1786378657.124753) can0 38F#6E28405502000000
(1786378657.125137) can0 38E#DF21005701000000
(1786378657.134838) can0 38E#5222005601000000
(1786378657.144820) can0 38F#3329405502000000
(1786378657.145085) can0 38E#6523005701000000
(1786378657.154825) can0 38E#EB24005701000000
(1786378657.164732) can0 38F#D42A405502000000
(1786378657.165104) can0 38E#B625005701000000
(1786378657.174744) can0 38E#5126005701000000
(1786378657.184829) can0 38F#892B405502000000
(1786378657.185154) can0 38E#0C27005701000000
(1786378657.194817) can0 38E#5028005701000000
(1786378657.204734) can0 38F#072C405502000000
(1786378657.205149) can0 38E#0D29005701000000
(1786378657.214753) can0 38E#EA2A005701000000
(1786378657.224745) can0 38F#5A2D405502000000
(1786378657.225057) can0 38E#B72B005701000000
(1786378657.234829) can0 38E#392C005701000000
(1786378657.244801) can0 38F#BD2E405502000000
(1786378657.245103) can0 38E#642D005701000000
(1786378657.254806) can0 38E#832E005701000000
(1786378657.264843) can0 38F#E02F405502000000
(1786378657.265290) can0 38E#DE2F005701000000
(1786378657.274693) can0 38E#8220005701000000
(1786378657.284776) can0 38F#BC20405502000000
(1786378657.285141) can0 38E#DF21005701000000
(1786378657.294822) can0 38E#3822005701000000
(1786378657.304791) can0 38F#E121405502000000
(1786378657.305182) can0 38E#6523005701000000
(1786378657.314804) can0 38E#EB24005701000000
(1786378657.324807) can0 38F#0622405502000000
(1786378657.325298) can0 38E#B625005701000000
(1786378657.334780) can0 38E#5126005701000000
(1786378657.344752) can0 38F#5B23405502000000
(1786378657.345074) can0 38E#0C27005701000000
(1786378657.354844) can0 38E#5028005701000000
(1786378657.364795) can0 38F#D524405502000000
(1786378657.365106) can0 38E#0D29005701000000
(1786378657.374816) can0 38E#EA2A005701000000
(1786378657.384790) can0 38F#8825405502000000
(1786378657.385216) can0 38E#B72B005701000000
(1786378657.394850) can0 38E#392C005701000000
(1786378657.404840) can0 38F#6F26405502000000
(1786378657.405250) can0 38E#642D005701000000
(1786378657.414837) can0 38E#832E005701000000
(1786378657.424835) can0 38F#3227405502000000
(1786378657.425180) can0 38E#DE2F005701000000
(1786378657.434815) can0 38E#8220005701000000
(1786378657.444799) can0 38F#6E28405502000000
(1786378657.445123) can0 38E#B521005601000000
(1786378657.454760) can0 38E#5222005601000000
(1786378657.464787) can0 38F#3329405502000000
(1786378657.465078) can0 38E#0F23005601000000
(1786378657.474846) can0 38E#8124005601000000
(1786378657.484739) can0 38F#D42A405502000000
(1786378657.485061) can0 38E#DC25005601000000
(1786378657.494761) can0 38E#3B26005601000000
(1786378657.504822) can0 38F#892B405502000000
(1786378657.505181) can0 38E#6627005601000000
(1786378657.514802) can0 38E#3A28005601000000
(1786378657.525027) can0 38F#072C405502000000
(1786378657.525301) can0 38E#6729005601000000
(1786378657.534811) can0 38E#802A005601000000
(1786378657.544835) can0 38F#5A2D405502000000
(1786378657.545073) can0 38E#DD2B005601000000
(1786378657.554740) can0 38E#532C005601000000
(1786378657.564739) can0 38F#BD2E405502000000
(1786378657.565042) can0 38E#0E2D005601000000
(1786378657.574751) can0 38E#E92E005601000000
(1786378657.584822) can0 38F#E02F405502000000
(1786378657.585121) can0 38E#B42F005601000000
(1786378657.594837) can0 38E#E820005601000000
(1786378657.604819) can0 38F#BC20405502000000
(1786378657.605205) can0 38E#B521005601000000
(1786378657.614799) can0 38E#5222005601000000
(1786378657.624807) can0 38F#E121405502000000
(1786378657.625087) can0 38E#0F23005601000000
(1786378657.634850) can0 38E#8124005601000000
(1786378657.644751) can0 38F#0622405502000000
(1786378657.644987) can0 38E#DC25005601000000
(1786378657.654734) can0 38E#3B26005601000000
(1786378657.664831) can0 38F#5B23405502000000
(1786378657.665197) can0 38E#6627005601000000
(1786378657.674808) can0 38E#3A28005601000000
(1786378657.684817) can0 38F#D524405502000000
(1786378657.685211) can0 38E#6729005601000000
(1786378657.694811) can0 38E#802A005601000000
(1786378657.704755) can0 38F#8825405502000000
(1786378657.705072) can0 38E#DD2B005601000000
(1786378657.714768) can0 38E#532C005601000000
(1786378657.724786) can0 38F#6F26405502000000
(1786378657.725057) can0 38E#0E2D005601000000
(1786378657.734768) can0 38E#E92E005601000000
(1786378657.744805) can0 38F#3227405502000000
(1786378657.745048) can0 38E#912F005611000000
(1786378657.754761) can0 38E#CD20005611000000
(1786378657.764702) can0 38F#E228425502000000
(1786378657.764943) can0 38E#2E21005511000000
(1786378657.774682) can0 38E#7722005611000000
(1786378657.784800) can0 38F#BF29425502000000
(1786378657.785063) can0 38E#2A23005611000000
(1786378657.794898) can0 38E#A424005611000000
(1786378657.804804) can0 38F#582A425502000000
(1786378657.805094) can0 38E#F925005611000000
(1786378657.814792) can0 38E#1E26005611000000
(1786378657.824751) can0 38F#052B425502000000
(1786378657.824983) can0 38E#4327005611000000
(1786378657.835158) can0 38E#1F28005611000000
(1786378657.844805) can0 38F#8B2C425502000000
(1786378657.845057) can0 38E#4229005611000000
(1786378657.854787) can0 38E#A52A005611000000
(1786378657.864815) can0 38F#D62D425502000000
(1786378657.865101) can0 38E#F82B005611000000
(1786378657.874787) can0 38E#762C005611000000
(1786378657.884802) can0 38F#312E425502000000
(1786378657.885092) can0 38E#2B2D005611000000
(1786378657.894850) can0 38E#CC2E005611000000
(1786378657.905152) can0 38F#6C2F425502000000
(1786378657.905386) can0 38E#912F005611000000
(1786378657.914793) can0 38E#CD20005611000000
(1786378657.924809) can0 38F#3020425502000000
(1786378657.925173) can0 38E#9021005611000000
(1786378657.935277) can0 38E#7722005611000000
(1786378657.944864) can0 38F#6D21425502000000
(1786378657.945193) can0 38E#2A23005611000000
(1786378657.955101) can0 38E#A424005611000000
(1786378657.964806) can0 38F#8A22425502000000
(1786378657.965082) can0 38E#F925005611000000
(1786378657.975160) can0 38E#1E26005611000000
(1786378657.984817) can0 38F#D723425502000000
(1786378657.985238) can0 38E#4327005611000000
(1786378657.994850) can0 38E#1F28005611000000
(1786378658.004837) can0 38F#5924425502000000
(1786378658.005231) can0 38E#4229005611000000
(1786378658.014929) can0 38E#A52A005611000000
(1786378658.024830) can0 38F#0425425502000000
(1786378658.025103) can0 38E#F82B005611000000
(1786378658.034876) can0 38E#762C005611000000
(1786378658.044869) can0 38F#E326425502000000
(1786378658.045267) can0 38E#2B2D005611000000
(1786378658.055133) can0 38E#CC2E005611000000
(1786378658.064825) can0 38F#BE27425502000000
(1786378658.065132) can0 38E#912F005611000000
(1786378658.074744) can0 38E#CD20005611000000
(1786378658.084805) can0 38F#E228425502000000
(1786378658.085083) can0 38E#9021005611000000
(1786378658.094824) can0 38E#7722005611000000
(1786378658.105132) can0 38F#BF29425502000000
(1786378658.105433) can0 38E#2A23005611000000
(1786378658.115139) can0 38E#A424005611000000
(1786378658.124775) can0 38F#582A425502000000
(1786378658.125132) can0 38E#F925005611000000
(1786378658.134824) can0 38E#1E26005611000000
(1786378658.144867) can0 38F#052B425502000000
(1786378658.145119) can0 38E#5527005811000000
(1786378658.155091) can0 38E#6328005911000000
(1786378658.164757) can0 38F#8B2C425502000000
(1786378658.164981) can0 38E#3E29005911000000
(1786378658.174856) can0 38E#D92A005911000000
(1786378658.184851) can0 38F#D62D425502000000
(1786378658.185153) can0 38E#EE2B005811000000
(1786378658.194795) can0 38E#1C2C005711000000
(1786378658.204775) can0 38F#312E425502000000
(1786378658.205059) can0 38E#412D005711000000
(1786378658.214874) can0 38E#A62E005711000000
(1786378658.224819) can0 38F#6C2F425502000000
(1786378658.225101) can0 38E#FB2F005711000000
(1786378658.234841) can0 38E#CD20005611000000
(1786378658.244731) can0 38F#3020425502000000
(1786378658.245065) can0 38E#9021005611000000
(1786378658.254771) can0 38E#1D22005711000000
(1786378658.264865) can0 38F#6D21425502000000
(1786378658.265132) can0 38E#4023005711000000
(1786378658.274869) can0 38E#CE24005711000000
(1786378658.284820) can0 38F#8A22425502000000
(1786378658.285076) can0 38E#9325005711000000
(1786378658.294788) can0 38E#7426005711000000
(1786378658.304787) can0 38F#D723425502000000
(1786378658.305074) can0 38E#2927005711000000
(1786378658.314850) can0 38E#1F28005611000000
(1786378658.324802) can0 38F#5924425502000000
(1786378658.325075) can0 38E#2829005711000000
(1786378658.334830) can0 38E#CF2A005711000000
(1786378658.344771) can0 38F#0425425502000000
(1786378658.345082) can0 38E#922B005711000000
(1786378658.354823) can0 38E#762C005611000000
(1786378658.364743) can0 38F#E326425502000000
(1786378658.365042) can0 38E#2B2D005611000000
(1786378658.374753) can0 38E#A62E005711000000
(1786378658.384821) can0 38F#BE27425502000000
(1786378658.385096) can0 38E#912F005611000000
(1786378658.394898) can0 38E#A720005711000000
(1786378658.404834) can0 38F#E228425502000000
(1786378658.405155) can0 38E#FA21005711000000
(1786378658.414739) can0 38E#1D22005711000000
(1786378658.424856) can0 38F#BF29425502000000
(1786378658.425188) can0 38E#2A23005611000000
(1786378658.434802) can0 38E#CE24005711000000
(1786378658.444848) can0 38F#702A625502000000
(1786378658.445138) can0 38E#F925005611000000
(1786378658.454804) can0 38E#1E26005611000000
(1786378658.464829) can0 38F#EC2BE25302000000
(1786378658.465107) can0 38E#4327005611000000
(1786378658.474796) can0 38E#1F28005611000000
(1786378658.484915) can0 38F#622CE25302000000
(1786378658.485298) can0 38E#4229005611000000
(1786378658.494794) can0 38E#A52A005611000000
(1786378658.504767) can0 38F#3F2DE25302000000
(1786378658.505032) can0 38E#F82B005611000000
(1786378658.514809) can0 38E#1C2C005711000000
(1786378658.524835) can0 38F#D82EE25302000000
(1786378658.525155) can0 38E#412D005711000000
(1786378658.534816) can0 38E#CC2E005611000000
(1786378658.544856) can0 38F#852FE25302000000
(1786378658.545118) can0 38E#FB2F005711000000
(1786378658.554730) can0 38E#A720005711000000
(1786378658.564726) can0 38F#D920E25302000000
(1786378658.565017) can0 38E#9021005611000000
(1786378658.574699) can0 38E#1D22005711000000
(1786378658.584933) can0 38F#8421E25302000000
(1786378658.585342) can0 38E#4023005711000000
(1786378658.594795) can0 38E#A424005611000000
(1786378658.604817) can0 38F#6322E25302000000
(1786378658.605164) can0 38E#9325005711000000
(1786378658.614791) can0 38E#7426005711000000
(1786378658.624696) can0 38F#3E23E25302000000
(1786378658.625000) can0 38E#4327005611000000
(1786378658.634732) can0 38E#1F28005611000000
(1786378658.644799) can0 38F#B024E25302000000
(1786378658.645121) can0 38E#2829005711000000
(1786378658.654752) can0 38E#A52A005611000000
(1786378658.664875) can0 38F#ED25E25302000000
(1786378658.665287) can0 38E#F82B005611000000
(1786378658.674678) can0 38E#1C2C005711000000
(1786378658.684903) can0 38F#0A26E25302000000
(1786378658.685260) can0 38E#2B2D005611000000
(1786378658.694876) can0 38E#A62E005711000000
(1786378658.704875) can0 38F#5727E25302000000
(1786378658.705282) can0 38E#912F005611000000
(1786378658.714841) can0 38E#CD20005611000000
(1786378658.724685) can0 38F#0B28E25302000000
(1786378658.724989) can0 38E#9021005611000000
(1786378658.734810) can0 38E#7722005611000000
(1786378658.744787) can0 38F#5629E25302000000
(1786378658.745072) can0 38E#2A23005611000000
(1786378658.754757) can0 38E#CE24005711000000
(1786378658.764767) can0 38F#B12AE25302000000
(1786378658.765013) can0 38E#9325005711000000
(1786378658.774663) can0 38E#1E26005611000000
(1786378658.784796) can0 38F#EC2BE25302000000
(1786378658.785043) can0 38E#2927005711000000
(1786378658.794825) can0 38E#1F28005611000000
(1786378658.804719) can0 38F#622CE25302000000
(1786378658.804955) can0 38E#4229005611000000
(1786378658.814819) can0 38E#CF2A005711000000
(1786378658.824785) can0 38F#3F2DE25302000000
(1786378658.825115) can0 38E#922B005711000000
(1786378658.834839) can0 38E#762C005611000000
(1786378658.844660) can0 38F#D82EE25302000000
(1786378658.844926) can0 38E#412D005711000000
(1786378658.899068) can0 38E#A62E005711000000
(1786378658.943411) can0 38F#852FE25302000000
(1786378658.943866) can0 38E#FB2F005711000000
(1786378658.944243) can0 38E#CD20005611000000
(1786378658.944529) can0 38F#D920E25302000000
(1786378658.944783) can0 38E#FA21005711000000
(1786378658.945059) can0 38E#1D22005711000000
(1786378658.945359) can0 38F#8421E25302000000
(1786378658.945609) can0 38E#4023005711000000
(1786378658.945852) can0 38E#CE24005711000000
(1786378658.946127) can0 38F#6322E25302000000
(1786378658.946400) can0 38E#F925005611000000
(1786378658.946646) can0 38E#1E26005611000000
(1786378658.946857) can0 38F#3E23E25302000000
(1786378658.947032) can0 38E#4327005611000000
(1786378658.954771) can0 38E#1F28005611000000
(1786378658.970004) can0 38F#B024E25302000000
(1786378658.970327) can0 38E#2829005711000000
(1786378658.974932) can0 38E#A52A005611000000
(1786378658.984791) can0 38F#ED25E25302000000
(1786378658.985076) can0 38E#F82B005611000000
(1786378658.994857) can0 38E#1C2C005711000000
(1786378659.004841) can0 38F#0A26E25302000000
(1786378659.005106) can0 38E#412D005711000000
(1786378659.014840) can0 38E#CC2E005611000000
(1786378659.024823) can0 38F#5727E25302000000
(1786378659.025067) can0 38E#912F005611000000
(1786378659.034842) can0 38E#A720005711000000
(1786378659.044779) can0 38F#0B28E25302000000
(1786378659.045109) can0 38E#9021005611000000
(1786378659.054757) can0 38E#7722005611000000
(1786378659.064777) can0 38F#5629E25302000000
(1786378659.065084) can0 38E#2A23005611000000
(1786378659.074831) can0 38E#CE24005711000000
(1786378659.084759) can0 38F#B12AE25302000000
(1786378659.085073) can0 38E#F925005611000000
(1786378659.094842) can0 38E#7426005711000000
(1786378659.104738) can0 38F#EC2BE25302000000
(1786378659.105025) can0 38E#2927005711000000
(1786378659.114781) can0 38E#1F28005611000000
(1786378659.124877) can0 38F#622CE25302000000
(1786378659.125172) can0 38E#4229005611000000
(1786378659.134819) can0 38E#CF2A005711000000
(1786378659.144774) can0 38F#3F2DE25302000000
(1786378659.145196) can0 38E#F82B005611000000
(1786378659.154737) can0 38E#1C2C005711000000
(1786378659.164760) can0 38F#D82EE25302000000
(1786378659.164970) can0 38E#412D005711000000
(1786378659.174781) can0 38E#CC2E005611000000
(1786378659.184782) can0 38F#852FE25302000000
(1786378659.185156) can0 38E#912F005611000000
(1786378659.194800) can0 38E#CD20005611000000
(1786378659.204770) can0 38F#D920E25302000000
(1786378659.205023) can0 38E#9021005611000000
(1786378659.214864) can0 38E#7722005611000000
(1786378659.224827) can0 38F#8421E25302000000
(1786378659.225127) can0 38E#4023005711000000
(1786378659.234762) can0 38E#CE24005711000000
(1786378659.244763) can0 38F#6322E25302000000
(1786378659.245051) can0 38E#F925005611000000
(1786378659.254821) can0 38E#7426005711000000
(1786378659.264851) can0 38F#3E23E25302000000
(1786378659.265298) can0 38E#4327005611000000
(1786378659.274767) can0 38E#7528005711000000
(1786378659.284748) can0 38F#B024E25302000000
(1786378659.285174) can0 38E#2829005711000000
(1786378659.294835) can0 38E#A52A005611000000
(1786378659.305300) can0 38F#ED25E25302000000
(1786378659.305542) can0 38E#F82B005611000000
(1786378659.314785) can0 38E#762C005611000000
(1786378659.324769) can0 38F#0A26E25302000000
(1786378659.325058) can0 38E#2B2D005611000000
(1786378659.334803) can0 38E#CC2E005611000000
(1786378659.344821) can0 38F#5727E25302000000
(1786378659.345042) can0 38E#912F005611000000
(1786378659.354760) can0 38E#CD20005611000000
(1786378659.364740) can0 38F#0B28E25302000000
(1786378659.365052) can0 38E#9021005611000000
(1786378659.374718) can0 38E#7722005611000000
(1786378659.384794) can0 38F#5629E25302000000
(1786378659.385123) can0 38E#2A23005611000000
(1786378659.394834) can0 38E#A424005611000000
(1786378659.404761) can0 38F#B12AE25302000000
(1786378659.405076) can0 38E#F925005611000000
(1786378659.414732) can0 38E#7426005711000000
(1786378659.424729) can0 38F#EC2BE25302000000
(1786378659.424987) can0 38E#4327005611000000
(1786378659.434829) can0 38E#1F28005611000000
(1786378659.444834) can0 38F#622CE25302000000
(1786378659.445139) can0 38E#4229005611000000
(1786378659.454838) can0 38E#A52A005611000000
(1786378659.464870) can0 38F#3F2DE25302000000
(1786378659.465328) can0 38E#922B005711000000
(1786378659.474750) can0 38E#1C2C005711000000
(1786378659.484708) can0 38F#D82EE25302000000
(1786378659.484980) can0 38E#412D005711000000
(1786378659.494769) can0 38E#CC2E005611000000
(1786378659.504854) can0 38F#852FE25302000000
(1786378659.505189) can0 38E#FB2F005711000000
(1786378659.514791) can0 38E#CD20005611000000
(1786378659.524794) can0 38F#D920E25302000000
(1786378659.525079) can0 38E#FA21005711000000
(1786378659.534823) can0 38E#7722005611000000
(1786378659.544796) can0 38F#8421E25302000000
(1786378659.545126) can0 38E#4023005711000000
(1786378659.554826) can0 38E#CE24005711000000
(1786378659.564751) can0 38F#6322E25302000000
(1786378659.565000) can0 38E#F925005611000000
(1786378659.574679) can0 38E#1E26005611000000
(1786378659.584795) can0 38F#3E23E25302000000
(1786378659.585036) can0 38E#2927005711000000
(1786378659.594828) can0 38E#1F28005611000000
(1786378659.604804) can0 38F#B024E25302000000
(1786378659.605093) can0 38E#2829005711000000
(1786378659.614778) can0 38E#CF2A005711000000
(1786378659.624770) can0 38F#ED25E25302000000
(1786378659.625040) can0 38E#922B005711000000
(1786378659.634769) can0 38E#762C005611000000
(1786378659.644740) can0 38F#0A26E25302000000
(1786378659.645150) can0 38E#2B2D005611000000
(1786378659.654815) can0 38E#CC2E005611000000
(1786378659.664749) can0 38F#5727E25302000000
(1786378659.665000) can0 38E#FB2F005711000000
(1786378659.674802) can0 38E#A720005711000000
(1786378659.684760) can0 38F#0B28E25302000000
(1786378659.685053) can0 38E#FA21005711000000
(1786378659.694830) can0 38E#1D22005711000000
(1786378659.704715) can0 38F#5629E25302000000
(1786378659.705008) can0 38E#2A23005611000000
(1786378659.714790) can0 38E#A424005611000000
(1786378659.724786) can0 38F#B12AE25302000000
(1786378659.725013) can0 38E#9325005711000000
(1786378659.734800) can0 38E#7426005711000000
(1786378659.744810) can0 38F#EC2BE25302000000
(1786378659.745073) can0 38E#4327005611000000
(1786378659.754744) can0 38E#7528005711000000
(1786378659.764782) can0 38F#622CE25302000000
(1786378659.765079) can0 38E#4229005611000000
(1786378659.774758) can0 38E#CF2A005711000000
(1786378659.784786) can0 38F#3F2DE25302000000
(1786378659.785016) can0 38E#F82B005611000000
(1786378659.794812) can0 38E#762C005611000000
(1786378659.804801) can0 38F#D82EE25302000000
(1786378659.805222) can0 38E#2B2D005611000000
(1786378659.814843) can0 38E#A62E005711000000
(1786378659.824830) can0 38F#852FE25302000000
(1786378659.825149) can0 38E#912F005611000000
(1786378659.834878) can0 38E#CD20005611000000
(1786378659.844728) can0 38F#D920E25302000000
(1786378659.845042) can0 38E#FA21005711000000
(1786378659.854785) can0 38E#7722005611000000
(1786378659.864763) can0 38F#8421E25302000000
(1786378659.865003) can0 38E#4023005711000000
(1786378659.874808) can0 38E#A424005611000000
(1786378659.884791) can0 38F#6322E25302000000
(1786378659.885042) can0 38E#9325005711000000
(1786378659.894935) can0 38E#7426005711000000
(1786378659.904829) can0 38F#3E23E25302000000
(1786378659.905101) can0 38E#2927005711000000
(1786378659.914758) can0 38E#1F28005611000000
(1786378659.924733) can0 38F#B024E25302000000
(1786378659.925043) can0 38E#2829005711000000
(1786378659.934839) can0 38E#CF2A005711000000
(1786378659.944815) can0 38F#ED25E25302000000
(1786378659.945094) can0 38E#922B005711000000
(1786378659.954810) can0 38E#1C2C005711000000
(1786378659.964698) can0 38F#0A26E25302000000
(1786378659.964956) can0 38E#412D005711000000
(1786378659.974842) can0 38E#CC2E005611000000
(1786378659.984805) can0 38F#5727E25302000000
(1786378659.985064) can0 38E#912F005611000000
(1786378659.994780) can0 38E#CD20005611000000
(1786378660.004744) can0 38F#0B28E25302000000
(1786378660.004961) can0 38E#9021005611000000
(1786378660.014864) can0 38E#7722005611000000
(1786378660.024717) can0 38F#5629E25302000000
(1786378660.024963) can0 38E#2A23005611000000
(1786378660.034913) can0 38E#CE24005711000000
(1786378660.044781) can0 38F#B12AE25302000000
(1786378660.045144) can0 38E#F925005611000000
(1786378660.054845) can0 38E#1E26005611000000
(1786378660.064824) can0 38F#EC2BE25302000000
(1786378660.065184) can0 38E#4327005611000000
(1786378660.074842) can0 38E#7528005711000000
(1786378660.084853) can0 38F#622CE25302000000
(1786378660.085216) can0 38E#2829005711000000
(1786378660.094852) can0 38E#CF2A005711000000
(1786378660.104835) can0 38F#3F2DE25302000000
(1786378660.105138) can0 38E#922B005711000000
(1786378660.114897) can0 38E#762C005611000000
(1786378660.124790) can0 38F#D82EE25302000000
(1786378660.125134) can0 38E#2B2D005611000000
(1786378660.134795) can0 38E#A62E005711000000
(1786378660.144746) can0 38F#852FE25302000000
(1786378660.145034) can0 38E#FB2F005711000000
(1786378660.154796) can0 38E#A720005711000000
(1786378660.164795) can0 38F#D920E25302000000
(1786378660.165084) can0 38E#FA21005711000000
(1786378660.174856) can0 38E#1D22005711000000
(1786378660.184797) can0 38F#8421E25302000000
(1786378660.185133) can0 38E#4023005711000000
(1786378660.194821) can0 38E#CE24005711000000
(1786378660.204855) can0 38F#6322E25302000000
(1786378660.205167) can0 38E#9325005711000000
(1786378660.214857) can0 38E#7426005711000000
(1786378660.224789) can0 38F#3E23E25302000000
(1786378660.225088) can0 38E#2927005711000000
(1786378660.234818) can0 38E#7528005711000000
(1786378660.244771) can0 38F#B024E25302000000
(1786378660.245134) can0 38E#4229005611000000
(1786378660.254898) can0 38E#CF2A005711000000
(1786378660.264911) can0 38F#ED25E25302000000
(1786378660.265373) can0 38E#F82B005611000000
(1786378660.274865) can0 38E#1C2C005711000000
(1786378660.284815) can0 38F#0A26E25302000000
(1786378660.285108) can0 38E#2B2D005611000000
(1786378660.294766) can0 38E#A62E005711000000
(1786378660.304773) can0 38F#5727E25302000000
(1786378660.304992) can0 38E#FB2F005711000000
(1786378660.314756) can0 38E#A720005711000000
(1786378660.324806) can0 38F#0B28E25302000000
(1786378660.325156) can0 38E#9021005611000000
(1786378660.334836) can0 38E#1D22005711000000
(1786378660.344773) can0 38F#5629E25302000000
(1786378660.345108) can0 38E#2A23005611000000
(1786378660.354727) can0 38E#A424005611000000
(1786378660.364803) can0 38F#B12AE25302000000
(1786378660.365030) can0 38E#9325005711000000
(1786378660.374757) can0 38E#7426005711000000
(1786378660.384809) can0 38F#EC2BE25302000000
(1786378660.385104) can0 38E#2927005711000000
(1786378660.394707) can0 38E#7528005711000000
(1786378660.404728) can0 38F#622CE25302000000
(1786378660.404951) can0 38E#2829005711000000
(1786378660.414845) can0 38E#CF2A005711000000
(1786378660.424772) can0 38F#3F2DE25302000000
(1786378660.425074) can0 38E#F82B005611000000
(1786378660.434776) can0 38E#1C2C005711000000
(1786378660.444789) can0 38F#D82EE25302000000
(1786378660.445145) can0 38E#412D005711000000
(1786378660.454787) can0 38E#A62E005711000000
(1786378660.464790) can0 38F#852FE25302000000
(1786378660.465090) can0 38E#912F005611000000
(1786378660.474762) can0 38E#CD20005611000000
(1786378660.484774) can0 38F#D920E25302000000
(1786378660.485044) can0 38E#FA21005711000000
(1786378660.494741) can0 38E#7722005611000000
(1786378660.504778) can0 38F#8421E25302000000
(1786378660.505036) can0 38E#2A23005611000000
(1786378660.514837) can0 38E#CE24005711000000
(1786378660.524737) can0 38F#6322E25302000000
(1786378660.525024) can0 38E#F925005611000000
(1786378660.534876) can0 38E#1E26005611000000
(1786378660.544795) can0 38F#3E23E25302000000
(1786378660.545117) can0 38E#4327005611000000
(1786378660.554846) can0 38E#1F28005611000000
(1786378660.564748) can0 38F#B024E25302000000
(1786378660.564998) can0 38E#2829005711000000
(1786378660.574675) can0 38E#CF2A005711000000
(1786378660.584771) can0 38F#ED25E25302000000
(1786378660.585027) can0 38E#922B005711000000
(1786378660.594795) can0 38E#1C2C005711000000
(1786378660.604766) can0 38F#0A26E25302000000
(1786378660.604993) can0 38E#412D005711000000
(1786378660.614760) can0 38E#CC2E005611000000
(1786378660.624769) can0 38F#5727E25302000000
(1786378660.625080) can0 38E#912F005611000000
(1786378660.634841) can0 38E#CD20005611000000
(1786378660.644765) can0 38F#0B28E25302000000
(1786378660.645175) can0 38E#FA21005711000000
(1786378660.654776) can0 38E#7722005611000000
(1786378660.664794) can0 38F#5629E25302000000
(1786378660.665103) can0 38E#4023005711000000
(1786378660.674897) can0 38E#CE24005711000000
(1786378660.684826) can0 38F#B12AE25302000000
(1786378660.685136) can0 38E#9325005711000000
(1786378660.694835) can0 38E#1E26005611000000
(1786378660.704848) can0 38F#EC2BE25302000000
(1786378660.705224) can0 38E#2927005711000000
(1786378660.714813) can0 38E#1F28005611000000
(1786378660.724736) can0 38F#622CE25302000000
(1786378660.724999) can0 38E#2829005711000000
(1786378660.734869) can0 38E#A52A005611000000
(1786378660.744848) can0 38F#3F2DE25302000000
(1786378660.745205) can0 38E#922B005711000000
(1786378660.754848) can0 38E#762C005611000000
(1786378660.764754) can0 38F#D82EE25302000000
(1786378660.765024) can0 38E#2B2D005611000000
(1786378660.774785) can0 38E#A62E005711000000
(1786378660.784774) can0 38F#852FE25302000000
(1786378660.785049) can0 38E#FB2F005711000000
(1786378660.794800) can0 38E#A720005711000000
(1786378660.804782) can0 38F#D920E25302000000
(1786378660.805040) can0 38E#9021005611000000
(1786378660.814795) can0 38E#7722005611000000
(1786378660.824745) can0 38F#8421E25302000000
(1786378660.825020) can0 38E#4023005711000000
(1786378660.834752) can0 38E#A424005611000000
(1786378660.844829) can0 38F#6322E25302000000
(1786378660.845074) can0 38E#F925005611000000
(1786378660.854787) can0 38E#1E26005611000000
(1786378660.864818) can0 38F#3E23E25302000000
(1786378660.865134) can0 38E#2927005711000000
(1786378660.874853) can0 38E#7528005711000000
(1786378660.884797) can0 38F#B024E25302000000
(1786378660.885092) can0 38E#2829005711000000
(1786378660.894820) can0 38E#CF2A005711000000
(1786378660.904782) can0 38F#ED25E25302000000
(1786378660.905041) can0 38E#922B005711000000
(1786378660.914792) can0 38E#1C2C005711000000
(1786378660.924745) can0 38F#0A26E25302000000
(1786378660.924999) can0 38E#412D005711000000
(1786378660.934758) can0 38E#CC2E005611000000
(1786378660.944815) can0 38F#5727E25302000000
(1786378660.945092) can0 38E#FB2F005711000000
(1786378660.954784) can0 38E#A720005711000000
(1786378660.964755) can0 38F#0B28E25302000000
(1786378660.965045) can0 38E#9021005611000000
(1786378660.974807) can0 38E#1D22005711000000
(1786378660.984826) can0 38F#5629E25302000000
(1786378660.985079) can0 38E#2A23005611000000
(1786378660.994771) can0 38E#CE24005711000000
(1786378661.004735) can0 38F#B12AE25302000000
(1786378661.004982) can0 38E#9325005711000000
(1786378661.014824) can0 38E#1E26005611000000
(1786378661.024812) can0 38F#EC2BE25302000000
(1786378661.025058) can0 38E#4327005611000000
(1786378661.034830) can0 38E#1F28005611000000
(1786378661.044730) can0 38F#622CE25302000000
(1786378661.045001) can0 38E#4229005611000000
(1786378661.054843) can0 38E#CF2A005711000000
(1786378661.064887) can0 38F#3F2DE25302000000
(1786378661.065220) can0 38E#F82B005611000000
(1786378661.074803) can0 38E#1C2C005711000000
(1786378661.084953) can0 38F#D82EE25302000000
(1786378661.085225) can0 38E#2B2D005611000000
(1786378661.094783) can0 38E#CC2E005611000000
(1786378661.104754) can0 38F#852FE25302000000
(1786378661.104977) can0 38E#FB2F005711000000
(1786378661.114844) can0 38E#A720005711000000
(1786378661.124776) can0 38F#D920E25302000000
(1786378661.125013) can0 38E#FA21005711000000
(1786378661.134803) can0 38E#7722005611000000
(1786378661.144797) can0 38F#8421E25302000000
(1786378661.145044) can0 38E#4023005711000000
(1786378661.154766) can0 38E#CE24005711000000
(1786378661.164775) can0 38F#6322E25302000000
(1786378661.165022) can0 38E#F925005611000000
(1786378661.174829) can0 38E#7426005711000000
(1786378661.184827) can0 38F#3E23E25302000000
(1786378661.185057) can0 38E#4327005611000000
(1786378661.194784) can0 38E#7528005711000000
(1786378661.204739) can0 38F#B024E25302000000
(1786378661.204940) can0 38E#4229005611000000
(1786378661.214725) can0 38E#A52A005611000000
(1786378661.224786) can0 38F#ED25E25302000000
(1786378661.225060) can0 38E#922B005711000000
(1786378661.234856) can0 38E#1C2C005711000000
(1786378661.244816) can0 38F#0A26E25302000000
(1786378661.245029) can0 38E#412D005711000000
(1786378661.254813) can0 38E#CC2E005611000000
(1786378661.264803) can0 38F#5727E25302000000
(1786378661.265126) can0 38E#912F005611000000
(1786378661.274944) can0 38E#CD20005611000000
(1786378661.284776) can0 38F#0B28E25302000000
(1786378661.285046) can0 38E#9021005611000000
(1786378661.294815) can0 38E#1D22005711000000
(1786378661.304816) can0 38F#5629E25302000000
(1786378661.305079) can0 38E#2A23005611000000
(1786378661.314820) can0 38E#CE24005711000000
(1786378661.324755) can0 38F#B12AE25302000000
(1786378661.325051) can0 38E#F925005611000000
(1786378661.334771) can0 38E#7426005711000000
(1786378661.344824) can0 38F#EC2BE25302000000
(1786378661.345066) can0 38E#4327005611000000
(1786378661.354699) can0 38E#7528005711000000
(1786378661.364752) can0 38F#622CE25302000000
(1786378661.364997) can0 38E#4229005611000000
(1786378661.374795) can0 38E#CF2A005711000000
(1786378661.384838) can0 38F#3F2DE25302000000
(1786378661.385097) can0 38E#922B005711000000
(1786378661.394852) can0 38E#762C005611000000
(1786378661.404827) can0 38F#D82EE25302000000
(1786378661.405101) can0 38E#2B2D005611000000
(1786378661.414843) can0 38E#CC2E005611000000
(1786378661.424741) can0 38F#852FE25302000000
(1786378661.425019) can0 38E#912F005611000000
(1786378661.434789) can0 38E#A720005711000000
(1786378661.444830) can0 38F#D920E25302000000
(1786378661.445115) can0 38E#9021005611000000
(1786378661.454774) can0 38E#1D22005711000000
(1786378661.464802) can0 38F#8421E25302000000
(1786378661.465077) can0 38E#2A23005611000000
(1786378661.474773) can0 38E#CE24005711000000
(1786378661.484824) can0 38F#6322E25302000000
(1786378661.485159) can0 38E#F925005611000000
(1786378661.495169) can0 38E#1E26005611000000
(1786378661.504779) can0 38F#3E23E25302000000
(1786378661.505133) can0 38E#4327005611000000
(1786378661.514799) can0 38E#1F28005611000000
(1786378661.524807) can0 38F#B024E25302000000
(1786378661.525084) can0 38E#4229005611000000
(1786378661.534793) can0 38E#CF2A005711000000
(1786378661.544889) can0 38F#ED25E25302000000
(1786378661.545259) can0 38E#F82B005611000000
(1786378661.554799) can0 38E#1C2C005711000000
(1786378661.564787) can0 38F#0A26E25302000000
(1786378661.565058) can0 38E#2B2D005611000000
(1786378661.574780) can0 38E#A62E005711000000
(1786378661.584823) can0 38F#5727E25302000000
(1786378661.585159) can0 38E#FB2F005711000000
(1786378661.594822) can0 38E#A720005711000000
(1786378661.604766) can0 38F#0B28E25302000000
(1786378661.604999) can0 38E#9021005611000000
(1786378661.614849) can0 38E#7722005611000000
(1786378661.624790) can0 38F#5629E25302000000
(1786378661.625060) can0 38E#2A23005611000000
(1786378661.634731) can0 38E#CE24005711000000
(1786378661.644730) can0 38F#B12AE25302000000
(1786378661.645000) can0 38E#9325005711000000
(1786378661.654775) can0 38E#1E26005611000000
(1786378661.664789) can0 38F#EC2BE25302000000
(1786378661.665067) can0 38E#4327005611000000
(1786378661.674782) can0 38E#7528005711000000
(1786378661.684869) can0 38F#622CE25302000000
(1786378661.685173) can0 38E#2829005711000000
(1786378661.694843) can0 38E#CF2A005711000000
(1786378661.704899) can0 38F#3F2DE25302000000
(1786378661.705268) can0 38E#F82B005611000000
(1786378661.714863) can0 38E#762C005611000000
(1786378661.724814) can0 38F#D82EE25302000000
(1786378661.725145) can0 38E#412D005711000000
(1786378661.734880) can0 38E#A62E005711000000
(1786378661.744826) can0 38F#852FE25302000000
(1786378661.745140) can0 38E#912F005611000000
(1786378661.754785) can0 38E#A720005711000000
(1786378661.764770) can0 38F#D920E25302000000
(1786378661.765113) can0 38E#FA21005711000000
(1786378661.774778) can0 38E#1D22005711000000
(1786378661.784802) can0 38F#8421E25302000000
(1786378661.785135) can0 38E#2A23005611000000
(1786378661.794839) can0 38E#CE24005711000000
(1786378661.804868) can0 38F#6322E25302000000
(1786378661.805112) can0 38E#9325005711000000
(1786378661.814797) can0 38E#1E26005611000000
(1786378661.824771) can0 38F#3E23E25302000000
(1786378661.825073) can0 38E#4327005611000000
(1786378661.834864) can0 38E#7528005711000000
(1786378661.844824) can0 38F#B024E25302000000
(1786378661.845147) can0 38E#2829005711000000
(1786378661.854724) can0 38E#CF2A005711000000
(1786378661.864780) can0 38F#ED25E25302000000
(1786378661.865108) can0 38E#922B005711000000
(1786378661.874821) can0 38E#762C005611000000
(1786378661.884850) can0 38F#0A26E25302000000
(1786378661.885142) can0 38E#2B2D005611000000
(1786378661.894841) can0 38E#CC2E005611000000
(1786378661.904796) can0 38F#5727E25302000000
(1786378661.905139) can0 38E#912F005611000000
(1786378661.914929) can0 38E#CD20005611000000
(1786378661.924873) can0 38F#0B28E25302000000
(1786378661.925243) can0 38E#FA21005711000000
(1786378661.934870) can0 38E#7722005611000000
(1786378661.944760) can0 38F#5629E25302000000
(1786378661.945046) can0 38E#2A23005611000000
(1786378661.954822) can0 38E#CE24005711000000
(1786378661.964796) can0 38F#B12AE25302000000
(1786378661.965067) can0 38E#F925005611000000
(1786378661.974816) can0 38E#1E26005611000000
(1786378661.984816) can0 38F#EC2BE25302000000
(1786378661.985128) can0 38E#4327005611000000
(1786378661.994856) can0 38E#1F28005611000000
(1786378662.004794) can0 38F#622CE25302000000
(1786378662.005084) can0 38E#2829005711000000
(1786378662.014791) can0 38E#CF2A005711000000
(1786378662.024844) can0 38F#3F2DE25302000000
(1786378662.025148) can0 38E#922B005711000000
(1786378662.034791) can0 38E#1C2C005711000000
(1786378662.044858) can0 38F#D82EE25302000000
(1786378662.045145) can0 38E#412D005711000000
(1786378662.054773) can0 38E#CC2E005611000000
(1786378662.064787) can0 38F#852FE25302000000
(1786378662.065067) can0 38E#FB2F005711000000
(1786378662.074731) can0 38E#A720005711000000
(1786378662.084900) can0 38F#D920E25302000000
(1786378662.085318) can0 38E#9021005611000000
(1786378662.094820) can0 38E#1D22005711000000
(1786378662.104851) can0 38F#8421E25302000000
(1786378662.105142) can0 38E#2A23005611000000
(1786378662.114757) can0 38E#A424005611000000
(1786378662.124760) can0 38F#6322E25302000000
(1786378662.125043) can0 38E#F925005611000000
(1786378662.134930) can0 38E#7426005711000000
(1786378662.144802) can0 38F#3E23E25302000000
(1786378662.145064) can0 38E#2927005711000000
(1786378662.154761) can0 38E#7528005711000000
(1786378662.164781) can0 38F#B024E25302000000
(1786378662.165023) can0 38E#2829005711000000
(1786378662.174788) can0 38E#A52A005611000000
(1786378662.184803) can0 38F#ED25E25302000000
(1786378662.185105) can0 38E#922B005711000000
(1786378662.194810) can0 38E#1C2C005711000000
(1786378662.204798) can0 38F#0A26E25302000000
(1786378662.205048) can0 38E#2B2D005611000000
(1786378662.214803) can0 38E#CC2E005611000000
(1786378662.224821) can0 38F#5727E25302000000
(1786378662.225154) can0 38E#FB2F005711000000
(1786378662.234865) can0 38E#A720005711000000
(1786378662.244748) can0 38F#0B28E25302000000
(1786378662.244999) can0 38E#FA21005711000000
(1786378662.254779) can0 38E#7722005611000000
(1786378662.264847) can0 38F#5629E25302000000
(1786378662.265170) can0 38E#4023005711000000
(1786378662.274800) can0 38E#CE24005711000000
(1786378662.284748) can0 38F#B12AE25302000000
(1786378662.285105) can0 38E#9325005711000000
(1786378662.294812) can0 38E#7426005711000000
(1786378662.304832) can0 38F#EC2BE25302000000
(1786378662.305062) can0 38E#2927005711000000
(1786378662.314844) can0 38E#7528005711000000
(1786378662.324745) can0 38F#622CE25302000000
(1786378662.325014) can0 38E#4229005611000000
(1786378662.334807) can0 38E#A52A005611000000
(1786378662.344809) can0 38F#3F2DE25302000000
(1786378662.345059) can0 38E#922B005711000000
(1786378662.355101) can0 38E#762C005611000000
(1786378662.364786) can0 38F#D82EE25302000000
(1786378662.365103) can0 38E#412D005711000000
(1786378662.374778) can0 38E#A62E005711000000
(1786378662.384795) can0 38F#852FE25302000000
(1786378662.385071) can0 38E#912F005611000000
(1786378662.394783) can0 38E#CD20005611000000
(1786378662.404915) can0 38F#D920E25302000000
(1786378662.405196) can0 38E#FA21005711000000
(1786378662.414795) can0 38E#1D22005711000000
(1786378662.424817) can0 38F#8421E25302000000
(1786378662.425139) can0 38E#2A23005611000000
(1786378662.434812) can0 38E#A424005611000000
(1786378662.444805) can0 38F#6322E25302000000
(1786378662.445154) can0 38E#9325005711000000
(1786378662.454808) can0 38E#1E26005611000000
(1786378662.464857) can0 38F#3E23E25302000000
(1786378662.465211) can0 38E#4327005611000000
(1786378662.474776) can0 38E#7528005711000000
(1786378662.484798) can0 38F#B024E25302000000
(1786378662.485151) can0 38E#2829005711000000
(1786378662.494768) can0 38E#A52A005611000000
(1786378662.504768) can0 38F#ED25E25302000000
(1786378662.505077) can0 38E#922B005711000000
(1786378662.514868) can0 38E#1C2C005711000000
(1786378662.524783) can0 38F#0A26E25302000000
(1786378662.525080) can0 38E#412D005711000000
(1786378662.534846) can0 38E#CC2E005611000000
(1786378662.544731) can0 38F#5727E25302000000
(1786378662.545015) can0 38E#FB2F005711000000
(1786378662.554738) can0 38E#A720005711000000
(1786378662.564857) can0 38F#0B28E25302000000
(1786378662.565134) can0 38E#FA21005711000000
(1786378662.574803) can0 38E#1D22005711000000
(1786378662.584824) can0 38F#5629E25302000000
(1786378662.585114) can0 38E#4023005711000000
(1786378662.594803) can0 38E#CE24005711000000
(1786378662.604832) can0 38F#B12AE25302000000
(1786378662.605151) can0 38E#F925005611000000
(1786378662.614837) can0 38E#7426005711000000
(1786378662.624708) can0 38F#EC2BE25302000000
(1786378662.624975) can0 38E#2927005711000000
(1786378662.634827) can0 38E#7528005711000000
(1786378662.644743) can0 38F#622CE25302000000
(1786378662.645061) can0 38E#2829005711000000
(1786378662.654795) can0 38E#A52A005611000000
(1786378662.664842) can0 38F#3F2DE25302000000
(1786378662.665151) can0 38E#922B005711000000
(1786378662.674773) can0 38E#1C2C005711000000
(1786378662.684764) can0 38F#D82EE25302000000
(1786378662.685098) can0 38E#412D005711000000
(1786378662.694841) can0 38E#CC2E005611000000
(1786378662.704837) can0 38F#852FE25302000000
(1786378662.705142) can0 38E#1E2F004011000000
(1786378662.714780) can0 38E#4220004011000000
(1786378662.724735) can0 38F#D920E25302000000
(1786378662.725043) can0 38E#1F21004011000000
(1786378662.734845) can0 38E#F822004011000000
(1786378662.744868) can0 38F#8421E25302000000
(1786378662.745135) can0 38E#A523004011000000
(1786378662.754800) can0 38E#2B24004011000000
(1786378662.764787) can0 38F#6322E25302000000
(1786378662.765009) can0 38E#7625004011000000
(1786378662.774828) can0 38E#9126004011000000
(1786378662.785152) can0 38F#3E23E25302000000
(1786378662.785467) can0 38E#CC27004011000000
(1786378662.794862) can0 38E#9028004011000000
(1786378662.804770) can0 38F#B024E25302000000
(1786378662.805040) can0 38E#CD29004011000000
(1786378662.814768) can0 38E#2A2A004011000000
(1786378662.824745) can0 38F#ED25E25302000000
(1786378662.825040) can0 38E#772B004011000000
(1786378662.834811) can0 38E#F92C004011000000
(1786378662.844788) can0 38F#0A26E25302000000
(1786378662.845152) can0 38E#A42D004011000000
(1786378662.854699) can0 38E#432E004011000000
(1786378662.864779) can0 38F#5727E25302000000
(1786378662.865054) can0 38E#1E2F004011000000
(1786378662.874673) can0 38E#4220004011000000
(1786378662.884754) can0 38F#0B28E25302000000
(1786378662.885114) can0 38E#1F21004011000000
(1786378662.894723) can0 38E#F822004011000000
(1786378662.904765) can0 38F#5629E25302000000
(1786378662.905074) can0 38E#A523004011000000
(1786378662.914826) can0 38E#2B24004011000000
(1786378662.924707) can0 38F#B12AE25302000000
(1786378662.924968) can0 38E#7625004011000000
(1786378662.934690) can0 38E#9126004011000000
(1786378662.944795) can0 38F#EC2BE25302000000
(1786378662.945050) can0 38E#CC27004011000000
(1786378662.954710) can0 38E#9028004011000000
(1786378662.964715) can0 38F#622CE25302000000
(1786378662.964955) can0 38E#CD29004011000000
(1786378662.974631) can0 38E#2A2A004011000000
(1786378662.984659) can0 38F#3F2DE25302000000
(1786378662.984920) can0 38E#772B004011000000
(1786378662.994745) can0 38E#F92C004011000000
(1786378663.004706) can0 38F#D82EE25302000000
(1786378663.004963) can0 38E#A42D004011000000
(1786378663.014658) can0 38E#432E004011000000
(1786378663.024667) can0 38F#852FE25302000000
(1786378663.024917) can0 38E#1E2F004011000000
(1786378663.034713) can0 38E#4220004011000000
(1786378663.044665) can0 38F#D920E25302000000
(1786378663.044885) can0 38E#1F21004011000000
(1786378663.054686) can0 38E#F822004011000000
(1786378663.064715) can0 38F#8421E25302000000
(1786378663.064960) can0 38E#A523004011000000
(1786378663.074644) can0 38E#2B24004011000000
(1786378663.084664) can0 38F#6322E25302000000
(1786378663.084890) can0 38E#7625004011000000
(1786378663.094755) can0 38E#9126004011000000
(1786378663.104674) can0 38F#3E23E25302000000
(1786378663.104926) can0 38E#CC27004011000000
(1786378663.114753) can0 38E#9028004011000000
(1786378663.124666) can0 38F#B024E25302000000
(1786378663.124929) can0 38E#CD29004011000000
(1786378663.134703) can0 38E#2A2A004011000000
(1786378663.144721) can0 38F#ED25E25302000000
(1786378663.145004) can0 38E#772B004011000000
(1786378663.154694) can0 38E#F92C004011000000
(1786378663.164663) can0 38F#0A26E25302000000
(1786378663.164937) can0 38E#A42D004011000000
(1786378663.174745) can0 38E#432E004011000000
(1786378663.184711) can0 38F#5727E25302000000
(1786378663.184936) can0 38E#1E2F004011000000
(1786378663.194698) can0 38E#4220004011000000
(1786378663.204701) can0 38F#0B28E25302000000
(1786378663.204905) can0 38E#1F21004011000000
(1786378663.214763) can0 38E#F822004011000000
(1786378663.224729) can0 38F#5629E25302000000
(1786378663.225185) can0 38E#A523004011000000
(1786378663.234647) can0 38E#2B24004011000000
(1786378663.244689) can0 38F#B12AE25302000000
(1786378663.244966) can0 38E#7625004011000000
(1786378663.254699) can0 38E#9126004011000000
(1786378663.264733) can0 38F#EC2BE25302000000
(1786378663.265038) can0 38E#CC27004011000000
(1786378663.274748) can0 38E#9028004011000000
(1786378663.284651) can0 38F#622CE25302000000
(1786378663.284948) can0 38E#CD29004011000000
(1786378663.294652) can0 38E#2A2A004011000000
(1786378663.304706) can0 38F#3F2DE25302000000
(1786378663.304896) can0 38E#772B004011000000
(1786378663.314868) can0 38E#F92C004011000000
(1786378663.324766) can0 38F#D82EE25302000000
(1786378663.325076) can0 38E#A42D004011000000
(1786378663.334719) can0 38E#432E004011000000
(1786378663.344674) can0 38F#852FE25302000000
(1786378663.345005) can0 38E#1E2F004011000000
(1786378663.354688) can0 38E#4220004011000000
(1786378663.364689) can0 38F#D920E25302000000
(1786378663.365007) can0 38E#1F21004011000000
(1786378663.374860) can0 38E#F822004011000000
(1786378663.384786) can0 38F#8421E25302000000
(1786378663.385081) can0 38E#A523004011000000
(1786378663.394771) can0 38E#2B24004011000000
(1786378663.407298) can0 38F#6322E25302000000
(1786378663.407656) can0 38E#7625004011000000
(1786378663.414792) can0 38E#9126004011000000
(1786378663.424741) can0 38F#3E23E25302000000
(1786378663.425005) can0 38E#CC27004011000000
(1786378663.434772) can0 38E#9028004011000000
(1786378663.444669) can0 38F#B024E25302000000
(1786378663.445044) can0 38E#CD29004011000000
(1786378663.454846) can0 38E#2A2A004011000000
(1786378663.464751) can0 38F#ED25E25302000000
(1786378663.465073) can0 38E#772B004011000000
(1786378663.474706) can0 38E#F92C004011000000
(1786378663.484690) can0 38F#0A26E25302000000
(1786378663.484956) can0 38E#A42D004011000000
(1786378663.494741) can0 38E#432E004011000000
(1786378663.504710) can0 38F#5727E25302000000
(1786378663.505006) can0 38E#1E2F004011000000
(1786378663.514736) can0 38E#4220004011000000
(1786378663.524632) can0 38F#0B28E25302000000
(1786378663.524938) can0 38E#1F21004011000000
(1786378663.534713) can0 38E#F822004011000000
(1786378663.544774) can0 38F#5629E25302000000
(1786378663.545073) can0 38E#A523004011000000
(1786378663.554711) can0 38E#2B24004011000000
(1786378663.564713) can0 38F#B12AE25302000000
(1786378663.564947) can0 38E#7625004011000000
(1786378663.574640) can0 38E#9126004011000000
(1786378663.584688) can0 38F#EC2BE25302000000
(1786378663.584917) can0 38E#CC27004011000000
(1786378663.594678) can0 38E#9028004011000000
(1786378663.604754) can0 38F#622CE25302000000
(1786378663.605085) can0 38E#CD29004011000000
(1786378663.614771) can0 38E#2A2A004011000000
(1786378663.624647) can0 38F#3F2DE25302000000
(1786378663.624942) can0 38E#772B004011000000
(1786378663.634709) can0 38E#F92C004011000000
(1786378663.644702) can0 38F#D82EE25302000000
(1786378663.645013) can0 38E#A42D004011000000
(1786378663.654725) can0 38E#432E004011000000
(1786378663.664676) can0 38F#852FE25302000000
(1786378663.664910) can0 38E#1E2F004011000000
(1786378663.674606) can0 38E#4220004011000000
(1786378663.684674) can0 38F#D920E25302000000
(1786378663.684977) can0 38E#1F21004011000000
(1786378663.694811) can0 38E#F822004011000000
(1786378663.704764) can0 38F#8421E25302000000
(1786378663.705009) can0 38E#A523004011000000
(1786378663.714683) can0 38E#2B24004011000000
(1786378663.724654) can0 38F#6322E25302000000
(1786378663.724897) can0 38E#7625004011000000
(1786378663.734713) can0 38E#9126004011000000
(1786378663.744751) can0 38F#3E23E25302000000
(1786378663.745050) can0 38E#CC27004011000000
(1786378663.754694) can0 38E#9028004011000000
(1786378663.764757) can0 38F#B024E25302000000
(1786378663.764971) can0 38E#CD29004011000000
(1786378663.774683) can0 38E#2A2A004011000000
(1786378663.784383) can0 38F#ED25E25302000000
(1786378663.784690) can0 38E#772B004011000000
(1786378663.794717) can0 38E#F92C004011000000
(1786378663.804770) can0 38F#0A26E25302000000
(1786378663.805035) can0 38E#A42D004011000000
(1786378663.814716) can0 38E#432E004011000000
(1786378663.824703) can0 38F#5727E25302000000
(1786378663.824965) can0 38E#1E2F004011000000
(1786378663.834695) can0 38E#4220004011000000
(1786378663.844726) can0 38F#0B28E25302000000
(1786378663.844996) can0 38E#1F21004011000000
(1786378663.854718) can0 38E#F822004011000000
(1786378663.864744) can0 38F#5629E25302000000
(1786378663.865034) can0 38E#A523004011000000
(1786378663.874745) can0 38E#2B24004011000000
(1786378663.884722) can0 38F#B12AE25302000000
(1786378663.885106) can0 38E#7625004011000000
(1786378663.894717) can0 38E#9126004011000000
(1786378663.904725) can0 38F#EC2BE25302000000
(1786378663.904976) can0 38E#CC27004011000000
(1786378663.914711) can0 38E#9028004011000000
(1786378663.924701) can0 38F#622CE25302000000
(1786378663.924931) can0 38E#CD29004011000000
(1786378663.934776) can0 38E#2A2A004011000000
(1786378663.944688) can0 38F#3F2DE25302000000
(1786378663.944986) can0 38E#772B004011000000
(1786378663.954825) can0 38E#F92C004011000000
(1786378663.964703) can0 38F#D82EE25302000000
(1786378663.964993) can0 38E#A42D004011000000
(1786378663.974712) can0 38E#432E004011000000
(1786378663.984806) can0 38F#852FE25302000000
(1786378663.985203) can0 38E#1E2F004011000000
(1786378663.994758) can0 38E#4220004011000000
(1786378664.004681) can0 38F#D920E25302000000
(1786378664.004984) can0 38E#1F21004011000000
(1786378664.014893) can0 38E#F822004011000000
(1786378664.024754) can0 38F#8421E25302000000
(1786378664.025060) can0 38E#A523004011000000
(1786378664.034780) can0 38E#2B24004011000000
(1786378664.044789) can0 38F#6322E25302000000
(1786378664.045131) can0 38E#7625004011000000
(1786378664.054781) can0 38E#9126004011000000
(1786378664.064755) can0 38F#3E23E25302000000
(1786378664.065035) can0 38E#CC27004011000000
(1786378664.074676) can0 38E#9028004011000000
(1786378664.084727) can0 38F#B024E25302000000
(1786378664.085071) can0 38E#CD29004011000000
(1786378664.094721) can0 38E#2A2A004011000000
(1786378664.104689) can0 38F#ED25E25302000000
(1786378664.104976) can0 38E#772B004011000000
(1786378664.114799) can0 38E#F92C004011000000
(1786378664.124813) can0 38F#0A26E25302000000
(1786378664.125175) can0 38E#A42D004011000000
(1786378664.134814) can0 38E#432E004011000000
(1786378664.144740) can0 38F#5727E25302000000
(1786378664.145039) can0 38E#1E2F004011000000
(1786378664.154734) can0 38E#4220004011000000
(1786378664.164676) can0 38F#0B28E25302000000
(1786378664.165001) can0 38E#1F21004011000000
(1786378664.174721) can0 38E#F822004011000000
(1786378664.184715) can0 38F#5629E25302000000
(1786378664.184955) can0 38E#A523004011000000
(1786378664.194785) can0 38E#2B24004011000000
(1786378664.204722) can0 38F#B12AE25302000000
(1786378664.205014) can0 38E#7625004011000000
(1786378664.214432) can0 38E#9126004011000000
(1786378664.224644) can0 38F#EC2BE25302000000
(1786378664.224887) can0 38E#CC27004011000000
(1786378664.234803) can0 38E#9028004011000000
(1786378664.244675) can0 38F#622CE25302000000
(1786378664.244988) can0 38E#CD29004011000000
(1786378664.254767) can0 38E#2A2A004011000000
(1786378664.264693) can0 38F#3F2DE25302000000
(1786378664.265008) can0 38E#772B004011000000
(1786378664.274717) can0 38E#F92C004011000000
(1786378664.284767) can0 38F#D82EE25302000000
(1786378664.285111) can0 38E#A42D004011000000
(1786378664.294768) can0 38E#432E004011000000
(1786378664.304696) can0 38F#852FE25302000000
(1786378664.304967) can0 38E#1E2F004011000000
(1786378664.314704) can0 38E#4220004011000000
(1786378664.324664) can0 38F#D920E25302000000
(1786378664.324945) can0 38E#1F21004011000000
(1786378664.334736) can0 38E#F822004011000000
(1786378664.344712) can0 38F#8421E25302000000
(1786378664.345036) can0 38E#A523004011000000
(1786378664.354764) can0 38E#2B24004011000000
(1786378664.364457) can0 38F#6322E25302000000
(1786378664.364782) can0 38E#7625004011000000
(1786378664.374672) can0 38E#9126004011000000
(1786378664.384715) can0 38F#3E23E25302000000
(1786378664.385029) can0 38E#CC27004011000000
(1786378664.394770) can0 38E#9028004011000000
(1786378664.404728) can0 38F#B024E25302000000
(1786378664.405067) can0 38E#CD29004011000000
(1786378664.414819) can0 38E#2A2A004011000000
(1786378664.424723) can0 38F#ED25E25302000000
(1786378664.425004) can0 38E#772B004011000000
(1786378664.434682) can0 38E#F92C004011000000
(1786378664.444676) can0 38F#0A26E25302000000
(1786378664.444997) can0 38E#A42D004011000000
(1786378664.454708) can0 38E#432E004011000000
(1786378664.464739) can0 38F#5727E25302000000
(1786378664.464979) can0 38E#1E2F004011000000
(1786378664.474693) can0 38E#4220004011000000
(1786378664.484732) can0 38F#0B28E25302000000
(1786378664.485017) can0 38E#1F21004011000000
(1786378664.494775) can0 38E#F822004011000000
(1786378664.504779) can0 38F#5629E25302000000
(1786378664.505028) can0 38E#A523004011000000
(1786378664.514800) can0 38E#2B24004011000000
(1786378664.524712) can0 38F#B12AE25302000000
(1786378664.525084) can0 38E#7625004011000000
(1786378664.534744) can0 38E#9126004011000000
(1786378664.544727) can0 38F#EC2BE25302000000
(1786378664.545058) can0 38E#CC27004011000000
(1786378664.554748) can0 38E#9028004011000000
(1786378664.564708) can0 38F#622CE25302000000
(1786378664.565097) can0 38E#CD29004011000000
(1786378664.574638) can0 38E#2A2A004011000000
(1786378664.584695) can0 38F#3F2DE25302000000
(1786378664.584975) can0 38E#772B004011000000
(1786378664.594737) can0 38E#F92C004011000000
(1786378664.604733) can0 38F#D82EE25302000000
(1786378664.604992) can0 38E#A42D004011000000
(1786378664.614707) can0 38E#432E004011000000
(1786378664.624660) can0 38F#852FE25302000000
(1786378664.624922) can0 38E#1E2F004011000000
(1786378664.634732) can0 38E#4220004011000000
(1786378664.644526) can0 38F#D920E25302000000
(1786378664.644797) can0 38E#1F21004011000000
(1786378664.654664) can0 38E#F822004011000000
(1786378664.664767) can0 38F#8421E25302000000
(1786378664.665042) can0 38E#A523004011000000
(1786378664.674693) can0 38E#2B24004011000000
(1786378664.684778) can0 38F#6322E25302000000
(1786378664.685056) can0 38E#7625004011000000
(1786378664.694788) can0 38E#9126004011000000
(1786378664.704838) can0 38F#3E23E25302000000
(1786378664.705240) can0 38E#CC27004011000000
(1786378664.714858) can0 38E#9028004011000000
(1786378664.724672) can0 38F#B024E25302000000
(1786378664.725001) can0 38E#CD29004011000000
(1786378664.734731) can0 38E#2A2A004011000000
(1786378664.744762) can0 38F#ED25E25302000000
(1786378664.745140) can0 38E#772B004011000000
(1786378664.754723) can0 38E#F92C004011000000
(1786378664.764678) can0 38F#0A26E25302000000
(1786378664.764947) can0 38E#A42D004011000000
(1786378664.774670) can0 38E#432E004011000000
(1786378664.784842) can0 38F#5727E25302000000
(1786378664.785237) can0 38E#1E2F004011000000
(1786378664.794671) can0 38E#4220004011000000
(1786378664.804715) can0 38F#0B28E25302000000
(1786378664.805082) can0 38E#1F21004011000000
(1786378664.814935) can0 38E#F822004011000000
(1786378664.824767) can0 38F#5629E25302000000
(1786378664.825064) can0 38E#A523004011000000
(1786378664.834801) can0 38E#2B24004011000000
(1786378664.844758) can0 38F#B12AE25302000000
(1786378664.845125) can0 38E#7625004011000000
(1786378664.854855) can0 38E#9126004011000000
(1786378664.864798) can0 38F#EC2BE25302000000
(1786378664.865322) can0 38E#CC27004011000000
(1786378664.874754) can0 38E#9028004011000000
(1786378664.884789) can0 38F#622CE25302000000
(1786378664.885173) can0 38E#CD29004011000000
(1786378664.894816) can0 38E#2A2A004011000000
(1786378664.904747) can0 38F#3F2DE25302000000
(1786378664.905017) can0 38E#772B004011000000
(1786378664.914767) can0 38E#F92C004011000000
(1786378664.924747) can0 38F#D82EE25302000000
(1786378664.925173) can0 38E#A42D004011000000
(1786378664.934880) can0 38E#432E004011000000
(1786378664.944775) can0 38F#852FE25302000000
(1786378664.945092) can0 38E#1E2F004011000000
(1786378664.954849) can0 38E#4220004011000000
(1786378664.964842) can0 38F#D920E25302000000
(1786378664.965280) can0 38E#1F21004011000000
(1786378664.974756) can0 38E#F822004011000000
(1786378664.984887) can0 38F#8421E25302000000
(1786378664.985231) can0 38E#A523004011000000
(1786378664.994749) can0 38E#2B24004011000000
(1786378665.004689) can0 38F#6322E25302000000
(1786378665.005017) can0 38E#7625004011000000
(1786378665.014809) can0 38E#9126004011000000
(1786378665.024814) can0 38F#3E23E25302000000
(1786378665.025191) can0 38E#CC27004011000000
(1786378665.034848) can0 38E#9028004011000000
(1786378665.044747) can0 38F#B024E25302000000
(1786378665.045097) can0 38E#CD29004011000000
(1786378665.054905) can0 38E#2A2A004011000000
(1786378665.064886) can0 38F#ED25E25302000000
(1786378665.065304) can0 38E#772B004011000000
(1786378665.074691) can0 38E#F92C004011000000
(1786378665.084743) can0 38F#0A26E25302000000
(1786378665.085092) can0 38E#A42D004011000000
(1786378665.094831) can0 38E#432E004011000000
(1786378665.104942) can0 38F#5727E25302000000
(1786378665.105339) can0 38E#1E2F004011000000
(1786378665.114846) can0 38E#4220004011000000
(1786378665.124837) can0 38F#0B28E25302000000
(1786378665.125287) can0 38E#1F21004011000000
(1786378665.134941) can0 38E#F822004011000000
(1786378665.144802) can0 38F#5629E25302000000
(1786378665.145122) can0 38E#A523004011000000
(1786378665.154731) can0 38E#2B24004011000000
(1786378665.164737) can0 38F#B12AE25302000000
(1786378665.165134) can0 38E#7625004011000000
(1786378665.174755) can0 38E#9126004011000000
(1786378665.184818) can0 38F#EC2BE25302000000
(1786378665.185162) can0 38E#CC27004011000000
(1786378665.194744) can0 38E#9028004011000000
(1786378665.204760) can0 38F#622CE25302000000
(1786378665.205075) can0 38E#CD29004011000000
(1786378665.214778) can0 38E#2A2A004011000000
(1786378665.224441) can0 38F#3F2DE25302000000
(1786378665.224832) can0 38E#772B004011000000
(1786378665.234805) can0 38E#F92C004011000000
(1786378665.244753) can0 38F#D82EE25302000000
(1786378665.245093) can0 38E#A42D004011000000
(1786378665.254782) can0 38E#432E004011000000
(1786378665.264922) can0 38F#852FE25302000000
(1786378665.265290) can0 38E#1E2F004011000000
(1786378665.274813) can0 38E#4220004011000000
(1786378665.284865) can0 38F#D920E25302000000
(1786378665.285227) can0 38E#1F21004011000000
(1786378665.294788) can0 38E#F822004011000000
(1786378665.304723) can0 38F#8421E25302000000
(1786378665.305045) can0 38E#A523004011000000
(1786378665.314789) can0 38E#2B24004011000000
(1786378665.324791) can0 38F#6322E25302000000
(1786378665.325182) can0 38E#7625004011000000
(1786378665.334830) can0 38E#9126004011000000
(1786378665.344735) can0 38F#3E23E25302000000
(1786378665.345026) can0 38E#CC27004011000000
(1786378665.354747) can0 38E#9028004011000000
(1786378665.364804) can0 38F#B024E25302000000
(1786378665.365134) can0 38E#CD29004011000000
(1786378665.374760) can0 38E#2A2A004011000000
(1786378665.384701) can0 38F#ED25E25302000000
(1786378665.385073) can0 38E#772B004011000000
(1786378665.394753) can0 38E#F92C004011000000
(1786378665.404703) can0 38F#0A26E25302000000
(1786378665.405010) can0 38E#A42D004011000000
(1786378665.414818) can0 38E#432E004011000000
(1786378665.424809) can0 38F#5727E25302000000
(1786378665.425197) can0 38E#1E2F004011000000
(1786378665.434754) can0 38E#4220004011000000
(1786378665.444722) can0 38F#0B28E25302000000
(1786378665.445147) can0 38E#1F21004011000000
(1786378665.454764) can0 38E#F822004011000000
(1786378665.464803) can0 38F#5629E25302000000
(1786378665.465095) can0 38E#A523004011000000
(1786378665.474701) can0 38E#2B24004011000000
(1786378665.484793) can0 38F#B12AE25302000000
(1786378665.485150) can0 38E#7625004011000000
(1786378665.494807) can0 38E#9126004011000000
(1786378665.504754) can0 38F#EC2BE25302000000
(1786378665.505119) can0 38E#CC27004011000000
(1786378665.514815) can0 38E#9028004011000000
(1786378665.524813) can0 38F#622CE25302000000
(1786378665.525137) can0 38E#CD29004011000000
(1786378665.534873) can0 38E#2A2A004011000000
(1786378665.544843) can0 38F#3F2DE25302000000
(1786378665.545156) can0 38E#772B004011000000
(1786378665.554778) can0 38E#F92C004011000000
(1786378665.564713) can0 38F#D82EE25302000000
(1786378665.565047) can0 38E#A42D004011000000
(1786378665.574778) can0 38E#432E004011000000
(1786378665.584824) can0 38F#852FE25302000000
(1786378665.585155) can0 38E#1E2F004011000000
(1786378665.594768) can0 38E#4220004011000000
(1786378665.604747) can0 38F#D920E25302000000
(1786378665.605090) can0 38E#1F21004011000000
(1786378665.614846) can0 38E#F822004011000000
(1786378665.624974) can0 38F#8421E25302000000
(1786378665.625512) can0 38E#A523004011000000
(1786378665.634795) can0 38E#2B24004011000000
(1786378665.644740) can0 38F#6322E25302000000
(1786378665.645067) can0 38E#7625004011000000
(1786378665.654736) can0 38E#9126004011000000
(1786378665.664813) can0 38F#3E23E25302000000
(1786378665.665228) can0 38E#CC27004011000000
(1786378665.674693) can0 38E#9028004011000000
(1786378665.684735) can0 38F#B024E25302000000
(1786378665.685220) can0 38E#CD29004011000000
(1786378665.694812) can0 38E#2A2A004011000000
(1786378665.704788) can0 38F#ED25E25302000000
(1786378665.705104) can0 38E#772B004011000000
(1786378665.714801) can0 38E#F92C004011000000
(1786378665.724404) can0 38F#0A26E25302000000
(1786378665.724669) can0 38E#A42D004011000000
(1786378665.734665) can0 38E#432E004011000000
(1786378665.744788) can0 38F#5727E25302000000
(1786378665.745079) can0 38E#1E2F004011000000
(1786378665.754750) can0 38E#4220004011000000
(1786378665.764697) can0 38F#0B28E25302000000
(1786378665.764962) can0 38E#1F21004011000000
(1786378665.774732) can0 38E#F822004011000000
(1786378665.784761) can0 38F#5629E25302000000
(1786378665.785078) can0 38E#A523004011000000
(1786378665.794815) can0 38E#2B24004011000000
(1786378665.804709) can0 38F#B12AE25302000000
(1786378665.804944) can0 38E#7625004011000000
(1786378665.814730) can0 38E#9126004011000000
(1786378665.824677) can0 38F#EC2BE25302000000
(1786378665.825009) can0 38E#CC27004011000000
(1786378665.834660) can0 38E#9028004011000000
(1786378665.844794) can0 38F#622CE25302000000
(1786378665.845150) can0 38E#CD29004011000000
(1786378665.854694) can0 38E#2A2A004011000000
(1786378665.864701) can0 38F#3F2DE25302000000
(1786378665.864972) can0 38E#772B004011000000
(1786378665.874748) can0 38E#F92C004011000000
(1786378665.884821) can0 38F#D82EE25302000000
(1786378665.885160) can0 38E#A42D004011000000
(1786378665.894773) can0 38E#432E004011000000
(1786378665.904797) can0 38F#852FE25302000000
(1786378665.905109) can0 38E#1E2F004011000000
(1786378665.915043) can0 38E#4220004011000000
(1786378665.924790) can0 38F#D920E25302000000
(1786378665.925224) can0 38E#1F21004011000000
(1786378665.934805) can0 38E#F822004011000000
(1786378665.944744) can0 38F#8421E25302000000
(1786378665.945051) can0 38E#A523004011000000
(1786378665.954869) can0 38E#2B24004011000000
(1786378665.964756) can0 38F#6322E25302000000
(1786378665.965090) can0 38E#7625004011000000
(1786378665.975040) can0 38E#9126004011000000
(1786378665.984786) can0 38F#3E23E25302000000
(1786378665.985284) can0 38E#CC27004011000000
(1786378665.994811) can0 38E#9028004011000000
(1786378666.004745) can0 38F#B024E25302000000
(1786378666.005197) can0 38E#CD29004011000000
(1786378666.014912) can0 38E#2A2A004011000000
(1786378666.024756) can0 38F#ED25E25302000000
(1786378666.025130) can0 38E#772B004011000000
(1786378666.034859) can0 38E#F92C004011000000
(1786378666.044848) can0 38F#0A26E25302000000
(1786378666.045231) can0 38E#A42D004011000000
(1786378666.054801) can0 38E#432E004011000000
(1786378666.064766) can0 38F#5727E25302000000
(1786378666.065080) can0 38E#1E2F004011000000
(1786378666.074833) can0 38E#4220004011000000
(1786378666.084676) can0 38F#0B28E25302000000
(1786378666.085050) can0 38E#1F21004011000000
(1786378666.094859) can0 38E#F822004011000000
(1786378666.104729) can0 38F#5629E25302000000
(1786378666.105001) can0 38E#A523004011000000
(1786378666.114820) can0 38E#2B24004011000000
(1786378666.124900) can0 38F#B12AE25302000000
(1786378666.125384) can0 38E#7625004011000000
(1786378666.134856) can0 38E#9126004011000000
(1786378666.144821) can0 38F#EC2BE25302000000
(1786378666.145126) can0 38E#CC27004011000000
(1786378666.154813) can0 38E#9028004011000000
(1786378666.164805) can0 38F#622CE25302000000
(1786378666.165350) can0 38E#CD29004011000000
(1786378666.174800) can0 38E#2A2A004011000000
(1786378666.184888) can0 38F#3F2DE25302000000
(1786378666.185250) can0 38E#772B004011000000
(1786378666.194774) can0 38E#F92C004011000000
(1786378666.204742) can0 38F#D82EE25302000000
(1786378666.205101) can0 38E#A42D004011000000
(1786378666.214859) can0 38E#432E004011000000
(1786378666.224888) can0 38F#852FE25302000000
(1786378666.225291) can0 38E#1E2F004011000000
(1786378666.234797) can0 38E#4220004011000000
(1786378666.244671) can0 38F#D920E25302000000
(1786378666.244994) can0 38E#1F21004011000000
(1786378666.254693) can0 38E#F822004011000000
(1786378666.264684) can0 38F#8421E25302000000
(1786378666.264971) can0 38E#A523004011000000
(1786378666.274835) can0 38E#2B24004011000000
(1786378666.284780) can0 38F#6322E25302000000
(1786378666.285110) can0 38E#7625004011000000
(1786378666.294804) can0 38E#9126004011000000
(1786378666.304781) can0 38F#3E23E25302000000
(1786378666.305090) can0 38E#CC27004011000000
(1786378666.314780) can0 38E#9028004011000000
(1786378666.324764) can0 38F#B024E25302000000
(1786378666.325195) can0 38E#CD29004011000000
(1786378666.334802) can0 38E#2A2A004011000000
(1786378666.344788) can0 38F#ED25E25302000000
(1786378666.345089) can0 38E#772B004011000000
(1786378666.354782) can0 38E#F92C004011000000
(1786378666.364400) can0 38F#0A26E25302000000
(1786378666.364695) can0 38E#A42D004011000000
(1786378666.374645) can0 38E#432E004011000000
(1786378666.384751) can0 38F#5727E25302000000
(1786378666.385030) can0 38E#1E2F004011000000
(1786378666.394777) can0 38E#4220004011000000
(1786378666.404781) can0 38F#0B28E25302000000
(1786378666.405060) can0 38E#1F21004011000000
(1786378666.414665) can0 38E#F822004011000000
(1786378666.424701) can0 38F#5629E25302000000
(1786378666.425033) can0 38E#A523004011000000
(1786378666.434804) can0 38E#2B24004011000000
(1786378666.444747) can0 38F#B12AE25302000000
(1786378666.444996) can0 38E#7625004011000000
(1786378666.454745) can0 38E#9126004011000000
(1786378666.464746) can0 38F#EC2BE25302000000
(1786378666.464976) can0 38E#CC27004011000000
(1786378666.474691) can0 38E#9028004011000000
(1786378666.484728) can0 38F#622CE25302000000
(1786378666.485043) can0 38E#CD29004011000000
(1786378666.494721) can0 38E#2A2A004011000000
(1786378666.504748) can0 38F#3F2DE25302000000
(1786378666.505090) can0 38E#772B004011000000
(1786378666.514746) can0 38E#F92C004011000000
(1786378666.524713) can0 38F#D82EE25302000000
(1786378666.525026) can0 38E#A42D004011000000
(1786378666.534743) can0 38E#432E004011000000
(1786378666.544674) can0 38F#852FE25302000000
(1786378666.544962) can0 38E#1E2F004011000000
(1786378666.554839) can0 38E#4220004011000000
(1786378666.564708) can0 38F#D920E25302000000
(1786378666.564994) can0 38E#1F21004011000000
(1786378666.574710) can0 38E#F822004011000000
(1786378666.584669) can0 38F#8421E25302000000
(1786378666.584905) can0 38E#A523004011000000
(1786378666.594705) can0 38E#2B24004011000000
(1786378666.604702) can0 38F#6322E25302000000
(1786378666.604947) can0 38E#7625004011000000
(1786378666.614735) can0 38E#9126004011000000
(1786378666.624758) can0 38F#3E23E25302000000
(1786378666.625087) can0 38E#CC27004011000000
(1786378666.634724) can0 38E#9028004011000000
(1786378666.644717) can0 38F#B024E25302000000
(1786378666.645026) can0 38E#CD29004011000000
(1786378666.654784) can0 38E#2A2A004011000000
(1786378666.664719) can0 38F#ED25E25302000000
(1786378666.664945) can0 38E#772B004011000000
(1786378666.674641) can0 38E#F92C004011000000
(1786378666.684694) can0 38F#0A26E25302000000
(1786378666.684943) can0 38E#A42D004011000000
(1786378666.694764) can0 38E#432E004011000000
(1786378666.704848) can0 38F#5727E25302000000
(1786378666.705152) can0 38E#1E2F004011000000
(1786378666.714830) can0 38E#4220004011000000
(1786378666.724917) can0 38F#0B28E25302000000
(1786378666.725442) can0 38E#1F21004011000000
(1786378666.734680) can0 38E#F822004011000000
(1786378666.744721) can0 38F#5629E25302000000
(1786378666.744995) can0 38E#A523004011000000
(1786378666.754753) can0 38E#2B24004011000000
(1786378666.764661) can0 38F#B12AE25302000000
(1786378666.764965) can0 38E#7625004011000000
(1786378666.774748) can0 38E#9126004011000000
(1786378666.784726) can0 38F#EC2BE25302000000
(1786378666.784992) can0 38E#CC27004011000000
(1786378666.794712) can0 38E#9028004011000000
(1786378666.804743) can0 38F#622CE25302000000
(1786378666.805103) can0 38E#CD29004011000000
(1786378666.814887) can0 38E#2A2A004011000000
(1786378666.824953) can0 38F#3F2DE25302000000
(1786378666.825518) can0 38E#772B004011000000
(1786378666.834855) can0 38E#F92C004011000000
(1786378666.844661) can0 38F#D82EE25302000000
(1786378666.845018) can0 38E#A42D004011000000
(1786378666.854820) can0 38E#432E004011000000
(1786378666.864854) can0 38F#852FE25302000000
(1786378666.865201) can0 38E#1E2F004011000000
(1786378666.874758) can0 38E#4220004011000000
(1786378666.884802) can0 38F#D920E25302000000
(1786378666.885186) can0 38E#1F21004011000000
(1786378666.894798) can0 38E#F822004011000000
(1786378666.904758) can0 38F#8421E25302000000
(1786378666.905062) can0 38E#A523004011000000
(1786378666.914866) can0 38E#2B24004011000000
(1786378666.924945) can0 38F#6322E25302000000
(1786378666.925526) can0 38E#7625004011000000
(1786378666.934858) can0 38E#9126004011000000
(1786378666.944762) can0 38F#3E23E25302000000
(1786378666.945084) can0 38E#CC27004011000000
(1786378666.954818) can0 38E#9028004011000000
(1786378666.964930) can0 38F#B024E25302000000
(1786378666.965260) can0 38E#CD29004011000000
(1786378666.974738) can0 38E#2A2A004011000000
(1786378666.984873) can0 38F#ED25E25302000000
(1786378666.985232) can0 38E#772B004011000000
(1786378666.994768) can0 38E#F92C004011000000
(1786378667.004784) can0 38F#0A26E25302000000
(1786378667.005185) can0 38E#A42D004011000000
(1786378667.014949) can0 38E#432E004011000000
(1786378667.024725) can0 38F#5727E25302000000
(1786378667.025073) can0 38E#1E2F004011000000
(1786378667.034877) can0 38E#4220004011000000
(1786378667.044756) can0 38F#0B28E25302000000
(1786378667.045076) can0 38E#1F21004011000000
(1786378667.054798) can0 38E#F822004011000000
(1786378667.064765) can0 38F#5629E25302000000
(1786378667.065177) can0 38E#A523004011000000
(1786378667.074806) can0 38E#2B24004011000000
(1786378667.084879) can0 38F#B12AE25302000000
(1786378667.085378) can0 38E#7625004011000000
(1786378667.094817) can0 38E#9126004011000000
(1786378667.104797) can0 38F#EC2BE25302000000
(1786378667.105175) can0 38E#CC27004011000000
(1786378667.114820) can0 38E#9028004011000000
(1786378667.124756) can0 38F#622CE25302000000
(1786378667.125047) can0 38E#CD29004011000000
(1786378667.134855) can0 38E#2A2A004011000000
(1786378667.144877) can0 38F#3F2DE25302000000
(1786378667.145225) can0 38E#772B004011000000
(1786378667.154779) can0 38E#F92C004011000000
(1786378667.164758) can0 38F#D82EE25302000000
(1786378667.165245) can0 38E#A42D004011000000
(1786378667.174777) can0 38E#432E004011000000
(1786378667.184733) can0 38F#852FE25302000000
(1786378667.185020) can0 38E#1E2F004011000000
(1786378667.194836) can0 38E#4220004011000000
(1786378667.204786) can0 38F#D920E25302000000
(1786378667.205061) can0 38E#1F21004011000000
(1786378667.214805) can0 38E#F822004011000000
(1786378667.224416) can0 38F#8421E25302000000
(1786378667.224691) can0 38E#A523004011000000
(1786378667.234766) can0 38E#2B24004011000000
(1786378667.244761) can0 38F#6322E25302000000
(1786378667.245175) can0 38E#7625004011000000
(1786378667.254785) can0 38E#9126004011000000
(1786378667.264818) can0 38F#3E23E25302000000
(1786378667.265265) can0 38E#CC27004011000000
(1786378667.274736) can0 38E#9028004011000000
(1786378667.284808) can0 38F#B024E25302000000
(1786378667.285183) can0 38E#CD29004011000000
(1786378667.294822) can0 38E#2A2A004011000000
(1786378667.304762) can0 38F#ED25E25302000000
(1786378667.305071) can0 38E#772B004011000000
(1786378667.314770) can0 38E#F92C004011000000
(1786378667.324695) can0 38F#0A26E25302000000
(1786378667.324970) can0 38E#A42D004011000000
(1786378667.334784) can0 38E#432E004011000000
(1786378667.344772) can0 38F#5727E25302000000
(1786378667.345089) can0 38E#1E2F004011000000
(1786378667.354782) can0 38E#4220004011000000
(1786378667.364773) can0 38F#0B28E25302000000
(1786378667.365084) can0 38E#1F21004011000000
(1786378667.374657) can0 38E#F822004011000000
(1786378667.384735) can0 38F#5629E25302000000
(1786378667.385005) can0 38E#A523004011000000
(1786378667.394751) can0 38E#2B24004011000000
(1786378667.404694) can0 38F#B12AE25302000000
(1786378667.404929) can0 38E#7625004011000000
(1786378667.414771) can0 38E#9126004011000000
(1786378667.424716) can0 38F#EC2BE25302000000
(1786378667.424948) can0 38E#CC27004011000000
(1786378667.434754) can0 38E#9028004011000000
(1786378667.444688) can0 38F#622CE25302000000
(1786378667.445002) can0 38E#CD29004011000000
(1786378667.454674) can0 38E#2A2A004011000000
(1786378667.464838) can0 38F#3F2DE25302000000
(1786378667.465155) can0 38E#772B004011000000
(1786378667.474804) can0 38E#F92C004011000000
(1786378667.484787) can0 38F#D82EE25302000000
(1786378667.485151) can0 38E#A42D004011000000
(1786378667.494785) can0 38E#432E004011000000
(1786378667.504776) can0 38F#852FE25302000000
(1786378667.505065) can0 38E#1E2F004011000000
(1786378667.514769) can0 38E#4220004011000000
(1786378667.524698) can0 38F#D920E25302000000
(1786378667.524938) can0 38E#1F21004011000000
(1786378667.534696) can0 38E#F822004011000000
(1786378667.544782) can0 38F#8421E25302000000
(1786378667.545100) can0 38E#A523004011000000
(1786378667.554697) can0 38E#2B24004011000000
(1786378667.564790) can0 38F#6322E25302000000
(1786378667.565168) can0 38E#7625004011000000
(1786378667.574720) can0 38E#9126004011000000
(1786378667.584735) can0 38F#3E23E25302000000
(1786378667.585028) can0 38E#CC27004011000000
(1786378667.594700) can0 38E#9028004011000000
(1786378667.604860) can0 38F#B024E25302000000
(1786378667.605174) can0 38E#CD29004011000000
(1786378667.614819) can0 38E#2A2A004011000000
(1786378667.624736) can0 38F#ED25E25302000000
(1786378667.625028) can0 38E#772B004011000000
(1786378667.634838) can0 38E#F92C004011000000
(1786378667.644735) can0 38F#0A26E25302000000
(1786378667.645079) can0 38E#A42D004011000000
(1786378667.654715) can0 38E#432E004011000000
(1786378667.664713) can0 38F#5727E25302000000
(1786378667.665010) can0 38E#1E2F004011000000
(1786378667.674755) can0 38E#4220004011000000
(1786378667.684750) can0 38F#0B28E25302000000
(1786378667.685053) can0 38E#1F21004011000000
(1786378667.694772) can0 38E#F822004011000000
(1786378667.704834) can0 38F#5629E25302000000
(1786378667.705133) can0 38E#A523004011000000
(1786378667.714727) can0 38E#2B24004011000000
(1786378667.724739) can0 38F#B12AE25302000000
(1786378667.724984) can0 38E#7625004011000000
(1786378667.734849) can0 38E#9126004011000000
(1786378667.744830) can0 38F#EC2BE25302000000
(1786378667.745209) can0 38E#CC27004011000000
(1786378667.754728) can0 38E#9028004011000000
(1786378667.764777) can0 38F#622CE25302000000
(1786378667.765167) can0 38E#CD29004011000000
(1786378667.774717) can0 38E#2A2A004011000000
(1786378667.784783) can0 38F#3F2DE25302000000
(1786378667.785143) can0 38E#772B004011000000
(1786378667.794754) can0 38E#F92C004011000000
(1786378667.804713) can0 38F#D82EE25302000000
(1786378667.804942) can0 38E#A42D004011000000
(1786378667.814730) can0 38E#432E004011000000
(1786378667.824722) can0 38F#852FE25302000000
(1786378667.825073) can0 38E#1E2F004011000000
(1786378667.834730) can0 38E#4220004011000000
(1786378667.844778) can0 38F#D920E25302000000
(1786378667.845090) can0 38E#1F21004011000000
(1786378667.854743) can0 38E#F822004011000000
(1786378667.864776) can0 38F#8421E25302000000
(1786378667.865046) can0 38E#A523004011000000
(1786378667.874693) can0 38E#2B24004011000000
(1786378667.884741) can0 38F#6322E25302000000
(1786378667.885183) can0 38E#7625004011000000
(1786378667.894768) can0 38E#9126004011000000
(1786378667.904797) can0 38F#3E23E25302000000
(1786378667.905091) can0 38E#CC27004011000000
(1786378667.914775) can0 38E#9028004011000000
(1786378667.924726) can0 38F#B024E25302000000
(1786378667.925005) can0 38E#CD29004011000000
(1786378667.934805) can0 38E#2A2A004011000000
(1786378667.944867) can0 38F#ED25E25302000000
(1786378667.945172) can0 38E#772B004011000000
(1786378667.954766) can0 38E#F92C004011000000
(1786378667.964743) can0 38F#0A26E25302000000
(1786378667.965117) can0 38E#A42D004011000000
(1786378667.974780) can0 38E#432E004011000000
(1786378667.984817) can0 38F#5727E25302000000
(1786378667.985233) can0 38E#1E2F004011000000
(1786378667.994806) can0 38E#4220004011000000
(1786378668.004769) can0 38F#0B28E25302000000
(1786378668.005112) can0 38E#1F21004011000000
(1786378668.014738) can0 38E#F822004011000000
(1786378668.024660) can0 38F#5629E25302000000
(1786378668.024895) can0 38E#A523004011000000
(1786378668.034767) can0 38E#2B24004011000000
(1786378668.044773) can0 38F#B12AE25302000000
(1786378668.045145) can0 38E#7625004011000000
(1786378668.054736) can0 38E#9126004011000000
(1786378668.064776) can0 38F#EC2BE25302000000
(1786378668.065070) can0 38E#CC27004011000000
(1786378668.074759) can0 38E#9028004011000000
(1786378668.084704) can0 38F#622CE25302000000
(1786378668.084986) can0 38E#CD29004011000000
(1786378668.094778) can0 38E#2A2A004011000000
(1786378668.104803) can0 38F#3F2DE25302000000
(1786378668.105066) can0 38E#772B004011000000
(1786378668.114778) can0 38E#F92C004011000000
(1786378668.124720) can0 38F#D82EE25302000000
(1786378668.124957) can0 38E#A42D004011000000
(1786378668.134783) can0 38E#432E004011000000
(1786378668.144818) can0 38F#852FE25302000000
(1786378668.145198) can0 38E#1E2F004011000000
(1786378668.154866) can0 38E#4220004011000000
(1786378668.164731) can0 38F#D920E25302000000
(1786378668.164947) can0 38E#1F21004011000000
(1786378668.174728) can0 38E#F822004011000000
(1786378668.184713) can0 38F#8421E25302000000
(1786378668.184963) can0 38E#A523004011000000
(1786378668.194781) can0 38E#2B24004011000000
(1786378668.204819) can0 38F#6322E25302000000
(1786378668.205060) can0 38E#7625004011000000
(1786378668.214707) can0 38E#9126004011000000
(1786378668.224732) can0 38F#3E23E25302000000
(1786378668.225053) can0 38E#CC27004011000000
(1786378668.234735) can0 38E#9028004011000000
(1786378668.244711) can0 38F#B024E25302000000
(1786378668.245028) can0 38E#CD29004011000000
(1786378668.254797) can0 38E#2A2A004011000000
(1786378668.264827) can0 38F#ED25E25302000000
(1786378668.265210) can0 38E#772B004011000000
(1786378668.274713) can0 38E#F92C004011000000
(1786378668.284777) can0 38F#0A26E25302000000
(1786378668.285209) can0 38E#A42D004011000000
(1786378668.294904) can0 38E#432E004011000000
(1786378668.304760) can0 38F#5727E25302000000
(1786378668.305075) can0 38E#1E2F004011000000
(1786378668.314851) can0 38E#4220004011000000
(1786378668.324726) can0 38F#0B28E25302000000
(1786378668.325017) can0 38E#1F21004011000000
(1786378668.334794) can0 38E#F822004011000000
(1786378668.344842) can0 38F#5629E25302000000
(1786378668.345143) can0 38E#A523004011000000
(1786378668.354686) can0 38E#2B24004011000000
(1786378668.364790) can0 38F#B12AE25302000000
(1786378668.365097) can0 38E#7625004011000000
(1786378668.374813) can0 38E#9126004011000000
(1786378668.384789) can0 38F#EC2BE25302000000
(1786378668.385132) can0 38E#CC27004011000000
(1786378668.394797) can0 38E#9028004011000000
(1786378668.404675) can0 38F#622CE25302000000
(1786378668.404912) can0 38E#CD29004011000000
(1786378668.414703) can0 38E#2A2A004011000000
(1786378668.424854) can0 38F#3F2DE25302000000
(1786378668.425243) can0 38E#772B004011000000
(1786378668.434883) can0 38E#F92C004011000000
(1786378668.444701) can0 38F#D82EE25302000000
(1786378668.445097) can0 38E#A42D004011000000
(1786378668.454818) can0 38E#432E004011000000
(1786378668.464726) can0 38F#852FE25302000000
(1786378668.465051) can0 38E#1E2F004011000000
(1786378668.474714) can0 38E#4220004011000000
(1786378668.484722) can0 38F#D920E25302000000
(1786378668.485031) can0 38E#1F21004011000000
(1786378668.494767) can0 38E#F822004011000000
(1786378668.504753) can0 38F#8421E25302000000
(1786378668.505018) can0 38E#A523004011000000
(1786378668.514677) can0 38E#2B24004011000000
(1786378668.524672) can0 38F#6322E25302000000
(1786378668.524933) can0 38E#7625004011000000
(1786378668.534814) can0 38E#9126004011000000
(1786378668.544761) can0 38F#3E23E25302000000
(1786378668.545117) can0 38E#CC27004011000000
(1786378668.554760) can0 38E#9028004011000000
(1786378668.564694) can0 38F#B024E25302000000
(1786378668.565069) can0 38E#CD29004011000000
(1786378668.574667) can0 38E#2A2A004011000000
(1786378668.584789) can0 38F#ED25E25302000000
(1786378668.585059) can0 38E#772B004011000000
(1786378668.594712) can0 38E#F92C004011000000
(1786378668.604688) can0 38F#0A26E25302000000
(1786378668.604899) can0 38E#A42D004011000000
(1786378668.614743) can0 38E#432E004011000000
(1786378668.624760) can0 38F#5727E25302000000
(1786378668.625095) can0 38E#1E2F004011000000
(1786378668.634781) can0 38E#4220004011000000
(1786378668.644708) can0 38F#0B28E25302000000
(1786378668.645084) can0 38E#1F21004011000000
(1786378668.654861) can0 38E#F822004011000000
(1786378668.664842) can0 38F#5629E25302000000
(1786378668.665238) can0 38E#A523004011000000
(1786378668.674809) can0 38E#2B24004011000000
(1786378668.684752) can0 38F#B12AE25302000000
(1786378668.685072) can0 38E#7625004011000000
(1786378668.694773) can0 38E#9126004011000000
(1786378668.704795) can0 38F#EC2BE25302000000
(1786378668.705040) can0 38E#CC27004011000000
(1786378668.714759) can0 38E#9028004011000000
(1786378668.724737) can0 38F#622CE25302000000
(1786378668.725090) can0 38E#CD29004011000000
(1786378668.734678) can0 38E#2A2A004011000000
(1786378668.744770) can0 38F#3F2DE25302000000
(1786378668.745117) can0 38E#772B004011000000
(1786378668.754784) can0 38E#F92C004011000000
(1786378668.764751) can0 38F#D82EE25302000000
(1786378668.765035) can0 38E#A42D004011000000
(1786378668.774727) can0 38E#432E004011000000
(1786378668.784739) can0 38F#852FE25302000000
(1786378668.785020) can0 38E#1E2F004011000000
(1786378668.794778) can0 38E#4220004011000000
(1786378668.804754) can0 38F#D920E25302000000
(1786378668.805078) can0 38E#1F21004011000000
(1786378668.814880) can0 38E#F822004011000000
(1786378668.824743) can0 38F#8421E25302000000
(1786378668.825082) can0 38E#A523004011000000
(1786378668.834768) can0 38E#2B24004011000000
(1786378668.844703) can0 38F#6322E25302000000
(1786378668.845008) can0 38E#7625004011000000
(1786378668.854808) can0 38E#9126004011000000
(1786378668.864835) can0 38F#3E23E25302000000
(1786378668.865216) can0 38E#CC27004011000000
(1786378668.874834) can0 38E#9028004011000000
(1786378668.884794) can0 38F#B024E25302000000
(1786378668.885194) can0 38E#CD29004011000000
(1786378668.894736) can0 38E#2A2A004011000000
(1786378668.904799) can0 38F#ED25E25302000000
(1786378668.905116) can0 38E#772B004011000000
(1786378668.914743) can0 38E#F92C004011000000
(1786378668.924711) can0 38F#0A26E25302000000
(1786378668.925013) can0 38E#A42D004011000000
(1786378668.934802) can0 38E#432E004011000000
(1786378668.944761) can0 38F#5727E25302000000
(1786378668.945119) can0 38E#1E2F004011000000
(1786378668.954685) can0 38E#4220004011000000
(1786378668.964793) can0 38F#0B28E25302000000
(1786378668.965100) can0 38E#1F21004011000000
(1786378668.974830) can0 38E#F822004011000000
(1786378668.984908) can0 38F#5629E25302000000
(1786378668.985326) can0 38E#A523004011000000
(1786378668.994719) can0 38E#2B24004011000000
(1786378669.004734) can0 38F#B12AE25302000000
(1786378669.005140) can0 38E#7625004011000000
(1786378669.014924) can0 38E#9126004011000000
(1786378669.024794) can0 38F#EC2BE25302000000
(1786378669.025121) can0 38E#CC27004011000000
(1786378669.034794) can0 38E#9028004011000000
(1786378669.044721) can0 38F#622CE25302000000
(1786378669.045016) can0 38E#CD29004011000000
(1786378669.054751) can0 38E#2A2A004011000000
(1786378669.064726) can0 38F#3F2DE25302000000
(1786378669.065001) can0 38E#772B004011000000
(1786378669.074695) can0 38E#F92C004011000000
(1786378669.084695) can0 38F#D82EE25302000000
(1786378669.084945) can0 38E#A42D004011000000
(1786378669.094670) can0 38E#432E004011000000
(1786378669.104740) can0 38F#852FE25302000000
(1786378669.105009) can0 38E#1E2F004011000000
(1786378669.114804) can0 38E#4220004011000000
(1786378669.124710) can0 38F#D920E25302000000
(1786378669.124991) can0 38E#1F21004011000000
(1786378669.134854) can0 38E#F822004011000000
(1786378669.144850) can0 38F#8421E25302000000
(1786378669.145172) can0 38E#A523004011000000
(1786378669.154850) can0 38E#2B24004011000000
(1786378669.164757) can0 38F#6322E25302000000
(1786378669.165188) can0 38E#7625004011000000
(1786378669.174759) can0 38E#9126004011000000
(1786378669.184761) can0 38F#3E23E25302000000
(1786378669.185082) can0 38E#CC27004011000000
(1786378669.194822) can0 38E#9028004011000000
(1786378669.204770) can0 38F#B024E25302000000
(1786378669.205041) can0 38E#CD29004011000000
(1786378669.214786) can0 38E#2A2A004011000000
(1786378669.224786) can0 38F#ED25E25302000000
(1786378669.225107) can0 38E#772B004011000000
(1786378669.234904) can0 38E#F92C004011000000
(1786378669.244714) can0 38F#0A26E25302000000
(1786378669.245054) can0 38E#A42D004011000000
(1786378669.254659) can0 38E#432E004011000000
(1786378669.264877) can0 38F#5727E25302000000
(1786378669.265358) can0 38E#1E2F004011000000
(1786378669.274801) can0 38E#4220004011000000
(1786378669.284733) can0 38F#0B28E25302000000
(1786378669.285062) can0 38E#1F21004011000000
(1786378669.294766) can0 38E#F822004011000000
(1786378669.304823) can0 38F#5629E25302000000
(1786378669.305156) can0 38E#A523004011000000
(1786378669.314709) can0 38E#2B24004011000000
(1786378669.324689) can0 38F#B12AE25302000000
(1786378669.324961) can0 38E#7625004011000000
(1786378669.334856) can0 38E#9126004011000000
(1786378669.344862) can0 38F#EC2BE25302000000
(1786378669.345202) can0 38E#CC27004011000000
(1786378669.354804) can0 38E#9028004011000000
(1786378669.364737) can0 38F#622CE25302000000
(1786378669.365055) can0 38E#CD29004011000000
(1786378669.374723) can0 38E#2A2A004011000000
(1786378669.384887) can0 38F#3F2DE25302000000
(1786378669.385391) can0 38E#772B004011000000
(1786378669.394788) can0 38E#F92C004011000000
(1786378669.404723) can0 38F#D82EE25302000000
(1786378669.404972) can0 38E#A42D004011000000
(1786378669.414807) can0 38E#432E004011000000
(1786378669.424676) can0 38F#852FE25302000000
(1786378669.424937) can0 38E#1E2F004011000000
(1786378669.434728) can0 38E#4220004011000000
(1786378669.444883) can0 38F#D920E25302000000
(1786378669.445233) can0 38E#1F21004011000000
(1786378669.454778) can0 38E#F822004011000000
(1786378669.464835) can0 38F#8421E25302000000
(1786378669.465155) can0 38E#A523004011000000
(1786378669.474753) can0 38E#2B24004011000000
(1786378669.484729) can0 38F#6322E25302000000
(1786378669.485079) can0 38E#7625004011000000
(1786378669.494783) can0 38E#9126004011000000
(1786378669.504773) can0 38F#3E23E25302000000
(1786378669.505027) can0 38E#CC27004011000000
(1786378669.514775) can0 38E#9028004011000000
(1786378669.524688) can0 38F#B024E25302000000
(1786378669.524966) can0 38E#CD29004011000000
(1786378669.534745) can0 38E#2A2A004011000000
(1786378669.544797) can0 38F#ED25E25302000000
(1786378669.545131) can0 38E#772B004011000000
(1786378669.554785) can0 38E#F92C004011000000
(1786378669.564830) can0 38F#0A26E25302000000
(1786378669.565129) can0 38E#A42D004011000000
(1786378669.574756) can0 38E#432E004011000000
(1786378669.584852) can0 38F#5727E25302000000
(1786378669.585151) can0 38E#1E2F004011000000
(1786378669.594700) can0 38E#4220004011000000
(1786378669.604669) can0 38F#0B28E25302000000
(1786378669.604932) can0 38E#1F21004011000000
(1786378669.614806) can0 38E#F822004011000000
(1786378669.624723) can0 38F#5629E25302000000
(1786378669.624955) can0 38E#A523004011000000
(1786378669.634761) can0 38E#2B24004011000000
(1786378669.644718) can0 38F#B12AE25302000000
(1786378669.645020) can0 38E#7625004011000000
(1786378669.654832) can0 38E#9126004011000000
(1786378669.664925) can0 38F#EC2BE25302000000
(1786378669.665396) can0 38E#CC27004011000000
(1786378669.674748) can0 38E#9028004011000000
(1786378669.684726) can0 38F#622CE25302000000
(1786378669.685071) can0 38E#CD29004011000000
(1786378669.694815) can0 38E#2A2A004011000000
(1786378669.704891) can0 38F#3F2DE25302000000
(1786378669.705268) can0 38E#772B004011000000
(1786378669.714884) can0 38E#F92C004011000000
(1786378669.724693) can0 38F#D82EE25302000000
(1786378669.724997) can0 38E#A42D004011000000
(1786378669.734808) can0 38E#432E004011000000
(1786378669.744792) can0 38F#852FE25302000000
(1786378669.745164) can0 38E#1E2F004011000000
(1786378669.754766) can0 38E#4220004011000000
(1786378669.764768) can0 38F#D920E25302000000
(1786378669.765078) can0 38E#1F21004011000000
(1786378669.774867) can0 38E#F822004011000000
(1786378669.784857) can0 38F#8421E25302000000
(1786378669.785204) can0 38E#A523004011000000
(1786378669.794843) can0 38E#2B24004011000000
(1786378669.804784) can0 38F#6322E25302000000
(1786378669.805234) can0 38E#7625004011000000
(1786378669.814770) can0 38E#9126004011000000
(1786378669.824787) can0 38F#3E23E25302000000
(1786378669.825135) can0 38E#CC27004011000000
(1786378669.834754) can0 38E#9028004011000000
(1786378669.844735) can0 38F#B024E25302000000
(1786378669.845068) can0 38E#CD29004011000000
(1786378669.854670) can0 38E#2A2A004011000000
(1786378669.864726) can0 38F#ED25E25302000000
(1786378669.864970) can0 38E#772B004011000000
(1786378669.874796) can0 38E#F92C004011000000
(1786378669.884739) can0 38F#0A26E25302000000
(1786378669.885019) can0 38E#A42D004011000000
(1786378669.894781) can0 38E#432E004011000000
(1786378669.904779) can0 38F#5727E25302000000
(1786378669.905056) can0 38E#1E2F004011000000
(1786378669.914812) can0 38E#4220004011000000
(1786378669.924726) can0 38F#0B28E25302000000
(1786378669.924995) can0 38E#1F21004011000000
(1786378669.934830) can0 38E#F822004011000000
(1786378669.944856) can0 38F#5629E25302000000
(1786378669.945203) can0 38E#A523004011000000
(1786378669.954691) can0 38E#2B24004011000000
(1786378669.964694) can0 38F#B12AE25302000000
(1786378669.964935) can0 38E#7625004011000000
(1786378669.974730) can0 38E#9126004011000000
(1786378669.984820) can0 38F#EC2BE25302000000
(1786378669.985173) can0 38E#CC27004011000000
(1786378669.994805) can0 38E#9028004011000000
(1786378670.004750) can0 38F#622CE25302000000
(1786378670.005040) can0 38E#CD29004011000000
(1786378670.014852) can0 38E#2A2A004011000000
(1786378670.024705) can0 38F#3F2DE25302000000
(1786378670.025019) can0 38E#772B004011000000
(1786378670.034715) can0 38E#F92C004011000000
(1786378670.044751) can0 38F#D82EE25302000000
(1786378670.045057) can0 38E#A42D004011000000
(1786378670.054846) can0 38E#432E004011000000
(1786378670.064740) can0 38F#852FE25302000000
(1786378670.064995) can0 38E#1E2F004011000000
(1786378670.074999) can0 38E#4220004011000000
(1786378670.084770) can0 38F#D920E25302000000
(1786378670.085143) can0 38E#1F21004011000000
(1786378670.094848) can0 38E#F822004011000000
(1786378670.104803) can0 38F#8421E25302000000
(1786378670.105094) can0 38E#A523004011000000
(1786378670.114775) can0 38E#2B24004011000000
(1786378670.124715) can0 38F#6322E25302000000
(1786378670.125007) can0 38E#7625004011000000
(1786378670.134711) can0 38E#9126004011000000
(1786378670.144802) can0 38F#3E23E25302000000
(1786378670.145103) can0 38E#CC27004011000000
(1786378670.154744) can0 38E#9028004011000000
(1786378670.164715) can0 38F#B024E25302000000
(1786378670.165042) can0 38E#CD29004011000000
(1786378670.174683) can0 38E#2A2A004011000000
(1786378670.184708) can0 38F#ED25E25302000000
(1786378670.184994) can0 38E#772B004011000000
(1786378670.194822) can0 38E#F92C004011000000
(1786378670.204755) can0 38F#0A26E25302000000
(1786378670.205080) can0 38E#A42D004011000000
(1786378670.214897) can0 38E#432E004011000000
(1786378670.224737) can0 38F#5727E25302000000
(1786378670.225020) can0 38E#1E2F004011000000
(1786378670.234738) can0 38E#4220004011000000
(1786378670.244748) can0 38F#0B28E25302000000
(1786378670.245142) can0 38E#1F21004011000000
(1786378670.254862) can0 38E#F822004011000000
(1786378670.264841) can0 38F#5629E25302000000
(1786378670.265191) can0 38E#A523004011000000
(1786378670.274794) can0 38E#2B24004011000000
(1786378670.284802) can0 38F#B12AE25302000000
(1786378670.285223) can0 38E#7625004011000000
(1786378670.294835) can0 38E#9126004011000000
(1786378670.304795) can0 38F#EC2BE25302000000
(1786378670.305049) can0 38E#CC27004011000000
(1786378670.314821) can0 38E#9028004011000000
(1786378670.324715) can0 38F#622CE25302000000
(1786378670.324994) can0 38E#CD29004011000000
(1786378670.334801) can0 38E#2A2A004011000000
(1786378670.344781) can0 38F#3F2DE25302000000
(1786378670.345137) can0 38E#772B004011000000
(1786378670.354777) can0 38E#F92C004011000000
(1786378670.364712) can0 38F#D82EE25302000000
(1786378670.364967) can0 38E#A42D004011000000
(1786378670.374736) can0 38E#432E004011000000
(1786378670.384697) can0 38F#852FE25302000000
(1786378670.384951) can0 38E#1E2F004011000000
(1786378670.394814) can0 38E#4220004011000000
(1786378670.404811) can0 38F#D920E25302000000
(1786378670.405112) can0 38E#1F21004011000000
(1786378670.414936) can0 38E#F822004011000000
(1786378670.424780) can0 38F#8421E25302000000
(1786378670.425189) can0 38E#A523004011000000
(1786378670.434878) can0 38E#2B24004011000000
(1786378670.444815) can0 38F#6322E25302000000
(1786378670.445146) can0 38E#7625004011000000
(1786378670.454715) can0 38E#9126004011000000
(1786378670.464792) can0 38F#3E23E25302000000
(1786378670.465137) can0 38E#CC27004011000000
(1786378670.474762) can0 38E#9028004011000000
(1786378670.484836) can0 38F#B024E25302000000
(1786378670.485269) can0 38E#CD29004011000000
(1786378670.494781) can0 38E#2A2A004011000000
(1786378670.504772) can0 38F#ED25E25302000000
(1786378670.505099) can0 38E#772B004011000000
(1786378670.514847) can0 38E#F92C004011000000
(1786378670.524817) can0 38F#0A26E25302000000
(1786378670.525128) can0 38E#A42D004011000000
(1786378670.534815) can0 38E#432E004011000000
(1786378670.544790) can0 38F#5727E25302000000
(1786378670.545111) can0 38E#1E2F004011000000
(1786378670.554732) can0 38E#4220004011000000
(1786378670.564697) can0 38F#0B28E25302000000
(1786378670.564910) can0 38E#1F21004011000000
(1786378670.574782) can0 38E#F822004011000000
(1786378670.584854) can0 38F#5629E25302000000
(1786378670.585265) can0 38E#A523004011000000
(1786378670.594736) can0 38E#2B24004011000000
(1786378670.604708) can0 38F#B12AE25302000000
(1786378670.604992) can0 38E#7625004011000000
(1786378670.614801) can0 38E#9126004011000000
(1786378670.624733) can0 38F#EC2BE25302000000
(1786378670.624976) can0 38E#CC27004011000000
(1786378670.634745) can0 38E#9028004011000000
(1786378670.644739) can0 38F#622CE25302000000
(1786378670.645027) can0 38E#CD29004011000000
(1786378670.654809) can0 38E#2A2A004011000000
(1786378670.664488) can0 38F#3F2DE25302000000
(1786378670.664793) can0 38E#772B004011000000
(1786378670.674708) can0 38E#F92C004011000000
(1786378670.684850) can0 38F#D82EE25302000000
(1786378670.685273) can0 38E#A42D004011000000
(1786378670.694806) can0 38E#432E004011000000
(1786378670.704824) can0 38F#852FE25302000000
(1786378670.705225) can0 38E#1E2F004011000000
(1786378670.714962) can0 38E#4220004011000000
(1786378670.724690) can0 38F#D920E25302000000
(1786378670.725003) can0 38E#1F21004011000000
(1786378670.734897) can0 38E#F822004011000000
(1786378670.744812) can0 38F#8421E25302000000
(1786378670.745159) can0 38E#A523004011000000
(1786378670.754776) can0 38E#2B24004011000000
(1786378670.764690) can0 38F#6322E25302000000
(1786378670.764921) can0 38E#7625004011000000
(1786378670.774723) can0 38E#9126004011000000
(1786378670.784711) can0 38F#3E23E25302000000
(1786378670.785003) can0 38E#CC27004011000000
(1786378670.794721) can0 38E#9028004011000000
(1786378670.804737) can0 38F#B024E25302000000
(1786378670.805042) can0 38E#CD29004011000000
(1786378670.814731) can0 38E#2A2A004011000000
(1786378670.824636) can0 38F#ED25E25302000000
(1786378670.824849) can0 38E#772B004011000000
(1786378670.834762) can0 38E#F92C004011000000
(1786378670.844716) can0 38F#0A26E25302000000
(1786378670.845097) can0 38E#A42D004011000000
(1786378670.854960) can0 38E#432E004011000000
(1786378670.864831) can0 38F#5727E25302000000
(1786378670.865157) can0 38E#1E2F004011000000
(1786378670.874785) can0 38E#4220004011000000
(1786378670.884697) can0 38F#0B28E25302000000
(1786378670.884956) can0 38E#1F21004011000000
(1786378670.894745) can0 38E#F822004011000000
(1786378670.904754) can0 38F#5629E25302000000
(1786378670.905047) can0 38E#A523004011000000
(1786378670.914838) can0 38E#2B24004011000000
(1786378670.924743) can0 38F#B12AE25302000000
(1786378670.925062) can0 38E#7625004011000000
(1786378670.934789) can0 38E#9126004011000000
(1786378670.944753) can0 38F#EC2BE25302000000
(1786378670.945022) can0 38E#CC27004011000000
(1786378670.954859) can0 38E#9028004011000000
(1786378670.964732) can0 38F#622CE25302000000
(1786378670.964921) can0 38E#CD29004011000000
(1786378670.974744) can0 38E#2A2A004011000000
(1786378670.984703) can0 38F#3F2DE25302000000
(1786378670.984943) can0 38E#772B004011000000
(1786378670.994698) can0 38E#F92C004011000000
(1786378671.004731) can0 38F#D82EE25302000000
(1786378671.005018) can0 38E#A42D004011000000
(1786378671.014792) can0 38E#432E004011000000
(1786378671.024792) can0 38F#852FE25302000000
(1786378671.025082) can0 38E#1E2F004011000000
(1786378671.034753) can0 38E#4220004011000000
(1786378671.044682) can0 38F#D920E25302000000
(1786378671.044961) can0 38E#1F21004011000000
(1786378671.054791) can0 38E#F822004011000000
(1786378671.064749) can0 38F#8421E25302000000
(1786378671.064991) can0 38E#A523004011000000
(1786378671.074744) can0 38E#2B24004011000000
(1786378671.084781) can0 38F#6322E25302000000
(1786378671.084994) can0 38E#7625004011000000
(1786378671.094689) can0 38E#9126004011000000
(1786378671.104706) can0 38F#3E23E25302000000
(1786378671.104978) can0 38E#CC27004011000000
(1786378671.114780) can0 38E#9028004011000000
(1786378671.124711) can0 38F#B024E25302000000
(1786378671.124907) can0 38E#CD29004011000000
(1786378671.134760) can0 38E#2A2A004011000000
(1786378671.144732) can0 38F#ED25E25302000000
(1786378671.145061) can0 38E#772B004011000000
(1786378671.154789) can0 38E#F92C004011000000
(1786378671.164751) can0 38F#0A26E25302000000
(1786378671.164960) can0 38E#A42D004011000000
(1786378671.174782) can0 38E#432E004011000000
(1786378671.184687) can0 38F#5727E25302000000
(1786378671.184948) can0 38E#1E2F004011000000
(1786378671.194749) can0 38E#4220004011000000
(1786378671.204766) can0 38F#0B28E25302000000
(1786378671.204999) can0 38E#1F21004011000000
(1786378671.214763) can0 38E#F822004011000000
(1786378671.224708) can0 38F#5629E25302000000
(1786378671.225039) can0 38E#A523004011000000
(1786378671.234767) can0 38E#2B24004011000000
(1786378671.244752) can0 38F#B12AE25302000000
(1786378671.244995) can0 38E#7625004011000000
(1786378671.254689) can0 38E#9126004011000000
(1786378671.264720) can0 38F#EC2BE25302000000
(1786378671.264924) can0 38E#CC27004011000000
(1786378671.274687) can0 38E#9028004011000000
(1786378671.284720) can0 38F#622CE25302000000
(1786378671.284964) can0 38E#CD29004011000000
(1786378671.294799) can0 38E#2A2A004011000000
(1786378671.304835) can0 38F#3F2DE25302000000
(1786378671.305091) can0 38E#772B004011000000
(1786378671.314653) can0 38E#F92C004011000000
(1786378671.324689) can0 38F#D82EE25302000000
(1786378671.324971) can0 38E#A42D004011000000
(1786378671.334713) can0 38E#432E004011000000
(1786378671.344727) can0 38F#852FE25302000000
(1786378671.344943) can0 38E#1E2F004011000000
(1786378671.354732) can0 38E#4220004011000000
(1786378671.364698) can0 38F#D920E25302000000
(1786378671.365020) can0 38E#1F21004011000000
(1786378671.374784) can0 38E#F822004011000000
(1786378671.384829) can0 38F#8421E25302000000
(1786378671.385176) can0 38E#A523004011000000
(1786378671.394835) can0 38E#2B24004011000000
(1786378671.404728) can0 38F#6322E25302000000
(1786378671.405028) can0 38E#7625004011000000
(1786378671.414737) can0 38E#9126004011000000
(1786378671.424712) can0 38F#3E23E25302000000
(1786378671.424995) can0 38E#CC27004011000000
(1786378671.434777) can0 38E#9028004011000000
(1786378671.444668) can0 38F#B024E25302000000
(1786378671.444895) can0 38E#CD29004011000000
(1786378671.454731) can0 38E#2A2A004011000000
(1786378671.464745) can0 38F#ED25E25302000000
(1786378671.464991) can0 38E#772B004011000000
(1786378671.474730) can0 38E#F92C004011000000
(1786378671.484759) can0 38F#0A26E25302000000
(1786378671.485112) can0 38E#A42D004011000000
(1786378671.494745) can0 38E#432E004011000000
(1786378671.504817) can0 38F#5727E25302000000
(1786378671.505123) can0 38E#1E2F004011000000
(1786378671.514882) can0 38E#4220004011000000
(1786378671.524534) can0 38F#0B28E25302000000
(1786378671.524960) can0 38E#1F21004011000000
(1786378671.534861) can0 38E#F822004011000000
(1786378671.544881) can0 38F#5629E25302000000
(1786378671.545205) can0 38E#A523004011000000
(1786378671.554783) can0 38E#2B24004011000000
(1786378671.564775) can0 38F#B12AE25302000000
(1786378671.565038) can0 38E#7625004011000000
(1786378671.574669) can0 38E#9126004011000000
(1786378671.584698) can0 38F#EC2BE25302000000
(1786378671.584944) can0 38E#CC27004011000000
(1786378671.594808) can0 38E#9028004011000000
(1786378671.604758) can0 38F#622CE25302000000
(1786378671.605102) can0 38E#CD29004011000000
(1786378671.614763) can0 38E#2A2A004011000000
(1786378671.624845) can0 38F#3F2DE25302000000
(1786378671.625177) can0 38E#772B004011000000
(1786378671.634772) can0 38E#F92C004011000000
(1786378671.644724) can0 38F#D82EE25302000000
(1786378671.644973) can0 38E#A42D004011000000
(1786378671.654677) can0 38E#432E004011000000
(1786378671.664702) can0 38F#852FE25302000000
(1786378671.664930) can0 38E#1E2F004011000000
(1786378671.674719) can0 38E#4220004011000000
(1786378671.684717) can0 38F#D920E25302000000
(1786378671.684943) can0 38E#1F21004011000000
(1786378671.694753) can0 38E#F822004011000000
(1786378671.704788) can0 38F#8421E25302000000
(1786378671.705088) can0 38E#A523004011000000
(1786378671.714799) can0 38E#2B24004011000000
(1786378671.724766) can0 38F#6322E25302000000
(1786378671.725061) can0 38E#7625004011000000
(1786378671.734857) can0 38E#9126004011000000
(1786378671.744663) can0 38F#3E23E25302000000
(1786378671.744923) can0 38E#CC27004011000000
(1786378671.754708) can0 38E#9028004011000000
(1786378671.764794) can0 38F#B024E25302000000
(1786378671.764993) can0 38E#CD29004011000000
(1786378671.774790) can0 38E#2A2A004011000000
(1786378671.784760) can0 38F#ED25E25302000000
(1786378671.785009) can0 38E#772B004011000000
(1786378671.794757) can0 38E#F92C004011000000
(1786378671.804779) can0 38F#0A26E25302000000
(1786378671.805006) can0 38E#A42D004011000000
(1786378671.814835) can0 38E#432E004011000000
(1786378671.824771) can0 38F#5727E25302000000
(1786378671.825067) can0 38E#1E2F004011000000
(1786378671.834770) can0 38E#4220004011000000
(1786378671.844736) can0 38F#0B28E25302000000
(1786378671.845137) can0 38E#1F21004011000000
(1786378671.854774) can0 38E#F822004011000000
(1786378671.864770) can0 38F#5629E25302000000
(1786378671.865011) can0 38E#A523004011000000
(1786378671.874720) can0 38E#2B24004011000000
(1786378671.884748) can0 38F#B12AE25302000000
(1786378671.885113) can0 38E#7625004011000000
(1786378671.894814) can0 38E#9126004011000000
(1786378671.904810) can0 38F#EC2BE25302000000
(1786378671.905188) can0 38E#CC27004011000000
(1786378671.914960) can0 38E#9028004011000000
(1786378671.924752) can0 38F#622CE25302000000
(1786378671.925052) can0 38E#CD29004011000000
(1786378671.934813) can0 38E#2A2A004011000000
(1786378671.944788) can0 38F#3F2DE25302000000
(1786378671.945118) can0 38E#772B004011000000
(1786378671.954742) can0 38E#F92C004011000000
(1786378671.964711) can0 38F#D82EE25302000000
(1786378671.964949) can0 38E#A42D004011000000
(1786378671.974722) can0 38E#432E004011000000
(1786378671.984734) can0 38F#852FE25302000000
(1786378671.984969) can0 38E#1E2F004011000000
(1786378671.994832) can0 38E#4220004011000000
(1786378672.004753) can0 38F#D920E25302000000
(1786378672.005036) can0 38E#1F21004011000000
(1786378672.014775) can0 38E#F822004011000000
(1786378672.024744) can0 38F#8421E25302000000
(1786378672.024980) can0 38E#A523004011000000
(1786378672.034783) can0 38E#2B24004011000000
(1786378672.044696) can0 38F#6322E25302000000
(1786378672.044961) can0 38E#7625004011000000
(1786378672.054732) can0 38E#9126004011000000
(1786378672.064761) can0 38F#3E23E25302000000
(1786378672.065049) can0 38E#CC27004011000000
(1786378672.120693) can0 38E#9028004011000000
(1786378672.162704) can0 38F#B024E25302000000
(1786378672.163079) can0 38E#CD29004011000000
(1786378672.163374) can0 38E#2A2A004011000000
(1786378672.163758) can0 38F#ED25E25302000000
(1786378672.164847) can0 38E#772B004011000000
(1786378672.165084) can0 38E#F92C004011000000
(1786378672.165336) can0 38F#0A26E25302000000
(1786378672.165561) can0 38E#A42D004011000000
(1786378672.165787) can0 38E#432E004011000000
(1786378672.166020) can0 38F#5727E25302000000
(1786378672.166275) can0 38E#1E2F004011000000
(1786378672.166514) can0 38E#4220004011000000
(1786378672.166774) can0 38F#0B28E25302000000
(1786378672.167022) can0 38E#1F21004011000000
(1786378672.196248) can0 38E#F822004011000000
(1786378672.196641) can0 38F#5629E25302000000
(1786378672.196934) can0 38E#A523004011000000
(1786378672.197199) can0 38E#2B24004011000000
(1786378672.204816) can0 38F#B12AE25302000000
(1786378672.205081) can0 38E#7625004011000000
(1786378672.214835) can0 38E#9126004011000000
(1786378672.224751) can0 38F#EC2BE25302000000
(1786378672.225107) can0 38E#CC27004011000000
(1786378672.234828) can0 38E#9028004011000000
(1786378672.244776) can0 38F#622CE25302000000
(1786378672.244984) can0 38E#CD29004011000000
(1786378672.254787) can0 38E#2A2A004011000000
(1786378672.264726) can0 38F#3F2DE25302000000
(1786378672.264999) can0 38E#772B004011000000
(1786378672.274739) can0 38E#F92C004011000000
(1786378672.284738) can0 38F#D82EE25302000000
(1786378672.285060) can0 38E#A42D004011000000
(1786378672.294764) can0 38E#432E004011000000
(1786378672.304748) can0 38F#852FE25302000000
(1786378672.304988) can0 38E#1E2F004011000000
(1786378672.314716) can0 38E#4220004011000000
(1786378672.324727) can0 38F#D920E25302000000
(1786378672.324967) can0 38E#1F21004011000000
(1786378672.334798) can0 38E#F822004011000000
(1786378672.344845) can0 38F#8421E25302000000
(1786378672.345131) can0 38E#A523004011000000
(1786378672.354735) can0 38E#2B24004011000000
(1786378672.364739) can0 38F#6322E25302000000
(1786378672.364970) can0 38E#7625004011000000
(1786378672.374765) can0 38E#9126004011000000
(1786378672.384707) can0 38F#3E23E25302000000
(1786378672.384953) can0 38E#CC27004011000000
(1786378672.394742) can0 38E#9028004011000000
(1786378672.404823) can0 38F#B024E25302000000
(1786378672.405134) can0 38E#CD29004011000000
(1786378672.414753) can0 38E#2A2A004011000000
(1786378672.424749) can0 38F#ED25E25302000000
(1786378672.424999) can0 38E#772B004011000000
(1786378672.434770) can0 38E#F92C004011000000
(1786378672.444751) can0 38F#0A26E25302000000
(1786378672.445056) can0 38E#A42D004011000000
(1786378672.454835) can0 38E#432E004011000000
(1786378672.464838) can0 38F#5727E25302000000
(1786378672.465154) can0 38E#1E2F004011000000
(1786378672.474771) can0 38E#4220004011000000
(1786378672.484729) can0 38F#0B28E25302000000
(1786378672.485068) can0 38E#1F21004011000000
(1786378672.494760) can0 38E#F822004011000000
(1786378672.504766) can0 38F#5629E25302000000
(1786378672.505094) can0 38E#A523004011000000
(1786378672.514789) can0 38E#2B24004011000000
(1786378672.524715) can0 38F#B12AE25302000000
(1786378672.524934) can0 38E#7625004011000000
(1786378672.534735) can0 38E#9126004011000000
(1786378672.544719) can0 38F#EC2BE25302000000
(1786378672.544962) can0 38E#CC27004011000000
(1786378672.554745) can0 38E#9028004011000000
(1786378672.564703) can0 38F#622CE25302000000
(1786378672.564952) can0 38E#CD29004011000000
(1786378672.574726) can0 38E#2A2A004011000000
(1786378672.584814) can0 38F#3F2DE25302000000
(1786378672.585097) can0 38E#772B004011000000
(1786378672.594802) can0 38E#F92C004011000000
(1786378672.604743) can0 38F#D82EE25302000000
(1786378672.605071) can0 38E#A42D004011000000
(1786378672.614760) can0 38E#432E004011000000
(1786378672.624739) can0 38F#852FE25302000000
(1786378672.625022) can0 38E#1E2F004011000000
(1786378672.634878) can0 38E#4220004011000000
(1786378672.644749) can0 38F#D920E25302000000
(1786378672.645061) can0 38E#1F21004011000000
(1786378672.654767) can0 38E#F822004011000000
(1786378672.664842) can0 38F#8421E25302000000
(1786378672.665084) can0 38E#A523004011000000
(1786378672.674760) can0 38E#2B24004011000000
(1786378672.684776) can0 38F#6322E25302000000
(1786378672.685043) can0 38E#7625004011000000
(1786378672.694825) can0 38E#9126004011000000
(1786378672.704774) can0 38F#3E23E25302000000
(1786378672.705063) can0 38E#CC27004011000000
(1786378672.714787) can0 38E#9028004011000000
(1786378672.724805) can0 38F#B024E25302000000
(1786378672.725094) can0 38E#CD29004011000000
(1786378672.734801) can0 38E#2A2A004011000000
(1786378672.744862) can0 38F#ED25E25302000000
(1786378672.745302) can0 38E#772B004011000000
(1786378672.754738) can0 38E#F92C004011000000
(1786378672.764737) can0 38F#0A26E25302000000
(1786378672.765036) can0 38E#A42D004011000000
(1786378672.774797) can0 38E#432E004011000000
(1786378672.784780) can0 38F#5727E25302000000
(1786378672.785090) can0 38E#1E2F004011000000
(1786378672.794822) can0 38E#4220004011000000
(1786378672.804761) can0 38F#0B28E25302000000
(1786378672.804973) can0 38E#1F21004011000000
(1786378672.814685) can0 38E#F822004011000000
(1786378672.824680) can0 38F#5629E25302000000
(1786378672.824902) can0 38E#A523004011000000
(1786378672.834792) can0 38E#2B24004011000000
(1786378672.844788) can0 38F#B12AE25302000000
(1786378672.845086) can0 38E#7625004011000000
(1786378672.854850) can0 38E#9126004011000000
(1786378672.864742) can0 38F#EC2BE25302000000
(1786378672.865024) can0 38E#CC27004011000000
(1786378672.874746) can0 38E#9028004011000000
(1786378672.884790) can0 38F#622CE25302000000
(1786378672.885028) can0 38E#CD29004011000000
(1786378672.894802) can0 38E#2A2A004011000000
(1786378672.904801) can0 38F#3F2DE25302000000
(1786378672.905054) can0 38E#772B004011000000
(1786378672.914808) can0 38E#F92C004011000000
(1786378672.924729) can0 38F#D82EE25302000000
(1786378672.924939) can0 38E#A42D004011000000
(1786378672.934731) can0 38E#432E004011000000
(1786378672.944744) can0 38F#852FE25302000000
(1786378672.945070) can0 38E#1E2F004011000000
(1786378672.954814) can0 38E#4220004011000000
(1786378672.964688) can0 38F#D920E25302000000
(1786378672.965013) can0 38E#1F21004011000000
(1786378672.974726) can0 38E#F822004011000000
(1786378672.984825) can0 38F#8421E25302000000
(1786378672.985181) can0 38E#A523004011000000
(1786378672.994753) can0 38E#2B24004011000000
(1786378673.004786) can0 38F#6322E25302000000
(1786378673.005061) can0 38E#7625004011000000
(1786378673.014851) can0 38E#9126004011000000
(1786378673.024786) can0 38F#3E23E25302000000
(1786378673.025055) can0 38E#CC27004011000000
(1786378673.034764) can0 38E#9028004011000000
(1786378673.044811) can0 38F#B024E25302000000
(1786378673.045226) can0 38E#CD29004011000000
(1786378673.054730) can0 38E#2A2A004011000000
(1786378673.064813) can0 38F#ED25E25302000000
(1786378673.065062) can0 38E#772B004011000000
(1786378673.074740) can0 38E#F92C004011000000
(1786378673.084760) can0 38F#0A26E25302000000
(1786378673.085156) can0 38E#A42D004011000000
(1786378673.094835) can0 38E#432E004011000000
(1786378673.104939) can0 38F#5727E25302000000
(1786378673.105289) can0 38E#1E2F004011000000
(1786378673.114792) can0 38E#4220004011000000
(1786378673.124699) can0 38F#0B28E25302000000
(1786378673.125018) can0 38E#1F21004011000000
(1786378673.134859) can0 38E#F822004011000000
(1786378673.144817) can0 38F#5629E25302000000
(1786378673.145156) can0 38E#A523004011000000
(1786378673.154817) can0 38E#2B24004011000000
(1786378673.164715) can0 38F#B12AE25302000000
(1786378673.164971) can0 38E#7625004011000000
(1786378673.174691) can0 38E#9126004011000000
(1786378673.184761) can0 38F#EC2BE25302000000
(1786378673.185003) can0 38E#CC27004011000000
(1786378673.194776) can0 38E#9028004011000000
(1786378673.204785) can0 38F#622CE25302000000
(1786378673.205079) can0 38E#CD29004011000000
(1786378673.214775) can0 38E#2A2A004011000000
(1786378673.224769) can0 38F#3F2DE25302000000
(1786378673.224993) can0 38E#772B004011000000
(1786378673.234799) can0 38E#F92C004011000000
(1786378673.244399) can0 38F#D82EE25302000000
(1786378673.244684) can0 38E#A42D004011000000
(1786378673.254775) can0 38E#432E004011000000
(1786378673.264845) can0 38F#852FE25302000000
(1786378673.265124) can0 38E#1E2F004011000000
(1786378673.274773) can0 38E#4220004011000000
(1786378673.284836) can0 38F#D920E25302000000
(1786378673.285228) can0 38E#1F21004011000000
(1786378673.294782) can0 38E#F822004011000000
(1786378673.304844) can0 38F#8421E25302000000
(1786378673.305122) can0 38E#A523004011000000
(1786378673.314903) can0 38E#2B24004011000000
(1786378673.324775) can0 38F#6322E25302000000
(1786378673.325179) can0 38E#7625004011000000
(1786378673.334826) can0 38E#9126004011000000
(1786378673.344821) can0 38F#3E23E25302000000
(1786378673.345182) can0 38E#CC27004011000000
(1786378673.354788) can0 38E#9028004011000000
(1786378673.364731) can0 38F#B024E25302000000
(1786378673.365073) can0 38E#CD29004011000000
(1786378673.374788) can0 38E#2A2A004011000000
(1786378673.384892) can0 38F#ED25E25302000000
(1786378673.385294) can0 38E#772B004011000000
(1786378673.394789) can0 38E#F92C004011000000
(1786378673.404740) can0 38F#0A26E25302000000
(1786378673.405049) can0 38E#A42D004011000000
(1786378673.414952) can0 38E#432E004011000000
(1786378673.424756) can0 38F#5727E25302000000
(1786378673.425011) can0 38E#1E2F004011000000
(1786378673.434765) can0 38E#4220004011000000
(1786378673.444791) can0 38F#0B28E25302000000
(1786378673.445155) can0 38E#1F21004011000000
(1786378673.454801) can0 38E#F822004011000000
(1786378673.464738) can0 38F#5629E25302000000
(1786378673.465073) can0 38E#A523004011000000
(1786378673.474760) can0 38E#2B24004011000000
(1786378673.484846) can0 38F#B12AE25302000000
(1786378673.485227) can0 38E#7625004011000000
(1786378673.494863) can0 38E#9126004011000000
(1786378673.504770) can0 38F#EC2BE25302000000
(1786378673.505077) can0 38E#CC27004011000000
(1786378673.514808) can0 38E#9028004011000000
(1786378673.524743) can0 38F#622CE25302000000
(1786378673.525068) can0 38E#CD29004011000000
(1786378673.534901) can0 38E#2A2A004011000000
(1786378673.544809) can0 38F#3F2DE25302000000
(1786378673.545131) can0 38E#772B004011000000
(1786378673.554799) can0 38E#F92C004011000000
(1786378673.564749) can0 38F#D82EE25302000000
(1786378673.565104) can0 38E#A42D004011000000
(1786378673.574774) can0 38E#432E004011000000
(1786378673.584863) can0 38F#852FE25302000000
(1786378673.585211) can0 38E#1E2F004011000000
(1786378673.594757) can0 38E#4220004011000000
(1786378673.604780) can0 38F#D920E25302000000
(1786378673.605058) can0 38E#1F21004011000000
(1786378673.614786) can0 38E#F822004011000000
(1786378673.624706) can0 38F#8421E25302000000
(1786378673.624917) can0 38E#A523004011000000
(1786378673.634815) can0 38E#2B24004011000000
(1786378673.644782) can0 38F#6322E25302000000
(1786378673.645200) can0 38E#7625004011000000
(1786378673.654800) can0 38E#9126004011000000
(1786378673.664781) can0 38F#3E23E25302000000
(1786378673.665039) can0 38E#CC27004011000000
(1786378673.674685) can0 38E#9028004011000000
(1786378673.684725) can0 38F#B024E25302000000
(1786378673.685082) can0 38E#CD29004011000000
(1786378673.694855) can0 38E#2A2A004011000000
(1786378673.704775) can0 38F#ED25E25302000000
(1786378673.705027) can0 38E#772B004011000000
(1786378673.714759) can0 38E#F92C004011000000
(1786378673.724687) can0 38F#0A26E25302000000
(1786378673.724950) can0 38E#A42D004011000000
(1786378673.734766) can0 38E#432E004011000000
(1786378673.744803) can0 38F#5727E25302000000
(1786378673.745114) can0 38E#1E2F004011000000
(1786378673.754784) can0 38E#4220004011000000
(1786378673.764728) can0 38F#0B28E25302000000
(1786378673.764957) can0 38E#1F21004011000000
(1786378673.774740) can0 38E#F822004011000000
(1786378673.784786) can0 38F#5629E25302000000
(1786378673.785022) can0 38E#A523004011000000
(1786378673.794782) can0 38E#2B24004011000000
(1786378673.804729) can0 38F#B12AE25302000000
(1786378673.804980) can0 38E#7625004011000000
(1786378673.814817) can0 38E#9126004011000000
(1786378673.824742) can0 38F#EC2BE25302000000
(1786378673.824998) can0 38E#CC27004011000000
(1786378673.834747) can0 38E#9028004011000000
(1786378673.844754) can0 38F#622CE25302000000
(1786378673.845051) can0 38E#CD29004011000000
(1786378673.854760) can0 38E#2A2A004011000000
(1786378673.864751) can0 38F#3F2DE25302000000
(1786378673.864983) can0 38E#772B004011000000
(1786378673.874748) can0 38E#F92C004011000000
(1786378673.884769) can0 38F#D82EE25302000000
(1786378673.885090) can0 38E#A42D004011000000
(1786378673.894744) can0 38E#432E004011000000
(1786378673.904801) can0 38F#852FE25302000000
(1786378673.905096) can0 38E#1E2F004011000000
(1786378673.914764) can0 38E#4220004011000000
(1786378673.924859) can0 38F#D920E25302000000
(1786378673.925116) can0 38E#1F21004011000000
(1786378673.934745) can0 38E#F822004011000000
(1786378673.944719) can0 38F#8421E25302000000
(1786378673.945023) can0 38E#A523004011000000
(1786378673.954744) can0 38E#2B24004011000000
(1786378673.964767) can0 38F#6322E25302000000
(1786378673.965022) can0 38E#7625004011000000
(1786378673.974775) can0 38E#9126004011000000
(1786378673.984718) can0 38F#3E23E25302000000
(1786378673.985011) can0 38E#CC27004011000000
(1786378673.994751) can0 38E#9028004011000000
(1786378674.004721) can0 38F#B024E25302000000
(1786378674.005039) can0 38E#CD29004011000000
(1786378674.014862) can0 38E#2A2A004011000000
(1786378674.024834) can0 38F#ED25E25302000000
(1786378674.025237) can0 38E#772B004011000000
(1786378674.034838) can0 38E#F92C004011000000
(1786378674.044738) can0 38F#0A26E25302000000
(1786378674.045149) can0 38E#A42D004011000000
(1786378674.054826) can0 38E#432E004011000000
(1786378674.064867) can0 38F#5727E25302000000
(1786378674.065268) can0 38E#1E2F004011000000
(1786378674.074748) can0 38E#4220004011000000
(1786378674.084793) can0 38F#0B28E25302000000
(1786378674.085248) can0 38E#1F21004011000000
(1786378674.094821) can0 38E#F822004011000000
(1786378674.104765) can0 38F#5629E25302000000
(1786378674.105137) can0 38E#A523004011000000
(1786378674.114752) can0 38E#2B24004011000000
(1786378674.124785) can0 38F#B12AE25302000000
(1786378674.125059) can0 38E#7625004011000000
(1786378674.134852) can0 38E#9126004011000000
(1786378674.144826) can0 38F#EC2BE25302000000
(1786378674.145093) can0 38E#CC27004011000000
(1786378674.154723) can0 38E#9028004011000000
(1786378674.164753) can0 38F#622CE25302000000
(1786378674.165025) can0 38E#CD29004011000000
(1786378674.174772) can0 38E#2A2A004011000000
(1786378674.184795) can0 38F#3F2DE25302000000
(1786378674.185045) can0 38E#772B004011000000
(1786378674.194825) can0 38E#F92C004011000000
(1786378674.204790) can0 38F#D82EE25302000000
(1786378674.205038) can0 38E#A42D004011000000
(1786378674.214752) can0 38E#432E004011000000
(1786378674.224751) can0 38F#852FE25302000000
(1786378674.225035) can0 38E#1E2F004011000000
(1786378674.234808) can0 38E#4220004011000000
(1786378674.244771) can0 38F#D920E25302000000
(1786378674.245087) can0 38E#1F21004011000000
(1786378674.254744) can0 38E#F822004011000000
(1786378674.264742) can0 38F#8421E25302000000
(1786378674.265046) can0 38E#A523004011000000
(1786378674.274730) can0 38E#2B24004011000000
(1786378674.284746) can0 38F#6322E25302000000
(1786378674.285019) can0 38E#7625004011000000
(1786378674.294802) can0 38E#9126004011000000
(1786378674.304808) can0 38F#3E23E25302000000
(1786378674.305091) can0 38E#CC27004011000000
(1786378674.314945) can0 38E#9028004011000000
(1786378674.324717) can0 38F#B024E25302000000
(1786378674.325023) can0 38E#CD29004011000000
(1786378674.334821) can0 38E#2A2A004011000000
(1786378674.344801) can0 38F#ED25E25302000000
(1786378674.345114) can0 38E#772B004011000000
(1786378674.354854) can0 38E#F92C004011000000
(1786378674.364802) can0 38F#0A26E25302000000
(1786378674.365102) can0 38E#A42D004011000000
(1786378674.374781) can0 38E#432E004011000000
(1786378674.384809) can0 38F#5727E25302000000
(1786378674.385140) can0 38E#1E2F004011000000
(1786378674.394944) can0 38E#4220004011000000
(1786378674.404882) can0 38F#0B28E25302000000
(1786378674.405277) can0 38E#1F21004011000000
(1786378674.414779) can0 38E#F822004011000000
(1786378674.424728) can0 38F#5629E25302000000
(1786378674.424976) can0 38E#A523004011000000
(1786378674.434803) can0 38E#2B24004011000000
(1786378674.444785) can0 38F#B12AE25302000000
(1786378674.445133) can0 38E#7625004011000000
(1786378674.454798) can0 38E#9126004011000000
(1786378674.464748) can0 38F#EC2BE25302000000
(1786378674.464978) can0 38E#CC27004011000000
(1786378674.474722) can0 38E#9028004011000000
(1786378674.484741) can0 38F#622CE25302000000
(1786378674.485027) can0 38E#CD29004011000000
(1786378674.494906) can0 38E#2A2A004011000000
(1786378674.504875) can0 38F#3F2DE25302000000
(1786378674.505202) can0 38E#772B004011000000
(1786378674.514816) can0 38E#F92C004011000000
(1786378674.524773) can0 38F#D82EE25302000000
(1786378674.525070) can0 38E#A42D004011000000
(1786378674.534822) can0 38E#432E004011000000
(1786378674.544768) can0 38F#852FE25302000000
(1786378674.545056) can0 38E#1E2F004011000000
(1786378674.554795) can0 38E#4220004011000000
(1786378674.564743) can0 38F#D920E25302000000
(1786378674.564983) can0 38E#1F21004011000000
(1786378674.574757) can0 38E#F822004011000000
(1786378674.584775) can0 38F#8421E25302000000
(1786378674.585022) can0 38E#A523004011000000
(1786378674.594797) can0 38E#2B24004011000000
(1786378674.604863) can0 38F#6322E25302000000
(1786378674.605134) can0 38E#7625004011000000
(1786378674.614832) can0 38E#9126004011000000
(1786378674.624777) can0 38F#3E23E25302000000
(1786378674.625157) can0 38E#CC27004011000000
(1786378674.634868) can0 38E#9028004011000000
(1786378674.644802) can0 38F#B024E25302000000
(1786378674.645175) can0 38E#CD29004011000000
(1786378674.654772) can0 38E#2A2A004011000000
(1786378674.664717) can0 38F#ED25E25302000000
(1786378674.664977) can0 38E#772B004011000000
(1786378674.674707) can0 38E#F92C004011000000
(1786378674.684686) can0 38F#0A26E25302000000
(1786378674.684882) can0 38E#A42D004011000000
(1786378674.694793) can0 38E#432E004011000000
(1786378674.704821) can0 38F#5727E25302000000
(1786378674.705127) can0 38E#1E2F004011000000
(1786378674.714762) can0 38E#4220004011000000
(1786378674.724809) can0 38F#0B28E25302000000
(1786378674.725080) can0 38E#1F21004011000000
(1786378674.734833) can0 38E#F822004011000000
(1786378674.744808) can0 38F#5629E25302000000
(1786378674.745085) can0 38E#A523004011000000
(1786378674.754740) can0 38E#2B24004011000000
(1786378674.764717) can0 38F#B12AE25302000000
(1786378674.765000) can0 38E#7625004011000000
(1786378674.774772) can0 38E#9126004011000000
(1786378674.784812) can0 38F#EC2BE25302000000
(1786378674.785122) can0 38E#CC27004011000000
(1786378674.794811) can0 38E#9028004011000000
(1786378674.804775) can0 38F#622CE25302000000
(1786378674.805052) can0 38E#CD29004011000000
(1786378674.814775) can0 38E#2A2A004011000000
(1786378674.824787) can0 38F#3F2DE25302000000
(1786378674.825081) can0 38E#772B004011000000
(1786378674.834809) can0 38E#F92C004011000000
(1786378674.844752) can0 38F#D82EE25302000000
(1786378674.845026) can0 38E#A42D004011000000
(1786378674.854740) can0 38E#432E004011000000
(1786378674.864776) can0 38F#852FE25302000000
(1786378674.865041) can0 38E#1E2F004011000000
(1786378674.874832) can0 38E#4220004011000000
(1786378674.884751) can0 38F#D920E25302000000
(1786378674.885011) can0 38E#1F21004011000000
(1786378674.894808) can0 38E#F822004011000000
(1786378674.904736) can0 38F#8421E25302000000
(1786378674.904977) can0 38E#A523004011000000
(1786378674.914791) can0 38E#2B24004011000000
(1786378674.924757) can0 38F#6322E25302000000
(1786378674.925080) can0 38E#7625004011000000
(1786378674.934831) can0 38E#9126004011000000
(1786378674.944795) can0 38F#3E23E25302000000
(1786378674.945097) can0 38E#CC27004011000000
(1786378674.954768) can0 38E#9028004011000000
(1786378674.964484) can0 38F#B024E25302000000
(1786378674.964743) can0 38E#CD29004011000000
(1786378674.974666) can0 38E#2A2A004011000000
(1786378674.984773) can0 38F#ED25E25302000000
(1786378674.985031) can0 38E#772B004011000000
(1786378674.994819) can0 38E#F92C004011000000
(1786378675.004778) can0 38F#0A26E25302000000
(1786378675.004989) can0 38E#A42D004011000000
(1786378675.014740) can0 38E#432E004011000000
(1786378675.024700) can0 38F#5727E25302000000
(1786378675.024939) can0 38E#1E2F004011000000
(1786378675.034794) can0 38E#4220004011000000
(1786378675.044822) can0 38F#0B28E25302000000
(1786378675.045212) can0 38E#1F21004011000000
(1786378675.054811) can0 38E#F822004011000000
(1786378675.064873) can0 38F#5629E25302000000
(1786378675.065234) can0 38E#A523004011000000
(1786378675.074761) can0 38E#2B24004011000000
(1786378675.084766) can0 38F#B12AE25302000000
(1786378675.085140) can0 38E#7625004011000000
(1786378675.094843) can0 38E#9126004011000000
(1786378675.104827) can0 38F#EC2BE25302000000
(1786378675.105150) can0 38E#CC27004011000000
(1786378675.114798) can0 38E#9028004011000000
(1786378675.124740) can0 38F#622CE25302000000
(1786378675.125102) can0 38E#CD29004011000000
(1786378675.134814) can0 38E#2A2A004011000000
(1786378675.144805) can0 38F#3F2DE25302000000
(1786378675.145263) can0 38E#772B004011000000
(1786378675.154846) can0 38E#F92C004011000000
(1786378675.164795) can0 38F#D82EE25302000000
(1786378675.165131) can0 38E#A42D004011000000
(1786378675.174808) can0 38E#432E004011000000
(1786378675.184743) can0 38F#852FE25302000000
(1786378675.185001) can0 38E#1E2F004011000000
(1786378675.194826) can0 38E#4220004011000000
(1786378675.204810) can0 38F#D920E25302000000
(1786378675.205098) can0 38E#1F21004011000000
(1786378675.214848) can0 38E#F822004011000000
(1786378675.224819) can0 38F#8421E25302000000
(1786378675.225090) can0 38E#A523004011000000
(1786378675.234861) can0 38E#2B24004011000000
(1786378675.244764) can0 38F#6322E25302000000
(1786378675.245134) can0 38E#7625004011000000
(1786378675.254931) can0 38E#9126004011000000
(1786378675.264884) can0 38F#3E23E25302000000
(1786378675.265231) can0 38E#CC27004011000000
(1786378675.274776) can0 38E#9028004011000000
(1786378675.284789) can0 38F#B024E25302000000
(1786378675.285168) can0 38E#CD29004011000000
(1786378675.294789) can0 38E#2A2A004011000000
(1786378675.304904) can0 38F#ED25E25302000000
(1786378675.305205) can0 38E#772B004011000000
(1786378675.314922) can0 38E#F92C004011000000
(1786378675.324890) can0 38F#0A26E25302000000
(1786378675.325247) can0 38E#A42D004011000000
(1786378675.334826) can0 38E#432E004011000000
(1786378675.344789) can0 38F#5727E25302000000
(1786378675.345075) can0 38E#1E2F004011000000
(1786378675.354795) can0 38E#4220004011000000
(1786378675.364758) can0 38F#0B28E25302000000
(1786378675.365000) can0 38E#1F21004011000000
(1786378675.374790) can0 38E#F822004011000000
(1786378675.384779) can0 38F#5629E25302000000
(1786378675.385068) can0 38E#A523004011000000
(1786378675.394796) can0 38E#2B24004011000000
(1786378675.404717) can0 38F#B12AE25302000000
(1786378675.405011) can0 38E#7625004011000000
(1786378675.414851) can0 38E#9126004011000000
(1786378675.424796) can0 38F#EC2BE25302000000
(1786378675.425111) can0 38E#CC27004011000000
(1786378675.434900) can0 38E#9028004011000000
(1786378675.444678) can0 38F#622CE25302000000
(1786378675.445012) can0 38E#CD29004011000000
(1786378675.454775) can0 38E#2A2A004011000000
(1786378675.464916) can0 38F#3F2DE25302000000
(1786378675.465194) can0 38E#772B004011000000
(1786378675.474740) can0 38E#F92C004011000000
(1786378675.484753) can0 38F#D82EE25302000000
(1786378675.485058) can0 38E#A42D004011000000
(1786378675.494775) can0 38E#432E004011000000
(1786378675.504799) can0 38F#852FE25302000000
(1786378675.505099) can0 38E#1E2F004011000000
(1786378675.514791) can0 38E#4220004011000000
(1786378675.524709) can0 38F#D920E25302000000
(1786378675.524933) can0 38E#1F21004011000000
(1786378675.534828) can0 38E#F822004011000000
(1786378675.544773) can0 38F#8421E25302000000
(1786378675.545063) can0 38E#A523004011000000
(1786378675.554769) can0 38E#2B24004011000000
(1786378675.564800) can0 38F#6322E25302000000
(1786378675.565124) can0 38E#7625004011000000
(1786378675.574784) can0 38E#9126004011000000
(1786378675.584751) can0 38F#3E23E25302000000
(1786378675.585048) can0 38E#CC27004011000000
(1786378675.594860) can0 38E#9028004011000000
(1786378675.604773) can0 38F#B024E25302000000
(1786378675.605110) can0 38E#CD29004011000000
(1786378675.614803) can0 38E#2A2A004011000000
(1786378675.624694) can0 38F#ED25E25302000000
(1786378675.624887) can0 38E#772B004011000000
(1786378675.634809) can0 38E#F92C004011000000
(1786378675.644798) can0 38F#0A26E25302000000
(1786378675.645078) can0 38E#A42D004011000000
(1786378675.654773) can0 38E#432E004011000000
(1786378675.664758) can0 38F#5727E25302000000
(1786378675.665055) can0 38E#1E2F004011000000
(1786378675.674739) can0 38E#4220004011000000
(1786378675.684821) can0 38F#0B28E25302000000
(1786378675.685036) can0 38E#1F21004011000000
(1786378675.694856) can0 38E#F822004011000000
(1786378675.704792) can0 38F#5629E25302000000
(1786378675.705118) can0 38E#A523004011000000
(1786378675.714782) can0 38E#2B24004011000000
(1786378675.724723) can0 38F#B12AE25302000000
(1786378675.725028) can0 38E#7625004011000000
(1786378675.734900) can0 38E#9126004011000000
(1786378675.744760) can0 38F#EC2BE25302000000
(1786378675.745010) can0 38E#CC27004011000000
(1786378675.754787) can0 38E#9028004011000000
(1786378675.764736) can0 38F#622CE25302000000
(1786378675.764998) can0 38E#CD29004011000000
(1786378675.774729) can0 38E#2A2A004011000000
(1786378675.784797) can0 38F#3F2DE25302000000
(1786378675.785045) can0 38E#772B004011000000
(1786378675.794796) can0 38E#F92C004011000000
(1786378675.804744) can0 38F#D82EE25302000000
(1786378675.805006) can0 38E#A42D004011000000
(1786378675.814839) can0 38E#432E004011000000
(1786378675.824396) can0 38F#852FE25302000000
(1786378675.824705) can0 38E#1E2F004011000000
(1786378675.834746) can0 38E#4220004011000000
(1786378675.844811) can0 38F#D920E25302000000
(1786378675.845081) can0 38E#1F21004011000000
(1786378675.854836) can0 38E#F822004011000000
(1786378675.864989) can0 38F#8421E25302000000
(1786378675.865273) can0 38E#A523004011000000
(1786378675.874747) can0 38E#2B24004011000000
(1786378675.884733) can0 38F#6322E25302000000
(1786378675.885009) can0 38E#7625004011000000
(1786378675.894872) can0 38E#9126004011000000
(1786378675.904807) can0 38F#3E23E25302000000
(1786378675.905086) can0 38E#CC27004011000000
(1786378675.914796) can0 38E#9028004011000000
(1786378675.924729) can0 38F#B024E25302000000
(1786378675.924999) can0 38E#CD29004011000000
(1786378675.934793) can0 38E#2A2A004011000000
(1786378675.944756) can0 38F#ED25E25302000000
(1786378675.944993) can0 38E#772B004011000000
(1786378675.954798) can0 38E#F92C004011000000
(1786378675.964756) can0 38F#0A26E25302000000
(1786378675.964998) can0 38E#A42D004011000000
(1786378675.974679) can0 38E#432E004011000000
(1786378675.984736) can0 38F#5727E25302000000
(1786378675.984961) can0 38E#1E2F004011000000
(1786378675.994856) can0 38E#4220004011000000
(1786378676.004741) can0 38F#0B28E25302000000
(1786378676.005082) can0 38E#1F21004011000000
(1786378676.014853) can0 38E#F822004011000000
(1786378676.024859) can0 38F#5629E25302000000
(1786378676.025164) can0 38E#A523004011000000
(1786378676.034878) can0 38E#2B24004011000000
(1786378676.044719) can0 38F#B12AE25302000000
(1786378676.045063) can0 38E#7625004011000000
(1786378676.054794) can0 38E#9126004011000000
(1786378676.064825) can0 38F#EC2BE25302000000
(1786378676.065207) can0 38E#CC27004011000000
(1786378676.074759) can0 38E#9028004011000000
(1786378676.084751) can0 38F#622CE25302000000
(1786378676.085075) can0 38E#CD29004011000000
(1786378676.094826) can0 38E#2A2A004011000000
(1786378676.104826) can0 38F#3F2DE25302000000
(1786378676.105064) can0 38E#772B004011000000
(1786378676.114828) can0 38E#F92C004011000000
(1786378676.124783) can0 38F#D82EE25302000000
(1786378676.125073) can0 38E#A42D004011000000
(1786378676.134780) can0 38E#432E004011000000
(1786378676.144774) can0 38F#852FE25302000000
(1786378676.145038) can0 38E#1E2F004011000000
(1786378676.154774) can0 38E#4220004011000000
(1786378676.164808) can0 38F#D920E25302000000
(1786378676.165049) can0 38E#1F21004011000000
(1786378676.174765) can0 38E#F822004011000000
(1786378676.184765) can0 38F#8421E25302000000
(1786378676.185003) can0 38E#A523004011000000
(1786378676.194767) can0 38E#2B24004011000000
(1786378676.204789) can0 38F#6322E25302000000
(1786378676.205056) can0 38E#7625004011000000
(1786378676.214858) can0 38E#9126004011000000
(1786378676.224755) can0 38F#3E23E25302000000
(1786378676.225004) can0 38E#CC27004011000000
(1786378676.234828) can0 38E#9028004011000000
(1786378676.244814) can0 38F#B024E25302000000
(1786378676.245088) can0 38E#CD29004011000000
(1786378676.254797) can0 38E#2A2A004011000000
(1786378676.264766) can0 38F#ED25E25302000000
(1786378676.265107) can0 38E#772B004011000000
(1786378676.274791) can0 38E#F92C004011000000
(1786378676.284774) can0 38F#0A26E25302000000
(1786378676.285046) can0 38E#A42D004011000000
(1786378676.294888) can0 38E#432E004011000000
(1786378676.304770) can0 38F#5727E25302000000
(1786378676.305085) can0 38E#1E2F004011000000
(1786378676.314857) can0 38E#4220004011000000
(1786378676.324770) can0 38F#0B28E25302000000
(1786378676.325076) can0 38E#1F21004011000000
(1786378676.334830) can0 38E#F822004011000000
(1786378676.344847) can0 38F#5629E25302000000
(1786378676.345148) can0 38E#A523004011000000
(1786378676.354741) can0 38E#2B24004011000000
(1786378676.364743) can0 38F#B12AE25302000000
(1786378676.364958) can0 38E#7625004011000000
(1786378676.374769) can0 38E#9126004011000000
(1786378676.384754) can0 38F#EC2BE25302000000
(1786378676.384985) can0 38E#CC27004011000000
(1786378676.394806) can0 38E#9028004011000000
(1786378676.404768) can0 38F#622CE25302000000
(1786378676.405022) can0 38E#CD29004011000000
(1786378676.414763) can0 38E#2A2A004011000000
(1786378676.424723) can0 38F#3F2DE25302000000
(1786378676.424940) can0 38E#772B004011000000
(1786378676.434769) can0 38E#F92C004011000000
(1786378676.444725) can0 38F#D82EE25302000000
(1786378676.445014) can0 38E#A42D004011000000
(1786378676.454812) can0 38E#432E004011000000
(1786378676.464912) can0 38F#852FE25302000000
(1786378676.465262) can0 38E#1E2F004011000000
(1786378676.474800) can0 38E#4220004011000000
(1786378676.484719) can0 38F#D920E25302000000
(1786378676.485059) can0 38E#1F21004011000000
(1786378676.494824) can0 38E#F822004011000000
(1786378676.504845) can0 38F#8421E25302000000
(1786378676.505157) can0 38E#A523004011000000
(1786378676.514785) can0 38E#2B24004011000000
(1786378676.524760) can0 38F#6322E25302000000
(1786378676.525002) can0 38E#7625004011000000
(1786378676.534752) can0 38E#9126004011000000
(1786378676.544829) can0 38F#3E23E25302000000
(1786378676.545149) can0 38E#CC27004011000000
(1786378676.554837) can0 38E#9028004011000000
(1786378676.564761) can0 38F#B024E25302000000
(1786378676.565068) can0 38E#CD29004011000000
(1786378676.574714) can0 38E#2A2A004011000000
(1786378676.584839) can0 38F#ED25E25302000000
(1786378676.585172) can0 38E#772B004011000000
(1786378676.594814) can0 38E#F92C004011000000
(1786378676.604755) can0 38F#0A26E25302000000
(1786378676.605005) can0 38E#A42D004011000000
(1786378676.614859) can0 38E#432E004011000000
(1786378676.624778) can0 38F#5727E25302000000
(1786378676.625150) can0 38E#1E2F004011000000
(1786378676.634844) can0 38E#4220004011000000
(1786378676.644837) can0 38F#0B28E25302000000
(1786378676.645258) can0 38E#1F21004011000000
(1786378676.654775) can0 38E#F822004011000000
(1786378676.664813) can0 38F#5629E25302000000
(1786378676.665087) can0 38E#A523004011000000
(1786378676.674753) can0 38E#2B24004011000000
(1786378676.684523) can0 38F#B12AE25302000000
(1786378676.684791) can0 38E#7625004011000000
(1786378676.694823) can0 38E#9126004011000000
(1786378676.704826) can0 38F#EC2BE25302000000
(1786378676.705102) can0 38E#CC27004011000000
(1786378676.714803) can0 38E#9028004011000000
(1786378676.724777) can0 38F#622CE25302000000
(1786378676.725012) can0 38E#CD29004011000000
(1786378676.734761) can0 38E#2A2A004011000000
(1786378676.744873) can0 38F#3F2DE25302000000
(1786378676.745100) can0 38E#772B004011000000
(1786378676.754815) can0 38E#F92C004011000000
(1786378676.764787) can0 38F#D82EE25302000000
(1786378676.765067) can0 38E#A42D004011000000
(1786378676.774733) can0 38E#432E004011000000
(1786378676.784795) can0 38F#852FE25302000000
(1786378676.785063) can0 38E#1E2F004011000000
(1786378676.794836) can0 38E#4220004011000000
(1786378676.804815) can0 38F#D920E25302000000
(1786378676.805244) can0 38E#1F21004011000000
(1786378676.814779) can0 38E#F822004011000000
(1786378676.824740) can0 38F#8421E25302000000
(1786378676.824948) can0 38E#A523004011000000
(1786378676.834775) can0 38E#2B24004011000000
(1786378676.844777) can0 38F#6322E25302000000
(1786378676.845065) can0 38E#7625004011000000
(1786378676.854765) can0 38E#9126004011000000
(1786378676.864820) can0 38F#3E23E25302000000
(1786378676.865069) can0 38E#CC27004011000000
(1786378676.874793) can0 38E#9028004011000000
(1786378676.884768) can0 38F#B024E25302000000
(1786378676.885023) can0 38E#CD29004011000000
(1786378676.894854) can0 38E#2A2A004011000000
(1786378676.904807) can0 38F#ED25E25302000000
(1786378676.905069) can0 38E#772B004011000000
(1786378676.914755) can0 38E#F92C004011000000
(1786378676.924774) can0 38F#0A26E25302000000
(1786378676.925037) can0 38E#A42D004011000000
(1786378676.934838) can0 38E#432E004011000000
(1786378676.944828) can0 38F#5727E25302000000
(1786378676.945181) can0 38E#1E2F004011000000
(1786378676.954878) can0 38E#4220004011000000
(1786378676.964780) can0 38F#0B28E25302000000
(1786378676.965070) can0 38E#1F21004011000000
(1786378676.974806) can0 38E#F822004011000000
(1786378676.984807) can0 38F#5629E25302000000
(1786378676.985038) can0 38E#A523004011000000
(1786378676.994807) can0 38E#2B24004011000000
(1786378677.004771) can0 38F#B12AE25302000000
(1786378677.005067) can0 38E#7625004011000000
(1786378677.014778) can0 38E#9126004011000000
(1786378677.024790) can0 38F#EC2BE25302000000
(1786378677.025012) can0 38E#CC27004011000000
(1786378677.034805) can0 38E#9028004011000000
(1786378677.044728) can0 38F#622CE25302000000
(1786378677.045014) can0 38E#CD29004011000000
(1786378677.054773) can0 38E#2A2A004011000000
(1786378677.064810) can0 38F#3F2DE25302000000
(1786378677.065051) can0 38E#772B004011000000
(1786378677.074839) can0 38E#F92C004011000000
(1786378677.084766) can0 38F#D82EE25302000000
(1786378677.084966) can0 38E#A42D004011000000
(1786378677.094871) can0 38E#432E004011000000
(1786378677.104823) can0 38F#852FE25302000000
(1786378677.105126) can0 38E#1E2F004011000000
(1786378677.114729) can0 38E#4220004011000000
(1786378677.124715) can0 38F#D920E25302000000
(1786378677.124927) can0 38E#1F21004011000000
(1786378677.134870) can0 38E#F822004011000000
(1786378677.144774) can0 38F#8421E25302000000
(1786378677.145011) can0 38E#A523004011000000
(1786378677.154860) can0 38E#2B24004011000000
(1786378677.164701) can0 38F#6322E25302000000
(1786378677.164980) can0 38E#7625004011000000
(1786378677.174748) can0 38E#9126004011000000
(1786378677.184816) can0 38F#3E23E25302000000
(1786378677.185141) can0 38E#CC27004011000000
(1786378677.194820) can0 38E#9028004011000000
(1786378677.204783) can0 38F#B024E25302000000
(1786378677.205175) can0 38E#CD29004011000000
(1786378677.214770) can0 38E#2A2A004011000000
(1786378677.224763) can0 38F#ED25E25302000000
(1786378677.225017) can0 38E#772B004011000000
(1786378677.234808) can0 38E#F92C004011000000
(1786378677.244676) can0 38F#0A26E25302000000
(1786378677.244973) can0 38E#A42D004011000000
(1786378677.254820) can0 38E#432E004011000000
(1786378677.264724) can0 38F#5727E25302000000
(1786378677.264974) can0 38E#1E2F004011000000
(1786378677.274790) can0 38E#4220004011000000
(1786378677.284872) can0 38F#0B28E25302000000
(1786378677.285172) can0 38E#5221005A11000000
(1786378677.294920) can0 38E#B522005A11000000
(1786378677.304920) can0 38F#5629E25302000000
(1786378677.305150) can0 38E#8923005C11000000
(1786378677.315235) can0 38E#5424006311000000
(1786378677.325288) can0 38F#B12AE25302000000
(1786378677.325659) can0 38E#CB25006F11000000
(1786378677.334976) can0 38E#A326007911000000
(1786378677.344951) can0 38F#AA2BE35302000000
(1786378677.345294) can0 38E#C527008411000000
(1786378677.355253) can0 38E#8428008D11000000
(1786378677.365241) can0 38F#242CE35302000000
(1786378677.365556) can0 38E#4029009511000000
(1786378677.375150) can0 38E#B12A009B11000000
(1786378677.385032) can0 38F#792DE35302000000
(1786378677.385374) can0 38E#0A2B00A011000000
(1786378677.395319) can0 38E#C32C00A711000100
(1786378677.405269) can0 38F#9E2EE35302000000
(1786378677.405700) can0 38E#832D00AE11000100
(1786378677.414984) can0 38E#EB2E00B811000100
(1786378677.424919) can0 38F#C32FE35302000000
(1786378677.425272) can0 38E#102F00C611000100
(1786378677.434987) can0 38E#B42000D811000100
(1786378677.444912) can0 38F#9F20E35302000000
(1786378677.445281) can0 38E#122100EA11000100
(1786378677.455237) can0 38E#AE2200FE11000100
(1786378677.464924) can0 38F#C221E35302000000
(1786378677.465177) can0 38E#9C23001312000100
(1786378677.474845) can0 38E#5C24002512000100
(1786378677.484885) can0 38F#2522E35302000000
(1786378677.485131) can0 38E#3B25003712000100
(1786378677.494948) can0 38E#AE26004B12000100
(1786378677.505233) can0 38F#7823E35302000000
(1786378677.505521) can0 38E#FB27006012000100
(1786378677.514928) can0 38E#9D28007212000100
(1786378677.524917) can0 38F#F624E35302000000
(1786378677.525189) can0 38E#3929008312000100
(1786378677.535287) can0 38E#302A009312000100
(1786378677.544901) can0 38F#AB25E35302000000
(1786378677.545235) can0 38E#962B00A112000100
(1786378677.554862) can0 38E#642C00AE12000100
(1786378677.565229) can0 38F#4C26E35302000000
(1786378677.565527) can0 38E#692D00BD12000100
(1786378677.574861) can0 38E#352E00CA12000100
(1786378677.585212) can0 38F#1127E35302000000
(1786378677.585467) can0 38E#2E2F00D712000100
(1786378677.594968) can0 38E#892000E512000100
(1786378677.604959) can0 38F#4D28E35302000000
(1786378677.605303) can0 38E#8F2100F112000100
(1786378677.615388) can0 38E#142200FE12000100
(1786378677.625003) can0 38F#1029E35302000000
(1786378677.625284) can0 38E#9323000C13000100
(1786378677.634910) can0 38E#2C24001913000100
(1786378677.644898) can0 38F#F72AE35302000000
(1786378677.645141) can0 38E#5E25002913000100
(1786378677.654982) can0 38E#3D26003813000100
(1786378677.664917) can0 38F#AA2BE35302000000
(1786378677.665214) can0 38E#AC27004713000100
(1786378677.674876) can0 38E#6228005813000100
(1786378677.684959) can0 38F#242CE35302000000
(1786378677.685225) can0 38E#C429006A13000100
(1786378677.694999) can0 38E#C62A007D13000100
(1786378677.705029) can0 38F#792DE35302000000
(1786378677.705409) can0 38E#9A2B009213000100
(1786378677.714952) can0 38E#982C00A813000100
(1786378677.724928) can0 38F#9E2EE35302000000
(1786378677.725229) can0 38E#202D00BF13000100
(1786378677.734992) can0 38E#EE2E00D713000100
(1786378677.745388) can0 38F#C32FE35302000000
(1786378677.745775) can0 38E#AD2F00F213000100
(1786378677.755320) can0 38E#8B20000B14000100
(1786378677.764968) can0 38F#9F20E35302000000
(1786378677.765456) can0 38E#0121002514000100
(1786378677.775025) can0 38E#0D22004114000100
(1786378677.785057) can0 38F#C221E35302000000
(1786378677.785428) can0 38E#7C23005D14000100
(1786378677.795298) can0 38E#3824007A14000100
(1786378677.805292) can0 38F#2522E35302000000
(1786378677.805613) can0 38E#CC25009814000100
(1786378677.814974) can0 38E#962600B714000100
(1786378677.825215) can0 38F#7823E35302000000
(1786378677.825627) can0 38E#FF2700D614000100
(1786378677.835345) can0 38E#B62800F414000100
(1786378677.845269) can0 38F#F624E35302000000
(1786378677.845578) can0 38E#BE29001015000100
(1786378677.854943) can0 38E#BF2A002B15000100
(1786378677.865012) can0 38F#AB25E35302000000
(1786378677.865410) can0 38E#022B004815000100
(1786378677.874931) can0 38E#8F2C006415000100
(1786378677.885218) can0 38F#4C26E35302000000
(1786378677.885542) can0 38E#9F2D007E15000100
(1786378677.895341) can0 38E#642E009815000100
(1786378677.905001) can0 38F#1127E35302000000
(1786378677.905264) can0 38E#8F2F00B015000100
(1786378677.914973) can0 38E#682000C715000100
(1786378677.924978) can0 38F#4D28E35302000000
(1786378677.925294) can0 38E#AC2100DF15000100
(1786378677.935316) can0 38E#972200F615000100
(1786378677.944975) can0 38F#1029E35302000000
(1786378677.945436) can0 38E#4023000C16000100
(1786378677.955257) can0 38E#7324002316000100
(1786378677.964982) can0 38F#F72AE35302000000
(1786378677.965271) can0 38E#0925003816000100
(1786378677.974882) can0 38E#3426004916000100
(1786378677.984937) can0 38F#AA2BE35302000000
(1786378677.985301) can0 38E#5327005B16000100
(1786378677.995310) can0 38E#FF28006E16000100
(1786378678.004952) can0 38F#242CE35302000000
(1786378678.005238) can0 38E#A329008116000100
(1786378678.015259) can0 38E#1F2A009516000100
(1786378678.024922) can0 38F#792DE35302000000
(1786378678.025280) can0 38E#B92B00A716000100
(1786378678.035003) can0 38E#712C00BA16000100
(1786378678.045273) can0 38F#9E2EE35302000000
(1786378678.045603) can0 38E#FD2D00CC16000100
(1786378678.055229) can0 38E#202E00DE16000100
(1786378678.065002) can0 38F#C32FE35302000000
(1786378678.065365) can0 38E#AA2F00F016000100
(1786378678.074966) can0 38E#2C20000217000100
(1786378678.084982) can0 38F#9F20E35302000000
(1786378678.085308) can0 38E#FE21001417000100
(1786378678.094985) can0 38E#E222002617000100
(1786378678.104914) can0 38F#C221E35302000000
(1786378678.105198) can0 38E#EF23003517000100
(1786378678.115339) can0 38E#B024004317000100
(1786378678.124918) can0 38F#2522E35302000000
(1786378678.125244) can0 38E#2F25004F17000100
(1786378678.134944) can0 38E#F926005A17000100
(1786378678.145010) can0 38F#7823E35302000000
(1786378678.145325) can0 38E#4927006617000100
(1786378678.154946) can0 38E#F028007117000100
(1786378678.164977) can0 38F#F624E35302000000
(1786378678.165282) can0 38E#0529007C17000100
(1786378678.174926) can0 38E#B82A008717000100
(1786378678.185222) can0 38F#AB25E35302000000
(1786378678.185512) can0 38E#002B009017000100
(1786378678.194984) can0 38E#4C2C009C17000100
(1786378678.204935) can0 38F#4C26E35302000000
(1786378678.205242) can0 38E#F72D00A717000100
(1786378678.214936) can0 38E#212E00B217000100
(1786378678.224901) can0 38F#1127E35302000000
(1786378678.225211) can0 38E#BE2F00BE17000100
(1786378678.235005) can0 38E#8D2000CB17000100
(1786378678.244874) can0 38F#4D28E35302000000
(1786378678.245157) can0 38E#802100D817000100
(1786378678.255233) can0 38E#E02200E517000100
(1786378678.265406) can0 38F#1029E35302000000
(1786378678.265734) can0 38E#322300F317000100
(1786378678.274931) can0 38E#2D24000218000100
(1786378678.284915) can0 38F#F72AE35302000000
(1786378678.285237) can0 38E#D825000F18000100
(1786378678.294913) can0 38E#6F26001C18000100
(1786378678.304899) can0 38F#AA2BE35302000000
(1786378678.305199) can0 38E#1627002B18000100
(1786378678.315246) can0 38E#CE28003A18000100
(1786378678.324979) can0 38F#242CE35302000000
(1786378678.325378) can0 38E#F729004818000100
(1786378678.334998) can0 38E#E82A005618000100
(1786378678.344924) can0 38F#792DE35302000000
(1786378678.345270) can0 38E#452B006318000100
(1786378678.354956) can0 38E#092C006F18000100
(1786378678.365280) can0 38F#9E2EE35302000000
(1786378678.365619) can0 38E#042D007C18000100
(1786378678.374874) can0 38E#112E008A18000100
(1786378678.385011) can0 38F#C32FE35302000000
(1786378678.385313) can0 38E#0A2F009718000100
(1786378678.395288) can0 38E#C72000A418000100
(1786378678.404895) can0 38F#9F20E35302000000
(1786378678.405204) can0 38E#152100B218000100
(1786378678.414942) can0 38E#5A2200BF18000100
(1786378678.425269) can0 38F#C221E35302000000
(1786378678.425652) can0 38E#682300CA18000100
(1786378678.435014) can0 38E#742400D518000100
(1786378678.445172) can0 38F#2522E35302000000
(1786378678.445499) can0 38E#B32500E118000100
(1786378678.454866) can0 38E#962600ED18000100
(1786378678.464898) can0 38F#7823E35302000000
(1786378678.465117) can0 38E#FA2700F818000100
(1786378678.475215) can0 38E#0B28000219000100
(1786378678.484928) can0 38F#F624E35302000000
(1786378678.485160) can0 38E#2A29000D19000100
(1786378678.494939) can0 38E#EA2A001619000100
(1786378678.504918) can0 38F#AB25E35302000000
(1786378678.505181) can0 38E#AA2B001F19000100
(1786378678.514940) can0 38E#002C002819000100
(1786378678.524927) can0 38F#4C26E35302000000
(1786378678.525218) can0 38E#C42D003019000100
(1786378678.534922) can0 38E#422E003619000100
(1786378678.544988) can0 38F#1127E35302000000
(1786378678.545278) can0 38E#B72F003B19000100
(1786378678.554898) can0 38E#9220004019000100
(1786378678.564889) can0 38F#4D28E35302000000
(1786378678.565196) can0 38E#7A21004419000100
(1786378678.574934) can0 38E#5F22004819000100
(1786378678.584900) can0 38F#1029E35302000000
(1786378678.585140) can0 38E#BC23004B19000100
(1786378678.594922) can0 38E#5324004D19000100
(1786378678.604934) can0 38F#F72AE35302000000
(1786378678.605169) can0 38E#4825005019000100
(1786378678.615273) can0 38E#1126005319000100
(1786378678.624939) can0 38F#AA2BE35302000000
(1786378678.625243) can0 38E#2D27005519000100
(1786378678.634973) can0 38E#D928005819000100
(1786378678.644927) can0 38F#242CE35302000000
(1786378678.645252) can0 38E#3A29005B19000100
(1786378678.655224) can0 38E#022A005E19000100
(1786378678.664911) can0 38F#792DE35302000000
(1786378678.665211) can0 38E#662B006019000100
(1786378678.674929) can0 38E#5D2C006419000100
(1786378678.685034) can0 38F#9E2EE35302000000
(1786378678.685373) can0 38E#162D006A19000100
(1786378678.695301) can0 38E#2E2E006F19000100
(1786378678.705252) can0 38F#C32FE35302000000
(1786378678.705564) can0 38E#542F007419000100
(1786378678.714896) can0 38E#7420007B19000100
(1786378678.724908) can0 38F#9F20E35302000000
(1786378678.725143) can0 38E#7321008019000100
(1786378678.734937) can0 38E#9F22008719000100
(1786378678.745305) can0 38F#C221E35302000000
(1786378678.745644) can0 38E#DF23008E19000100
(1786378678.755309) can0 38E#DE24009819000100
(1786378678.764902) can0 38F#2522E35302000000
(1786378678.765227) can0 38E#0F2500A219000100
(1786378678.774865) can0 38E#FE2600AC19000100
(1786378678.784972) can0 38F#7823E35302000000
(1786378678.785292) can0 38E#842700B719000100
(1786378678.795300) can0 38E#632800C019000100
(1786378678.805002) can0 38F#F624E35302000000
(1786378678.805403) can0 38E#492900C819000100
(1786378678.815007) can0 38E#A52A00CF19000100
(1786378678.825049) can0 38F#AB25E35302000000
(1786378678.825404) can0 38E#0B2B00D619000100
(1786378678.834948) can0 38E#4C2C00DD19000100
(1786378678.844908) can0 38F#4C26E35302000000
(1786378678.845288) can0 38E#282D00E319000100
(1786378678.855271) can0 38E#6C2E00E919000100
(1786378678.865042) can0 38F#1127E35302000000
(1786378678.865362) can0 38E#842F00ED19000100
(1786378678.875265) can0 38E#4A2000F219000100
(1786378678.884961) can0 38F#4D28E35302000000
(1786378678.885247) can0 38E#C82100F719000100
(1786378678.895025) can0 38E#ED2200FB19000100
(1786378678.905286) can0 38F#1029E35302000000
(1786378678.905590) can0 38E#502300001A000100
(1786378678.915016) can0 38E#6B2400041A000100
(1786378678.924847) can0 38F#F72AE35302000000
(1786378678.925164) can0 38E#2025000A1A000100
(1786378678.934929) can0 38E#8A2600101A000100
(1786378678.944979) can0 38F#AA2BE35302000000
(1786378678.945251) can0 38E#B62700161A000100
(1786378678.955010) can0 38E#4228001B1A000100
(1786378678.964916) can0 38F#242CE35302000000
(1786378678.965245) can0 38E#932900211A000100
(1786378678.974974) can0 38E#152A00271A000100
(1786378678.984870) can0 38F#792DE35302000000
(1786378678.985146) can0 38E#552B002E1A000100
(1786378678.994991) can0 38E#FC2C00351A000100
(1786378679.004940) can0 38F#9E2EE35302000000
(1786378679.005200) can0 38E#BC2D003C1A000100
(1786378679.014915) can0 38E#9C2E00441A000100
(1786378679.024973) can0 38F#C32FE35302000000
(1786378679.025313) can0 38E#622F004E1A000100
(1786378679.035049) can0 38E#A72000561A000100
(1786378679.045190) can0 38F#9F20E35302000000
(1786378679.045493) can0 38E#E721005F1A000100
(1786378679.054909) can0 38E#242200681A000100
(1786378679.064978) can0 38F#C221E35302000000
(1786378679.065394) can0 38E#8A2300711A000100
(1786378679.075016) can0 38E#CD24007A1A000100
(1786378679.085273) can0 38F#2522E35302000000
(1786378679.085635) can0 38E#742500821A000100
(1786378679.095010) can0 38E#8E26008B1A000100
(1786378679.104996) can0 38F#7823E35302000000
(1786378679.105303) can0 38E#202700921A000100
(1786378679.115021) can0 38E#B52800991A000100
(1786378679.125237) can0 38F#F624E35302000000
(1786378679.125620) can0 38E#E329009E1A000100
(1786378679.135030) can0 38E#E92A00A21A000100
(1786378679.144931) can0 38F#AB25E35302000000
(1786378679.145269) can0 38E#6B2B00A71A000100
(1786378679.154928) can0 38E#272C00AB1A000100
(1786378679.164916) can0 38F#4C26E35302000000
(1786378679.165240) can0 38E#CF2D00AF1A000100
(1786378679.175275) can0 38E#0F2E00B41A000100
(1786378679.184987) can0 38F#1127E35302000000
(1786378679.185280) can0 38E#902F00B81A000100
(1786378679.194979) can0 38E#792000BC1A000100
(1786378679.204887) can0 38F#4D28E35302000000
(1786378679.205154) can0 38E#9A2100BF1A000100
(1786378679.215010) can0 38E#042200C41A000100
(1786378679.225212) can0 38F#1029E35302000000
(1786378679.225489) can0 38E#9B2300C81A000100
(1786378679.234935) can0 38E#CA2400CD1A000100
(1786378679.245215) can0 38F#F72AE35302000000
(1786378679.245514) can0 38E#052500D21A000100
(1786378679.255208) can0 38E#3D2600D71A000100
(1786378679.264912) can0 38F#AA2BE35302000000
(1786378679.265221) can0 38E#A92700DC1A000100
(1786378679.274880) can0 38E#182800E01A000100
(1786378679.285284) can0 38F#242CE35302000000
(1786378679.285609) can0 38E#9A2900E51A000100
(1786378679.294971) can0 38E#012A00EA1A000100
(1786378679.305226) can0 38F#792DE35302000000
(1786378679.305459) can0 38E#832B00EF1A000100
(1786378679.314995) can0 38E#FE2C00F61A000100
(1786378679.324896) can0 38F#9E2EE35302000000
(1786378679.325184) can0 38E#6A2D00FD1A000100
(1786378679.335373) can0 38E#952E00031B000100
(1786378679.344969) can0 38F#C32FE35302000000
(1786378679.345241) can0 38E#D52F000A1B000100
(1786378679.354970) can0 38E#AE2000111B000100
(1786378679.364899) can0 38F#9F20E35302000000
(1786378679.365206) can0 38E#EE2100181B000100
(1786378679.374949) can0 38E#512200201B000100
(1786378679.384986) can0 38F#C221E35302000000
(1786378679.385352) can0 38E#7B2300281B000100
(1786378679.394925) can0 38E#D22400331B000100
(1786378679.404968) can0 38F#2522E35302000000
(1786378679.405244) can0 38E#F325003C1B000100
(1786378679.414944) can0 38E#6D2600471B000100
(1786378679.425072) can0 38F#7823E35302000000
(1786378679.425526) can0 38E#BF2700511B000100
(1786378679.435027) can0 38E#4B28005C1B000100
(1786378679.444878) can0 38F#C024DB5302000000
(1786378679.445195) can0 38E#9A2900661B000100
(1786378679.454927) can0 38E#602A006F1B000100
(1786378679.464961) can0 38F#9D25DB5302000000
(1786378679.465238) can0 38E#B22B00791B000100
(1786378679.475146) can0 38E#6D2C00851B000100
(1786378679.484866) can0 38F#7A26DB5302000000
(1786378679.485137) can0 38E#012D00901B000100
(1786378679.494975) can0 38E#242E009C1B000100
(1786378679.504963) can0 38F#2727DB5302000000
(1786378679.505303) can0 38E#9F2F00A71B000100
(1786378679.515294) can0 38E#982000B31B000100
(1786378679.524888) can0 38F#7B28DB5302000000
(1786378679.525187) can0 38E#B92100BC1B000100
(1786378679.535032) can0 38E#272200C71B000100
(1786378679.545052) can0 38F#2629DB5302000000
(1786378679.545409) can0 38E#212300D31B000100
(1786378679.555296) can0 38E#D32400DC1B000100
(1786378679.565039) can0 38F#C12ADB5302000000
(1786378679.565421) can0 38E#092500E11B000100
(1786378679.574876) can0 38E#692600DC1B000100
(1786378679.585024) can0 38F#9C2BDB5302000000
(1786378679.585444) can0 38E#972700D61B000100
(1786378679.594997) can0 38E#1F2800D41B000100
(1786378679.605262) can0 38F#122CDB5302000000
(1786378679.605563) can0 38E#0F2900CE1B000100
(1786378679.615341) can0 38E#822A00CF1B000100
(1786378679.625100) can0 38F#4F2DDB5302000000
(1786378679.625595) can0 38E#622B00E01B000100
(1786378679.634943) can0 38E#E72C00E71B000100
(1786378679.644927) can0 38F#A82EDB5302000000
(1786378679.645282) can0 38E#6E2D00E51B000100
(1786378679.655294) can0 38E#0E2E00D81B000100
(1786378679.664994) can0 38F#F52FDB5302000000
(1786378679.665520) can0 38E#452F00D61B000100
(1786378679.674920) can0 38E#EA2000CF1B000100
(1786378679.685012) can0 38F#A920DB5302000000
(1786378679.685355) can0 38E#C02100C71B000100
(1786378679.694962) can0 38E#DF2200D91B000100
(1786378679.704988) can0 38F#F421DB5302000000
(1786378679.705313) can0 38E#BB2300E71B000100
(1786378679.715368) can0 38E#F72400EB1B000100
(1786378679.724911) can0 38F#1322DB5302000000
(1786378679.725242) can0 38E#D62500E41B000100
(1786378679.735291) can0 38E#082600DA1B000100
(1786378679.744948) can0 38F#4E23DB5302000000
(1786378679.745225) can0 38E#FD2700D71B000100
(1786378679.754988) can0 38E#EC2800CD1B000100
(1786378679.765434) can0 38F#C024DB5302000000
(1786378679.765817) can0 38E#EA2900D91B000100
(1786378679.775153) can0 38E#A62A00F81B000100
(1786378679.785029) can0 38F#9D25DB5302000000
(1786378679.785434) can0 38E#4E2B00FC1B000100
(1786378679.795000) can0 38E#862C00E11B000100
(1786378679.805053) can0 38F#7A26DB5302000000
(1786378679.805475) can0 38E#3D2D00DA1B000100
(1786378679.815030) can0 38E#342E00CA1B000100
(1786378679.825191) can0 38F#2727DB5302000000
(1786378679.825689) can0 38E#0D2F00B81B000100
(1786378679.835057) can0 38E#4C2000B11B000100
(1786378679.844904) can0 38F#7B28DB5302000000
(1786378679.845223) can0 38E#832100AE1B000100
(1786378679.854921) can0 38E#D12200AA1B000100
(1786378679.865104) can0 38F#2629DB5302000000
(1786378679.865499) can0 38E#F02300A51B000100
(1786378679.874976) can0 38E#2D24009A1B000100
(1786378679.884914) can0 38F#C12ADB5302000000
(1786378679.885229) can0 38E#362500871B000100
(1786378679.895280) can0 38E#492600701B000100
(1786378679.905312) can0 38F#9C2BDB5302000000
(1786378679.905609) can0 38E#DE2700571B000100
(1786378679.914908) can0 38E#1528003C1B000100
(1786378679.924940) can0 38F#122CDB5302000000
(1786378679.925406) can0 38E#3729001F1B000100
(1786378679.935317) can0 38E#282A00011B000100
(1786378679.945275) can0 38F#792DE35302000000
(1786378679.945585) can0 38E#952B00E11A000100
(1786378679.954934) can0 38E#B02C00C01A000100
(1786378679.964987) can0 38F#9E2EE35302000000
(1786378679.965398) can0 38E#342D009D1A000100
(1786378679.975223) can0 38E#1B2E00791A000100
(1786378679.985423) can0 38F#C32FE35302000000
(1786378679.985749) can0 38E#2F2F00541A000100
(1786378679.994959) can0 38E#6020002E1A000100
(1786378680.004910) can0 38F#9F20E35302000000
(1786378680.005237) can0 38E#E12100071A000100
(1786378680.014993) can0 38E#992200DF19000100
(1786378680.024972) can0 38F#C221E35302000000
(1786378680.025307) can0 38E#FB2300B919000100
(1786378680.035264) can0 38E#1724009319000100
(1786378680.045040) can0 38F#2522E35302000000
(1786378680.045389) can0 38E#1B25006F19000100
(1786378680.054940) can0 38E#8826004B19000100
(1786378680.064915) can0 38F#7823E35302000000
(1786378680.065235) can0 38E#4927002719000100
(1786378680.074880) can0 38E#0B28000219000100
(1786378680.085229) can0 38F#F624E35302000000
(1786378680.085432) can0 38E#312900DF18000100
(1786378680.094957) can0 38E#3D2A00BB18000100
(1786378680.105265) can0 38F#AB25E35302000000
(1786378680.105576) can0 38E#1F2B009818000100
(1786378680.115330) can0 38E#2E2C007418000100
(1786378680.124928) can0 38F#4C26E35302000000
(1786378680.125290) can0 38E#952D004F18000100
(1786378680.134881) can0 38E#F32E002A18000100
(1786378680.145236) can0 38F#1127E35302000000
(1786378680.145473) can0 38E#722F000318000100
(1786378680.154931) can0 38E#022000DD17000100
(1786378680.165290) can0 38F#4D28E35302000000
(1786378680.165647) can0 38E#C82100B617000100
(1786378680.174927) can0 38E#1D22008F17000100
(1786378680.184966) can0 38F#1029E35302000000
(1786378680.185333) can0 38E#5C23006917000100
(1786378680.195266) can0 38E#B024004317000100
(1786378680.205002) can0 38F#F72AE35302000000
(1786378680.205294) can0 38E#E025001C17000100
(1786378680.214981) can0 38E#2E2600F716000100
(1786378680.224876) can0 38F#AA2BE35302000000
(1786378680.225100) can0 38E#B92700D016000100
(1786378680.234920) can0 38E#F62800AA16000100
(1786378680.244940) can0 38F#242CE35302000000
(1786378680.245230) can0 38E#7C29008416000100
(1786378680.254922) can0 38E#6A2A005E16000100
(1786378680.265113) can0 38F#792DE35302000000
(1786378680.265509) can0 38E#082B003816000100
(1786378680.274875) can0 38E#E42C001216000100
(1786378680.284915) can0 38F#9E2EE35302000000
(1786378680.285221) can0 38E#862D00EC15000100
(1786378680.295264) can0 38E#032E00C615000100
(1786378680.304935) can0 38F#C32FE35302000000
(1786378680.305239) can0 38E#322F009F15000100
(1786378680.314951) can0 38E#7220007915000100
(1786378680.324960) can0 38F#9F20E35302000000
(1786378680.325184) can0 38E#4D21005315000100
(1786378680.335375) can0 38E#6622002C15000100
(1786378680.344956) can0 38F#C221E35302000000
(1786378680.345201) can0 38E#5923000615000100
(1786378680.354983) can0 38E#562400E014000100
(1786378680.365023) can0 38F#2522E35302000000
(1786378680.365299) can0 38E#672500B914000100
(1786378680.375280) can0 38E#E226009314000100
(1786378680.384956) can0 38F#7823E35302000000
(1786378680.385229) can0 38E#5027006C14000100
(1786378680.394953) can0 38E#6E28004614000100
(1786378680.405247) can0 38F#F624E35302000000
(1786378680.405471) can0 38E#0C29002014000100
(1786378680.415314) can0 38E#EE2A00FA13000100
(1786378680.424973) can0 38F#AB25E35302000000
(1786378680.425266) can0 38E#0E2B00D513000100
(1786378680.434912) can0 38E#012C00B013000100
(1786378680.444893) can0 38F#4C26E35302000000
(1786378680.445191) can0 38E#BA2D008B13000100
(1786378680.454909) can0 38E#E22E006713000100
(1786378680.464986) can0 38F#1127E35302000000
(1786378680.465307) can0 38E#CB2F004313000100
(1786378680.474970) can0 38E#1D20002113000100
(1786378680.484952) can0 38F#4D28E35302000000
(1786378680.485362) can0 38E#EB21000013000100
(1786378680.494923) can0 38E#EC2200E012000100
(1786378680.504945) can0 38F#1029E35302000000
(1786378680.505220) can0 38E#CE2300C312000100
(1786378680.514929) can0 38E#AB2400A712000100
(1786378680.524857) can0 38F#F72AE35302000000
(1786378680.525111) can0 38E#9425008D12000100
(1786378680.534953) can0 38E#FD26007412000100
(1786378680.545004) can0 38F#AA2BE35302000000
(1786378680.545300) can0 38E#C227005E12000100
(1786378680.554914) can0 38E#AF28004B12000100
(1786378680.564877) can0 38F#242CE35302000000
(1786378680.565206) can0 38E#4929003C12000100
(1786378680.575317) can0 38E#FE2A002F12000100
(1786378680.584939) can0 38F#792DE35302000000
(1786378680.585295) can0 38E#6A2B002412000100
(1786378680.595111) can0 38E#D62C001D12000100
(1786378680.604872) can0 38F#9E2EE35302000000
(1786378680.605079) can0 38E#282D001712000100
(1786378680.614872) can0 38E#7A2E001312000100
(1786378680.625294) can0 38F#C32FE35302000000
(1786378680.625610) can0 38E#992F001012000100
(1786378680.634955) can0 38E#3D20000E12000100
(1786378680.644856) can0 38F#9F20E35302000000
(1786378680.645101) can0 38E#BF21000B12000100
(1786378680.654968) can0 38E#E622000812000100
(1786378680.664937) can0 38F#8421E25302000000
(1786378680.665178) can0 38E#1323000512000100
(1786378680.674935) can0 38E#2824000112000100
(1786378680.684885) can0 38F#6322E25302000000
(1786378680.685105) can0 38E#9E2500FD11000100
(1786378680.694993) can0 38E#A62600F811000100
(1786378680.704880) can0 38F#3E23E25302000000
(1786378680.705145) can0 38E#392700F411000100
(1786378680.714974) can0 38E#422800EF11000100
(1786378680.724894) can0 38F#B024E25302000000
(1786378680.725124) can0 38E#A12900EC11000100
(1786378680.734947) can0 38E#F32A00E811000100
(1786378680.744947) can0 38F#ED25E25302000000
(1786378680.745212) can0 38E#062B00E511000100
(1786378680.755056) can0 38E#832C00E211000100
(1786378680.765040) can0 38F#0A26E25302000000
(1786378680.765352) can0 38E#332D00DE11000100
(1786378680.774894) can0 38E#612E00DA11000100
(1786378680.784921) can0 38F#5727E25302000000
(1786378680.785191) can0 38E#FE2F00D611000100
(1786378680.794914) can0 38E#172000D211000100
(1786378680.804927) can0 38F#0B28E25302000000
(1786378680.805236) can0 38E#662100CE11000100
(1786378680.814849) can0 38E#342200CA11000100
(1786378680.824969) can0 38F#5629E25302000000
(1786378680.825338) can0 38E#AB2300C611000100
(1786378680.834990) can0 38E#2E2400C111000100
(1786378680.845025) can0 38F#B12AE25302000000
(1786378680.845333) can0 38E#6B2500BC11000100
(1786378680.881957) can0 38E#2F2600B611000100
(1786378680.937486) can0 38F#EC2BE25302000000
(1786378680.942048) can0 38E#132700B011000100
(1786378680.942623) can0 38E#682800AB11000100
(1786378680.944057) can0 38F#622CE25302000000
(1786378680.944408) can0 38E#232900A511000100
(1786378680.944739) can0 38E#482A009F11000100
(1786378680.945026) can0 38F#3F2DE25302000000
(1786378680.945257) can0 38E#742B009911000100
(1786378680.945494) can0 38E#522C009411000100
(1786378680.945760) can0 38F#D82EE25302000000
(1786378680.945982) can0 38E#282D008F11000100
(1786378680.946186) can0 38E#7A2E008B11000100
(1786378680.946369) can0 38F#852FE25302000000
(1786378680.946588) can0 38E#8F2F008611000100
(1786378680.955001) can0 38E#6620008211000100
(1786378680.972669) can0 38F#D920E25302000000
(1786378680.973622) can0 38E#4C21007F11000000
(1786378680.974926) can0 38E#1E22007B11000000
(1786378680.984954) can0 38F#8421E25302000000
(1786378680.985322) can0 38E#9723007911000000
(1786378680.994946) can0 38E#0F24007711000000
(1786378681.004975) can0 38F#6322E25302000000
(1786378681.005252) can0 38E#8625007511000000
(1786378681.014890) can0 38E#0026007311000000
(1786378681.024875) can0 38F#3E23E25302000000
(1786378681.025154) can0 38E#8927007111000000
(1786378681.034868) can0 38E#2D28006F11000000
(1786378681.044867) can0 38F#B024E25302000000
(1786378681.045212) can0 38E#A429006D11000000
(1786378681.054912) can0 38E#222A006B11000000
(1786378681.064976) can0 38F#ED25E25302000000
(1786378681.065393) can0 38E#C12B006811000000
(1786378681.074860) can0 38E#592C006611000000
(1786378681.084887) can0 38F#0A26E25302000000
(1786378681.085210) can0 38E#A42D004011000000
(1786378681.094936) can0 38E#432E004011000000
(1786378681.104880) can0 38F#5727E25302000000
(1786378681.105150) can0 38E#1E2F004011000000
(1786378681.114906) can0 38E#4220004011000000
(1786378681.124883) can0 38F#0B28E25302000000
(1786378681.125149) can0 38E#1F21004011000000
(1786378681.134911) can0 38E#F822004011000000
(1786378681.144923) can0 38F#5629E25302000000
(1786378681.145205) can0 38E#A523004011000000
(1786378681.154892) can0 38E#2B24004011000000
(1786378681.164870) can0 38F#B12AE25302000000
(1786378681.165089) can0 38E#7625004011000000
(1786378681.174882) can0 38E#9126004011000000
(1786378681.184961) can0 38F#EC2BE25302000000
(1786378681.185193) can0 38E#CC27004011000000
(1786378681.194956) can0 38E#9028004011000000
(1786378681.204884) can0 38F#622CE25302000000
(1786378681.205228) can0 38E#CD29004011000000
(1786378681.214895) can0 38E#2A2A004011000000
(1786378681.224844) can0 38F#3F2DE25302000000
(1786378681.225046) can0 38E#772B004011000000
(1786378681.234976) can0 38E#F92C004011000000
(1786378681.244906) can0 38F#D82EE25302000000
(1786378681.245170) can0 38E#A42D004011000000
(1786378681.254951) can0 38E#432E004011000000
(1786378681.264934) can0 38F#852FE25302000000
(1786378681.265199) can0 38E#1E2F004011000000
(1786378681.274903) can0 38E#4220004011000000
(1786378681.284889) can0 38F#D920E25302000000
(1786378681.285149) can0 38E#1F21004011000000
(1786378681.294894) can0 38E#F822004011000000
(1786378681.304779) can0 38F#8421E25302000000
(1786378681.305044) can0 38E#A523004011000000
(1786378681.314802) can0 38E#2B24004011000000
(1786378681.324791) can0 38F#6322E25302000000
(1786378681.325048) can0 38E#7625004011000000
(1786378681.334869) can0 38E#9126004011000000
(1786378681.344868) can0 38F#3E23E25302000000
(1786378681.345279) can0 38E#CC27004011000000
(1786378681.354759) can0 38E#9028004011000000
(1786378681.364751) can0 38F#B024E25302000000
(1786378681.365026) can0 38E#CD29004011000000
(1786378681.374772) can0 38E#2A2A004011000000
(1786378681.384787) can0 38F#ED25E25302000000
(1786378681.385010) can0 38E#772B004011000000
(1786378681.394839) can0 38E#F92C004011000000
(1786378681.404816) can0 38F#0A26E25302000000
(1786378681.405058) can0 38E#A42D004011000000
(1786378681.414767) can0 38E#432E004011000000
(1786378681.424724) can0 38F#5727E25302000000
(1786378681.424981) can0 38E#1E2F004011000000
(1786378681.434881) can0 38E#4220004011000000
(1786378681.444849) can0 38F#0B28E25302000000
(1786378681.445183) can0 38E#1F21004011000000
(1786378681.454868) can0 38E#F822004011000000
(1786378681.464889) can0 38F#5629E25302000000
(1786378681.465281) can0 38E#A523004011000000
(1786378681.474760) can0 38E#2B24004011000000
(1786378681.484887) can0 38F#B12AE25302000000
(1786378681.485154) can0 38E#7625004011000000
(1786378681.494866) can0 38E#9126004011000000
(1786378681.504808) can0 38F#EC2BE25302000000
(1786378681.505096) can0 38E#CC27004011000000
(1786378681.514840) can0 38E#9028004011000000
(1786378681.524785) can0 38F#622CE25302000000
(1786378681.525090) can0 38E#CD29004011000000
(1786378681.534848) can0 38E#2A2A004011000000
(1786378681.544835) can0 38F#3F2DE25302000000
(1786378681.545129) can0 38E#772B004011000000
(1786378681.554858) can0 38E#F92C004011000000
(1786378681.564783) can0 38F#D82EE25302000000
(1786378681.565122) can0 38E#A42D004011000000
(1786378681.574786) can0 38E#432E004011000000
(1786378681.584825) can0 38F#852FE25302000000
(1786378681.585112) can0 38E#1E2F004011000000
(1786378681.594824) can0 38E#4220004011000000
(1786378681.604845) can0 38F#D920E25302000000
(1786378681.605144) can0 38E#1F21004011000000
(1786378681.614905) can0 38E#F822004011000000
(1786378681.624863) can0 38F#8421E25302000000
(1786378681.625160) can0 38E#A523004011000000
(1786378681.634849) can0 38E#2B24004011000000
(1786378681.644834) can0 38F#6322E25302000000
(1786378681.645143) can0 38E#7625004011000000
(1786378681.654842) can0 38E#9126004011000000
(1786378681.664930) can0 38F#3E23E25302000000
(1786378681.665293) can0 38E#CC27004011000000
(1786378681.674767) can0 38E#9028004011000000
(1786378681.684829) can0 38F#B024E25302000000
(1786378681.685105) can0 38E#CD29004011000000
(1786378681.694845) can0 38E#2A2A004011000000
(1786378681.704849) can0 38F#ED25E25302000000
(1786378681.705109) can0 38E#772B004011000000
(1786378681.714859) can0 38E#F92C004011000000
(1786378681.724750) can0 38F#0A26E25302000000
(1786378681.725039) can0 38E#A42D004011000000
(1786378681.734832) can0 38E#432E004011000000
(1786378681.744810) can0 38F#5727E25302000000
(1786378681.745083) can0 38E#1E2F004011000000
(1786378681.754839) can0 38E#4220004011000000
(1786378681.764913) can0 38F#0B28E25302000000
(1786378681.765478) can0 38E#1F21004011000000
(1786378681.774815) can0 38E#F822004011000000
(1786378681.784820) can0 38F#5629E25302000000
(1786378681.785062) can0 38E#A523004011000000
(1786378681.794880) can0 38E#2B24004011000000
(1786378681.804847) can0 38F#B12AE25302000000
(1786378681.805198) can0 38E#7625004011000000
(1786378681.814868) can0 38E#9126004011000000
(1786378681.824787) can0 38F#EC2BE25302000000
(1786378681.825055) can0 38E#CC27004011000000
(1786378681.834855) can0 38E#9028004011000000
(1786378681.844747) can0 38F#622CE25302000000
(1786378681.845044) can0 38E#CD29004011000000
(1786378681.854810) can0 38E#2A2A004011000000
(1786378681.864894) can0 38F#3F2DE25302000000
(1786378681.865163) can0 38E#772B004011000000
(1786378681.874751) can0 38E#F92C004011000000
(1786378681.884838) can0 38F#D82EE25302000000
(1786378681.885096) can0 38E#A42D004011000000
(1786378681.894836) can0 38E#432E004011000000
(1786378681.904848) can0 38F#852FE25302000000
(1786378681.905137) can0 38E#1E2F004011000000
(1786378681.914883) can0 38E#4220004011000000
(1786378681.924837) can0 38F#D920E25302000000
(1786378681.925140) can0 38E#1F21004011000000
(1786378681.934917) can0 38E#F822004011000000
(1786378681.944941) can0 38F#8421E25302000000
(1786378681.945440) can0 38E#A523004011000000
(1786378681.954801) can0 38E#2B24004011000000
(1786378681.964799) can0 38F#6322E25302000000
(1786378681.965090) can0 38E#7625004011000000
(1786378681.974791) can0 38E#9126004011000000
(1786378681.984844) can0 38F#3E23E25302000000
(1786378681.985165) can0 38E#CC27004011000000
(1786378681.994858) can0 38E#9028004011000000
(1786378682.004844) can0 38F#B024E25302000000
(1786378682.005115) can0 38E#CD29004011000000
(1786378682.014847) can0 38E#2A2A004011000000
(1786378682.024780) can0 38F#ED25E25302000000
(1786378682.025036) can0 38E#772B004011000000
(1786378682.034833) can0 38E#F92C004011000000
(1786378682.044880) can0 38F#0A26E25302000000
(1786378682.045219) can0 38E#A42D004011000000
(1786378682.054876) can0 38E#432E004011000000
(1786378682.064783) can0 38F#5727E25302000000
(1786378682.065066) can0 38E#1E2F004011000000
(1786378682.074716) can0 38E#4220004011000000
(1786378682.084835) can0 38F#0B28E25302000000
(1786378682.085125) can0 38E#1F21004011000000
(1786378682.094900) can0 38E#F822004011000000
(1786378682.104828) can0 38F#5629E25302000000
(1786378682.105109) can0 38E#A523004011000000
(1786378682.114869) can0 38E#2B24004011000000
(1786378682.124798) can0 38F#B12AE25302000000
(1786378682.125123) can0 38E#7625004011000000
(1786378682.134928) can0 38E#9126004011000000
(1786378682.144886) can0 38F#EC2BE25302000000
(1786378682.145271) can0 38E#CC27004011000000
(1786378682.154736) can0 38E#9028004011000000
(1786378682.164759) can0 38F#622CE25302000000
(1786378682.164968) can0 38E#CD29004011000000
(1786378682.174761) can0 38E#2A2A004011000000
(1786378682.184843) can0 38F#3F2DE25302000000
(1786378682.185149) can0 38E#772B004011000000
(1786378682.194937) can0 38E#F92C004011000000
(1786378682.204840) can0 38F#D82EE25302000000
(1786378682.205150) can0 38E#A42D004011000000
(1786378682.214754) can0 38E#432E004011000000
(1786378682.224761) can0 38F#852FE25302000000
(1786378682.224979) can0 38E#1E2F004011000000
(1786378682.234844) can0 38E#4220004011000000
(1786378682.244798) can0 38F#D920E25302000000
(1786378682.245090) can0 38E#1F21004011000000
(1786378682.254856) can0 38E#F822004011000000
(1786378682.264872) can0 38F#8421E25302000000
(1786378682.265227) can0 38E#A523004011000000
(1786378682.274744) can0 38E#2B24004011000000
(1786378682.284818) can0 38F#6322E25302000000
(1786378682.285152) can0 38E#7625004011000000
(1786378682.294931) can0 38E#9126004011000000
(1786378682.304841) can0 38F#3E23E25302000000
(1786378682.305156) can0 38E#CC27004011000000
(1786378682.314840) can0 38E#9028004011000000
(1786378682.324758) can0 38F#B024E25302000000
(1786378682.325028) can0 38E#CD29004011000000
(1786378682.334928) can0 38E#2A2A004011000000
(1786378682.344953) can0 38F#ED25E25302000000
(1786378682.345277) can0 38E#772B004011000000
(1786378682.354857) can0 38E#F92C004011000000
(1786378682.364817) can0 38F#0A26E25302000000
(1786378682.365083) can0 38E#A42D004011000000
(1786378682.374842) can0 38E#432E004011000000
(1786378682.384873) can0 38F#5727E25302000000
(1786378682.385205) can0 38E#1E2F004011000000
(1786378682.394976) can0 38E#4220004011000000
(1786378682.404883) can0 38F#0B28E25302000000
(1786378682.405317) can0 38E#1F21004011000000
(1786378682.414896) can0 38E#F822004011000000
(1786378682.424768) can0 38F#5629E25302000000
(1786378682.425088) can0 38E#A523004011000000
(1786378682.434843) can0 38E#2B24004011000000
(1786378682.444874) can0 38F#B12AE25302000000
(1786378682.445240) can0 38E#7625004011000000
(1786378682.454830) can0 38E#9126004011000000
(1786378682.464850) can0 38F#EC2BE25302000000
(1786378682.465178) can0 38E#CC27004011000000
(1786378682.474783) can0 38E#9028004011000000
(1786378682.484873) can0 38F#622CE25302000000
(1786378682.485178) can0 38E#CD29004011000000
(1786378682.494787) can0 38E#2A2A004011000000
(1786378682.504777) can0 38F#3F2DE25302000000
(1786378682.505057) can0 38E#772B004011000000
(1786378682.514848) can0 38E#F92C004011000000
(1786378682.524896) can0 38F#D82EE25302000000
(1786378682.525187) can0 38E#A42D004011000000
(1786378682.534865) can0 38E#432E004011000000
(1786378682.544811) can0 38F#852FE25302000000
(1786378682.545114) can0 38E#1E2F004011000000
(1786378682.554788) can0 38E#4220004011000000
(1786378682.564869) can0 38F#D920E25302000000
(1786378682.565203) can0 38E#1F21004011000000
(1786378682.574782) can0 38E#F822004011000000
(1786378682.584811) can0 38F#8421E25302000000
(1786378682.585116) can0 38E#A523004011000000
(1786378682.594816) can0 38E#2B24004011000000
(1786378682.604847) can0 38F#6322E25302000000
(1786378682.605165) can0 38E#7625004011000000
(1786378682.614843) can0 38E#9126004011000000
(1786378682.624823) can0 38F#3E23E25302000000
(1786378682.625115) can0 38E#CC27004011000000
(1786378682.634871) can0 38E#9028004011000000
(1786378682.644793) can0 38F#B024E25302000000
(1786378682.645117) can0 38E#CD29004011000000
(1786378682.654822) can0 38E#2A2A004011000000
(1786378682.664921) can0 38F#ED25E25302000000
(1786378682.665271) can0 38E#772B004011000000
(1786378682.674814) can0 38E#F92C004011000000
(1786378682.684851) can0 38F#0A26E25302000000
(1786378682.685135) can0 38E#A42D004011000000
(1786378682.694880) can0 38E#432E004011000000
(1786378682.704824) can0 38F#5727E25302000000
(1786378682.705135) can0 38E#1E2F004011000000
(1786378682.714810) can0 38E#4220004011000000
(1786378682.724808) can0 38F#0B28E25302000000
(1786378682.725101) can0 38E#1F21004011000000
(1786378682.734854) can0 38E#F822004011000000
(1786378682.744883) can0 38F#5629E25302000000
(1786378682.745190) can0 38E#A523004011000000
(1786378682.754738) can0 38E#2B24004011000000
(1786378682.764771) can0 38F#B12AE25302000000
(1786378682.765086) can0 38E#7625004011000000
(1786378682.774873) can0 38E#9126004011000000
(1786378682.784867) can0 38F#EC2BE25302000000
(1786378682.785169) can0 38E#CC27004011000000
(1786378682.794813) can0 38E#9028004011000000
(1786378682.804827) can0 38F#622CE25302000000
(1786378682.805095) can0 38E#CD29004011000000
(1786378682.814868) can0 38E#2A2A004011000000
(1786378682.824799) can0 38F#3F2DE25302000000
(1786378682.825078) can0 38E#772B004011000000
(1786378682.834830) can0 38E#F92C004011000000
(1786378682.844813) can0 38F#D82EE25302000000
(1786378682.845134) can0 38E#A42D004011000000
(1786378682.854782) can0 38E#432E004011000000
(1786378682.864826) can0 38F#852FE25302000000
(1786378682.865076) can0 38E#1E2F004011000000
(1786378682.874779) can0 38E#4220004011000000
(1786378682.884790) can0 38F#D920E25302000000
(1786378682.885144) can0 38E#1F21004011000000
(1786378682.894842) can0 38E#F822004011000000
(1786378682.904802) can0 38F#8421E25302000000
(1786378682.905081) can0 38E#A523004011000000
(1786378682.914844) can0 38E#2B24004011000000
(1786378682.924796) can0 38F#6322E25302000000
(1786378682.925089) can0 38E#7625004011000000
(1786378682.934796) can0 38E#9126004011000000
(1786378682.944871) can0 38F#3E23E25302000000
(1786378682.945181) can0 38E#CC27004011000000
(1786378682.954825) can0 38E#9028004011000000
(1786378682.964821) can0 38F#B024E25302000000
(1786378682.965206) can0 38E#CD29004011000000
(1786378682.974792) can0 38E#2A2A004011000000
(1786378682.984859) can0 38F#ED25E25302000000
(1786378682.985130) can0 38E#772B004011000000
(1786378682.994980) can0 38E#F92C004011000000
(1786378683.004852) can0 38F#0A26E25302000000
(1786378683.005129) can0 38E#A42D004011000000
(1786378683.014819) can0 38E#432E004011000000
(1786378683.024781) can0 38F#5727E25302000000
(1786378683.025025) can0 38E#1E2F004011000000
(1786378683.034871) can0 38E#4220004011000000
(1786378683.044821) can0 38F#0B28E25302000000
(1786378683.045112) can0 38E#1F21004011000000
(1786378683.054813) can0 38E#F822004011000000
(1786378683.064859) can0 38F#5629E25302000000
(1786378683.065155) can0 38E#A523004011000000
(1786378683.074734) can0 38E#2B24004011000000
(1786378683.084827) can0 38F#B12AE25302000000
(1786378683.085124) can0 38E#7625004011000000
(1786378683.094906) can0 38E#9126004011000000
(1786378683.104842) can0 38F#EC2BE25302000000
(1786378683.105191) can0 38E#CC27004011000000
(1786378683.114851) can0 38E#9028004011000000
(1786378683.124807) can0 38F#622CE25302000000
(1786378683.125123) can0 38E#CD29004011000000
(1786378683.134861) can0 38E#2A2A004011000000
(1786378683.144817) can0 38F#3F2DE25302000000
(1786378683.145103) can0 38E#772B004011000000
(1786378683.154972) can0 38E#F92C004011000000
(1786378683.164840) can0 38F#D82EE25302000000
(1786378683.165164) can0 38E#A42D004011000000
(1786378683.174798) can0 38E#432E004011000000
(1786378683.184811) can0 38F#852FE25302000000
(1786378683.185134) can0 38E#1E2F004011000000
(1786378683.194858) can0 38E#4220004011000000
(1786378683.204890) can0 38F#D920E25302000000
(1786378683.205189) can0 38E#1F21004011000000
(1786378683.214947) can0 38E#0B22005911000000
(1786378683.224894) can0 38F#8421E25302000000
(1786378683.225099) can0 38E#5623005911000000
(1786378683.234925) can0 38E#6624005A11000000
(1786378683.244883) can0 38F#6322E25302000000
(1786378683.245156) can0 38E#5A25005C11000000
(1786378683.254935) can0 38E#8426006211000000
(1786378683.264960) can0 38F#3E23E25302000000
(1786378683.265248) can0 38E#AE27006A11000000
(1786378683.274962) can0 38E#6B28007211000000
(1786378683.284888) can0 38F#F624E35302000000
(1786378683.285221) can0 38E#9529007811000000
(1786378683.294953) can0 38E#132A007E11000000
(1786378683.305405) can0 38F#AB25E35302000000
(1786378683.305744) can0 38E#A12B008111000000
(1786378683.314923) can0 38E#F02C008411000000
(1786378683.324958) can0 38F#4C26E35302000000
(1786378683.325264) can0 38E#792D008611000000
(1786378683.335332) can0 38E#E22E008911000000
(1786378683.345316) can0 38F#1127E35302000000
(1786378683.345659) can0 38E#B42F008E11000000
(1786378683.354885) can0 38E#C420009211000000
(1786378683.364944) can0 38F#4D28E35302000000
(1786378683.365195) can0 38E#4621009711000000
(1786378683.374955) can0 38E#2F22009B11000100
(1786378683.385330) can0 38F#1029E35302000000
(1786378683.385626) can0 38E#C723009F11000100
(1786378683.394981) can0 38E#AF2400A411000100
(1786378683.404969) can0 38F#F72AE35302000000
(1786378683.405272) can0 38E#5A2500A911000100
(1786378683.415004) can0 38E#B62600AE11000100
(1786378683.425327) can0 38F#AA2BE35302000000
(1786378683.425687) can0 38E#AD2700B311000100
(1786378683.435280) can0 38E#522800B911000100
(1786378683.444910) can0 38F#242CE35302000000
(1786378683.445296) can0 38E#6E2900BF11000100
(1786378683.454950) can0 38E#F02A00C411000100
(1786378683.464986) can0 38F#792DE35302000000
(1786378683.465369) can0 38E#D12B00CB11000100
(1786378683.475279) can0 38E#AC2C00D211000100
(1786378683.484934) can0 38F#9E2EE35302000000
(1786378683.485201) can0 38E#382D00D911000100
(1786378683.495047) can0 38E#872E00E111000100
(1786378683.504918) can0 38F#C32FE35302000000
(1786378683.505144) can0 38E#C72F00E811000100
(1786378683.514972) can0 38E#022000F011000100
(1786378683.524970) can0 38F#9F20E35302000000
(1786378683.525209) can0 38E#282100F811000100
(1786378683.534933) can0 38E#FB22000112000100
(1786378683.545030) can0 38F#C221E35302000000
(1786378683.545335) can0 38E#D123000912000100
(1786378683.555251) can0 38E#7824001212000100
(1786378683.564877) can0 38F#2522E35302000000
(1786378683.565158) can0 38E#FA25001712000100
(1786378683.574910) can0 38E#D426001C12000100
(1786378683.585274) can0 38F#7823E35302000000
(1786378683.585535) can0 38E#0E27002112000100
(1786378683.595009) can0 38E#3328002712000100
(1786378683.605215) can0 38F#F624E35302000000
(1786378683.605509) can0 38E#C629002A12000100
(1786378683.614925) can0 38E#4B2A002B12000100
(1786378683.624917) can0 38F#AB25E35302000000
(1786378683.625260) can0 38E#162B002B12000100
(1786378683.635354) can0 38E#982C002B12000100
(1786378683.645033) can0 38F#4C26E35302000000
(1786378683.645432) can0 38E#C52D002B12000100
(1786378683.654877) can0 38E#222E002B12000100
(1786378683.664963) can0 38F#1127E35302000000
(1786378683.665258) can0 38E#7F2F002B12000100
(1786378683.674865) can0 38E#2820002C12000100
(1786378683.684936) can0 38F#4D28E35302000000
(1786378683.685342) can0 38E#A121002E12000100
(1786378683.694962) can0 38E#6A22003212000100
(1786378683.705287) can0 38F#1029E35302000000
(1786378683.705582) can0 38E#8223003612000100
(1786378683.715033) can0 38E#7024003912000100
(1786378683.724951) can0 38F#F72AE35302000000
(1786378683.725298) can0 38E#F225003C12000100
(1786378683.735018) can0 38E#0D26004112000100
(1786378683.745012) can0 38F#AA2BE35302000000
(1786378683.745327) can0 38E#3127004712000100
(1786378683.754930) can0 38E#7028004E12000100
(1786378683.765028) can0 38F#242CE35302000000
(1786378683.765357) can0 38E#6029005412000100
(1786378683.775393) can0 38E#FB2A005B12000100
(1786378683.784938) can0 38F#792DE35302000000
(1786378683.785290) can0 38E#942B006212000100
(1786378683.794950) can0 38E#6D2C006A12000100
(1786378683.805370) can0 38F#9E2EE35302000000
(1786378683.805731) can0 38E#172D007112000100
(1786378683.815315) can0 38E#912E007712000100
(1786378683.824916) can0 38F#C32FE35302000000
(1786378683.825227) can0 38E#6F2F007D12000100
(1786378683.834948) can0 38E#B620008312000100
(1786378683.845243) can0 38F#9F20E35302000000
(1786378683.845546) can0 38E#2221008812000100
(1786378683.855281) can0 38E#1A22008D12000100
(1786378683.864990) can0 38F#C221E35302000000
(1786378683.865261) can0 38E#6B23009112000100
(1786378683.874925) can0 38E#3A24009412000100
(1786378683.884916) can0 38F#2522E35302000000
(1786378683.885287) can0 38E#D925009712000100
(1786378683.894965) can0 38E#2826009912000100
(1786378683.905354) can0 38F#7823E35302000000
(1786378683.905624) can0 38E#A127009B12000100
(1786378683.914973) can0 38E#F628009C12000100
(1786378683.924938) can0 38F#F624E35302000000
(1786378683.925244) can0 38E#7F29009E12000100
(1786378683.934961) can0 38E#F22A009F12000100
(1786378683.944951) can0 38F#AB25E35302000000
(1786378683.945337) can0 38E#AF2B009F12000100
(1786378683.955289) can0 38E#182C00A112000100
(1786378683.964996) can0 38F#4C26E35302000000
(1786378683.965297) can0 38E#452D00A112000100
(1786378683.975275) can0 38E#762E00A312000100
(1786378683.985329) can0 38F#1127E35302000000
(1786378683.985637) can0 38E#2B2F00A312000100
(1786378683.994934) can0 38E#7C2000A412000100
(1786378684.004966) can0 38F#4D28E35302000000
(1786378684.005251) can0 38E#4B2100A512000100
(1786378684.015274) can0 38E#AC2200A512000100
(1786378684.024903) can0 38F#1029E35302000000
(1786378684.025186) can0 38E#252300A712000100
(1786378684.035287) can0 38E#692400AB12000100
(1786378684.044927) can0 38F#F72AE35302000000
(1786378684.045261) can0 38E#812500AF12000100
(1786378684.054965) can0 38E#9E2600B112000100
(1786378684.065301) can0 38F#AA2BE35302000000
(1786378684.065651) can0 38E#762700B512000100
(1786378684.074925) can0 38E#E82800B912000100
(1786378684.084915) can0 38F#242CE35302000000
(1786378684.085234) can0 38E#BE2900BE12000100
(1786378684.094958) can0 38E#412A00C312000100
(1786378684.105011) can0 38F#792DE35302000000
(1786378684.105295) can0 38E#A92B00C712000100
(1786378684.114966) can0 38E#E52C00CB12000100
(1786378684.124931) can0 38F#9E2EE35302000000
(1786378684.125248) can0 38E#9F2D00D012000100
(1786378684.135320) can0 38E#A72E00D512000100
(1786378684.145006) can0 38F#C32FE35302000000
(1786378684.145355) can0 38E#862F00DA12000100
(1786378684.154927) can0 38E#562000E012000100
(1786378684.165024) can0 38F#9F20E35302000000
(1786378684.165321) can0 38E#D42100E512000100
(1786378684.174989) can0 38E#252200EB12000100
(1786378684.184971) can0 38F#C221E35302000000
(1786378684.185234) can0 38E#5F2300F012000100
(1786378684.195394) can0 38E#B02400F612000100
(1786378684.205324) can0 38F#2522E35302000000
(1786378684.205708) can0 38E#4E2500FC12000100
(1786378684.214966) can0 38E#DB26000313000100
(1786378684.224922) can0 38F#7823E35302000000
(1786378684.225195) can0 38E#2527000913000100
(1786378684.235064) can0 38E#8A28001013000100
(1786378684.245271) can0 38F#F624E35302000000
(1786378684.245578) can0 38E#B629001613000100
(1786378684.254895) can0 38E#262A001E13000100
(1786378684.264931) can0 38F#AB25E35302000000
(1786378684.265183) can0 38E#232B002613000100
(1786378684.275251) can0 38E#642C002D13000100
(1786378684.285301) can0 38F#4C26E35302000000
(1786378684.285694) can0 38E#1E2D003613000100
(1786378684.295340) can0 38E#E42E003F13000100
(1786378684.304962) can0 38F#1127E35302000000
(1786378684.305243) can0 38E#682F004913000100
(1786378684.314975) can0 38E#1320005213000100
(1786378684.324962) can0 38F#4D28E35302000000
(1786378684.325253) can0 38E#3221005D13000100
(1786378684.335283) can0 38E#2522006813000100
(1786378684.344972) can0 38F#1029E35302000000
(1786378684.345327) can0 38E#3E23007513000100
(1786378684.354984) can0 38E#9624008113000100
(1786378684.364906) can0 38F#F72AE35302000000
(1786378684.365190) can0 38E#DD25008F13000100
(1786378684.374894) can0 38E#BE26009E13000100
(1786378684.385016) can0 38F#AA2BE35302000000
(1786378684.385280) can0 38E#CC2700AE13000100
(1786378684.395001) can0 38E#142800BF13000100
(1786378684.405267) can0 38F#242CE35302000000
(1786378684.405543) can0 38E#F92900CF13000100
(1786378684.415294) can0 38E#242A00DD13000100
(1786378684.424887) can0 38F#792DE35302000000
(1786378684.425172) can0 38E#E82B00EE13000100
(1786378684.434999) can0 38E#F92C000014000100
(1786378684.445299) can0 38F#9E2EE35302000000
(1786378684.445713) can0 38E#4A2D001014000100
(1786378684.455110) can0 38E#E82E002114000100
(1786378684.464982) can0 38F#C32FE35302000000
(1786378684.465300) can0 38E#E52F003214000100
(1786378684.474941) can0 38E#6820004414000100
(1786378684.484964) can0 38F#9F20E35302000000
(1786378684.485292) can0 38E#B121005514000100
(1786378684.495303) can0 38E#7922006514000100
(1786378684.505001) can0 38F#C221E35302000000
(1786378684.505270) can0 38E#CA23007514000100
(1786378684.514983) can0 38E#6924008614000100
(1786378684.524994) can0 38F#2522E35302000000
(1786378684.525340) can0 38E#DA25009614000100
(1786378684.534981) can0 38E#782600A714000100
(1786378684.544999) can0 38F#7823E35302000000
(1786378684.545330) can0 38E#A12700B614000100
(1786378684.554965) can0 38E#4D2800C614000100
(1786378684.565004) can0 38F#F624E35302000000
(1786378684.565264) can0 38E#FE2900D614000100
(1786378684.574867) can0 38E#5C2A00E714000100
(1786378684.584950) can0 38F#AB25E35302000000
(1786378684.585249) can0 38E#F92B00F914000100
(1786378684.595023) can0 38E#C72C000A15000100
(1786378684.604962) can0 38F#4C26E35302000000
(1786378684.605237) can0 38E#742D001A15000100
(1786378684.615037) can0 38E#D62E002B15000100
(1786378684.625221) can0 38F#1127E35302000000
(1786378684.625538) can0 38E#042F003D15000100
(1786378684.635324) can0 38E#5620004E15000100
(1786378684.644966) can0 38F#4D28E35302000000
(1786378684.645344) can0 38E#8F21005F15000100
(1786378684.654956) can0 38E#D522007015000100
(1786378684.665130) can0 38F#1029E35302000000
(1786378684.665563) can0 38E#CF23008215000100
(1786378684.675529) can0 38E#C524009315000100
(1786378684.685067) can0 38F#F72AE35302000000
(1786378684.685548) can0 38E#DD2500A215000100
(1786378684.695048) can0 38E#D42600B215000100
(1786378684.705391) can0 38F#AA2BE35302000000
(1786378684.705813) can0 38E#872700C115000100
(1786378684.715605) can0 38E#352800D115000100
(1786378684.725010) can0 38F#242CE35302000000
(1786378684.725358) can0 38E#7E2900DF15000100
(1786378684.735096) can0 38E#DC2A00EE15000100
(1786378684.745073) can0 38F#792DE35302000000
(1786378684.745455) can0 38E#D12B00FD15000100
(1786378684.754970) can0 38E#172C000B16000100
(1786378684.765585) can0 38F#9E2EE35302000000
(1786378684.766085) can0 38E#702D001916000100
(1786378684.775198) can0 38E#AE2E002716000100
(1786378684.785079) can0 38F#C32FE35302000000
(1786378684.785455) can0 38E#C92F003516000100
(1786378684.795056) can0 38E#2E20004216000100
(1786378684.805150) can0 38F#9F20E35302000000
(1786378684.805511) can0 38E#0F21004D16000100
(1786378684.815681) can0 38E#CF22005616000100
(1786378684.825012) can0 38F#C221E35302000000
(1786378684.825402) can0 38E#3123005C16000100
(1786378684.835471) can0 38E#EC24006316000100
(1786378684.845028) can0 38F#2522E35302000000
(1786378684.845425) can0 38E#0425006716000100
(1786378684.854926) can0 38E#9F26006816000100
(1786378684.864992) can0 38F#7823E35302000000
(1786378684.865371) can0 38E#C227006816000100
(1786378684.875314) can0 38E#F428006916000100
(1786378684.884994) can0 38F#F624E35302000000
(1786378684.885365) can0 38E#A929006916000100
(1786378684.895067) can0 38E#4E2A006916000100
(1786378684.905062) can0 38F#AB25E35302000000
(1786378684.905473) can0 38E#132B006916000100
(1786378684.915063) can0 38E#232C006A16000100
(1786378684.925033) can0 38F#4C26E35302000000
(1786378684.925415) can0 38E#C02D006916000100
(1786378684.935063) can0 38E#992E006A16000100
(1786378684.945024) can0 38F#1127E35302000000
(1786378684.945399) can0 38E#C42F006A16000100
(1786378684.955014) can0 38E#2620006916000100
(1786378684.964960) can0 38F#4D28E35302000000
(1786378684.965292) can0 38E#C521006A16000100
(1786378684.974919) can0 38E#4822006B16000100
(1786378684.984959) can0 38F#1029E35302000000
(1786378684.985279) can0 38E#1523006B16000100
(1786378684.994986) can0 38E#9B24006B16000100
(1786378685.004924) can0 38F#F72AE35302000000
(1786378685.005253) can0 38E#C625006B16000100
(1786378685.015062) can0 38E#2126006B16000100
(1786378685.025082) can0 38F#AA2BE35302000000
(1786378685.025422) can0 38E#7727006C16000100
(1786378685.035127) can0 38E#FF28006E16000100
(1786378685.045035) can0 38F#242CE35302000000
(1786378685.045440) can0 38E#3029007116000100
(1786378685.055127) can0 38E#082A007416000100
(1786378685.065478) can0 38F#792DE35302000000
(1786378685.065818) can0 38E#EB2B007716000100
(1786378685.074943) can0 38E#A72C007B16000100
(1786378685.084979) can0 38F#9E2EE35302000000
(1786378685.085328) can0 38E#4F2D007F16000100
(1786378685.095022) can0 38E#2D2E008116000100
(1786378685.105430) can0 38F#C32FE35302000000
(1786378685.105841) can0 38E#AF2F008416000100
(1786378685.115220) can0 38E#2720008616000100
(1786378685.125018) can0 38F#9F20E35302000000
(1786378685.125394) can0 38E#0621008916000100
(1786378685.135368) can0 38E#3E22008C16000100
(1786378685.145406) can0 38F#C221E35302000000
(1786378685.145729) can0 38E#B723008E16000100
(1786378685.155266) can0 38E#C124009016000100
(1786378685.164946) can0 38F#2522E35302000000
(1786378685.165268) can0 38E#F625009116000100
(1786378685.174983) can0 38E#C526009316000100
(1786378685.185064) can0 38F#7823E35302000000
(1786378685.185492) can0 38E#4727009616000100
(1786378685.195370) can0 38E#7128009716000100
(1786378685.205079) can0 38F#F624E35302000000
(1786378685.205477) can0 38E#8429009A16000100
(1786378685.215058) can0 38E#092A009B16000100
(1786378685.225029) can0 38F#AB25E35302000000
(1786378685.225347) can0 38E#352B009D16000100
(1786378685.235117) can0 38E#BB2C009D16000100
(1786378685.245014) can0 38F#4C26E35302000000
(1786378685.245411) can0 38E#322D009F16000100
(1786378685.255022) can0 38E#522E00A216000100
(1786378685.265087) can0 38F#1127E35302000000
(1786378685.265487) can0 38E#0F2F00A216000100
(1786378685.275299) can0 38E#322000A416000100
(1786378685.284942) can0 38F#4D28E35302000000
(1786378685.285413) can0 38E#052100A516000100
(1786378685.294992) can0 38E#362200A716000100
(1786378685.305445) can0 38F#1029E35302000000
(1786378685.305871) can0 38E#7D2300A916000100
(1786378685.315086) can0 38E#272400AB16000100
(1786378685.325014) can0 38F#F72AE35302000000
(1786378685.325366) can0 38E#712500AC16000100
(1786378685.335026) can0 38E#282600AF16000100
(1786378685.345044) can0 38F#AA2BE35302000000
(1786378685.345439) can0 38E#8D2700B116000100
(1786378685.355375) can0 38E#0E2800B416000100
(1786378685.365027) can0 38F#242CE35302000000
(1786378685.365473) can0 38E#ED2900B716000100
(1786378685.375055) can0 38E#1C2A00B916000100
(1786378685.385083) can0 38F#792DE35302000000
(1786378685.385430) can0 38E#9E2B00BC16000100
(1786378685.395053) can0 38E#622C00C016000100
(1786378685.405106) can0 38F#9E2EE35302000000
(1786378685.405524) can0 38E#8A2D00C416000100
(1786378685.415055) can0 38E#AF2E00C816000100
(1786378685.425342) can0 38F#C32FE35302000000
(1786378685.425761) can0 38E#472F00CC16000100
(1786378685.434944) can0 38E#A52000CF16000100
(1786378685.445038) can0 38F#9F20E35302000000
(1786378685.445339) can0 38E#DF2100D416000100
(1786378685.455265) can0 38E#FA2200D816000100
(1786378685.465118) can0 38F#C221E35302000000
(1786378685.465642) can0 38E#782300DD16000100
(1786378685.475506) can0 38E#1B2400E116000100
(1786378685.485075) can0 38F#2522E35302000000
(1786378685.485529) can0 38E#F32500E516000100
(1786378685.495339) can0 38E#022600EB16000100
(1786378685.505031) can0 38F#7823E35302000000
(1786378685.505355) can0 38E#EA2700EF16000100
(1786378685.515071) can0 38E#912800F416000100
(1786378685.525032) can0 38F#F624E35302000000
(1786378685.525288) can0 38E#642900F916000100
(1786378685.535410) can0 38E#882A00FE16000100
(1786378685.545048) can0 38F#AB25E35302000000
(1786378685.545425) can0 38E#732B000317000100
(1786378685.555047) can0 38E#342C000817000100
(1786378685.565017) can0 38F#4C26E35302000000
(1786378685.565392) can0 38E#B62D000D17000100
(1786378685.575278) can0 38E#C32E001217000100
(1786378685.585275) can0 38F#1127E35302000000
(1786378685.585563) can0 38E#3D2F001817000100
(1786378685.595024) can0 38E#BE20001D17000100
(1786378685.605003) can0 38F#4D28E35302000000
(1786378685.605349) can0 38E#B021002217000100
(1786378685.615043) can0 38E#F422002817000100
(1786378685.625361) can0 38F#1029E35302000000
(1786378685.625697) can0 38E#7623002D17000100
(1786378685.635314) can0 38E#0024003317000100
(1786378685.645045) can0 38F#F72AE35302000000
(1786378685.645427) can0 38E#FE25003917000100
(1786378685.655048) can0 38E#B426004017000100
(1786378685.665085) can0 38F#AA2BE35302000000
(1786378685.665414) can0 38E#F427004917000100
(1786378685.675588) can0 38E#5B28005017000100
(1786378685.685086) can0 38F#242CE35302000000
(1786378685.685568) can0 38E#7129005817000100
(1786378685.695343) can0 38E#CE2A006017000100
(1786378685.705319) can0 38F#792DE35302000000
(1786378685.705595) can0 38E#8E2B006917000100
(1786378685.714872) can0 38E#272C007217000100
(1786378685.724924) can0 38F#9E2EE35302000000
(1786378685.725182) can0 38E#672D007B17000100
(1786378685.735357) can0 38E#052E008517000100
(1786378685.745039) can0 38F#C32FE35302000000
(1786378685.745361) can0 38E#2F2F008D17000100
(1786378685.755301) can0 38E#4220009817000100
(1786378685.764916) can0 38F#9F20E35302000000
(1786378685.765228) can0 38E#F92100A317000100
(1786378685.774926) can0 38E#082200AD17000100
(1786378685.785367) can0 38F#C221E35302000000
(1786378685.785646) can0 38E#182300B717000100
(1786378685.794986) can0 38E#2D2400C017000100
(1786378685.804942) can0 38F#2522E35302000000
(1786378685.805248) can0 38E#B92500CB17000100
(1786378685.814973) can0 38E#182600D617000100
(1786378685.824930) can0 38F#7823E35302000000
(1786378685.825219) can0 38E#0B2700E017000100
(1786378685.834950) can0 38E#952800EC17000100
(1786378685.844947) can0 38F#F624E35302000000
(1786378685.845284) can0 38E#EF2900F717000100
(1786378685.855250) can0 38E#2C2A000218000100
(1786378685.865032) can0 38F#AB25E35302000000
(1786378685.865350) can0 38E#0D2B000D18000100
(1786378685.874876) can0 38E#D82C001918000100
(1786378685.885039) can0 38F#4C26E35302000000
(1786378685.885399) can0 38E#D62D002618000100
(1786378685.895109) can0 38E#002E003318000100
(1786378685.905018) can0 38F#1127E35302000000
(1786378685.905359) can0 38E#532F004018000100
(1786378685.915109) can0 38E#1920004E18000100
(1786378685.925339) can0 38F#4D28E35302000000
(1786378685.925718) can0 38E#7521005B18000100
(1786378685.935164) can0 38E#6922006918000100
(1786378685.945014) can0 38F#1029E35302000000
(1786378685.945329) can0 38E#B023007818000100
(1786378685.955005) can0 38E#D124008718000100
(1786378685.965332) can0 38F#F72AE35302000000
(1786378685.965696) can0 38E#B625009518000100
(1786378685.974940) can0 38E#1F2600A318000100
(1786378685.984971) can0 38F#AA2BE35302000000
(1786378685.985284) can0 38E#C62700B218000100
(1786378685.995049) can0 38E#582800BE18000100
(1786378686.005394) can0 38F#242CE35302000000
(1786378686.005673) can0 38E#612900CC18000100
(1786378686.015012) can0 38E#B72A00D918000100
(1786378686.024918) can0 38F#792DE35302000000
(1786378686.025252) can0 38E#AF2B00E818000100
(1786378686.035066) can0 38E#0D2C00F418000100
(1786378686.044963) can0 38F#9E2EE35302000000
(1786378686.045328) can0 38E#3F2D000219000100
(1786378686.055343) can0 38E#1A2E000E19000100
(1786378686.065081) can0 38F#C32FE35302000000
(1786378686.065486) can0 38E#1C2F001A19000100
(1786378686.074893) can0 38E#1320002519000100
(1786378686.084922) can0 38F#9F20E35302000000
(1786378686.085251) can0 38E#7F21003019000100
(1786378686.094964) can0 38E#5A22003C19000100
(1786378686.105373) can0 38F#C221E35302000000
(1786378686.105764) can0 38E#7E23004719000100
(1786378686.115083) can0 38E#C124005219000100
(1786378686.125023) can0 38F#2522E35302000000
(1786378686.125435) can0 38E#E025005D19000100
(1786378686.135077) can0 38E#F726006819000100
(1786378686.144952) can0 38F#7823E35302000000
(1786378686.145305) can0 38E#8D27007319000100
(1786378686.155016) can0 38E#C728007D19000100
(1786378686.165328) can0 38F#F624E35302000000
(1786378686.165717) can0 38E#C029008619000100
(1786378686.174963) can0 38E#C22A009119000100
(1786378686.185050) can0 38F#AB25E35302000000
(1786378686.185436) can0 38E#562B009A19000100
(1786378686.195012) can0 38E#E12C00A419000100
(1786378686.205044) can0 38F#4C26E35302000000
(1786378686.205471) can0 38E#A12D00AD19000100
(1786378686.215356) can0 38E#0B2E00B719000100
(1786378686.225212) can0 38F#1127E35302000000
(1786378686.225619) can0 38E#212F00BF19000100
(1786378686.235062) can0 38E#C62000C819000100
(1786378686.245068) can0 38F#4D28E35302000000
(1786378686.245410) can0 38E#022100D019000100
(1786378686.255124) can0 38E#922200D819000100
(1786378686.265057) can0 38F#1029E35302000000
(1786378686.265539) can0 38E#FD2300E119000100
(1786378686.274968) can0 38E#042400E919000100
(1786378686.285083) can0 38F#F72AE35302000000
(1786378686.285493) can0 38E#C02500F119000100
(1786378686.294985) can0 38E#502600F919000100
(1786378686.305024) can0 38F#AA2BE35302000000
(1786378686.305337) can0 38E#392700001A000100
(1786378686.315091) can0 38E#122800081A000100
(1786378686.324967) can0 38F#242CE35302000000
(1786378686.325351) can0 38E#D62900101A000100
(1786378686.335079) can0 38E#462A00181A000100
(1786378686.345069) can0 38F#792DE35302000000
(1786378686.345391) can0 38E#102B001F1A000100
(1786378686.355327) can0 38E#C62C00271A000100
(1786378686.365115) can0 38F#9E2EE35302000000
(1786378686.365608) can0 38E#862D002E1A000100
(1786378686.375018) can0 38E#F82E00361A000100
(1786378686.385107) can0 38F#C32FE35302000000
(1786378686.385513) can0 38E#6C2F003D1A000100
(1786378686.395380) can0 38E#F72000451A000100
(1786378686.405107) can0 38F#9F20E35302000000
(1786378686.405533) can0 38E#B721004C1A000100
(1786378686.415043) can0 38E#C92200541A000100
(1786378686.425055) can0 38F#C221E35302000000
(1786378686.425341) can0 38E#E823005B1A000100
(1786378686.435426) can0 38E#542400621A000100
(1786378686.445075) can0 38F#2522E35302000000
(1786378686.445448) can0 38E#7E25006A1A000100
(1786378686.454993) can0 38E#BE2600711A000100
(1786378686.465041) can0 38F#7823E35302000000
(1786378686.465524) can0 38E#942700791A000100
(1786378686.474929) can0 38E#2C2800811A000100
(1786378686.485438) can0 38F#F624E35302000000
(1786378686.485877) can0 38E#6C2900881A000100
(1786378686.495004) can0 38E#122A00901A000100
(1786378686.505104) can0 38F#AB25E35302000000
(1786378686.505481) can0 38E#442B00971A000100
(1786378686.514983) can0 38E#D72C009E1A000100
(1786378686.524945) can0 38F#4C26E35302000000
(1786378686.525262) can0 38E#6C2D00A51A000100
(1786378686.535262) can0 38E#FC2E00AD1A000100
(1786378686.544930) can0 38F#1127E35302000000
(1786378686.545173) can0 38E#592F00B31A000100
(1786378686.555214) can0 38E#182000BA1A000100
(1786378686.565019) can0 38F#4D28E35302000000
(1786378686.565352) can0 38E#3C2100C11A000100
(1786378686.574929) can0 38E#BA2200C71A000100
(1786378686.584981) can0 38F#1029E35302000000
(1786378686.585382) can0 38E#442300CD1A000100
(1786378686.595442) can0 38E#322400D31A000100
(1786378686.605046) can0 38F#F72AE35302000000
(1786378686.605393) can0 38E#CC2500D91A000100
(1786378686.615346) can0 38E#202600DE1A000100
(1786378686.624980) can0 38F#AA2BE35302000000
(1786378686.625354) can0 38E#F12700E41A000100
(1786378686.635019) can0 38E#052800E91A000100
(1786378686.645246) can0 38F#242CE35302000000
(1786378686.645554) can0 38E#392900EF1A000100
(1786378686.654966) can0 38E#F92A00F41A000100
(1786378686.665197) can0 38F#792DE35302000000
(1786378686.665583) can0 38E#0C2B00F91A000100
(1786378686.675056) can0 38E#E32C00FF1A000100
(1786378686.685127) can0 38F#9E2EE35302000000
(1786378686.685508) can0 38E#792D00041B000100
(1786378686.695078) can0 38E#362E00091B000100
(1786378686.704974) can0 38F#C32FE35302000000
(1786378686.705258) can0 38E#0A2F000F1B000100
(1786378686.715164) can0 38E#712000141B000100
(1786378686.724924) can0 38F#9F20E35302000000
(1786378686.725417) can0 38E#842100191B000100
(1786378686.734971) can0 38E#0222001F1B000100
(1786378686.745030) can0 38F#C221E35302000000
(1786378686.745338) can0 38E#D32300251B000100
(1786378686.754907) can0 38E#2124002A1B000100
(1786378686.764973) can0 38F#2522E35302000000
(1786378686.765240) can0 38E#A325002F1B000100
(1786378686.774928) can0 38E#092600351B000100
(1786378686.785128) can0 38F#7823E35302000000
(1786378686.785478) can0 38E#4227003B1B000100
(1786378686.794980) can0 38E#B32800421B000100
(1786378686.804921) can0 38F#F624E35302000000
(1786378686.805228) can0 38E#312900471B000100
(1786378686.815081) can0 38E#CB2A004E1B000100
(1786378686.825033) can0 38F#9D25DB5302000000
(1786378686.825296) can0 38E#B12B00551B000100
(1786378686.835141) can0 38E#222C005C1B000100
(1786378686.845018) can0 38F#7A26DB5302000000
(1786378686.845307) can0 38E#2C2D00631B000100
(1786378686.855316) can0 38E#022E00681B000100
(1786378686.865634) can0 38F#2727DB5302000000
(1786378686.866046) can0 38E#3E2F006E1B000100
(1786378686.875078) can0 38E#452000751B000100
(1786378686.885032) can0 38F#7B28DB5302000000
(1786378686.885385) can0 38E#0E21007B1B000100
(1786378686.895036) can0 38E#672200821B000100
(1786378686.905115) can0 38F#2629DB5302000000
(1786378686.905538) can0 38E#992300881B000100
(1786378686.915460) can0 38E#C824008D1B000100
(1786378686.925073) can0 38F#C12ADB5302000000
(1786378686.925442) can0 38E#072500921B000100
(1786378686.935092) can0 38E#3F2600971B000100
(1786378686.944986) can0 38F#9C2BDB5302000000
(1786378686.945335) can0 38E#C127009D1B000100
(1786378686.955023) can0 38E#A42800A31B000100
(1786378686.964980) can0 38F#122CDB5302000000
(1786378686.965268) can0 38E#5A2900A91B000100
(1786378686.975008) can0 38E#B62A00AE1B000100
(1786378686.985109) can0 38F#4F2DDB5302000000
(1786378686.985523) can0 38E#A62B00B41B000100
(1786378686.995037) can0 38E#542C00BB1B000100
(1786378687.004935) can0 38F#A82EDB5302000000
(1786378687.005247) can0 38E#A42D00C21B000100
(1786378687.014994) can0 38E#342E00CA1B000100
(1786378687.025338) can0 38F#F52FDB5302000000
(1786378687.025693) can0 38E#242F00D01B000100
(1786378687.035098) can0 38E#A72000D51B000100
(1786378687.045259) can0 38F#A920DB5302000000
(1786378687.045586) can0 38E#2E2100D71B000100
(1786378687.054959) can0 38E#612200DA1B000100
(1786378687.065062) can0 38F#F421DB5302000000
(1786378687.065476) can0 38E#FE2300D61B000100
(1786378687.075363) can0 38E#CE2400D51B000100
(1786378687.085022) can0 38F#1322DB5302000000
(1786378687.085440) can0 38E#F92500D41B000100
(1786378687.095112) can0 38E#C12600D11B000100
(1786378687.105041) can0 38F#4E23DB5302000000
(1786378687.105522) can0 38E#0E2700CE1B000100
(1786378687.115033) can0 38E#142800D31B000100
(1786378687.125012) can0 38F#C024DB5302000000
(1786378687.125373) can0 38E#3E2900DB1B000100
(1786378687.135020) can0 38E#062A00DE1B000100
(1786378687.144997) can0 38F#9D25DB5302000000
(1786378687.145320) can0 38E#842B00DB1B000100
(1786378687.155018) can0 38E#A22C00D61B000100
(1786378687.165159) can0 38F#7A26DB5302000000
(1786378687.165628) can0 38E#2B2D00D41B000100
(1786378687.175151) can0 38E#EB2E00CF1B000100
(1786378687.185160) can0 38F#2727DB5302000000
(1786378687.185751) can0 38E#D72F00C91B000100
(1786378687.195081) can0 38E#F72000C61B000100
(1786378687.205095) can0 38F#7B28DB5302000000
(1786378687.205402) can0 38E#752100C31B000100
(1786378687.215405) can0 38E#462200C11B000100
(1786378687.225022) can0 38F#2629DB5302000000
(1786378687.225446) can0 38E#BD2300BF1B000100
(1786378687.235037) can0 38E#E72400BD1B000100
(1786378687.244933) can0 38F#C12ADB5302000000
(1786378687.245299) can0 38E#DB2500BB1B000100
(1786378687.255305) can0 38E#E82600B91B000100
(1786378687.265154) can0 38F#9C2BDB5302000000
(1786378687.265605) can0 38E#A32700B71B000100
(1786378687.275037) can0 38E#2B2800B51B000100
(1786378687.285143) can0 38F#122CDB5302000000
(1786378687.285500) can0 38E#1C2900B41B000100
(1786378687.295423) can0 38E#F02A00B31B000100
(1786378687.305408) can0 38F#4F2DDB5302000000
(1786378687.305756) can0 38E#C72B00B21B000100
(1786378687.315075) can0 38E#F72C00B11B000100
(1786378687.325011) can0 38F#A82EDB5302000000
(1786378687.325452) can0 38E#AA2D00B11B000100
(1786378687.335047) can0 38E#272E00B01B000100
(1786378687.345031) can0 38F#F52FDB5302000000
(1786378687.345323) can0 38E#E82F00AF1B000100
(1786378687.355108) can0 38E#DE2000AE1B000100
(1786378687.365120) can0 38F#A920DB5302000000
(1786378687.365467) can0 38E#832100AE1B000100
(1786378687.375032) can0 38E#DA2200AD1B000100
(1786378687.385083) can0 38F#F421DB5302000000
(1786378687.385497) can0 38E#872300AD1B000100
(1786378687.395083) can0 38E#092400AD1B000100
(1786378687.404963) can0 38F#1322DB5302000000
(1786378687.405305) can0 38E#542500AD1B000100
(1786378687.415034) can0 38E#D92600AC1B000100
(1786378687.425000) can0 38F#4E23DB5302000000
(1786378687.425314) can0 38E#842700AC1B000100
(1786378687.434955) can0 38E#D82800AC1B000100
(1786378687.444881) can0 38F#C024DB5302000000
(1786378687.445189) can0 38E#852900AC1B000100
(1786378687.455524) can0 38E#622A00AC1B000100
(1786378687.465211) can0 38F#9D25DB5302000000
(1786378687.465589) can0 38E#342B00AB1B000100
(1786378687.475268) can0 38E#D02C00AA1B000100
(1786378687.485020) can0 38F#7A26DB5302000000
(1786378687.485493) can0 38E#8D2D00AA1B000100
(1786378687.495030) can0 38E#D42E00A91B000100
(1786378687.505426) can0 38F#2727DB5302000000
(1786378687.505903) can0 38E#9F2F00A71B000100
(1786378687.515063) can0 38E#A92000A61B000100
(1786378687.525049) can0 38F#7B28DB5302000000
(1786378687.525427) can0 38E#2B2100A31B000100
(1786378687.535091) can0 38E#722200A01B000100
(1786378687.545018) can0 38F#2629DB5302000000
(1786378687.545386) can0 38E#A823009D1B000100
(1786378687.555057) can0 38E#2D24009A1B000100
(1786378687.564970) can0 38F#C12ADB5302000000
(1786378687.565427) can0 38E#D82500971B000100
(1786378687.575347) can0 38E#8A2600931B000100
(1786378687.585009) can0 38F#9C2BDB5302000000
(1786378687.585448) can0 38E#FB27008F1B000100
(1786378687.595062) can0 38E#1928008C1B000100
(1786378687.605053) can0 38F#122CDB5302000000
(1786378687.605394) can0 38E#F12900881B000100
(1786378687.615067) can0 38E#BE2A00851B000100
(1786378687.625042) can0 38F#4F2DDB5302000000
(1786378687.625400) can0 38E#562B00811B000100
(1786378687.635436) can0 38E#892C007D1B000100
(1786378687.645376) can0 38F#A82EDB5302000000
(1786378687.645827) can0 38E#612D00791B000100
(1786378687.655038) can0 38E#442E00751B000100
(1786378687.665117) can0 38F#F52FDB5302000000
(1786378687.665499) can0 38E#AC2F00711B000100
(1786378687.674968) can0 38E#B620006C1B000100
(1786378687.685272) can0 38F#A920DB5302000000
(1786378687.685586) can0 38E#222100671B000100
(1786378687.695079) can0 38E#702200631B000100
(1786378687.705001) can0 38F#F421DB5302000000
(1786378687.705315) can0 38E#AA23005E1B000100
(1786378687.715006) can0 38E#452400581B000100
(1786378687.725362) can0 38F#1322DB5302000000
(1786378687.725649) can0 38E#D12500531B000100
(1786378687.735379) can0 38E#CE26004D1B000100
(1786378687.745014) can0 38F#4E23DB5302000000
(1786378687.745359) can0 38E#302700471B000100
(1786378687.755003) can0 38E#672800401B000100
(1786378687.765053) can0 38F#C024DB5302000000
(1786378687.765406) can0 38E#972900391B000100
(1786378687.775315) can0 38E#B92A00321B000100
(1786378687.785139) can0 38F#AB25E35302000000
(1786378687.785583) can0 38E#7D2B002A1B000100
(1786378687.795011) can0 38E#842C00221B000100
(1786378687.804949) can0 38F#4C26E35302000000
(1786378687.805323) can0 38E#3F2D00191B000100
(1786378687.815014) can0 38E#C52E00101B000100
(1786378687.824967) can0 38F#1127E35302000000
(1786378687.825268) can0 38E#172F00061B000100
(1786378687.835130) can0 38E#E62000FC1A000100
(1786378687.845037) can0 38F#4D28E35302000000
(1786378687.845380) can0 38E#AD2100F21A000100
(1786378687.855365) can0 38E#7B2200E71A000100
(1786378687.865058) can0 38F#1029E35302000000
(1786378687.865444) can0 38E#AA2300DD1A000100
(1786378687.874924) can0 38E#582400D21A000100
(1786378687.885363) can0 38F#F72AE35302000000
(1786378687.885849) can0 38E#342500C71A000100
(1786378687.895028) can0 38E#C02600BD1A000100
(1786378687.905361) can0 38F#AA2BE35302000000
(1786378687.905738) can0 38E#8B2700B31A000100
(1786378687.915035) can0 38E#9A2800A91A000100
(1786378687.925029) can0 38F#242CE35302000000
(1786378687.925394) can0 38E#8929009F1A000100
(1786378687.935409) can0 38E#CD2A00951A000100
(1786378687.945105) can0 38F#792DE35302000000
(1786378687.945502) can0 38E#632B008C1A000100
(1786378687.955001) can0 38E#FB2C00821A000100
(1786378687.965001) can0 38F#9E2EE35302000000
(1786378687.965497) can0 38E#FC2D00791A000100
(1786378687.974996) can0 38E#062E00701A000100
(1786378687.985073) can0 38F#C32FE35302000000
(1786378687.985465) can0 38E#D42F00661A000100
(1786378687.995084) can0 38E#6E20005D1A000100
(1786378688.005038) can0 38F#9F20E35302000000
(1786378688.005424) can0 38E#2E2100541A000100
(1786378688.015113) can0 38E#5B22004B1A000100
(1786378688.025083) can0 38F#C221E35302000000
(1786378688.025449) can0 38E#1B2300421A000100
(1786378688.035060) can0 38E#EC2400391A000100
(1786378688.045028) can0 38F#2522E35302000000
(1786378688.045353) can0 38E#AC2500301A000100
(1786378688.055057) can0 38E#AE2600271A000100
(1786378688.065035) can0 38F#7823E35302000000
(1786378688.065422) can0 38E#C127001E1A000100
(1786378688.075041) can0 38E#EA2800161A000100
(1786378688.084968) can0 38F#F624E35302000000
(1786378688.085368) can0 38E#9029000D1A000100
(1786378688.095008) can0 38E#6A2A00041A000100
(1786378688.105035) can0 38F#AB25E35302000000
(1786378688.105469) can0 38E#692B00FC19000100
(1786378688.115098) can0 38E#9B2C00F319000100
(1786378688.125025) can0 38F#4C26E35302000000
(1786378688.125415) can0 38E#352D00EA19000100
(1786378688.135113) can0 38E#A52E00E219000100
(1786378688.145035) can0 38F#1127E35302000000
(1786378688.145416) can0 38E#1E2F00D919000100
(1786378688.155331) can0 38E#5F2000D019000100
(1786378688.165062) can0 38F#4D28E35302000000
(1786378688.165515) can0 38E#9B2100C819000100
(1786378688.175163) can0 38E#0B2200C019000100
(1786378688.185025) can0 38F#1029E35302000000
(1786378688.185365) can0 38E#ED2300B719000100
(1786378688.195073) can0 38E#682400B019000100
(1786378688.205369) can0 38F#F72AE35302000000
(1786378688.205730) can0 38E#AC2500A819000100
(1786378688.215095) can0 38E#562600A119000100
(1786378688.225201) can0 38F#AA2BE35302000000
(1786378688.225689) can0 38E#ED27009A19000100
(1786378688.235120) can0 38E#A728009419000100
(1786378688.244994) can0 38F#242CE35302000000
(1786378688.245316) can0 38E#0929008D19000100
(1786378688.255036) can0 38E#272A008619000100
(1786378688.265104) can0 38F#792DE35302000000
(1786378688.265540) can0 38E#1B2B008019000100
(1786378688.275042) can0 38E#1B2C007919000100
(1786378688.285121) can0 38F#9E2EE35302000000
(1786378688.285450) can0 38E#8F2D007219000100
(1786378688.295058) can0 38E#902E006C19000100
(1786378688.305020) can0 38F#C32FE35302000000
(1786378688.305300) can0 38E#D02F006519000100
(1786378688.315384) can0 38E#0020005F19000100
(1786378688.325101) can0 38F#9F20E35302000000
(1786378688.325586) can0 38E#5621005819000100
(1786378688.335237) can0 38E#AC22005119000100
(1786378688.345016) can0 38F#C221E35302000000
(1786378688.345405) can0 38E#BC23004B19000100
(1786378688.354977) can0 38E#4E24004419000100
(1786378688.365601) can0 38F#2522E35302000000
(1786378688.366003) can0 38E#BE25003D19000100
(1786378688.375090) can0 38E#FA26003719000100
(1786378688.385095) can0 38F#7823E35302000000
(1786378688.385529) can0 38E#AC27003019000100
(1786378688.395049) can0 38E#0328002919000100
(1786378688.405131) can0 38F#F624E35302000000
(1786378688.405484) can0 38E#9729002219000100
(1786378688.415100) can0 38E#422A001B19000100
(1786378688.424949) can0 38F#AB25E35302000000
(1786378688.425278) can0 38E#632B001419000100
(1786378688.435074) can0 38E#1E2C000D19000100
(1786378688.444973) can0 38F#4C26E35302000000
(1786378688.445369) can0 38E#8A2D000619000100
(1786378688.455088) can0 38E#7E2E00FF18000100
(1786378688.465063) can0 38F#1127E35302000000
(1786378688.465520) can0 38E#282F00F818000100
(1786378688.475019) can0 38E#032000F018000100
(1786378688.485057) can0 38F#4D28E35302000000
(1786378688.485480) can0 38E#AD2100E918000100
(1786378688.495024) can0 38E#832200E218000100
(1786378688.505366) can0 38F#1029E35302000000
(1786378688.505643) can0 38E#EC2300DB18000100
(1786378688.514996) can0 38E#1E2400D418000100
(1786378688.524917) can0 38F#F72AE35302000000
(1786378688.525298) can0 38E#B02500CD18000100
(1786378688.535117) can0 38E#202600C518000100
(1786378688.545399) can0 38F#AA2BE35302000000
(1786378688.545817) can0 38E#042700BE18000100
(1786378688.555053) can0 38E#452800B718000100
(1786378688.565060) can0 38F#242CE35302000000
(1786378688.565523) can0 38E#132900B018000100
(1786378688.575299) can0 38E#072A00A918000100
(1786378688.585178) can0 38F#792DE35302000000
(1786378688.585595) can0 38E#932B00A218000100
(1786378688.595022) can0 38E#2F2C009B18000100
(1786378688.604976) can0 38F#9E2EE35302000000
(1786378688.605418) can0 38E#052D009318000100
(1786378688.615030) can0 38E#702E008C18000100
(1786378688.624974) can0 38F#C32FE35302000000
(1786378688.625346) can0 38E#5A2F008418000100
(1786378688.635505) can0 38E#E220007C18000100
(1786378688.645017) can0 38F#9F20E35302000000
(1786378688.645466) can0 38E#C821007418000100
(1786378688.655042) can0 38E#BD22006B18000100
(1786378688.665034) can0 38F#C221E35302000000
(1786378688.665488) can0 38E#FD23006218000100
(1786378688.674968) can0 38E#9524005918000100
(1786378688.685194) can0 38F#2522E35302000000
(1786378688.685678) can0 38E#4725004F18000100
(1786378688.695076) can0 38E#0326004518000100
(1786378688.705386) can0 38F#7823E35302000000
(1786378688.705845) can0 38E#F827003B18000100
(1786378688.715406) can0 38E#6D28003018000100
(1786378688.724999) can0 38F#F624E35302000000
(1786378688.725410) can0 38E#BF29002618000100
(1786378688.735055) can0 38E#B52A001A18000100
(1786378688.745399) can0 38F#AB25E35302000000
(1786378688.745794) can0 38E#B32B000E18000100
(1786378688.754958) can0 38E#FF2C000218000100
(1786378688.765532) can0 38F#4C26E35302000000
(1786378688.765910) can0 38E#522D00F517000100
(1786378688.774982) can0 38E#8F2E00E717000100
(1786378688.785077) can0 38F#1127E35302000000
(1786378688.785548) can0 38E#812F00D817000100
(1786378688.795389) can0 38E#592000C917000100
(1786378688.805071) can0 38F#4D28E35302000000
(1786378688.805384) can0 38E#602100BB17000100
(1786378688.815070) can0 38E#622200AC17000100
(1786378688.825161) can0 38F#1029E35302000000
(1786378688.825577) can0 38E#7A23009D17000100
(1786378688.835064) can0 38E#1A24008D17000100
(1786378688.844976) can0 38F#F72AE35302000000
(1786378688.845345) can0 38E#6A25007E17000100
(1786378688.855126) can0 38E#6326006E17000100
(1786378688.865066) can0 38F#AA2BE35302000000
(1786378688.865511) can0 38E#2827006017000100
(1786378688.874962) can0 38E#E528005317000100
(1786378688.885063) can0 38F#242CE35302000000
(1786378688.885463) can0 38E#8929004617000100
(1786378688.895043) can0 38E#762A003B17000100
(1786378688.905038) can0 38F#792DE35302000000
(1786378688.905524) can0 38E#882B003117000100
(1786378688.915133) can0 38E#F52C002817000100
(1786378688.925150) can0 38F#9E2EE35302000000
(1786378688.925641) can0 38E#B52D002117000100
(1786378688.935411) can0 38E#D52E001C17000100
(1786378688.945016) can0 38F#C32FE35302000000
(1786378688.945387) can0 38E#572F001917000100
(1786378688.954969) can0 38E#C920001517000100
(1786378688.965025) can0 38F#9F20E35302000000
(1786378688.965479) can0 38E#2121001117000100
(1786378688.975040) can0 38E#5422000E17000100
(1786378688.985106) can0 38F#C221E35302000000
(1786378688.985491) can0 38E#D623000B17000100
(1786378688.994984) can0 38E#E624000817000100
(1786378689.005004) can0 38F#2522E35302000000
(1786378689.005328) can0 38E#1325000517000100
(1786378689.015359) can0 38E#FF26000217000100
(1786378689.024959) can0 38F#7823E35302000000
(1786378689.025267) can0 38E#6E2700FE16000100
(1786378689.035068) can0 38E#872800FA16000100
(1786378689.044942) can0 38F#F624E35302000000
(1786378689.045226) can0 38E#182900F616000100
(1786378689.055051) can0 38E#202A00F316000100
(1786378689.065500) can0 38F#AB25E35302000000
(1786378689.065944) can0 38E#512B00EF16000100
(1786378689.075348) can0 38E#612C00EC16000100
(1786378689.085027) can0 38F#4C26E35302000000
(1786378689.085418) can0 38E#892D00E816000100
(1786378689.094976) can0 38E#AC2E00E416000100
(1786378689.105007) can0 38F#1127E35302000000
(1786378689.105293) can0 38E#2E2F00E116000100
(1786378689.115323) can0 38E#9F2000DD16000100
(1786378689.124990) can0 38F#4D28E35302000000
(1786378689.125332) can0 38E#C92100DA16000100
(1786378689.135192) can0 38E#862200D716000100
(1786378689.145024) can0 38F#1029E35302000000
(1786378689.145364) can0 38E#6E2300D316000100
(1786378689.155040) can0 38E#CC2400CF16000100
(1786378689.164946) can0 38F#F72AE35302000000
(1786378689.165305) can0 38E#242500CB16000100
(1786378689.175284) can0 38E#7D2600C816000100
(1786378689.185076) can0 38F#AA2BE35302000000
(1786378689.185433) can0 38E#E22700C416000100
(1786378689.195375) can0 38E#0B2800C016000100
(1786378689.204972) can0 38F#242CE35302000000
(1786378689.205341) can0 38E#242900BC16000100
(1786378689.215016) can0 38E#762A00B816000100
(1786378689.225331) can0 38F#792DE35302000000
(1786378689.225613) can0 38E#832B00B516000100
(1786378689.235069) can0 38E#B82C00B116000100
(1786378689.244927) can0 38F#9E2EE35302000000
(1786378689.245228) can0 38E#C92D00AD16000100
(1786378689.254986) can0 38E#9B2E00A916000100
(1786378689.265017) can0 38F#C32FE35302000000
(1786378689.265319) can0 38E#042F00A516000100
(1786378689.274958) can0 38E#532000A216000100
(1786378689.285046) can0 38F#9F20E35302000000
(1786378689.285523) can0 38E#E321009E16000100
(1786378689.295385) can0 38E#B122009A16000100
(1786378689.305090) can0 38F#C221E35302000000
(1786378689.305468) can0 38E#9023009516000100
(1786378689.315119) can0 38E#AB24009116000100
(1786378689.325022) can0 38F#2522E35302000000
(1786378689.325410) can0 38E#DA25008D16000100
(1786378689.335087) can0 38E#3626008A16000100
(1786378689.345088) can0 38F#7823E35302000000
(1786378689.345457) can0 38E#A927008616000100
(1786378689.355328) can0 38E#FE28008116000100
(1786378689.365389) can0 38F#F624E35302000000
(1786378689.365821) can0 38E#F229007D16000100
(1786378689.374991) can0 38E#A02A007916000100
(1786378689.385125) can0 38F#AB25E35302000000
(1786378689.385555) can0 38E#812B007616000100
(1786378689.395116) can0 38E#BA2C007216000100
(1786378689.405419) can0 38F#4C26E35302000000
(1786378689.405879) can0 38E#752D006D16000100
(1786378689.415076) can0 38E#272E006916000100
(1786378689.425010) can0 38F#1127E35302000000
(1786378689.425388) can0 38E#062F006616000100
(1786378689.435392) can0 38E#EF20006216000100
(1786378689.445316) can0 38F#4D28E35302000000
(1786378689.445637) can0 38E#5F21005E16000100
(1786378689.455311) can0 38E#B322005916000100
(1786378689.465039) can0 38F#1029E35302000000
(1786378689.465522) can0 38E#2C23005516000100
(1786378689.474995) can0 38E#1724005116000100
(1786378689.484954) can0 38F#F72AE35302000000
(1786378689.485240) can0 38E#6625004D16000100
(1786378689.495409) can0 38E#3426004916000100
(1786378689.505317) can0 38F#AA2BE35302000000
(1786378689.505642) can0 38E#C127004416000100
(1786378689.515108) can0 38E#2828004016000100
(1786378689.525044) can0 38F#242CE35302000000
(1786378689.525405) can0 38E#0729003C16000100
(1786378689.535087) can0 38E#552A003816000100
(1786378689.545430) can0 38F#792DE35302000000
(1786378689.545806) can0 38E#C12B003316000100
(1786378689.555040) can0 38E#632C002F16000100
(1786378689.565135) can0 38F#9E2EE35302000000
(1786378689.565519) can0 38E#8B2D002B16000100
(1786378689.575388) can0 38E#AE2E002716000100
(1786378689.585087) can0 38F#C32FE35302000000
(1786378689.585500) can0 38E#462F002316000100
(1786378689.595023) can0 38E#9D20001E16000100
(1786378689.605393) can0 38F#9F20E35302000000
(1786378689.605724) can0 38E#7521001A16000100
(1786378689.615191) can0 38E#5022001616000100
(1786378689.625362) can0 38F#C221E35302000000
(1786378689.625746) can0 38E#B823001216000100
(1786378689.635083) can0 38E#1A24000E16000100
(1786378689.645032) can0 38F#2522E35302000000
(1786378689.645429) can0 38E#F225000A16000100
(1786378689.655428) can0 38E#D726000616000100
(1786378689.665109) can0 38F#7823E35302000000
(1786378689.665534) can0 38E#3F27000216000100
(1786378689.675072) can0 38E#882800FE15000100
(1786378689.685101) can0 38F#F624E35302000000
(1786378689.685586) can0 38E#602900FA15000100
(1786378689.695060) can0 38E#452A00F615000100
(1786378689.705123) can0 38F#AB25E35302000000
(1786378689.705523) can0 38E#AD2B00F215000100
(1786378689.715040) can0 38E#652C00EF15000100
(1786378689.725310) can0 38F#4C26E35302000000
(1786378689.725652) can0 38E#862D00EC15000100
(1786378689.735073) can0 38E#D42E00E815000100
(1786378689.745083) can0 38F#1127E35302000000
(1786378689.745440) can0 38E#4B2F00E415000100
(1786378689.755062) can0 38E#C82000E115000100
(1786378689.765033) can0 38F#4D28E35302000000
(1786378689.765536) can0 38E#782100DD15000100
(1786378689.775054) can0 38E#942200DA15000100
(1786378689.785084) can0 38F#1029E35302000000
(1786378689.785506) can0 38E#0B2300D615000100
(1786378689.795394) can0 38E#302400D215000100
(1786378689.805087) can0 38F#F72AE35302000000
(1786378689.805549) can0 38E#412500CE15000100
(1786378689.815090) can0 38E#792600CB15000100
(1786378689.825085) can0 38F#AA2BE35302000000
(1786378689.825421) can0 38E#E62700C715000100
(1786378689.835500) can0 38E#042800C415000100
(1786378689.845079) can0 38F#242CE35302000000
(1786378689.845432) can0 38E#EC2900C015000100
(1786378689.855023) can0 38E#792A00BC15000100
(1786378689.865169) can0 38F#792DE35302000000
(1786378689.865592) can0 38E#912B00B815000100
(1786378689.875380) can0 38E#DD2C00B415000100
(1786378689.885129) can0 38F#9E2EE35302000000
(1786378689.885523) can0 38E#5F2D00B115000100
(1786378689.895130) can0 38E#942E00AD15000100
(1786378689.905103) can0 38F#C32FE35302000000
(1786378689.905411) can0 38E#162F00A815000100
(1786378689.915201) can0 38E#882000A415000100
(1786378689.925353) can0 38F#9F20E35302000000
(1786378689.925690) can0 38E#0A2100A115000100
(1786378689.935459) can0 38E#0022009D15000100
(1786378689.945148) can0 38F#C221E35302000000
(1786378689.945452) can0 38E#8223009815000100
(1786378689.955005) can0 38E#CE24009415000100
(1786378689.965237) can0 38F#2522E35302000000
(1786378689.965653) can0 38E#B425008F15000100
(1786378689.975423) can0 38E#E626008B15000100
(1786378689.985191) can0 38F#7823E35302000000
(1786378689.985639) can0 38E#7927008715000100
(1786378689.995035) can0 38E#FA28008215000100
(1786378690.005368) can0 38F#F624E35302000000
(1786378690.005872) can0 38E#4829007D15000100
(1786378690.015082) can0 38E#1A2A007915000100
(1786378690.025102) can0 38F#AB25E35302000000
(1786378690.025523) can0 38E#EF2B007415000100
(1786378690.035426) can0 38E#462C006F15000100
(1786378690.045062) can0 38F#4C26E35302000000
(1786378690.045457) can0 38E#C42D006A15000100
(1786378690.055376) can0 38E#5F2E006515000100
(1786378690.065109) can0 38F#1127E35302000000
(1786378690.065583) can0 38E#DD2F006015000100
(1786378690.075029) can0 38E#0D20005A15000100
(1786378690.085374) can0 38F#4D28E35302000000
(1786378690.085740) can0 38E#2C21005515000100
(1786378690.095361) can0 38E#8622004F15000100
(1786378690.105164) can0 38F#1029E35302000000
(1786378690.105577) can0 38E#BA23004915000100
(1786378690.115104) can0 38E#9724004315000100
(1786378690.125134) can0 38F#F72AE35302000000
(1786378690.125493) can0 38E#6C25003D15000100
(1786378690.135144) can0 38E#2826003715000100
(1786378690.145046) can0 38F#AA2BE35302000000
(1786378690.145387) can0 38E#7E27003015000100
(1786378690.155041) can0 38E#D128002915000100
(1786378690.164945) can0 38F#242CE35302000000
(1786378690.165254) can0 38E#4529002215000100
(1786378690.174966) can0 38E#902A001B15000100
(1786378690.185088) can0 38F#792DE35302000000
(1786378690.185439) can0 38E#BA2B001315000100
(1786378690.195038) can0 38E#AD2C000B15000100
(1786378690.205005) can0 38F#9E2EE35302000000
(1786378690.205485) can0 38E#872D000315000100
(1786378690.215017) can0 38E#192E00FB14000100
(1786378690.225356) can0 38F#C32FE35302000000
(1786378690.225647) can0 38E#592F00F214000100
(1786378690.235119) can0 38E#222000E914000100
(1786378690.245032) can0 38F#9F20E35302000000
(1786378690.245386) can0 38E#622100E014000100
(1786378690.255100) can0 38E#CB2200D614000100
(1786378690.265119) can0 38F#C221E35302000000
(1786378690.265499) can0 38E#DB2300CC14000100
(1786378690.274994) can0 38E#FD2400C114000100
(1786378690.285009) can0 38F#2522E35302000000
(1786378690.285380) can0 38E#1B2500B614000100
(1786378690.295363) can0 38E#BA2600AB14000100
(1786378690.305400) can0 38F#7823E35302000000
(1786378690.305690) can0 38E#7D27009F14000100
(1786378690.315094) can0 38E#E328009314000100
(1786378690.324957) can0 38F#F624E35302000000
(1786378690.325303) can0 38E#8F29008614000100
(1786378690.335080) can0 38E#872A007914000100
(1786378690.345044) can0 38F#AB25E35302000000
(1786378690.345512) can0 38E#8A2B006A14000100
(1786378690.355413) can0 38E#4A2C005C14000100
(1786378690.365103) can0 38F#4C26E35302000000
(1786378690.365512) can0 38E#F92D004C14000100
(1786378690.374978) can0 38E#AE2E003C14000100
(1786378690.385011) can0 38F#1127E35302000000
(1786378690.385300) can0 38E#1D2F002C14000100
(1786378690.395058) can0 38E#6E20001C14000100
(1786378690.405344) can0 38F#4D28E35302000000
(1786378690.405648) can0 38E#D621000B14000100
(1786378690.415098) can0 38E#3C2200FA13000100
(1786378690.424998) can0 38F#1029E35302000000
(1786378690.425301) can0 38E#8F2300EA13000100
(1786378690.435118) can0 38E#2E2400DA13000100
(1786378690.445012) can0 38F#F72AE35302000000
(1786378690.445392) can0 38E#9D2500CA13000100
(1786378690.455112) can0 38E#A02600BB13000100
(1786378690.465421) can0 38F#AA2BE35302000000
(1786378690.465835) can0 38E#132700AB13000100
(1786378690.474963) can0 38E#6028009B13000100
(1786378690.485021) can0 38F#242CE35302000000
(1786378690.485337) can0 38E#D329008B13000100
(1786378690.495077) can0 38E#AC2A007C13000100
(1786378690.505036) can0 38F#792DE35302000000
(1786378690.505446) can0 38E#752B006D13000100
(1786378690.515434) can0 38E#6A2C005E13000100
(1786378690.525029) can0 38F#9E2EE35302000000
(1786378690.525393) can0 38E#B32D004F13000100
(1786378690.535112) can0 38E#282E004013000100
(1786378690.545088) can0 38F#C32FE35302000000
(1786378690.545435) can0 38E#112F003213000100
(1786378690.554989) can0 38E#1620002613000100
(1786378690.565087) can0 38F#9F20E35302000000
(1786378690.565483) can0 38E#A621001A13000100
(1786378690.574976) can0 38E#E222001013000100
(1786378690.585147) can0 38F#C221E35302000000
(1786378690.585561) can0 38E#8E23000513000100
(1786378690.595032) can0 38E#182400FB12000100
(1786378690.605015) can0 38F#2522E35302000000
(1786378690.605520) can0 38E#E62500F112000100
(1786378690.615097) can0 38E#8E2600E712000100
(1786378690.625071) can0 38F#7823E35302000000
(1786378690.625407) can0 38E#352700DC12000100
(1786378690.635161) can0 38E#7F2800D212000100
(1786378690.645121) can0 38F#F624E35302000000
(1786378690.645483) can0 38E#052900C912000100
(1786378690.655393) can0 38E#592A00BE12000100
(1786378690.665017) can0 38F#AB25E35302000000
(1786378690.665510) can0 38E#A72B00B412000100
(1786378690.674869) can0 38E#D12C00AA12000100
(1786378690.685056) can0 38F#4C26E35302000000
(1786378690.685413) can0 38E#452D00A112000100
(1786378690.695205) can0 38E#EC2E009712000100
(1786378690.705096) can0 38F#1127E35302000000
(1786378690.705491) can0 38E#FC2F008D12000100
(1786378690.715104) can0 38E#D720008512000100
(1786378690.725031) can0 38F#4D28E35302000000
(1786378690.725325) can0 38E#6E21007D12000100
(1786378690.735369) can0 38E#FE22007512000100
(1786378690.745137) can0 38F#1029E35302000000
(1786378690.745531) can0 38E#EE23006F12000100
(1786378690.754986) can0 38E#0124006912000100
(1786378690.765037) can0 38F#F72AE35302000000
(1786378690.765467) can0 38E#FF25006312000100
(1786378690.775001) can0 38E#9F26005E12000100
(1786378690.785172) can0 38F#AA2BE35302000000
(1786378690.785658) can0 38E#C927005912000100
(1786378690.795171) can0 38E#5728005512000100
(1786378690.805089) can0 38F#242CE35302000000
(1786378690.805441) can0 38E#D529005012000100
(1786378690.815021) can0 38E#1E2A004C12000100
(1786378690.825036) can0 38F#792DE35302000000
(1786378690.825414) can0 38E#9C2B004912000100
(1786378690.835431) can0 38E#D02C004512000100
(1786378690.845016) can0 38F#9E2EE35302000000
(1786378690.845534) can0 38E#382D004112000100
(1786378690.855319) can0 38E#C72E003C12000100
(1786378690.865399) can0 38F#C32FE35302000000
(1786378690.865838) can0 38E#2F2F003812000100
(1786378690.874960) can0 38E#B120003412000100
(1786378690.885049) can0 38F#9F20E35302000000
(1786378690.885426) can0 38E#5921003012000100
(1786378690.895430) can0 38E#9922002B12000100
(1786378690.905096) can0 38F#C221E35302000000
(1786378690.905506) can0 38E#6C23002612000100
(1786378690.915373) can0 38E#5724002212000100
(1786378690.924989) can0 38F#2522E35302000000
(1786378690.925315) can0 38E#5925001D12000100
(1786378690.935068) can0 38E#6126001812000100
(1786378690.945455) can0 38F#7823E35302000000
(1786378690.945802) can0 38E#FE27001412000100
(1786378690.955007) can0 38E#7D28001112000100
(1786378690.965134) can0 38F#F624E35302000000
(1786378690.965630) can0 38E#0C29000D12000100
(1786378690.975083) can0 38E#E02A000A12000100
(1786378690.985055) can0 38F#AB25E35302000000
(1786378690.985383) can0 38E#152B000712000100
(1786378690.995027) can0 38E#2E2C000312000100
(1786378691.004968) can0 38F#4C26E35302000000
(1786378691.005337) can0 38E#CD2D000012000100
(1786378691.015071) can0 38E#AB2E00FD11000100
(1786378691.025013) can0 38F#1127E35302000000
(1786378691.025337) can0 38E#432F00F911000100
(1786378691.035042) can0 38E#632000F611000100
(1786378691.044999) can0 38F#4D28E35302000000
(1786378691.045381) can0 38E#E12100F311000100
(1786378691.055023) can0 38E#2A2200EF11000100
(1786378691.065077) can0 38F#1029E35302000000
(1786378691.065493) can0 38E#C92300EC11000100
(1786378691.074976) can0 38E#8E2400E711000100
(1786378691.085016) can0 38F#F72AE35302000000
(1786378691.085340) can0 38E#662500E311000100
(1786378691.094958) can0 38E#6C2600DF11000100
(1786378691.104967) can0 38F#AA2BE35302000000
(1786378691.105266) can0 38E#EE2700DA11000100
(1786378691.115047) can0 38E#CE2800D511000100
(1786378691.125066) can0 38F#242CE35302000000
(1786378691.125452) can0 38E#DE2900CF11000100
(1786378691.135066) can0 38E#E62A00CA11000100
(1786378691.145078) can0 38F#792DE35302000000
(1786378691.145414) can0 38E#AD2B00C411000100
(1786378691.155071) can0 38E#8E2C00BD11000100
(1786378691.165387) can0 38F#9E2EE35302000000
(1786378691.165811) can0 38E#702D00B711000100
(1786378691.175049) can0 38E#9C2E00B011000100
(1786378691.185027) can0 38F#C32FE35302000000
(1786378691.185322) can0 38E#322F00A911000100
(1786378691.195022) can0 38E#A72000A211000100
(1786378691.204932) can0 38F#9F20E35302000000
(1786378691.205240) can0 38E#C321009C11000100
(1786378691.215028) can0 38E#8722009611000100
(1786378691.224936) can0 38F#C221E35302000000
(1786378691.225195) can0 38E#D123009111000100
(1786378691.235013) can0 38E#1924008C11000100
(1786378691.244973) can0 38F#2522E35302000000
(1786378691.245347) can0 38E#8D25008711000100
(1786378691.255054) can0 38E#B526008211000100
(1786378691.265112) can0 38F#7823E35302000000
(1786378691.265487) can0 38E#F527007E11000000
(1786378691.274940) can0 38E#7628007B11000000
(1786378691.284997) can0 38F#F624E35302000000
(1786378691.285401) can0 38E#9529007811000000
(1786378691.295112) can0 38E#642A007611000000
(1786378691.304987) can0 38F#AB25E35302000000
(1786378691.305264) can0 38E#ED2B007411000000
(1786378691.315057) can0 38E#022C007211000000
(1786378691.325264) can0 38F#4C26E35302000000
(1786378691.325749) can0 38E#E12D007111000000
(1786378691.335063) can0 38E#FE2E006F11000000
(1786378691.345120) can0 38F#5727E25302000000
(1786378691.345466) can0 38E#772F006D11000000
(1786378691.355008) can0 38E#4A20006B11000000
(1786378691.364984) can0 38F#0B28E25302000000
(1786378691.365408) can0 38E#C321006911000000
(1786378691.375371) can0 38E#3222006711000000
(1786378691.385057) can0 38F#5629E25302000000
(1786378691.385454) can0 38E#BB23006511000000
(1786378691.395002) can0 38E#5424006311000000
(1786378691.405091) can0 38F#B12AE25302000000
(1786378691.405505) can0 38E#DD25006111000000
(1786378691.415135) can0 38E#0326005F11000000
(1786378691.425082) can0 38F#EC2BE25302000000
(1786378691.425437) can0 38E#8A27005D11000000
(1786378691.435184) can0 38E#B728005B11000000
(1786378691.445037) can0 38F#622CE25302000000
(1786378691.445463) can0 38E#3E29005911000000
(1786378691.455041) can0 38E#CF2A005711000000
(1786378691.465088) can0 38F#3F2DE25302000000
(1786378691.465503) can0 38E#922B005711000000
(1786378691.475233) can0 38E#1C2C005711000000
(1786378691.485044) can0 38F#D82EE25302000000
(1786378691.485413) can0 38E#412D005711000000
(1786378691.495047) can0 38E#A62E005711000000
(1786378691.505102) can0 38F#852FE25302000000
(1786378691.505460) can0 38E#FB2F005711000000
(1786378691.515130) can0 38E#A720005711000000
(1786378691.524936) can0 38F#D920E25302000000
(1786378691.525277) can0 38E#1F21004011000000
(1786378691.535049) can0 38E#F822004011000000
(1786378691.545110) can0 38F#8421E25302000000
(1786378691.545433) can0 38E#A523004011000000
(1786378691.555130) can0 38E#2B24004011000000
(1786378691.565165) can0 38F#6322E25302000000
(1786378691.565656) can0 38E#7625004011000000
(1786378691.575023) can0 38E#9126004011000000
(1786378691.585099) can0 38F#3E23E25302000000
(1786378691.585497) can0 38E#CC27004011000000
(1786378691.595090) can0 38E#9028004011000000
(1786378691.604991) can0 38F#B024E25302000000
(1786378691.605310) can0 38E#CD29004011000000
(1786378691.615049) can0 38E#2A2A004011000000
(1786378691.625029) can0 38F#ED25E25302000000
(1786378691.625409) can0 38E#772B004011000000
(1786378691.635072) can0 38E#F92C004011000000
(1786378691.644999) can0 38F#0A26E25302000000
(1786378691.645450) can0 38E#A42D004011000000
(1786378691.655002) can0 38E#432E004011000000
(1786378691.665014) can0 38F#5727E25302000000
(1786378691.665474) can0 38E#1E2F004011000000
(1786378691.674871) can0 38E#4220004011000000
(1786378691.684937) can0 38F#0B28E25302000000
(1786378691.685294) can0 38E#1F21004011000000
(1786378691.695046) can0 38E#F822004011000000
(1786378691.704942) can0 38F#5629E25302000000
(1786378691.705290) can0 38E#A523004011000000
(1786378691.715023) can0 38E#2B24004011000000
(1786378691.724930) can0 38F#B12AE25302000000
(1786378691.725340) can0 38E#7625004011000000
(1786378691.734996) can0 38E#9126004011000000
(1786378691.744895) can0 38F#EC2BE25302000000
(1786378691.745218) can0 38E#CC27004011000000
(1786378691.754914) can0 38E#9028004011000000
(1786378691.764910) can0 38F#622CE25302000000
(1786378691.765215) can0 38E#CD29004011000000
(1786378691.774859) can0 38E#2A2A004011000000
(1786378691.785018) can0 38F#3F2DE25302000000
(1786378691.785338) can0 38E#772B004011000000
(1786378691.795043) can0 38E#F92C004011000000
(1786378691.805017) can0 38F#D82EE25302000000
(1786378691.805514) can0 38E#A42D004011000000
(1786378691.815117) can0 38E#432E004011000000
(1786378691.825094) can0 38F#852FE25302000000
(1786378691.825547) can0 38E#1E2F004011000000
(1786378691.835012) can0 38E#4220004011000000
(1786378691.844892) can0 38F#D920E25302000000
(1786378691.845275) can0 38E#1F21004011000000
(1786378691.854961) can0 38E#F822004011000000
(1786378691.864957) can0 38F#8421E25302000000
(1786378691.865308) can0 38E#A523004011000000
(1786378691.874883) can0 38E#2B24004011000000
(1786378691.884916) can0 38F#6322E25302000000
(1786378691.885258) can0 38E#7625004011000000
(1786378691.894918) can0 38E#9126004011000000
(1786378691.904905) can0 38F#3E23E25302000000
(1786378691.905309) can0 38E#CC27004011000000
(1786378691.914929) can0 38E#9028004011000000
(1786378691.925074) can0 38F#B024E25302000000
(1786378691.925612) can0 38E#CD29004011000000
(1786378691.935093) can0 38E#2A2A004011000000
(1786378691.944927) can0 38F#ED25E25302000000
(1786378691.945268) can0 38E#772B004011000000
(1786378691.954852) can0 38E#F92C004011000000
(1786378691.964839) can0 38F#0A26E25302000000
(1786378691.965142) can0 38E#A42D004011000000
(1786378691.974891) can0 38E#432E004011000000
(1786378691.984995) can0 38F#5727E25302000000
(1786378691.985362) can0 38E#1E2F004011000000
(1786378691.994975) can0 38E#4220004011000000
(1786378692.004898) can0 38F#0B28E25302000000
(1786378692.005290) can0 38E#1F21004011000000
(1786378692.014935) can0 38E#F822004011000000
(1786378692.024859) can0 38F#5629E25302000000
(1786378692.025224) can0 38E#A523004011000000
(1786378692.034921) can0 38E#2B24004011000000
(1786378692.044847) can0 38F#B12AE25302000000
(1786378692.045146) can0 38E#7625004011000000
(1786378692.054925) can0 38E#9126004011000000
(1786378692.065118) can0 38F#EC2BE25302000000
(1786378692.065533) can0 38E#CC27004011000000
(1786378692.074926) can0 38E#9028004011000000
(1786378692.084951) can0 38F#622CE25302000000
(1786378692.085361) can0 38E#CD29004011000000
(1786378692.095102) can0 38E#2A2A004011000000
(1786378692.104947) can0 38F#3F2DE25302000000
(1786378692.105382) can0 38E#772B004011000000
(1786378692.115007) can0 38E#F92C004011000000
(1786378692.124941) can0 38F#D82EE25302000000
(1786378692.125286) can0 38E#A42D004011000000
(1786378692.134949) can0 38E#432E004011000000
(1786378692.144939) can0 38F#852FE25302000000
(1786378692.145275) can0 38E#1E2F004011000000
(1786378692.154940) can0 38E#4220004011000000
(1786378692.164888) can0 38F#D920E25302000000
(1786378692.165341) can0 38E#1F21004011000000
(1786378692.174847) can0 38E#F822004011000000
(1786378692.184958) can0 38F#8421E25302000000
(1786378692.185298) can0 38E#A523004011000000
(1786378692.194966) can0 38E#2B24004011000000
(1786378692.205057) can0 38F#6322E25302000000
(1786378692.205432) can0 38E#7625004011000000
(1786378692.214936) can0 38E#9126004011000000
(1786378692.224915) can0 38F#3E23E25302000000
(1786378692.225233) can0 38E#CC27004011000000
(1786378692.235034) can0 38E#9028004011000000
(1786378692.244923) can0 38F#B024E25302000000
(1786378692.245198) can0 38E#CD29004011000000
(1786378692.254893) can0 38E#2A2A004011000000
(1786378692.264976) can0 38F#ED25E25302000000
(1786378692.265353) can0 38E#772B004011000000
(1786378692.274902) can0 38E#F92C004011000000
(1786378692.284912) can0 38F#0A26E25302000000
(1786378692.285294) can0 38E#A42D004011000000
(1786378692.294965) can0 38E#432E004011000000
(1786378692.304903) can0 38F#5727E25302000000
(1786378692.305159) can0 38E#1E2F004011000000
(1786378692.314907) can0 38E#4220004011000000
(1786378692.324863) can0 38F#0B28E25302000000
(1786378692.325187) can0 38E#1F21004011000000
(1786378692.334948) can0 38E#F822004011000000
(1786378692.344910) can0 38F#5629E25302000000
(1786378692.345250) can0 38E#A523004011000000
(1786378692.354913) can0 38E#2B24004011000000
(1786378692.364922) can0 38F#B12AE25302000000
(1786378692.365416) can0 38E#7625004011000000
(1786378692.374981) can0 38E#9126004011000000
(1786378692.384988) can0 38F#EC2BE25302000000
(1786378692.385426) can0 38E#CC27004011000000
(1786378692.394962) can0 38E#9028004011000000
(1786378692.404965) can0 38F#622CE25302000000
(1786378692.405329) can0 38E#CD29004011000000
(1786378692.414985) can0 38E#2A2A004011000000
(1786378692.424988) can0 38F#3F2DE25302000000
(1786378692.425474) can0 38E#772B004011000000
(1786378692.434979) can0 38E#F92C004011000000
(1786378692.444931) can0 38F#D82EE25302000000
(1786378692.445292) can0 38E#A42D004011000000
(1786378692.454989) can0 38E#432E004011000000
(1786378692.464978) can0 38F#852FE25302000000
(1786378692.465358) can0 38E#1E2F004011000000
(1786378692.474942) can0 38E#4220004011000000
(1786378692.484869) can0 38F#D920E25302000000
(1786378692.485231) can0 38E#1F21004011000000
(1786378692.494969) can0 38E#F822004011000000
(1786378692.504996) can0 38F#8421E25302000000
(1786378692.505357) can0 38E#A523004011000000
(1786378692.514922) can0 38E#2B24004011000000
(1786378692.524868) can0 38F#6322E25302000000
(1786378692.525221) can0 38E#7625004011000000
(1786378692.534958) can0 38E#9126004011000000
(1786378692.544914) can0 38F#3E23E25302000000
(1786378692.545247) can0 38E#CC27004011000000
(1786378692.554982) can0 38E#9028004011000000
(1786378692.565053) can0 38F#B024E25302000000
(1786378692.565527) can0 38E#CD29004011000000
(1786378692.574924) can0 38E#2A2A004011000000
(1786378692.584980) can0 38F#ED25E25302000000
(1786378692.585308) can0 38E#772B004011000000
(1786378692.594961) can0 38E#F92C004011000000
(1786378692.604878) can0 38F#0A26E25302000000
(1786378692.605276) can0 38E#A42D004011000000
(1786378692.615115) can0 38E#432E004011000000
(1786378692.624889) can0 38F#5727E25302000000
(1786378692.625178) can0 38E#1E2F004011000000
(1786378692.635019) can0 38E#4220004011000000
(1786378692.644940) can0 38F#0B28E25302000000
(1786378692.645277) can0 38E#1F21004011000000
(1786378692.654880) can0 38E#F822004011000000
(1786378692.665086) can0 38F#5629E25302000000
(1786378692.665566) can0 38E#A523004011000000
(1786378692.674891) can0 38E#2B24004011000000
(1786378692.684901) can0 38F#B12AE25302000000
(1786378692.685294) can0 38E#7625004011000000
(1786378692.694952) can0 38E#9126004011000000
(1786378692.704916) can0 38F#EC2BE25302000000
(1786378692.705278) can0 38E#CC27004011000000
(1786378692.715094) can0 38E#9028004011000000
(1786378692.724913) can0 38F#622CE25302000000
(1786378692.725296) can0 38E#CD29004011000000
(1786378692.735012) can0 38E#2A2A004011000000
(1786378692.744924) can0 38F#3F2DE25302000000
(1786378692.745368) can0 38E#772B004011000000
(1786378692.754996) can0 38E#F92C004011000000
(1786378692.764917) can0 38F#D82EE25302000000
(1786378692.765202) can0 38E#A42D004011000000
(1786378692.774850) can0 38E#432E004011000000
(1786378692.784863) can0 38F#852FE25302000000
(1786378692.785108) can0 38E#1E2F004011000000
(1786378692.794915) can0 38E#4220004011000000
(1786378692.804979) can0 38F#D920E25302000000
(1786378692.805246) can0 38E#1F21004011000000
(1786378692.814857) can0 38E#F822004011000000
(1786378692.824838) can0 38F#8421E25302000000
(1786378692.825070) can0 38E#A523004011000000
(1786378692.834907) can0 38E#2B24004011000000
(1786378692.844861) can0 38F#6322E25302000000
(1786378692.845108) can0 38E#7625004011000000
(1786378692.854862) can0 38E#9126004011000000
(1786378692.864845) can0 38F#3E23E25302000000
(1786378692.865062) can0 38E#CC27004011000000
(1786378692.874859) can0 38E#9028004011000000
(1786378692.884871) can0 38F#B024E25302000000
(1786378692.885138) can0 38E#CD29004011000000
(1786378692.894936) can0 38E#2A2A004011000000
(1786378692.904850) can0 38F#ED25E25302000000
(1786378692.905085) can0 38E#772B004011000000
(1786378692.914923) can0 38E#F92C004011000000
(1786378692.924829) can0 38F#0A26E25302000000
(1786378692.925097) can0 38E#A42D004011000000
(1786378692.934911) can0 38E#432E004011000000
(1786378692.944853) can0 38F#5727E25302000000
(1786378692.945112) can0 38E#1E2F004011000000
(1786378692.954877) can0 38E#4220004011000000
(1786378692.964845) can0 38F#0B28E25302000000
(1786378692.965097) can0 38E#1F21004011000000
(1786378692.974872) can0 38E#F822004011000000
(1786378692.984851) can0 38F#5629E25302000000
(1786378692.985079) can0 38E#A523004011000000
(1786378692.994885) can0 38E#2B24004011000000
(1786378693.004905) can0 38F#B12AE25302000000
(1786378693.005191) can0 38E#7625004011000000
(1786378693.014851) can0 38E#9126004011000000
(1786378693.024865) can0 38F#EC2BE25302000000
(1786378693.025166) can0 38E#CC27004011000000
(1786378693.034876) can0 38E#9028004011000000
(1786378693.044997) can0 38F#622CE25302000000
(1786378693.045317) can0 38E#CD29004011000000
(1786378693.054913) can0 38E#2A2A004011000000
(1786378693.064846) can0 38F#3F2DE25302000000
(1786378693.065055) can0 38E#772B004011000000
(1786378693.074840) can0 38E#F92C004011000000
(1786378693.084817) can0 38F#D82EE25302000000
(1786378693.085063) can0 38E#A42D004011000000
(1786378693.094898) can0 38E#432E004011000000
(1786378693.104845) can0 38F#852FE25302000000
(1786378693.105112) can0 38E#1E2F004011000000
(1786378693.114835) can0 38E#4220004011000000
(1786378693.124980) can0 38F#D920E25302000000
(1786378693.125261) can0 38E#1F21004011000000
(1786378693.134892) can0 38E#F822004011000000
(1786378693.144960) can0 38F#8421E25302000000
(1786378693.145283) can0 38E#A523004011000000
(1786378693.154906) can0 38E#2B24004011000000
(1786378693.164840) can0 38F#6322E25302000000
(1786378693.165144) can0 38E#7625004011000000
(1786378693.174921) can0 38E#9126004011000000
(1786378693.184934) can0 38F#3E23E25302000000
(1786378693.185261) can0 38E#CC27004011000000
(1786378693.194884) can0 38E#9028004011000000
(1786378693.204891) can0 38F#B024E25302000000
(1786378693.205209) can0 38E#CD29004011000000
(1786378693.214910) can0 38E#2A2A004011000000
(1786378693.224914) can0 38F#ED25E25302000000
(1786378693.225235) can0 38E#772B004011000000
(1786378693.234989) can0 38E#F92C004011000000
(1786378693.244946) can0 38F#0A26E25302000000
(1786378693.245253) can0 38E#A42D004011000000
(1786378693.254931) can0 38E#432E004011000000
(1786378693.264906) can0 38F#5727E25302000000
(1786378693.265186) can0 38E#1E2F004011000000
(1786378693.274944) can0 38E#4220004011000000
(1786378693.284851) can0 38F#0B28E25302000000
(1786378693.285177) can0 38E#1F21004011000000
(1786378693.294879) can0 38E#F822004011000000
(1786378693.304909) can0 38F#5629E25302000000
(1786378693.305125) can0 38E#A523004011000000
(1786378693.314938) can0 38E#2B24004011000000
(1786378693.324862) can0 38F#B12AE25302000000
(1786378693.325120) can0 38E#7625004011000000
(1786378693.334906) can0 38E#9126004011000000
(1786378693.344879) can0 38F#EC2BE25302000000
(1786378693.345105) can0 38E#CC27004011000000
(1786378693.354881) can0 38E#9028004011000000
(1786378693.364901) can0 38F#622CE25302000000
(1786378693.365290) can0 38E#CD29004011000000
(1786378693.374871) can0 38E#2A2A004011000000
(1786378693.384917) can0 38F#3F2DE25302000000
(1786378693.385175) can0 38E#772B004011000000
(1786378693.394918) can0 38E#F92C004011000000
(1786378693.404861) can0 38F#D82EE25302000000
(1786378693.405147) can0 38E#A42D004011000000
(1786378693.414890) can0 38E#432E004011000000
(1786378693.424847) can0 38F#852FE25302000000
(1786378693.425074) can0 38E#1E2F004011000000
(1786378693.434931) can0 38E#4220004011000000
(1786378693.444883) can0 38F#D920E25302000000
(1786378693.445232) can0 38E#1F21004011000000
(1786378693.454934) can0 38E#F822004011000000
(1786378693.465145) can0 38F#8421E25302000000
(1786378693.465655) can0 38E#A523004011000000
(1786378693.475007) can0 38E#2B24004011000000
(1786378693.484951) can0 38F#6322E25302000000
(1786378693.485384) can0 38E#7625004011000000
(1786378693.494976) can0 38E#9126004011000000
(1786378693.504932) can0 38F#3E23E25302000000
(1786378693.505371) can0 38E#CC27004011000000
(1786378693.515040) can0 38E#9028004011000000
(1786378693.524993) can0 38F#B024E25302000000
(1786378693.525349) can0 38E#CD29004011000000
(1786378693.534998) can0 38E#2A2A004011000000
(1786378693.544937) can0 38F#ED25E25302000000
(1786378693.545322) can0 38E#772B004011000000
(1786378693.554894) can0 38E#F92C004011000000
(1786378693.564921) can0 38F#0A26E25302000000
(1786378693.565241) can0 38E#A42D004011000000
(1786378693.574962) can0 38E#432E004011000000
(1786378693.585016) can0 38F#5727E25302000000
(1786378693.585328) can0 38E#1E2F004011000000
(1786378693.594941) can0 38E#4220004011000000
(1786378693.604917) can0 38F#0B28E25302000000
(1786378693.605326) can0 38E#1F21004011000000
(1786378693.614952) can0 38E#F822004011000000
(1786378693.624916) can0 38F#5629E25302000000
(1786378693.625232) can0 38E#A523004011000000
(1786378693.634969) can0 38E#2B24004011000000
(1786378693.644931) can0 38F#B12AE25302000000
(1786378693.645253) can0 38E#7625004011000000
(1786378693.654921) can0 38E#9126004011000000
(1786378693.664978) can0 38F#EC2BE25302000000
(1786378693.665338) can0 38E#CC27004011000000
(1786378693.674958) can0 38E#9028004011000000
(1786378693.684880) can0 38F#622CE25302000000
(1786378693.685207) can0 38E#CD29004011000000
(1786378693.694958) can0 38E#2A2A004011000000
(1786378693.704996) can0 38F#3F2DE25302000000
(1786378693.705299) can0 38E#772B004011000000
(1786378693.715125) can0 38E#F92C004011000000
(1786378693.724895) can0 38F#D82EE25302000000
(1786378693.725215) can0 38E#A42D004011000000
(1786378693.734979) can0 38E#432E004011000000
(1786378693.745087) can0 38F#852FE25302000000
(1786378693.745488) can0 38E#1E2F004011000000
(1786378693.754955) can0 38E#4220004011000000
(1786378693.764909) can0 38F#D920E25302000000
(1786378693.765312) can0 38E#1F21004011000000
(1786378693.774965) can0 38E#F822004011000000
(1786378693.784988) can0 38F#8421E25302000000
(1786378693.785367) can0 38E#A523004011000000
(1786378693.794967) can0 38E#2B24004011000000
(1786378693.805021) can0 38F#6322E25302000000
(1786378693.805372) can0 38E#7625004011000000
(1786378693.815027) can0 38E#9126004011000000
(1786378693.824967) can0 38F#3E23E25302000000
(1786378693.825340) can0 38E#CC27004011000000
(1786378693.834983) can0 38E#9028004011000000
(1786378693.844967) can0 38F#B024E25302000000
(1786378693.845253) can0 38E#CD29004011000000
(1786378693.854999) can0 38E#2A2A004011000000
(1786378693.865003) can0 38F#ED25E25302000000
(1786378693.865434) can0 38E#772B004011000000
(1786378693.874920) can0 38E#F92C004011000000
(1786378693.884869) can0 38F#0A26E25302000000
(1786378693.885223) can0 38E#A42D004011000000
(1786378693.894991) can0 38E#432E004011000000
(1786378693.904974) can0 38F#5727E25302000000
(1786378693.905354) can0 38E#1E2F004011000000
(1786378693.914987) can0 38E#4220004011000000
(1786378693.925000) can0 38F#0B28E25302000000
(1786378693.925348) can0 38E#1F21004011000000
(1786378693.935028) can0 38E#F822004011000000
(1786378693.944935) can0 38F#5629E25302000000
(1786378693.945283) can0 38E#A523004011000000
(1786378693.954950) can0 38E#2B24004011000000
(1786378693.964913) can0 38F#B12AE25302000000
(1786378693.965335) can0 38E#7625004011000000
(1786378693.974947) can0 38E#9126004011000000
(1786378693.985002) can0 38F#EC2BE25302000000
(1786378693.985405) can0 38E#CC27004011000000
(1786378693.994929) can0 38E#9028004011000000
(1786378694.005009) can0 38F#622CE25302000000
(1786378694.005409) can0 38E#CD29004011000000
(1786378694.015019) can0 38E#2A2A004011000000
(1786378694.025012) can0 38F#3F2DE25302000000
(1786378694.025431) can0 38E#772B004011000000
(1786378694.034910) can0 38E#F92C004011000000
(1786378694.044952) can0 38F#D82EE25302000000
(1786378694.045336) can0 38E#A42D004011000000
(1786378694.054962) can0 38E#432E004011000000
(1786378694.065110) can0 38F#852FE25302000000
(1786378694.065577) can0 38E#1E2F004011000000
(1786378694.074949) can0 38E#4220004011000000
(1786378694.084969) can0 38F#D920E25302000000
(1786378694.085368) can0 38E#1F21004011000000
(1786378694.094987) can0 38E#F822004011000000
(1786378694.104982) can0 38F#8421E25302000000
(1786378694.105411) can0 38E#A523004011000000
(1786378694.114987) can0 38E#2B24004011000000
(1786378694.124896) can0 38F#6322E25302000000
(1786378694.125281) can0 38E#7625004011000000
(1786378694.135014) can0 38E#9126004011000000
(1786378694.144964) can0 38F#3E23E25302000000
(1786378694.145323) can0 38E#CC27004011000000
(1786378694.154944) can0 38E#9028004011000000
(1786378694.164961) can0 38F#B024E25302000000
(1786378694.165424) can0 38E#CD29004011000000
(1786378694.174947) can0 38E#2A2A004011000000
(1786378694.185013) can0 38F#ED25E25302000000
(1786378694.185350) can0 38E#772B004011000000
(1786378694.194977) can0 38E#F92C004011000000
(1786378694.204930) can0 38F#0A26E25302000000
(1786378694.205382) can0 38E#A42D004011000000
(1786378694.215060) can0 38E#432E004011000000
(1786378694.224993) can0 38F#5727E25302000000
(1786378694.225431) can0 38E#1E2F004011000000
(1786378694.235034) can0 38E#4220004011000000
(1786378694.244902) can0 38F#0B28E25302000000
(1786378694.245396) can0 38E#1F21004011000000
(1786378694.255009) can0 38E#F822004011000000
(1786378694.265009) can0 38F#5629E25302000000
(1786378694.265457) can0 38E#A523004011000000
(1786378694.274912) can0 38E#2B24004011000000
(1786378694.284946) can0 38F#B12AE25302000000
(1786378694.285360) can0 38E#7625004011000000
(1786378694.294919) can0 38E#9126004011000000
(1786378694.305017) can0 38F#EC2BE25302000000
(1786378694.305504) can0 38E#CC27004011000000
(1786378694.315030) can0 38E#9028004011000000
(1786378694.324959) can0 38F#622CE25302000000
(1786378694.325383) can0 38E#CD29004011000000
(1786378694.335040) can0 38E#2A2A004011000000
(1786378694.344998) can0 38F#3F2DE25302000000
(1786378694.345395) can0 38E#772B004011000000
(1786378694.355034) can0 38E#F92C004011000000
(1786378694.364889) can0 38F#D82EE25302000000
(1786378694.365352) can0 38E#A42D004011000000
(1786378694.374949) can0 38E#432E004011000000
(1786378694.384984) can0 38F#852FE25302000000
(1786378694.385312) can0 38E#1E2F004011000000
(1786378694.394941) can0 38E#4220004011000000
(1786378694.404928) can0 38F#D920E25302000000
(1786378694.405263) can0 38E#1F21004011000000
(1786378694.414961) can0 38E#F822004011000000
(1786378694.424939) can0 38F#8421E25302000000
(1786378694.425293) can0 38E#A523004011000000
(1786378694.435030) can0 38E#2B24004011000000
(1786378694.445027) can0 38F#6322E25302000000
(1786378694.445391) can0 38E#7625004011000000
(1786378694.454932) can0 38E#9126004011000000
(1786378694.464987) can0 38F#3E23E25302000000
(1786378694.465431) can0 38E#CC27004011000000
(1786378694.475048) can0 38E#9028004011000000
(1786378694.484913) can0 38F#B024E25302000000
(1786378694.485213) can0 38E#CD29004011000000
(1786378694.494950) can0 38E#2A2A004011000000
(1786378694.504923) can0 38F#ED25E25302000000
(1786378694.505241) can0 38E#772B004011000000
(1786378694.514967) can0 38E#F92C004011000000
(1786378694.524944) can0 38F#0A26E25302000000
(1786378694.525338) can0 38E#A42D004011000000
(1786378694.534880) can0 38E#432E004011000000
(1786378694.544947) can0 38F#5727E25302000000
(1786378694.545327) can0 38E#1E2F004011000000
(1786378694.554960) can0 38E#4220004011000000
(1786378694.564953) can0 38F#0B28E25302000000
(1786378694.565328) can0 38E#1F21004011000000
(1786378694.574880) can0 38E#F822004011000000
(1786378694.584983) can0 38F#5629E25302000000
(1786378694.585338) can0 38E#A523004011000000
(1786378694.594943) can0 38E#2B24004011000000
(1786378694.604927) can0 38F#B12AE25302000000
(1786378694.605304) can0 38E#7625004011000000
(1786378694.614974) can0 38E#9126004011000000
(1786378694.624898) can0 38F#EC2BE25302000000
(1786378694.625249) can0 38E#CC27004011000000
(1786378694.635035) can0 38E#9028004011000000
(1786378694.644926) can0 38F#622CE25302000000
(1786378694.645255) can0 38E#CD29004011000000
(1786378694.654953) can0 38E#2A2A004011000000
(1786378694.665001) can0 38F#3F2DE25302000000
(1786378694.665417) can0 38E#772B004011000000
(1786378694.674942) can0 38E#F92C004011000000
(1786378694.684922) can0 38F#D82EE25302000000
(1786378694.685178) can0 38E#A42D004011000000
(1786378694.694917) can0 38E#432E004011000000
(1786378694.704882) can0 38F#852FE25302000000
(1786378694.705136) can0 38E#1E2F004011000000
(1786378694.714940) can0 38E#4220004011000000
(1786378694.724930) can0 38F#D920E25302000000
(1786378694.725263) can0 38E#1F21004011000000
(1786378694.734948) can0 38E#F822004011000000
(1786378694.744922) can0 38F#8421E25302000000
(1786378694.745205) can0 38E#A523004011000000
(1786378694.754899) can0 38E#2B24004011000000
(1786378694.764934) can0 38F#6322E25302000000
(1786378694.765223) can0 38E#7625004011000000
(1786378694.774873) can0 38E#9126004011000000
(1786378694.784957) can0 38F#3E23E25302000000
(1786378694.785312) can0 38E#CC27004011000000
(1786378694.794922) can0 38E#9028004011000000
(1786378694.804910) can0 38F#B024E25302000000
(1786378694.805272) can0 38E#CD29004011000000
(1786378694.814962) can0 38E#2A2A004011000000
(1786378694.824907) can0 38F#ED25E25302000000
(1786378694.825257) can0 38E#772B004011000000
(1786378694.834961) can0 38E#F92C004011000000
(1786378694.844972) can0 38F#0A26E25302000000
(1786378694.845248) can0 38E#A42D004011000000
(1786378694.854911) can0 38E#432E004011000000
(1786378694.864952) can0 38F#5727E25302000000
(1786378694.865251) can0 38E#1E2F004011000000
(1786378694.874862) can0 38E#4220004011000000
(1786378694.884887) can0 38F#0B28E25302000000
(1786378694.885160) can0 38E#1F21004011000000
(1786378694.894888) can0 38E#F822004011000000
(1786378694.904983) can0 38F#5629E25302000000
(1786378694.905271) can0 38E#A523004011000000
(1786378694.914951) can0 38E#2B24004011000000
(1786378694.924890) can0 38F#B12AE25302000000
(1786378694.925167) can0 38E#7625004011000000
(1786378694.934998) can0 38E#9126004011000000
(1786378694.944960) can0 38F#EC2BE25302000000
(1786378694.945253) can0 38E#CC27004011000000
(1786378694.954882) can0 38E#9028004011000000
(1786378694.964850) can0 38F#622CE25302000000
(1786378694.965129) can0 38E#CD29004011000000
(1786378694.974798) can0 38E#2A2A004011000000
(1786378694.984920) can0 38F#3F2DE25302000000
(1786378694.985181) can0 38E#772B004011000000
(1786378694.994976) can0 38E#F92C004011000000
(1786378695.004910) can0 38F#D82EE25302000000
(1786378695.005202) can0 38E#A42D004011000000
(1786378695.014998) can0 38E#432E004011000000
(1786378695.024924) can0 38F#852FE25302000000
(1786378695.025279) can0 38E#1E2F004011000000
(1786378695.035014) can0 38E#4220004011000000
(1786378695.044934) can0 38F#D920E25302000000
(1786378695.045277) can0 38E#1F21004011000000
(1786378695.054908) can0 38E#F822004011000000
(1786378695.064953) can0 38F#8421E25302000000
(1786378695.065259) can0 38E#A523004011000000
(1786378695.074885) can0 38E#2B24004011000000
(1786378695.084941) can0 38F#6322E25302000000
(1786378695.085242) can0 38E#7625004011000000
(1786378695.094977) can0 38E#9126004011000000
(1786378695.104946) can0 38F#3E23E25302000000
(1786378695.105286) can0 38E#CC27004011000000
(1786378695.114891) can0 38E#9028004011000000
(1786378695.124930) can0 38F#B024E25302000000
(1786378695.125212) can0 38E#CD29004011000000
(1786378695.134911) can0 38E#2A2A004011000000
(1786378695.144977) can0 38F#ED25E25302000000
(1786378695.145316) can0 38E#772B004011000000
(1786378695.154883) can0 38E#F92C004011000000
(1786378695.164910) can0 38F#0A26E25302000000
(1786378695.165186) can0 38E#A42D004011000000
(1786378695.174874) can0 38E#432E004011000000
(1786378695.184819) can0 38F#5727E25302000000
(1786378695.185105) can0 38E#1E2F004011000000
(1786378695.194919) can0 38E#4220004011000000
(1786378695.204878) can0 38F#0B28E25302000000
(1786378695.205207) can0 38E#1F21004011000000
(1786378695.214959) can0 38E#F822004011000000
(1786378695.224817) can0 38F#5629E25302000000
(1786378695.225059) can0 38E#A523004011000000
(1786378695.234933) can0 38E#2B24004011000000
(1786378695.244929) can0 38F#B12AE25302000000
(1786378695.245222) can0 38E#7625004011000000
(1786378695.254894) can0 38E#9126004011000000
(1786378695.264952) can0 38F#EC2BE25302000000
(1786378695.265221) can0 38E#CC27004011000000
(1786378695.274858) can0 38E#9028004011000000
(1786378695.284930) can0 38F#622CE25302000000
(1786378695.285243) can0 38E#CD29004011000000
(1786378695.294945) can0 38E#2A2A004011000000
(1786378695.304935) can0 38F#3F2DE25302000000
(1786378695.305248) can0 38E#772B004011000000
(1786378695.314962) can0 38E#F92C004011000000
(1786378695.324841) can0 38F#D82EE25302000000
(1786378695.325140) can0 38E#A42D004011000000
(1786378695.334910) can0 38E#432E004011000000
(1786378695.344995) can0 38F#852FE25302000000
(1786378695.345305) can0 38E#1E2F004011000000
(1786378695.354906) can0 38E#4220004011000000
(1786378695.364900) can0 38F#D920E25302000000
(1786378695.365170) can0 38E#1F21004011000000
(1786378695.374880) can0 38E#F822004011000000
(1786378695.385002) can0 38F#8421E25302000000
(1786378695.385302) can0 38E#A523004011000000
(1786378695.394856) can0 38E#2B24004011000000
(1786378695.404829) can0 38F#6322E25302000000
(1786378695.405090) can0 38E#7625004011000000
(1786378695.414909) can0 38E#9126004011000000
(1786378695.424897) can0 38F#3E23E25302000000
(1786378695.425197) can0 38E#CC27004011000000
(1786378695.434980) can0 38E#9028004011000000
(1786378695.444900) can0 38F#B024E25302000000
(1786378695.445152) can0 38E#CD29004011000000
(1786378695.454906) can0 38E#2A2A004011000000
(1786378695.464963) can0 38F#ED25E25302000000
(1786378695.465263) can0 38E#772B004011000000
(1786378695.474892) can0 38E#F92C004011000000
(1786378695.484820) can0 38F#0A26E25302000000
(1786378695.485136) can0 38E#A42D004011000000
(1786378695.494978) can0 38E#432E004011000000
(1786378695.504890) can0 38F#5727E25302000000
(1786378695.505124) can0 38E#1E2F004011000000
(1786378695.514927) can0 38E#4220004011000000
(1786378695.524904) can0 38F#0B28E25302000000
(1786378695.525110) can0 38E#1F21004011000000
(1786378695.534922) can0 38E#F822004011000000
(1786378695.544871) can0 38F#5629E25302000000
(1786378695.545130) can0 38E#A523004011000000
(1786378695.554924) can0 38E#2B24004011000000
(1786378695.564898) can0 38F#B12AE25302000000
(1786378695.565166) can0 38E#7625004011000000
(1786378695.574883) can0 38E#9126004011000000
(1786378695.584927) can0 38F#EC2BE25302000000
(1786378695.585173) can0 38E#CC27004011000000
(1786378695.594957) can0 38E#9028004011000000
(1786378695.604835) can0 38F#622CE25302000000
(1786378695.605080) can0 38E#CD29004011000000
(1786378695.614913) can0 38E#2A2A004011000000
(1786378695.624911) can0 38F#3F2DE25302000000
(1786378695.625194) can0 38E#772B004011000000
(1786378695.634950) can0 38E#F92C004011000000
(1786378695.644857) can0 38F#D82EE25302000000
(1786378695.645141) can0 38E#A42D004011000000
(1786378695.654960) can0 38E#432E004011000000
(1786378695.664968) can0 38F#852FE25302000000
(1786378695.665272) can0 38E#1E2F004011000000
(1786378695.674915) can0 38E#4220004011000000
(1786378695.684884) can0 38F#D920E25302000000
(1786378695.685148) can0 38E#1F21004011000000
(1786378695.694902) can0 38E#F822004011000000
(1786378695.704884) can0 38F#8421E25302000000
(1786378695.705108) can0 38E#A523004011000000
(1786378695.714894) can0 38E#2B24004011000000
(1786378695.724928) can0 38F#6322E25302000000
(1786378695.725274) can0 38E#7625004011000000
(1786378695.734986) can0 38E#9126004011000000
(1786378695.744928) can0 38F#3E23E25302000000
(1786378695.745181) can0 38E#CC27004011000000
(1786378695.754909) can0 38E#9028004011000000
(1786378695.764891) can0 38F#B024E25302000000
(1786378695.765141) can0 38E#CD29004011000000
(1786378695.774929) can0 38E#2A2A004011000000
(1786378695.784946) can0 38F#ED25E25302000000
(1786378695.785273) can0 38E#772B004011000000
(1786378695.794993) can0 38E#F92C004011000000
(1786378695.804891) can0 38F#0A26E25302000000
(1786378695.805131) can0 38E#A42D004011000000
(1786378695.815001) can0 38E#432E004011000000
(1786378695.824841) can0 38F#5727E25302000000
(1786378695.825150) can0 38E#1E2F004011000000
(1786378695.834913) can0 38E#4220004011000000
(1786378695.844945) can0 38F#0B28E25302000000
(1786378695.845217) can0 38E#1F21004011000000
(1786378695.855025) can0 38E#F822004011000000
(1786378695.864916) can0 38F#5629E25302000000
(1786378695.865174) can0 38E#A523004011000000
(1786378695.874867) can0 38E#2B24004011000000
(1786378695.884918) can0 38F#B12AE25302000000
(1786378695.885187) can0 38E#7625004011000000
(1786378695.894977) can0 38E#9126004011000000
(1786378695.904989) can0 38F#EC2BE25302000000
(1786378695.905297) can0 38E#CC27004011000000
(1786378695.914883) can0 38E#9028004011000000
(1786378695.924806) can0 38F#622CE25302000000
(1786378695.925033) can0 38E#CD29004011000000
(1786378695.934949) can0 38E#2A2A004011000000
(1786378695.945069) can0 38F#3F2DE25302000000
(1786378695.945426) can0 38E#772B004011000000
(1786378695.954904) can0 38E#F92C004011000000
(1786378695.964873) can0 38F#D82EE25302000000
(1786378695.965216) can0 38E#A42D004011000000
(1786378695.974920) can0 38E#432E004011000000
(1786378695.984874) can0 38F#852FE25302000000
(1786378695.985182) can0 38E#1E2F004011000000
(1786378695.995069) can0 38E#4220004011000000
(1786378696.004960) can0 38F#D920E25302000000
(1786378696.005273) can0 38E#1F21004011000000
(1786378696.015055) can0 38E#F822004011000000
(1786378696.024966) can0 38F#8421E25302000000
(1786378696.025295) can0 38E#A523004011000000
(1786378696.034940) can0 38E#2B24004011000000
(1786378696.044885) can0 38F#6322E25302000000
(1786378696.045236) can0 38E#7625004011000000
(1786378696.054908) can0 38E#9126004011000000
(1786378696.064991) can0 38F#3E23E25302000000
(1786378696.065309) can0 38E#CC27004011000000
(1786378696.074972) can0 38E#9028004011000000
(1786378696.084915) can0 38F#B024E25302000000
(1786378696.085321) can0 38E#CD29004011000000
(1786378696.094954) can0 38E#2A2A004011000000
(1786378696.105062) can0 38F#ED25E25302000000
(1786378696.105498) can0 38E#772B004011000000
(1786378696.115072) can0 38E#F92C004011000000
(1786378696.124936) can0 38F#0A26E25302000000
(1786378696.125302) can0 38E#A42D004011000000
(1786378696.134992) can0 38E#432E004011000000
(1786378696.144906) can0 38F#5727E25302000000
(1786378696.145268) can0 38E#1E2F004011000000
(1786378696.154936) can0 38E#4220004011000000
(1786378696.164876) can0 38F#0B28E25302000000
(1786378696.165261) can0 38E#1F21004011000000
(1786378696.174986) can0 38E#F822004011000000
(1786378696.184843) can0 38F#5629E25302000000
(1786378696.185112) can0 38E#A523004011000000
(1786378696.194965) can0 38E#2B24004011000000
(1786378696.204931) can0 38F#B12AE25302000000
(1786378696.205285) can0 38E#7625004011000000
(1786378696.215009) can0 38E#9126004011000000
(1786378696.224915) can0 38F#EC2BE25302000000
(1786378696.225153) can0 38E#CC27004011000000
(1786378696.234974) can0 38E#9028004011000000
(1786378696.244941) can0 38F#622CE25302000000
(1786378696.245274) can0 38E#CD29004011000000
(1786378696.254844) can0 38E#2A2A004011000000
(1786378696.264873) can0 38F#3F2DE25302000000
(1786378696.265172) can0 38E#772B004011000000
(1786378696.274939) can0 38E#F92C004011000000
(1786378696.285026) can0 38F#D82EE25302000000
(1786378696.285471) can0 38E#A42D004011000000
(1786378696.294968) can0 38E#432E004011000000
(1786378696.304997) can0 38F#852FE25302000000
(1786378696.305384) can0 38E#1E2F004011000000
(1786378696.315039) can0 38E#4220004011000000
(1786378696.324942) can0 38F#D920E25302000000
(1786378696.325286) can0 38E#1F21004011000000
(1786378696.334953) can0 38E#F822004011000000
(1786378696.344920) can0 38F#8421E25302000000
(1786378696.345235) can0 38E#A523004011000000
(1786378696.354953) can0 38E#2B24004011000000
(1786378696.364909) can0 38F#6322E25302000000
(1786378696.365146) can0 38E#7625004011000000
(1786378696.374999) can0 38E#9126004011000000
(1786378696.385001) can0 38F#3E23E25302000000
(1786378696.385341) can0 38E#CC27004011000000
(1786378696.395004) can0 38E#9028004011000000
(1786378696.404914) can0 38F#B024E25302000000
(1786378696.405171) can0 38E#CD29004011000000
(1786378696.414978) can0 38E#2A2A004011000000
(1786378696.424913) can0 38F#ED25E25302000000
(1786378696.425168) can0 38E#772B004011000000
(1786378696.434903) can0 38E#F92C004011000000
(1786378696.444975) can0 38F#0A26E25302000000
(1786378696.445300) can0 38E#A42D004011000000
(1786378696.454897) can0 38E#432E004011000000
(1786378696.464619) can0 38F#5727E25302000000
(1786378696.465019) can0 38E#1E2F004011000000
(1786378696.474940) can0 38E#4220004011000000
(1786378696.484969) can0 38F#0B28E25302000000
(1786378696.485368) can0 38E#1F21004011000000
(1786378696.495010) can0 38E#F822004011000000
(1786378696.504940) can0 38F#5629E25302000000
(1786378696.505230) can0 38E#A523004011000000
(1786378696.514970) can0 38E#2B24004011000000
(1786378696.524849) can0 38F#B12AE25302000000
(1786378696.525113) can0 38E#7625004011000000
(1786378696.534956) can0 38E#9126004011000000
(1786378696.545063) can0 38F#EC2BE25302000000
(1786378696.545404) can0 38E#CC27004011000000
(1786378696.554975) can0 38E#9028004011000000
(1786378696.564900) can0 38F#622CE25302000000
(1786378696.565140) can0 38E#CD29004011000000
(1786378696.574893) can0 38E#2A2A004011000000
(1786378696.584881) can0 38F#3F2DE25302000000
(1786378696.585142) can0 38E#772B004011000000
(1786378696.594990) can0 38E#F92C004011000000
(1786378696.604950) can0 38F#D82EE25302000000
(1786378696.605267) can0 38E#A42D004011000000
(1786378696.614873) can0 38E#432E004011000000
(1786378696.624858) can0 38F#852FE25302000000
(1786378696.625163) can0 38E#1E2F004011000000
(1786378696.634980) can0 38E#4220004011000000
(1786378696.644879) can0 38F#D920E25302000000
(1786378696.645231) can0 38E#1F21004011000000
(1786378696.654931) can0 38E#F822004011000000
(1786378696.664937) can0 38F#8421E25302000000
(1786378696.665185) can0 38E#A523004011000000
(1786378696.675113) can0 38E#2B24004011000000
(1786378696.684993) can0 38F#6322E25302000000
(1786378696.685327) can0 38E#7625004011000000
(1786378696.694924) can0 38E#9126004011000000
(1786378696.704991) can0 38F#3E23E25302000000
(1786378696.705322) can0 38E#CC27004011000000
(1786378696.714945) can0 38E#9028004011000000
(1786378696.724870) can0 38F#B024E25302000000
(1786378696.725141) can0 38E#CD29004011000000
(1786378696.734989) can0 38E#2A2A004011000000
(1786378696.745000) can0 38F#ED25E25302000000
(1786378696.745348) can0 38E#772B004011000000
(1786378696.754987) can0 38E#F92C004011000000
(1786378696.764891) can0 38F#0A26E25302000000
(1786378696.765160) can0 38E#A42D004011000000
(1786378696.774892) can0 38E#432E004011000000
(1786378696.784968) can0 38F#5727E25302000000
(1786378696.785237) can0 38E#1E2F004011000000
(1786378696.794936) can0 38E#4220004011000000
(1786378696.804935) can0 38F#0B28E25302000000
(1786378696.805288) can0 38E#1F21004011000000
(1786378696.815019) can0 38E#F822004011000000
(1786378696.824883) can0 38F#5629E25302000000
(1786378696.825106) can0 38E#A523004011000000
(1786378696.834859) can0 38E#2B24004011000000
(1786378696.844902) can0 38F#B12AE25302000000
(1786378696.845193) can0 38E#7625004011000000
(1786378696.854960) can0 38E#9126004011000000
(1786378696.864913) can0 38F#EC2BE25302000000
(1786378696.865176) can0 38E#CC27004011000000
(1786378696.874895) can0 38E#9028004011000000
(1786378696.885022) can0 38F#622CE25302000000
(1786378696.885529) can0 38E#CD29004011000000
(1786378696.894937) can0 38E#2A2A004011000000
(1786378696.904941) can0 38F#3F2DE25302000000
(1786378696.905293) can0 38E#772B004011000000
(1786378696.915037) can0 38E#F92C004011000000
(1786378696.924921) can0 38F#D82EE25302000000
(1786378696.925275) can0 38E#A42D004011000000
(1786378696.934973) can0 38E#432E004011000000
(1786378696.945023) can0 38F#852FE25302000000
(1786378696.945354) can0 38E#1E2F004011000000
(1786378696.955014) can0 38E#4220004011000000
(1786378696.964980) can0 38F#D920E25302000000
(1786378696.965352) can0 38E#1F21004011000000
(1786378696.975022) can0 38E#F822004011000000
(1786378696.984936) can0 38F#8421E25302000000
(1786378696.985285) can0 38E#A523004011000000
(1786378696.994963) can0 38E#2B24004011000000
(1786378697.004913) can0 38F#6322E25302000000
(1786378697.005167) can0 38E#7625004011000000
(1786378697.014989) can0 38E#9126004011000000
(1786378697.024951) can0 38F#3E23E25302000000
(1786378697.025217) can0 38E#CC27004011000000
(1786378697.034970) can0 38E#9028004011000000
(1786378697.044875) can0 38F#B024E25302000000
(1786378697.045209) can0 38E#CD29004011000000
(1786378697.055009) can0 38E#2A2A004011000000
(1786378697.065070) can0 38F#ED25E25302000000
(1786378697.065377) can0 38E#772B004011000000
(1786378697.074901) can0 38E#F92C004011000000
(1786378697.084941) can0 38F#0A26E25302000000
(1786378697.085273) can0 38E#A42D004011000000
(1786378697.095000) can0 38E#432E004011000000
(1786378697.105004) can0 38F#5727E25302000000
(1786378697.105364) can0 38E#1E2F004011000000
(1786378697.114955) can0 38E#4220004011000000
(1786378697.124863) can0 38F#0B28E25302000000
(1786378697.125112) can0 38E#1F21004011000000
(1786378697.134969) can0 38E#F822004011000000
(1786378697.145038) can0 38F#5629E25302000000
(1786378697.145457) can0 38E#A523004011000000
(1786378697.154925) can0 38E#2B24004011000000
(1786378697.164887) can0 38F#B12AE25302000000
(1786378697.165209) can0 38E#7625004011000000
(1786378697.175100) can0 38E#9126004011000000
(1786378697.185008) can0 38F#EC2BE25302000000
(1786378697.185372) can0 38E#CC27004011000000
(1786378697.195001) can0 38E#9028004011000000
(1786378697.204946) can0 38F#622CE25302000000
(1786378697.205203) can0 38E#CD29004011000000
(1786378697.215055) can0 38E#2A2A004011000000
(1786378697.224922) can0 38F#3F2DE25302000000
(1786378697.225192) can0 38E#772B004011000000
(1786378697.235037) can0 38E#F92C004011000000
(1786378697.244980) can0 38F#D82EE25302000000
(1786378697.245438) can0 38E#A42D004011000000
(1786378697.254967) can0 38E#432E004011000000
(1786378697.264861) can0 38F#852FE25302000000
(1786378697.265119) can0 38E#1E2F004011000000
(1786378697.274917) can0 38E#4220004011000000
(1786378697.284954) can0 38F#D920E25302000000
(1786378697.285368) can0 38E#1F21004011000000
(1786378697.295000) can0 38E#F822004011000000
(1786378697.305010) can0 38F#8421E25302000000
(1786378697.305340) can0 38E#A523004011000000
(1786378697.315018) can0 38E#2B24004011000000
(1786378697.324851) can0 38F#6322E25302000000
(1786378697.325263) can0 38E#7625004011000000
(1786378697.335018) can0 38E#9126004011000000
(1786378697.345055) can0 38F#3E23E25302000000
(1786378697.345375) can0 38E#CC27004011000000
(1786378697.354974) can0 38E#9028004011000000
(1786378697.364924) can0 38F#B024E25302000000
(1786378697.365218) can0 38E#CD29004011000000
(1786378697.374894) can0 38E#2A2A004011000000
(1786378697.385055) can0 38F#ED25E25302000000
(1786378697.385385) can0 38E#772B004011000000
(1786378697.394958) can0 38E#F92C004011000000
(1786378697.404938) can0 38F#0A26E25302000000
(1786378697.405188) can0 38E#A42D004011000000
(1786378697.414995) can0 38E#432E004011000000
(1786378697.424854) can0 38F#5727E25302000000
(1786378697.425097) can0 38E#1E2F004011000000
(1786378697.435001) can0 38E#4220004011000000
(1786378697.444872) can0 38F#0B28E25302000000
(1786378697.445211) can0 38E#1F21004011000000
(1786378697.454899) can0 38E#F822004011000000
(1786378697.464939) can0 38F#5629E25302000000
(1786378697.465191) can0 38E#A523004011000000
(1786378697.474846) can0 38E#2B24004011000000
(1786378697.484878) can0 38F#B12AE25302000000
(1786378697.485112) can0 38E#7625004011000000
(1786378697.494934) can0 38E#9126004011000000
(1786378697.504913) can0 38F#EC2BE25302000000
(1786378697.505136) can0 38E#CC27004011000000
(1786378697.514862) can0 38E#9028004011000000
(1786378697.524887) can0 38F#622CE25302000000
(1786378697.525085) can0 38E#CD29004011000000
(1786378697.535043) can0 38E#2A2A004011000000
(1786378697.545001) can0 38F#3F2DE25302000000
(1786378697.545352) can0 38E#772B004011000000
(1786378697.555029) can0 38E#F92C004011000000
(1786378697.564902) can0 38F#D82EE25302000000
(1786378697.565313) can0 38E#A42D004011000000
(1786378697.574997) can0 38E#432E004011000000
(1786378697.585055) can0 38F#852FE25302000000
(1786378697.585398) can0 38E#1E2F004011000000
(1786378697.594992) can0 38E#4220004011000000
(1786378697.604936) can0 38F#D920E25302000000
(1786378697.605236) can0 38E#1F21004011000000
(1786378697.614986) can0 38E#F822004011000000
(1786378697.624938) can0 38F#8421E25302000000
(1786378697.625190) can0 38E#A523004011000000
(1786378697.635064) can0 38E#2B24004011000000
(1786378697.645088) can0 38F#6322E25302000000
(1786378697.645418) can0 38E#7625004011000000
(1786378697.654995) can0 38E#9126004011000000
(1786378697.665038) can0 38F#3E23E25302000000
(1786378697.665382) can0 38E#CC27004011000000
(1786378697.674927) can0 38E#9028004011000000
(1786378697.684928) can0 38F#B024E25302000000
(1786378697.685275) can0 38E#CD29004011000000
(1786378697.694937) can0 38E#2A2A004011000000
(1786378697.704978) can0 38F#ED25E25302000000
(1786378697.705324) can0 38E#772B004011000000
(1786378697.715063) can0 38E#F92C004011000000
(1786378697.724860) can0 38F#0A26E25302000000
(1786378697.725134) can0 38E#A42D004011000000
(1786378697.735016) can0 38E#432E004011000000
(1786378697.744927) can0 38F#5727E25302000000
(1786378697.745249) can0 38E#1E2F004011000000
(1786378697.754930) can0 38E#4220004011000000
(1786378697.764890) can0 38F#0B28E25302000000
(1786378697.765196) can0 38E#1F21004011000000
(1786378697.774992) can0 38E#F822004011000000
(1786378697.785112) can0 38F#5629E25302000000
(1786378697.785502) can0 38E#A523004011000000
(1786378697.794989) can0 38E#2B24004011000000
(1786378697.804898) can0 38F#B12AE25302000000
(1786378697.805268) can0 38E#7625004011000000
(1786378697.815081) can0 38E#9126004011000000
(1786378697.824977) can0 38F#EC2BE25302000000
(1786378697.825290) can0 38E#CC27004011000000
(1786378697.834978) can0 38E#9028004011000000
(1786378697.844981) can0 38F#622CE25302000000
(1786378697.845377) can0 38E#CD29004011000000
(1786378697.854942) can0 38E#2A2A004011000000
(1786378697.865024) can0 38F#3F2DE25302000000
(1786378697.865499) can0 38E#772B004011000000
(1786378697.874891) can0 38E#F92C004011000000
(1786378697.884906) can0 38F#D82EE25302000000
(1786378697.885189) can0 38E#A42D004011000000
(1786378697.895000) can0 38E#432E004011000000
(1786378697.904872) can0 38F#852FE25302000000
(1786378697.905137) can0 38E#1E2F004011000000
(1786378697.914888) can0 38E#4220004011000000
(1786378697.924923) can0 38F#D920E25302000000
(1786378697.925295) can0 38E#1F21004011000000
(1786378697.934988) can0 38E#F822004011000000
(1786378697.945038) can0 38F#8421E25302000000
(1786378697.945374) can0 38E#A523004011000000
(1786378697.954937) can0 38E#2B24004011000000
(1786378697.964937) can0 38F#6322E25302000000
(1786378697.965139) can0 38E#7625004011000000
(1786378697.974792) can0 38E#9126004011000000
(1786378697.984872) can0 38F#3E23E25302000000
(1786378697.985147) can0 38E#CC27004011000000
(1786378697.994986) can0 38E#9028004011000000
(1786378698.004933) can0 38F#B024E25302000000
(1786378698.005189) can0 38E#CD29004011000000
(1786378698.015015) can0 38E#2A2A004011000000
(1786378698.024844) can0 38F#ED25E25302000000
(1786378698.025107) can0 38E#772B004011000000
(1786378698.035034) can0 38E#F92C004011000000
(1786378698.044966) can0 38F#0A26E25302000000
(1786378698.045351) can0 38E#A42D004011000000
(1786378698.055022) can0 38E#432E004011000000
(1786378698.064980) can0 38F#5727E25302000000
(1786378698.065355) can0 38E#1E2F004011000000
(1786378698.074863) can0 38E#4220004011000000
(1786378698.084876) can0 38F#0B28E25302000000
(1786378698.085167) can0 38E#1F21004011000000
(1786378698.095073) can0 38E#F822004011000000
(1786378698.104974) can0 38F#5629E25302000000
(1786378698.105267) can0 38E#A523004011000000
(1786378698.115043) can0 38E#2B24004011000000
(1786378698.124891) can0 38F#B12AE25302000000
(1786378698.125182) can0 38E#7625004011000000
(1786378698.135001) can0 38E#9126004011000000
(1786378698.145061) can0 38F#EC2BE25302000000
(1786378698.145396) can0 38E#CC27004011000000
(1786378698.154915) can0 38E#9028004011000000
(1786378698.164920) can0 38F#622CE25302000000
(1786378698.165133) can0 38E#CD29004011000000
(1786378698.174946) can0 38E#2A2A004011000000
(1786378698.184881) can0 38F#3F2DE25302000000
(1786378698.185141) can0 38E#772B004011000000
(1786378698.194913) can0 38E#F92C004011000000
(1786378698.204935) can0 38F#D82EE25302000000
(1786378698.205163) can0 38E#A42D004011000000
(1786378698.215009) can0 38E#432E004011000000
(1786378698.225013) can0 38F#852FE25302000000
(1786378698.225325) can0 38E#1E2F004011000000
(1786378698.234913) can0 38E#4220004011000000
(1786378698.244860) can0 38F#D920E25302000000
(1786378698.245180) can0 38E#1F21004011000000
(1786378698.254998) can0 38E#F822004011000000
(1786378698.264897) can0 38F#8421E25302000000
(1786378698.265155) can0 38E#A523004011000000
(1786378698.274875) can0 38E#2B24004011000000
(1786378698.284927) can0 38F#6322E25302000000
(1786378698.285214) can0 38E#7625004011000000
(1786378698.294910) can0 38E#9126004011000000
(1786378698.304955) can0 38F#3E23E25302000000
(1786378698.305179) can0 38E#CC27004011000000
(1786378698.314951) can0 38E#9028004011000000
(1786378698.324909) can0 38F#B024E25302000000
(1786378698.325199) can0 38E#CD29004011000000
(1786378698.334827) can0 38E#2A2A004011000000
(1786378698.345000) can0 38F#ED25E25302000000
(1786378698.345355) can0 38E#772B004011000000
(1786378698.354998) can0 38E#F92C004011000000
(1786378698.364873) can0 38F#0A26E25302000000
(1786378698.365191) can0 38E#A42D004011000000
(1786378698.374862) can0 38E#432E004011000000
(1786378698.384970) can0 38F#5727E25302000000
(1786378698.385230) can0 38E#1E2F004011000000
(1786378698.395009) can0 38E#4220004011000000
(1786378698.404874) can0 38F#0B28E25302000000
(1786378698.405135) can0 38E#1F21004011000000
(1786378698.414905) can0 38E#F822004011000000
(1786378698.424983) can0 38F#5629E25302000000
(1786378698.425290) can0 38E#A523004011000000
(1786378698.435026) can0 38E#2B24004011000000
(1786378698.444871) can0 38F#B12AE25302000000
(1786378698.445214) can0 38E#7625004011000000
(1786378698.454959) can0 38E#9126004011000000
(1786378698.464940) can0 38F#EC2BE25302000000
(1786378698.465338) can0 38E#CC27004011000000
(1786378698.474930) can0 38E#9028004011000000
(1786378698.484886) can0 38F#622CE25302000000
(1786378698.485188) can0 38E#CD29004011000000
(1786378698.494899) can0 38E#2A2A004011000000
(1786378698.504982) can0 38F#3F2DE25302000000
(1786378698.505236) can0 38E#772B004011000000
(1786378698.514974) can0 38E#F92C004011000000
(1786378698.524982) can0 38F#D82EE25302000000
(1786378698.525269) can0 38E#A42D004011000000
(1786378698.534949) can0 38E#432E004011000000
(1786378698.544852) can0 38F#852FE25302000000
(1786378698.545133) can0 38E#1E2F004011000000
(1786378698.554897) can0 38E#4220004011000000
(1786378698.564888) can0 38F#D920E25302000000
(1786378698.565177) can0 38E#1F21004011000000
(1786378698.574928) can0 38E#F822004011000000
(1786378698.584856) can0 38F#8421E25302000000
(1786378698.585098) can0 38E#A523004011000000
(1786378698.594971) can0 38E#2B24004011000000
(1786378698.604965) can0 38F#6322E25302000000
(1786378698.605232) can0 38E#7625004011000000
(1786378698.614850) can0 38E#9126004011000000
(1786378698.624839) can0 38F#3E23E25302000000
(1786378698.625083) can0 38E#CC27004011000000
(1786378698.635011) can0 38E#9028004011000000
(1786378698.644887) can0 38F#B024E25302000000
(1786378698.645152) can0 38E#CD29004011000000
(1786378698.654946) can0 38E#2A2A004011000000
(1786378698.664883) can0 38F#ED25E25302000000
(1786378698.665111) can0 38E#772B004011000000
(1786378698.674839) can0 38E#F92C004011000000
(1786378698.684964) can0 38F#0A26E25302000000
(1786378698.685227) can0 38E#A42D004011000000
(1786378698.694904) can0 38E#432E004011000000
(1786378698.704914) can0 38F#5727E25302000000
(1786378698.705186) can0 38E#1E2F004011000000
(1786378698.714969) can0 38E#4220004011000000
(1786378698.724916) can0 38F#0B28E25302000000
(1786378698.725237) can0 38E#1F21004011000000
(1786378698.734944) can0 38E#F822004011000000
(1786378698.744873) can0 38F#5629E25302000000
(1786378698.745126) can0 38E#A523004011000000
(1786378698.754959) can0 38E#2B24004011000000
(1786378698.764800) can0 38F#B12AE25302000000
(1786378698.765044) can0 38E#7625004011000000
(1786378698.774840) can0 38E#9126004011000000
(1786378698.784967) can0 38F#EC2BE25302000000
(1786378698.785194) can0 38E#CC27004011000000
(1786378698.794947) can0 38E#9028004011000000
(1786378698.804859) can0 38F#622CE25302000000
(1786378698.805089) can0 38E#CD29004011000000
(1786378698.814953) can0 38E#2A2A004011000000
(1786378698.824961) can0 38F#3F2DE25302000000
(1786378698.825232) can0 38E#772B004011000000
(1786378698.834943) can0 38E#F92C004011000000
(1786378698.844883) can0 38F#D82EE25302000000
(1786378698.845172) can0 38E#A42D004011000000
(1786378698.854969) can0 38E#432E004011000000
(1786378698.864982) can0 38F#852FE25302000000
(1786378698.865234) can0 38E#1E2F004011000000
(1786378698.874915) can0 38E#4220004011000000
(1786378698.884868) can0 38F#D920E25302000000
(1786378698.885154) can0 38E#1F21004011000000
(1786378698.894952) can0 38E#F822004011000000
(1786378698.905020) can0 38F#8421E25302000000
(1786378698.905252) can0 38E#A523004011000000
(1786378698.914966) can0 38E#2B24004011000000
(1786378698.924840) can0 38F#6322E25302000000
(1786378698.925090) can0 38E#7625004011000000
(1786378698.934897) can0 38E#9126004011000000
(1786378698.944841) can0 38F#3E23E25302000000
(1786378698.945111) can0 38E#CC27004011000000
(1786378698.954999) can0 38E#9028004011000000
(1786378698.964911) can0 38F#B024E25302000000
(1786378698.965181) can0 38E#CD29004011000000
(1786378698.974853) can0 38E#2A2A004011000000
(1786378698.984887) can0 38F#ED25E25302000000
(1786378698.985099) can0 38E#772B004011000000
(1786378698.994893) can0 38E#F92C004011000000
(1786378699.004946) can0 38F#0A26E25302000000
(1786378699.005179) can0 38E#A42D004011000000
(1786378699.014884) can0 38E#432E004011000000
(1786378699.024891) can0 38F#5727E25302000000
(1786378699.025099) can0 38E#1E2F004011000000
(1786378699.034902) can0 38E#4220004011000000
(1786378699.044843) can0 38F#0B28E25302000000
(1786378699.045109) can0 38E#1F21004011000000
(1786378699.054929) can0 38E#F822004011000000
(1786378699.065019) can0 38F#5629E25302000000
(1786378699.065299) can0 38E#A523004011000000
(1786378699.074941) can0 38E#2B24004011000000
(1786378699.084910) can0 38F#B12AE25302000000
(1786378699.085111) can0 38E#7625004011000000
(1786378699.094842) can0 38E#9126004011000000
(1786378699.105023) can0 38F#EC2BE25302000000
(1786378699.105341) can0 38E#CC27004011000000
(1786378699.114967) can0 38E#9028004011000000
(1786378699.124909) can0 38F#622CE25302000000
(1786378699.125188) can0 38E#CD29004011000000
(1786378699.134901) can0 38E#2A2A004011000000
(1786378699.144875) can0 38F#3F2DE25302000000
(1786378699.145107) can0 38E#772B004011000000
(1786378699.154978) can0 38E#F92C004011000000
(1786378699.164903) can0 38F#D82EE25302000000
(1786378699.165131) can0 38E#A42D004011000000
(1786378699.174793) can0 38E#432E004011000000
(1786378699.184996) can0 38F#852FE25302000000
(1786378699.185251) can0 38E#1E2F004011000000
(1786378699.194839) can0 38E#4220004011000000
(1786378699.204889) can0 38F#D920E25302000000
(1786378699.205144) can0 38E#1F21004011000000
(1786378699.214890) can0 38E#F822004011000000
(1786378699.224819) can0 38F#8421E25302000000
(1786378699.225037) can0 38E#A523004011000000
(1786378699.234985) can0 38E#2B24004011000000
(1786378699.244893) can0 38F#6322E25302000000
(1786378699.245213) can0 38E#7625004011000000
(1786378699.254968) can0 38E#9126004011000000
(1786378699.264868) can0 38F#3E23E25302000000
(1786378699.265124) can0 38E#CC27004011000000
(1786378699.274842) can0 38E#9028004011000000
(1786378699.284892) can0 38F#B024E25302000000
(1786378699.285210) can0 38E#CD29004011000000
(1786378699.294954) can0 38E#2A2A004011000000
(1786378699.304984) can0 38F#ED25E25302000000
(1786378699.305272) can0 38E#772B004011000000
(1786378699.314930) can0 38E#F92C004011000000
(1786378699.324859) can0 38F#0A26E25302000000
(1786378699.325095) can0 38E#A42D004011000000
(1786378699.334967) can0 38E#432E004011000000
(1786378699.344905) can0 38F#5727E25302000000
(1786378699.345160) can0 38E#1E2F004011000000
(1786378699.354917) can0 38E#4220004011000000
(1786378699.364918) can0 38F#0B28E25302000000
(1786378699.365187) can0 38E#1F21004011000000
(1786378699.374852) can0 38E#F822004011000000
(1786378699.384979) can0 38F#5629E25302000000
(1786378699.385207) can0 38E#A523004011000000
(1786378699.394916) can0 38E#2B24004011000000
(1786378699.404878) can0 38F#B12AE25302000000
(1786378699.405104) can0 38E#7625004011000000
(1786378699.414902) can0 38E#9126004011000000
(1786378699.424932) can0 38F#EC2BE25302000000
(1786378699.425144) can0 38E#CC27004011000000
(1786378699.434978) can0 38E#9028004011000000
(1786378699.444837) can0 38F#622CE25302000000
(1786378699.445099) can0 38E#CD29004011000000
(1786378699.454979) can0 38E#2A2A004011000000
(1786378699.464907) can0 38F#3F2DE25302000000
(1786378699.465158) can0 38E#772B004011000000
(1786378699.474814) can0 38E#F92C004011000000
(1786378699.484849) can0 38F#D82EE25302000000
(1786378699.485061) can0 38E#A42D004011000000
(1786378699.494960) can0 38E#432E004011000000
(1786378699.504908) can0 38F#852FE25302000000
(1786378699.505135) can0 38E#1E2F004011000000
(1786378699.514966) can0 38E#4220004011000000
(1786378699.524838) can0 38F#D920E25302000000
(1786378699.525072) can0 38E#1F21004011000000
(1786378699.534911) can0 38E#F822004011000000
(1786378699.544967) can0 38F#8421E25302000000
(1786378699.545194) can0 38E#A523004011000000
(1786378699.554906) can0 38E#2B24004011000000
(1786378699.564860) can0 38F#6322E25302000000
(1786378699.565071) can0 38E#7625004011000000
(1786378699.574807) can0 38E#9126004011000000
(1786378699.584900) can0 38F#3E23E25302000000
(1786378699.585132) can0 38E#CC27004011000000
(1786378699.594941) can0 38E#9028004011000000
(1786378699.604865) can0 38F#B024E25302000000
(1786378699.605123) can0 38E#CD29004011000000
(1786378699.614901) can0 38E#2A2A004011000000
(1786378699.624816) can0 38F#ED25E25302000000
(1786378699.625024) can0 38E#772B004011000000
(1786378699.634880) can0 38E#F92C004011000000
(1786378699.644872) can0 38F#0A26E25302000000
(1786378699.645142) can0 38E#A42D004011000000
(1786378699.654928) can0 38E#432E004011000000
(1786378699.665016) can0 38F#5727E25302000000
(1786378699.665267) can0 38E#1E2F004011000000
(1786378699.674928) can0 38E#4220004011000000
(1786378699.684885) can0 38F#0B28E25302000000
(1786378699.685140) can0 38E#1F21004011000000
(1786378699.694881) can0 38E#F822004011000000
(1786378699.704918) can0 38F#5629E25302000000
(1786378699.705193) can0 38E#A523004011000000
(1786378699.714985) can0 38E#2B24004011000000
(1786378699.724878) can0 38F#B12AE25302000000
(1786378699.725089) can0 38E#7625004011000000
(1786378699.734910) can0 38E#9126004011000000
(1786378699.744916) can0 38F#EC2BE25302000000
(1786378699.745187) can0 38E#CC27004011000000
(1786378699.754894) can0 38E#9028004011000000
(1786378699.764892) can0 38F#622CE25302000000
(1786378699.765113) can0 38E#CD29004011000000
(1786378699.774933) can0 38E#2A2A004011000000
(1786378699.784870) can0 38F#3F2DE25302000000
(1786378699.785105) can0 38E#772B004011000000
(1786378699.794900) can0 38E#F92C004011000000
(1786378699.804870) can0 38F#D82EE25302000000
(1786378699.805121) can0 38E#A42D004011000000
(1786378699.814958) can0 38E#432E004011000000
(1786378699.824874) can0 38F#852FE25302000000
(1786378699.825082) can0 38E#1E2F004011000000
(1786378699.834954) can0 38E#4220004011000000
(1786378699.844865) can0 38F#D920E25302000000
(1786378699.845159) can0 38E#1F21004011000000
(1786378699.854896) can0 38E#F822004011000000
(1786378699.865002) can0 38F#8421E25302000000
(1786378699.865411) can0 38E#A523004011000000
(1786378699.874871) can0 38E#2B24004011000000
(1786378699.884870) can0 38F#6322E25302000000
(1786378699.885098) can0 38E#7625004011000000
(1786378699.894965) can0 38E#9126004011000000
(1786378699.904868) can0 38F#3E23E25302000000
(1786378699.905105) can0 38E#CC27004011000000
(1786378699.914886) can0 38E#9028004011000000
(1786378699.924956) can0 38F#B024E25302000000
(1786378699.925180) can0 38E#CD29004011000000
(1786378699.934992) can0 38E#2A2A004011000000
(1786378699.944906) can0 38F#ED25E25302000000
(1786378699.945165) can0 38E#772B004011000000
(1786378699.954875) can0 38E#F92C004011000000
(1786378699.964881) can0 38F#0A26E25302000000
(1786378699.965117) can0 38E#A42D004011000000
(1786378699.974932) can0 38E#432E004011000000
(1786378699.984915) can0 38F#5727E25302000000
(1786378699.985150) can0 38E#1E2F004011000000
(1786378699.994911) can0 38E#4220004011000000
(1786378700.004899) can0 38F#0B28E25302000000
(1786378700.005127) can0 38E#1F21004011000000
(1786378700.014915) can0 38E#F822004011000000
(1786378700.024867) can0 38F#5629E25302000000
(1786378700.025081) can0 38E#A523004011000000
(1786378700.034892) can0 38E#2B24004011000000
(1786378700.044922) can0 38F#B12AE25302000000
(1786378700.045185) can0 38E#7625004011000000
(1786378700.054872) can0 38E#9126004011000000
(1786378700.064882) can0 38F#EC2BE25302000000
(1786378700.065161) can0 38E#CC27004011000000
(1786378700.074850) can0 38E#9028004011000000
(1786378700.084860) can0 38F#622CE25302000000
(1786378700.085104) can0 38E#CD29004011000000
(1786378700.094892) can0 38E#2A2A004011000000
(1786378700.104943) can0 38F#3F2DE25302000000
(1786378700.105240) can0 38E#772B004011000000
(1786378700.114913) can0 38E#F92C004011000000
(1786378700.124807) can0 38F#D82EE25302000000
(1786378700.125049) can0 38E#A42D004011000000
(1786378700.134874) can0 38E#432E004011000000
(1786378700.144966) can0 38F#852FE25302000000
(1786378700.145196) can0 38E#1E2F004011000000
(1786378700.154993) can0 38E#4220004011000000
(1786378700.164881) can0 38F#D920E25302000000
(1786378700.165246) can0 38E#1F21004011000000
(1786378700.174874) can0 38E#F822004011000000
(1786378700.184910) can0 38F#8421E25302000000
(1786378700.185124) can0 38E#A523004011000000
(1786378700.195014) can0 38E#2B24004011000000
(1786378700.204921) can0 38F#6322E25302000000
(1786378700.205127) can0 38E#7625004011000000
(1786378700.214904) can0 38E#9126004011000000
(1786378700.224851) can0 38F#3E23E25302000000
(1786378700.225065) can0 38E#CC27004011000000
(1786378700.234866) can0 38E#9028004011000000
(1786378700.244969) can0 38F#B024E25302000000
(1786378700.245250) can0 38E#CD29004011000000
(1786378700.255000) can0 38E#2A2A004011000000
(1786378700.264887) can0 38F#ED25E25302000000
(1786378700.265176) can0 38E#772B004011000000
(1786378700.274821) can0 38E#F92C004011000000
(1786378700.284882) can0 38F#0A26E25302000000
(1786378700.285135) can0 38E#A42D004011000000
(1786378700.295030) can0 38E#432E004011000000
(1786378700.304896) can0 38F#5727E25302000000
(1786378700.305147) can0 38E#1E2F004011000000
(1786378700.314914) can0 38E#4220004011000000
(1786378700.324893) can0 38F#0B28E25302000000
(1786378700.325135) can0 38E#1F21004011000000
(1786378700.334884) can0 38E#F822004011000000
(1786378700.344889) can0 38F#5629E25302000000
(1786378700.345143) can0 38E#A523004011000000
(1786378700.354980) can0 38E#2B24004011000000
(1786378700.364879) can0 38F#B12AE25302000000
(1786378700.365156) can0 38E#7625004011000000
(1786378700.374861) can0 38E#9126004011000000
(1786378700.384889) can0 38F#EC2BE25302000000
(1786378700.385125) can0 38E#CC27004011000000
(1786378700.394903) can0 38E#9028004011000000
(1786378700.404958) can0 38F#622CE25302000000
(1786378700.405198) can0 38E#CD29004011000000
(1786378700.414885) can0 38E#2A2A004011000000
(1786378700.424843) can0 38F#3F2DE25302000000
(1786378700.425043) can0 38E#772B004011000000
(1786378700.434928) can0 38E#F92C004011000000
(1786378700.444918) can0 38F#D82EE25302000000
(1786378700.445195) can0 38E#A42D004011000000
(1786378700.454906) can0 38E#432E004011000000
(1786378700.464896) can0 38F#852FE25302000000
(1786378700.465150) can0 38E#1E2F004011000000
(1786378700.474868) can0 38E#4220004011000000
(1786378700.484873) can0 38F#D920E25302000000
(1786378700.485128) can0 38E#1F21004011000000
(1786378700.494876) can0 38E#F822004011000000
(1786378700.504909) can0 38F#8421E25302000000
(1786378700.505159) can0 38E#A523004011000000
(1786378700.514885) can0 38E#2B24004011000000
(1786378700.524908) can0 38F#6322E25302000000
(1786378700.525226) can0 38E#7625004011000000
(1786378700.534998) can0 38E#9126004011000000
(1786378700.544900) can0 38F#3E23E25302000000
(1786378700.545148) can0 38E#CC27004011000000
(1786378700.554899) can0 38E#9028004011000000
(1786378700.564837) can0 38F#B024E25302000000
(1786378700.565043) can0 38E#CD29004011000000
(1786378700.574863) can0 38E#2A2A004011000000
(1786378700.584985) can0 38F#ED25E25302000000
(1786378700.585212) can0 38E#772B004011000000
(1786378700.594905) can0 38E#F92C004011000000
(1786378700.604892) can0 38F#0A26E25302000000
(1786378700.605105) can0 38E#A42D004011000000
(1786378700.615015) can0 38E#432E004011000000
(1786378700.624872) can0 38F#5727E25302000000
(1786378700.625071) can0 38E#1E2F004011000000
(1786378700.634935) can0 38E#4220004011000000
(1786378700.644925) can0 38F#0B28E25302000000
(1786378700.645218) can0 38E#1F21004011000000
(1786378700.654891) can0 38E#F822004011000000
(1786378700.664882) can0 38F#5629E25302000000
(1786378700.665127) can0 38E#A523004011000000
(1786378700.674865) can0 38E#2B24004011000000
(1786378700.684847) can0 38F#B12AE25302000000
(1786378700.685078) can0 38E#7625004011000000
(1786378700.694925) can0 38E#9126004011000000
(1786378700.704889) can0 38F#EC2BE25302000000
(1786378700.705127) can0 38E#CC27004011000000
(1786378700.714919) can0 38E#9028004011000000
(1786378700.724899) can0 38F#622CE25302000000
(1786378700.725242) can0 38E#CD29004011000000
(1786378700.734901) can0 38E#2A2A004011000000
(1786378700.745009) can0 38F#3F2DE25302000000
(1786378700.745279) can0 38E#772B004011000000
(1786378700.754917) can0 38E#F92C004011000000
(1786378700.764867) can0 38F#D82EE25302000000
(1786378700.765089) can0 38E#A42D004011000000
(1786378700.774821) can0 38E#432E004011000000
(1786378700.784934) can0 38F#852FE25302000000
(1786378700.785173) can0 38E#1E2F004011000000
(1786378700.794950) can0 38E#4220004011000000
(1786378700.804896) can0 38F#D920E25302000000
(1786378700.805156) can0 38E#1F21004011000000
(1786378700.814871) can0 38E#F822004011000000
(1786378700.824837) can0 38F#8421E25302000000
(1786378700.825065) can0 38E#A523004011000000
(1786378700.834998) can0 38E#2B24004011000000
(1786378700.844969) can0 38F#6322E25302000000
(1786378700.845256) can0 38E#7625004011000000
(1786378700.854927) can0 38E#9126004011000000
(1786378700.864897) can0 38F#3E23E25302000000
(1786378700.865157) can0 38E#CC27004011000000
(1786378700.874871) can0 38E#9028004011000000
(1786378700.884849) can0 38F#B024E25302000000
(1786378700.885153) can0 38E#CD29004011000000
(1786378700.894871) can0 38E#2A2A004011000000
(1786378700.904924) can0 38F#ED25E25302000000
(1786378700.905151) can0 38E#772B004011000000
(1786378700.914878) can0 38E#F92C004011000000
(1786378700.924870) can0 38F#0A26E25302000000
(1786378700.925069) can0 38E#A42D004011000000
(1786378700.934934) can0 38E#432E004011000000
(1786378700.944881) can0 38F#5727E25302000000
(1786378700.945136) can0 38E#1E2F004011000000
(1786378700.954930) can0 38E#4220004011000000
(1786378700.964923) can0 38F#0B28E25302000000
(1786378700.965172) can0 38E#1F21004011000000
(1786378700.974883) can0 38E#F822004011000000
(1786378700.984859) can0 38F#5629E25302000000
(1786378700.985092) can0 38E#A523004011000000
(1786378700.994898) can0 38E#2B24004011000000
(1786378701.004899) can0 38F#B12AE25302000000
(1786378701.005154) can0 38E#7625004011000000
(1786378701.014920) can0 38E#9126004011000000
(1786378701.024885) can0 38F#EC2BE25302000000
(1786378701.025090) can0 38E#CC27004011000000
(1786378701.034883) can0 38E#9028004011000000
(1786378701.044920) can0 38F#622CE25302000000
(1786378701.045179) can0 38E#CD29004011000000
(1786378701.054996) can0 38E#2A2A004011000000
(1786378701.064902) can0 38F#3F2DE25302000000
(1786378701.065168) can0 38E#772B004011000000
(1786378701.074845) can0 38E#F92C004011000000
(1786378701.084877) can0 38F#D82EE25302000000
(1786378701.085100) can0 38E#A42D004011000000
(1786378701.094859) can0 38E#432E004011000000
(1786378701.104933) can0 38F#852FE25302000000
(1786378701.105151) can0 38E#1E2F004011000000
(1786378701.114927) can0 38E#4220004011000000
(1786378701.124868) can0 38F#D920E25302000000
(1786378701.125124) can0 38E#1F21004011000000
(1786378701.134923) can0 38E#F822004011000000
(1786378701.144899) can0 38F#8421E25302000000
(1786378701.145152) can0 38E#A523004011000000
(1786378701.155015) can0 38E#2B24004011000000
(1786378701.164886) can0 38F#6322E25302000000
(1786378701.165144) can0 38E#7625004011000000
(1786378701.174994) can0 38E#9126004011000000
(1786378701.185055) can0 38F#3E23E25302000000
(1786378701.185285) can0 38E#CC27004011000000
(1786378701.194831) can0 38E#9028004011000000
(1786378701.204874) can0 38F#B024E25302000000
(1786378701.205127) can0 38E#CD29004011000000
(1786378701.214944) can0 38E#2A2A004011000000
(1786378701.224957) can0 38F#ED25E25302000000
(1786378701.225279) can0 38E#772B004011000000
(1786378701.235024) can0 38E#F92C004011000000
(1786378701.244895) can0 38F#0A26E25302000000
(1786378701.245165) can0 38E#A42D004011000000
(1786378701.254893) can0 38E#432E004011000000
(1786378701.264941) can0 38F#5727E25302000000
(1786378701.265200) can0 38E#1E2F004011000000
(1786378701.274956) can0 38E#4220004011000000
(1786378701.284895) can0 38F#0B28E25302000000
(1786378701.285155) can0 38E#1F21004011000000
(1786378701.294931) can0 38E#F822004011000000
(1786378701.304960) can0 38F#5629E25302000000
(1786378701.305244) can0 38E#A523004011000000
(1786378701.314981) can0 38E#2B24004011000000
(1786378701.324879) can0 38F#B12AE25302000000
(1786378701.325260) can0 38E#7625004011000000
(1786378701.335037) can0 38E#9126004011000000
(1786378701.344853) can0 38F#EC2BE25302000000
(1786378701.345115) can0 38E#CC27004011000000
(1786378701.354933) can0 38E#9028004011000000
(1786378701.364920) can0 38F#622CE25302000000
(1786378701.365226) can0 38E#CD29004011000000
(1786378701.374860) can0 38E#2A2A004011000000
(1786378701.384910) can0 38F#3F2DE25302000000
(1786378701.385165) can0 38E#772B004011000000
(1786378701.394920) can0 38E#F92C004011000000
(1786378701.404911) can0 38F#D82EE25302000000
(1786378701.405161) can0 38E#A42D004011000000
(1786378701.414849) can0 38E#432E004011000000
(1786378701.424806) can0 38F#852FE25302000000
(1786378701.425066) can0 38E#1E2F004011000000
(1786378701.434946) can0 38E#4220004011000000
(1786378701.445013) can0 38F#D920E25302000000
(1786378701.445366) can0 38E#1F21004011000000
(1786378701.454940) can0 38E#F822004011000000
(1786378701.464887) can0 38F#8421E25302000000
(1786378701.465167) can0 38E#A523004011000000
(1786378701.474882) can0 38E#2B24004011000000
(1786378701.484936) can0 38F#6322E25302000000
(1786378701.485179) can0 38E#7625004011000000
(1786378701.494946) can0 38E#9126004011000000
(1786378701.504923) can0 38F#3E23E25302000000
(1786378701.505175) can0 38E#CC27004011000000
(1786378701.514933) can0 38E#9028004011000000
(1786378701.524841) can0 38F#B024E25302000000
(1786378701.525069) can0 38E#CD29004011000000
(1786378701.534941) can0 38E#2A2A004011000000
(1786378701.544916) can0 38F#ED25E25302000000
(1786378701.545177) can0 38E#772B004011000000
(1786378701.554902) can0 38E#F92C004011000000
(1786378701.564889) can0 38F#0A26E25302000000
(1786378701.565097) can0 38E#A42D004011000000
(1786378701.574831) can0 38E#432E004011000000
(1786378701.584939) can0 38F#5727E25302000000
(1786378701.585162) can0 38E#1E2F004011000000
(1786378701.594879) can0 38E#4220004011000000
(1786378701.604941) can0 38F#0B28E25302000000
(1786378701.605187) can0 38E#1F21004011000000
(1786378701.615022) can0 38E#F822004011000000
(1786378701.624842) can0 38F#5629E25302000000
(1786378701.625032) can0 38E#A523004011000000
(1786378701.634927) can0 38E#2B24004011000000
(1786378701.644943) can0 38F#B12AE25302000000
(1786378701.645211) can0 38E#7625004011000000
(1786378701.655029) can0 38E#9126004011000000
(1786378701.664970) can0 38F#EC2BE25302000000
(1786378701.665223) can0 38E#CC27004011000000
(1786378701.674875) can0 38E#9028004011000000
(1786378701.684879) can0 38F#622CE25302000000
(1786378701.685092) can0 38E#CD29004011000000
(1786378701.694893) can0 38E#2A2A004011000000
(1786378701.705056) can0 38F#3F2DE25302000000
(1786378701.705395) can0 38E#772B004011000000
(1786378701.714973) can0 38E#F92C004011000000
(1786378701.724870) can0 38F#D82EE25302000000
(1786378701.725152) can0 38E#A42D004011000000
(1786378701.734898) can0 38E#432E004011000000
(1786378701.744874) can0 38F#852FE25302000000
(1786378701.745094) can0 38E#1E2F004011000000
(1786378701.754887) can0 38E#4220004011000000
(1786378701.764860) can0 38F#D920E25302000000
(1786378701.765117) can0 38E#1F21004011000000
(1786378701.774802) can0 38E#F822004011000000
(1786378701.784936) can0 38F#8421E25302000000
(1786378701.785172) can0 38E#A523004011000000
(1786378701.794904) can0 38E#2B24004011000000
(1786378701.804907) can0 38F#6322E25302000000
(1786378701.805127) can0 38E#7625004011000000
(1786378701.814939) can0 38E#9126004011000000
(1786378701.824952) can0 38F#3E23E25302000000
(1786378701.825179) can0 38E#CC27004011000000
(1786378701.834950) can0 38E#9028004011000000
(1786378701.844925) can0 38F#B024E25302000000
(1786378701.845385) can0 38E#CD29004011000000
(1786378701.854865) can0 38E#2A2A004011000000
(1786378701.864898) can0 38F#ED25E25302000000
(1786378701.865131) can0 38E#772B004011000000
(1786378701.874944) can0 38E#F92C004011000000
(1786378701.884915) can0 38F#0A26E25302000000
(1786378701.885186) can0 38E#A42D004011000000
(1786378701.894876) can0 38E#432E004011000000
(1786378701.905014) can0 38F#5727E25302000000
(1786378701.905233) can0 38E#1E2F004011000000
(1786378701.914937) can0 38E#4220004011000000
(1786378701.924905) can0 38F#0B28E25302000000
(1786378701.925162) can0 38E#1F21004011000000
(1786378701.934906) can0 38E#F822004011000000
(1786378701.944877) can0 38F#5629E25302000000
(1786378701.945123) can0 38E#A523004011000000
(1786378701.954910) can0 38E#2B24004011000000
(1786378701.964960) can0 38F#B12AE25302000000
(1786378701.965201) can0 38E#7625004011000000
(1786378701.974883) can0 38E#9126004011000000
(1786378701.984918) can0 38F#EC2BE25302000000
(1786378701.985166) can0 38E#CC27004011000000
(1786378701.994887) can0 38E#9028004011000000
(1786378702.004857) can0 38F#622CE25302000000
(1786378702.005091) can0 38E#CD29004011000000
(1786378702.014940) can0 38E#2A2A004011000000
(1786378702.024853) can0 38F#3F2DE25302000000
(1786378702.025056) can0 38E#772B004011000000
(1786378702.034959) can0 38E#F92C004011000000
(1786378702.044937) can0 38F#D82EE25302000000
(1786378702.045202) can0 38E#A42D004011000000
(1786378702.054886) can0 38E#432E004011000000
(1786378702.064868) can0 38F#852FE25302000000
(1786378702.065098) can0 38E#1E2F004011000000
(1786378702.074893) can0 38E#4220004011000000
(1786378702.084928) can0 38F#D920E25302000000
(1786378702.085200) can0 38E#1F21004011000000
(1786378702.094914) can0 38E#F822004011000000
(1786378702.104864) can0 38F#8421E25302000000
(1786378702.105091) can0 38E#A523004011000000
(1786378702.114910) can0 38E#2B24004011000000
(1786378702.124935) can0 38F#6322E25302000000
(1786378702.125201) can0 38E#7625004011000000
(1786378702.134973) can0 38E#9126004011000000
(1786378702.144912) can0 38F#3E23E25302000000
(1786378702.145179) can0 38E#CC27004011000000
(1786378702.154898) can0 38E#9028004011000000
(1786378702.164865) can0 38F#B024E25302000000
(1786378702.165126) can0 38E#CD29004011000000
(1786378702.174858) can0 38E#2A2A004011000000
(1786378702.184915) can0 38F#ED25E25302000000
(1786378702.185144) can0 38E#772B004011000000
(1786378702.194944) can0 38E#F92C004011000000
(1786378702.204878) can0 38F#0A26E25302000000
(1786378702.205132) can0 38E#A42D004011000000
(1786378702.214924) can0 38E#432E004011000000
(1786378702.224892) can0 38F#5727E25302000000
(1786378702.225104) can0 38E#1E2F004011000000
(1786378702.234926) can0 38E#4220004011000000
(1786378702.244901) can0 38F#0B28E25302000000
(1786378702.245198) can0 38E#1F21004011000000
(1786378702.255033) can0 38E#F822004011000000
(1786378702.264968) can0 38F#5629E25302000000
(1786378702.265217) can0 38E#A523004011000000
(1786378702.274818) can0 38E#2B24004011000000
(1786378702.284858) can0 38F#B12AE25302000000
(1786378702.285073) can0 38E#7625004011000000
(1786378702.294982) can0 38E#9126004011000000
(1786378702.304996) can0 38F#EC2BE25302000000
(1786378702.305247) can0 38E#CC27004011000000
(1786378702.314923) can0 38E#9028004011000000
(1786378702.324968) can0 38F#622CE25302000000
(1786378702.325248) can0 38E#CD29004011000000
(1786378702.334967) can0 38E#2A2A004011000000
(1786378702.344960) can0 38F#3F2DE25302000000
(1786378702.345217) can0 38E#772B004011000000
(1786378702.354916) can0 38E#F92C004011000000
(1786378702.364901) can0 38F#D82EE25302000000
(1786378702.365171) can0 38E#A42D004011000000
(1786378702.374829) can0 38E#432E004011000000
(1786378702.384905) can0 38F#852FE25302000000
(1786378702.385136) can0 38E#1E2F004011000000
(1786378702.395026) can0 38E#4220004011000000
(1786378702.404883) can0 38F#D920E25302000000
(1786378702.405126) can0 38E#1F21004011000000
(1786378702.414909) can0 38E#F822004011000000
(1786378702.424923) can0 38F#8421E25302000000
(1786378702.425220) can0 38E#A523004011000000
(1786378702.434961) can0 38E#2B24004011000000
(1786378702.444893) can0 38F#6322E25302000000
(1786378702.445146) can0 38E#7625004011000000
(1786378702.454926) can0 38E#9126004011000000
(1786378702.464950) can0 38F#3E23E25302000000
(1786378702.465205) can0 38E#CC27004011000000
(1786378702.474896) can0 38E#9028004011000000
(1786378702.484872) can0 38F#B024E25302000000
(1786378702.485089) can0 38E#CD29004011000000
(1786378702.494844) can0 38E#2A2A004011000000
(1786378702.505035) can0 38F#ED25E25302000000
(1786378702.505270) can0 38E#772B004011000000
(1786378702.514920) can0 38E#F92C004011000000
(1786378702.524939) can0 38F#0A26E25302000000
(1786378702.525238) can0 38E#A42D004011000000
(1786378702.534882) can0 38E#432E004011000000
(1786378702.544898) can0 38F#5727E25302000000
(1786378702.545166) can0 38E#1E2F004011000000
(1786378702.554956) can0 38E#4220004011000000
(1786378702.564886) can0 38F#0B28E25302000000
(1786378702.565213) can0 38E#1F21004011000000
(1786378702.574966) can0 38E#F822004011000000
(1786378702.584909) can0 38F#5629E25302000000
(1786378702.585160) can0 38E#A523004011000000
(1786378702.594936) can0 38E#2B24004011000000
(1786378702.604887) can0 38F#B12AE25302000000
(1786378702.605124) can0 38E#7625004011000000
(1786378702.614926) can0 38E#9126004011000000
(1786378702.624885) can0 38F#EC2BE25302000000
(1786378702.625096) can0 38E#CC27004011000000
(1786378702.634860) can0 38E#9028004011000000
(1786378702.644882) can0 38F#622CE25302000000
(1786378702.645152) can0 38E#CD29004011000000
(1786378702.655001) can0 38E#2A2A004011000000
(1786378702.665002) can0 38F#3F2DE25302000000
(1786378702.665251) can0 38E#772B004011000000
(1786378702.674855) can0 38E#F92C004011000000
(1786378702.684921) can0 38F#D82EE25302000000
(1786378702.685135) can0 38E#A42D004011000000
(1786378702.694965) can0 38E#432E004011000000
(1786378702.704860) can0 38F#852FE25302000000
(1786378702.705089) can0 38E#1E2F004011000000
(1786378702.714925) can0 38E#4220004011000000
(1786378702.724879) can0 38F#D920E25302000000
(1786378702.725128) can0 38E#1F21004011000000
(1786378702.734959) can0 38E#F822004011000000
(1786378702.744955) can0 38F#8421E25302000000
(1786378702.745248) can0 38E#A523004011000000
(1786378702.754900) can0 38E#2B24004011000000
(1786378702.764888) can0 38F#6322E25302000000
(1786378702.765122) can0 38E#7625004011000000
(1786378702.774985) can0 38E#9126004011000000
(1786378702.784936) can0 38F#3E23E25302000000
(1786378702.785199) can0 38E#CC27004011000000
(1786378702.794881) can0 38E#9028004011000000
(1786378702.804918) can0 38F#B024E25302000000
(1786378702.805184) can0 38E#CD29004011000000
(1786378702.814918) can0 38E#2A2A004011000000
(1786378702.824886) can0 38F#ED25E25302000000
(1786378702.825096) can0 38E#772B004011000000
(1786378702.834923) can0 38E#F92C004011000000
(1786378702.844911) can0 38F#0A26E25302000000
(1786378702.845129) can0 38E#A42D004011000000
(1786378702.854975) can0 38E#432E004011000000
(1786378702.864933) can0 38F#5727E25302000000
(1786378702.865181) can0 38E#1E2F004011000000
(1786378702.874891) can0 38E#4220004011000000
(1786378702.884885) can0 38F#0B28E25302000000
(1786378702.885107) can0 38E#1F21004011000000
(1786378702.894959) can0 38E#F822004011000000
(1786378702.904955) can0 38F#5629E25302000000
(1786378702.905185) can0 38E#A523004011000000
(1786378702.914899) can0 38E#2B24004011000000
(1786378702.924868) can0 38F#B12AE25302000000
(1786378702.925079) can0 38E#7625004011000000
(1786378702.935047) can0 38E#9126004011000000
(1786378702.944895) can0 38F#EC2BE25302000000
(1786378702.945149) can0 38E#CC27004011000000
(1786378702.954931) can0 38E#9028004011000000
(1786378702.964932) can0 38F#622CE25302000000
(1786378702.965326) can0 38E#CD29004011000000
(1786378702.974838) can0 38E#2A2A004011000000
(1786378702.984972) can0 38F#3F2DE25302000000
(1786378702.985221) can0 38E#772B004011000000
(1786378702.994912) can0 38E#F92C004011000000
(1786378703.004909) can0 38F#D82EE25302000000
(1786378703.005121) can0 38E#A42D004011000000
(1786378703.014946) can0 38E#432E004011000000
(1786378703.024903) can0 38F#852FE25302000000
(1786378703.025125) can0 38E#1E2F004011000000
(1786378703.034927) can0 38E#4220004011000000
(1786378703.044881) can0 38F#D920E25302000000
(1786378703.045156) can0 38E#1F21004011000000
(1786378703.054965) can0 38E#F822004011000000
(1786378703.064888) can0 38F#8421E25302000000
(1786378703.065128) can0 38E#A523004011000000
(1786378703.074861) can0 38E#2B24004011000000
(1786378703.084935) can0 38F#6322E25302000000
(1786378703.085242) can0 38E#7625004011000000
(1786378703.094860) can0 38E#9126004011000000
(1786378703.104917) can0 38F#3E23E25302000000
(1786378703.105141) can0 38E#CC27004011000000
(1786378703.114963) can0 38E#9028004011000000
(1786378703.124923) can0 38F#B024E25302000000
(1786378703.125142) can0 38E#CD29004011000000
(1786378703.134900) can0 38E#2A2A004011000000
(1786378703.144853) can0 38F#ED25E25302000000
(1786378703.145120) can0 38E#772B004011000000
(1786378703.154911) can0 38E#F92C004011000000
(1786378703.164888) can0 38F#0A26E25302000000
(1786378703.165206) can0 38E#A42D004011000000
(1786378703.174876) can0 38E#432E004011000000
(1786378703.184940) can0 38F#5727E25302000000
(1786378703.185187) can0 38E#1E2F004011000000
(1786378703.194896) can0 38E#4220004011000000
(1786378703.204959) can0 38F#0B28E25302000000
(1786378703.205172) can0 38E#1F21004011000000
(1786378703.214921) can0 38E#F822004011000000
(1786378703.224898) can0 38F#5629E25302000000
(1786378703.225121) can0 38E#A523004011000000
(1786378703.234943) can0 38E#2B24004011000000
(1786378703.244894) can0 38F#B12AE25302000000
(1786378703.245138) can0 38E#7625004011000000
(1786378703.254965) can0 38E#9126004011000000
(1786378703.264962) can0 38F#EC2BE25302000000
(1786378703.265278) can0 38E#CC27004011000000
(1786378703.274892) can0 38E#9028004011000000
(1786378703.284879) can0 38F#622CE25302000000
(1786378703.285105) can0 38E#CD29004011000000
(1786378703.294912) can0 38E#2A2A004011000000
(1786378703.304975) can0 38F#3F2DE25302000000
(1786378703.305201) can0 38E#772B004011000000
(1786378703.314928) can0 38E#F92C004011000000
(1786378703.324927) can0 38F#D82EE25302000000
(1786378703.325191) can0 38E#A42D004011000000
(1786378703.334940) can0 38E#432E004011000000
(1786378703.344890) can0 38F#852FE25302000000
(1786378703.345130) can0 38E#1E2F004011000000
(1786378703.354901) can0 38E#4220004011000000
(1786378703.364947) can0 38F#D920E25302000000
(1786378703.365160) can0 38E#1F21004011000000
(1786378703.374863) can0 38E#F822004011000000
(1786378703.384935) can0 38F#8421E25302000000
(1786378703.385183) can0 38E#A523004011000000
(1786378703.394868) can0 38E#2B24004011000000
(1786378703.404919) can0 38F#6322E25302000000
(1786378703.405128) can0 38E#7625004011000000
(1786378703.414972) can0 38E#9126004011000000
(1786378703.424895) can0 38F#3E23E25302000000
(1786378703.425193) can0 38E#CC27004011000000
(1786378703.434932) can0 38E#9028004011000000
(1786378703.444911) can0 38F#B024E25302000000
(1786378703.445183) can0 38E#CD29004011000000
(1786378703.454931) can0 38E#2A2A004011000000
(1786378703.464931) can0 38F#ED25E25302000000
(1786378703.465167) can0 38E#772B004011000000
(1786378703.474860) can0 38E#F92C004011000000
(1786378703.484932) can0 38F#0A26E25302000000
(1786378703.485152) can0 38E#A42D004011000000
(1786378703.494866) can0 38E#432E004011000000
(1786378703.504918) can0 38F#5727E25302000000
(1786378703.505151) can0 38E#1E2F004011000000
(1786378703.514937) can0 38E#4220004011000000
(1786378703.524882) can0 38F#0B28E25302000000
(1786378703.525100) can0 38E#1F21004011000000
(1786378703.534944) can0 38E#F822004011000000
(1786378703.544919) can0 38F#5629E25302000000
(1786378703.545210) can0 38E#A523004011000000
(1786378703.554995) can0 38E#2B24004011000000
(1786378703.564845) can0 38F#B12AE25302000000
(1786378703.565057) can0 38E#7625004011000000
(1786378703.574824) can0 38E#9126004011000000
(1786378703.584955) can0 38F#EC2BE25302000000
(1786378703.585205) can0 38E#CC27004011000000
(1786378703.594919) can0 38E#9028004011000000
(1786378703.604965) can0 38F#622CE25302000000
(1786378703.605191) can0 38E#CD29004011000000
(1786378703.614965) can0 38E#2A2A004011000000
(1786378703.624876) can0 38F#3F2DE25302000000
(1786378703.625076) can0 38E#772B004011000000
(1786378703.634987) can0 38E#F92C004011000000
(1786378703.644960) can0 38F#D82EE25302000000
(1786378703.645230) can0 38E#A42D004011000000
(1786378703.654884) can0 38E#432E004011000000
(1786378703.664891) can0 38F#852FE25302000000
(1786378703.665120) can0 38E#1E2F004011000000
(1786378703.674887) can0 38E#4220004011000000
(1786378703.684952) can0 38F#D920E25302000000
(1786378703.685178) can0 38E#1F21004011000000
(1786378703.694904) can0 38E#F822004011000000
(1786378703.704937) can0 38F#8421E25302000000
(1786378703.705164) can0 38E#A523004011000000
(1786378703.714878) can0 38E#2B24004011000000
(1786378703.724913) can0 38F#6322E25302000000
(1786378703.725130) can0 38E#7625004011000000
(1786378703.734943) can0 38E#9126004011000000
(1786378703.744874) can0 38F#3E23E25302000000
(1786378703.745104) can0 38E#CC27004011000000
(1786378703.754933) can0 38E#9028004011000000
(1786378703.764930) can0 38F#B024E25302000000
(1786378703.765149) can0 38E#CD29004011000000
(1786378703.774858) can0 38E#2A2A004011000000
(1786378703.784951) can0 38F#ED25E25302000000
(1786378703.785259) can0 38E#772B004011000000
(1786378703.794999) can0 38E#F92C004011000000
(1786378703.804957) can0 38F#0A26E25302000000
(1786378703.805184) can0 38E#A42D004011000000
(1786378703.814968) can0 38E#432E004011000000
(1786378703.824872) can0 38F#5727E25302000000
(1786378703.825113) can0 38E#1E2F004011000000
(1786378703.834952) can0 38E#4220004011000000
(1786378703.844949) can0 38F#0B28E25302000000
(1786378703.845176) can0 38E#1F21004011000000
(1786378703.854988) can0 38E#F822004011000000
(1786378703.864904) can0 38F#5629E25302000000
(1786378703.865211) can0 38E#A523004011000000
(1786378703.874944) can0 38E#2B24004011000000
(1786378703.884863) can0 38F#B12AE25302000000
(1786378703.885100) can0 38E#7625004011000000
(1786378703.894936) can0 38E#9126004011000000
(1786378703.905023) can0 38F#EC2BE25302000000
(1786378703.905288) can0 38E#CC27004011000000
(1786378703.914953) can0 38E#9028004011000000
(1786378703.924813) can0 38F#622CE25302000000
(1786378703.925042) can0 38E#CD29004011000000
(1786378703.934888) can0 38E#2A2A004011000000
(1786378703.944947) can0 38F#3F2DE25302000000
(1786378703.945255) can0 38E#772B004011000000
(1786378703.954905) can0 38E#F92C004011000000
(1786378703.964857) can0 38F#D82EE25302000000
(1786378703.965155) can0 38E#A42D004011000000
(1786378703.974879) can0 38E#432E004011000000
(1786378703.984949) can0 38F#852FE25302000000
(1786378703.985182) can0 38E#1E2F004011000000
(1786378703.994878) can0 38E#4220004011000000
(1786378704.004867) can0 38F#D920E25302000000
(1786378704.005127) can0 38E#1F21004011000000
(1786378704.014925) can0 38E#F822004011000000
(1786378704.024886) can0 38F#8421E25302000000
(1786378704.025142) can0 38E#A523004011000000
(1786378704.034894) can0 38E#2B24004011000000
(1786378704.044882) can0 38F#6322E25302000000
(1786378704.045168) can0 38E#7625004011000000
(1786378704.054971) can0 38E#9126004011000000
(1786378704.064963) can0 38F#3E23E25302000000
(1786378704.065213) can0 38E#CC27004011000000
(1786378704.074884) can0 38E#9028004011000000
(1786378704.084906) can0 38F#B024E25302000000
(1786378704.085169) can0 38E#CD29004011000000
(1786378704.094872) can0 38E#2A2A004011000000
(1786378704.104952) can0 38F#ED25E25302000000
(1786378704.105224) can0 38E#772B004011000000
(1786378704.114944) can0 38E#F92C004011000000
(1786378704.124938) can0 38F#0A26E25302000000
(1786378704.125198) can0 38E#A42D004011000000
(1786378704.134924) can0 38E#432E004011000000
(1786378704.144894) can0 38F#5727E25302000000
(1786378704.145135) can0 38E#1E2F004011000000
(1786378704.154989) can0 38E#4220004011000000
(1786378704.164946) can0 38F#0B28E25302000000
(1786378704.165190) can0 38E#1F21004011000000
(1786378704.174882) can0 38E#F822004011000000
(1786378704.184953) can0 38F#5629E25302000000
(1786378704.185186) can0 38E#A523004011000000
(1786378704.194957) can0 38E#2B24004011000000
(1786378704.204863) can0 38F#B12AE25302000000
(1786378704.205118) can0 38E#7625004011000000
(1786378704.214920) can0 38E#9126004011000000
(1786378704.224932) can0 38F#EC2BE25302000000
(1786378704.225177) can0 38E#CC27004011000000
(1786378704.234944) can0 38E#9028004011000000
(1786378704.244960) can0 38F#622CE25302000000
(1786378704.245188) can0 38E#CD29004011000000
(1786378704.254889) can0 38E#2A2A004011000000
(1786378704.264952) can0 38F#3F2DE25302000000
(1786378704.265226) can0 38E#772B004011000000
(1786378704.274923) can0 38E#F92C004011000000
(1786378704.284875) can0 38F#D82EE25302000000
(1786378704.285208) can0 38E#A42D004011000000
(1786378704.294873) can0 38E#432E004011000000
(1786378704.304944) can0 38F#852FE25302000000
(1786378704.305197) can0 38E#1E2F004011000000
(1786378704.314940) can0 38E#4220004011000000
(1786378704.324876) can0 38F#D920E25302000000
(1786378704.325140) can0 38E#1F21004011000000
(1786378704.334940) can0 38E#F822004011000000
(1786378704.344989) can0 38F#8421E25302000000
(1786378704.345274) can0 38E#A523004011000000
(1786378704.354950) can0 38E#2B24004011000000
(1786378704.364947) can0 38F#6322E25302000000
(1786378704.365178) can0 38E#7625004011000000
(1786378704.374913) can0 38E#9126004011000000
(1786378704.384936) can0 38F#3E23E25302000000
(1786378704.385207) can0 38E#CC27004011000000
(1786378704.394977) can0 38E#9028004011000000
(1786378704.404966) can0 38F#B024E25302000000
(1786378704.405232) can0 38E#CD29004011000000
(1786378704.414986) can0 38E#2A2A004011000000
(1786378704.424855) can0 38F#ED25E25302000000
(1786378704.425085) can0 38E#772B004011000000
(1786378704.434902) can0 38E#F92C004011000000
(1786378704.444919) can0 38F#0A26E25302000000
(1786378704.445194) can0 38E#A42D004011000000
(1786378704.455002) can0 38E#432E004011000000
(1786378704.465000) can0 38F#5727E25302000000
(1786378704.465249) can0 38E#1E2F004011000000
(1786378704.474850) can0 38E#4220004011000000
(1786378704.484923) can0 38F#0B28E25302000000
(1786378704.485158) can0 38E#1F21004011000000
(1786378704.494960) can0 38E#F822004011000000
(1786378704.504939) can0 38F#5629E25302000000
(1786378704.505214) can0 38E#A523004011000000
(1786378704.514951) can0 38E#2B24004011000000
(1786378704.524889) can0 38F#B12AE25302000000
(1786378704.525106) can0 38E#7625004011000000
(1786378704.534950) can0 38E#9126004011000000
(1786378704.544996) can0 38F#EC2BE25302000000
(1786378704.545255) can0 38E#CC27004011000000
(1786378704.554957) can0 38E#9028004011000000
(1786378704.564917) can0 38F#622CE25302000000
(1786378704.565180) can0 38E#CD29004011000000
(1786378704.574848) can0 38E#2A2A004011000000
(1786378704.584919) can0 38F#3F2DE25302000000
(1786378704.585150) can0 38E#772B004011000000
(1786378704.594942) can0 38E#F92C004011000000
(1786378704.604931) can0 38F#D82EE25302000000
(1786378704.605241) can0 38E#A42D004011000000
(1786378704.614943) can0 38E#432E004011000000
(1786378704.624917) can0 38F#852FE25302000000
(1786378704.625143) can0 38E#1E2F004011000000
(1786378704.634872) can0 38E#4220004011000000
(1786378704.644898) can0 38F#D920E25302000000
(1786378704.645181) can0 38E#1F21004011000000
(1786378704.654957) can0 38E#F822004011000000
(1786378704.664914) can0 38F#8421E25302000000
(1786378704.665150) can0 38E#A523004011000000
(1786378704.674901) can0 38E#2B24004011000000
(1786378704.684891) can0 38F#6322E25302000000
(1786378704.685136) can0 38E#7625004011000000
(1786378704.694905) can0 38E#9126004011000000
(1786378704.705060) can0 38F#3E23E25302000000
(1786378704.705371) can0 38E#CC27004011000000
(1786378704.715013) can0 38E#9028004011000000
(1786378704.724877) can0 38F#B024E25302000000
(1786378704.725168) can0 38E#CD29004011000000
(1786378704.734966) can0 38E#2A2A004011000000
(1786378704.744924) can0 38F#ED25E25302000000
(1786378704.745238) can0 38E#772B004011000000
(1786378704.754966) can0 38E#F92C004011000000
(1786378704.764895) can0 38F#0A26E25302000000
(1786378704.765278) can0 38E#A42D004011000000
(1786378704.774959) can0 38E#432E004011000000
(1786378704.784867) can0 38F#5727E25302000000
(1786378704.785105) can0 38E#1E2F004011000000
(1786378704.794928) can0 38E#4220004011000000
(1786378704.804986) can0 38F#0B28E25302000000
(1786378704.805243) can0 38E#1F21004011000000
(1786378704.814913) can0 38E#F822004011000000
(1786378704.824870) can0 38F#5629E25302000000
(1786378704.825128) can0 38E#A523004011000000
(1786378704.834976) can0 38E#2B24004011000000
(1786378704.844932) can0 38F#B12AE25302000000
(1786378704.845245) can0 38E#7625004011000000
(1786378704.855001) can0 38E#9126004011000000
(1786378704.864947) can0 38F#EC2BE25302000000
(1786378704.865212) can0 38E#CC27004011000000
(1786378704.874946) can0 38E#9028004011000000
(1786378704.884964) can0 38F#622CE25302000000
(1786378704.885173) can0 38E#CD29004011000000
(1786378704.894942) can0 38E#2A2A004011000000
(1786378704.904972) can0 38F#3F2DE25302000000
(1786378704.905221) can0 38E#772B004011000000
(1786378704.914948) can0 38E#F92C004011000000
(1786378704.924960) can0 38F#D82EE25302000000
(1786378704.925175) can0 38E#A42D004011000000
(1786378704.934946) can0 38E#432E004011000000
(1786378704.944902) can0 38F#852FE25302000000
(1786378704.945173) can0 38E#1E2F004011000000
(1786378704.954913) can0 38E#4220004011000000
(1786378704.964924) can0 38F#D920E25302000000
(1786378704.965146) can0 38E#1F21004011000000
(1786378704.974899) can0 38E#F822004011000000
(1786378704.984925) can0 38F#8421E25302000000
(1786378704.985216) can0 38E#A523004011000000
(1786378704.994875) can0 38E#2B24004011000000
(1786378705.004920) can0 38F#6322E25302000000
(1786378705.005142) can0 38E#7625004011000000
(1786378705.014916) can0 38E#9126004011000000
(1786378705.024907) can0 38F#3E23E25302000000
(1786378705.025116) can0 38E#CC27004011000000
(1786378705.034905) can0 38E#9028004011000000
(1786378705.044937) can0 38F#B024E25302000000
(1786378705.045221) can0 38E#CD29004011000000
(1786378705.054987) can0 38E#2A2A004011000000
(1786378705.064849) can0 38F#ED25E25302000000
(1786378705.065077) can0 38E#772B004011000000
(1786378705.074859) can0 38E#F92C004011000000
(1786378705.084922) can0 38F#0A26E25302000000
(1786378705.085198) can0 38E#A42D004011000000
(1786378705.094874) can0 38E#432E004011000000
(1786378705.104956) can0 38F#5727E25302000000
(1786378705.105187) can0 38E#1E2F004011000000
(1786378705.114905) can0 38E#4220004011000000
(1786378705.124907) can0 38F#0B28E25302000000
(1786378705.125180) can0 38E#1F21004011000000
(1786378705.134970) can0 38E#F822004011000000
(1786378705.145114) can0 38F#5629E25302000000
(1786378705.145457) can0 38E#A523004011000000
(1786378705.155009) can0 38E#2B24004011000000
(1786378705.164943) can0 38F#B12AE25302000000
(1786378705.165230) can0 38E#7625004011000000
(1786378705.174949) can0 38E#9126004011000000
(1786378705.184919) can0 38F#EC2BE25302000000
(1786378705.185168) can0 38E#CC27004011000000
(1786378705.194899) can0 38E#9028004011000000
(1786378705.204919) can0 38F#622CE25302000000
(1786378705.205196) can0 38E#CD29004011000000
(1786378705.214903) can0 38E#2A2A004011000000
(1786378705.224885) can0 38F#3F2DE25302000000
(1786378705.225091) can0 38E#772B004011000000
(1786378705.234928) can0 38E#F92C004011000000
(1786378705.244914) can0 38F#D82EE25302000000
(1786378705.245258) can0 38E#A42D004011000000
(1786378705.254957) can0 38E#432E004011000000
(1786378705.264924) can0 38F#852FE25302000000
(1786378705.265156) can0 38E#1E2F004011000000
(1786378705.274899) can0 38E#4220004011000000
(1786378705.284863) can0 38F#D920E25302000000
(1786378705.285083) can0 38E#1F21004011000000
(1786378705.294881) can0 38E#F822004011000000
(1786378705.304969) can0 38F#8421E25302000000
(1786378705.305210) can0 38E#A523004011000000
(1786378705.314964) can0 38E#2B24004011000000
(1786378705.324916) can0 38F#6322E25302000000
(1786378705.325132) can0 38E#7625004011000000
(1786378705.335007) can0 38E#9126004011000000
(1786378705.344955) can0 38F#3E23E25302000000
(1786378705.345227) can0 38E#CC27004011000000
(1786378705.355030) can0 38E#9028004011000000
(1786378705.364932) can0 38F#B024E25302000000
(1786378705.365176) can0 38E#CD29004011000000
(1786378705.374910) can0 38E#2A2A004011000000
(1786378705.384964) can0 38F#ED25E25302000000
(1786378705.385222) can0 38E#772B004011000000
(1786378705.394908) can0 38E#F92C004011000000
(1786378705.404914) can0 38F#0A26E25302000000
(1786378705.405187) can0 38E#A42D004011000000
(1786378705.414934) can0 38E#432E004011000000
(1786378705.424881) can0 38F#5727E25302000000
(1786378705.425107) can0 38E#1E2F004011000000
(1786378705.434936) can0 38E#4220004011000000
(1786378705.444924) can0 38F#0B28E25302000000
(1786378705.445185) can0 38E#1F21004011000000
(1786378705.454987) can0 38E#F822004011000000
(1786378705.464928) can0 38F#5629E25302000000
(1786378705.465160) can0 38E#A523004011000000
(1786378705.474914) can0 38E#2B24004011000000
(1786378705.484924) can0 38F#B12AE25302000000
(1786378705.485142) can0 38E#7625004011000000
(1786378705.494834) can0 38E#9126004011000000
(1786378705.504917) can0 38F#EC2BE25302000000
(1786378705.505170) can0 38E#CC27004011000000
(1786378705.514978) can0 38E#9028004011000000
(1786378705.524914) can0 38F#622CE25302000000
(1786378705.525127) can0 38E#CD29004011000000
(1786378705.534969) can0 38E#2A2A004011000000
(1786378705.544917) can0 38F#3F2DE25302000000
(1786378705.545208) can0 38E#772B004011000000
(1786378705.554946) can0 38E#F92C004011000000
(1786378705.564969) can0 38F#D82EE25302000000
(1786378705.565184) can0 38E#A42D004011000000
(1786378705.574919) can0 38E#432E004011000000
(1786378705.584955) can0 38F#852FE25302000000
(1786378705.585207) can0 38E#1E2F004011000000
(1786378705.594889) can0 38E#4220004011000000
(1786378705.604951) can0 38F#D920E25302000000
(1786378705.605215) can0 38E#1F21004011000000
(1786378705.614924) can0 38E#F822004011000000
(1786378705.624883) can0 38F#8421E25302000000
(1786378705.625086) can0 38E#A523004011000000
(1786378705.634964) can0 38E#2B24004011000000
(1786378705.644880) can0 38F#6322E25302000000
(1786378705.645112) can0 38E#7625004011000000
(1786378705.654962) can0 38E#9126004011000000
(1786378705.664938) can0 38F#3E23E25302000000
(1786378705.665171) can0 38E#CC27004011000000
(1786378705.674862) can0 38E#9028004011000000
(1786378705.684922) can0 38F#B024E25302000000
(1786378705.685204) can0 38E#CD29004011000000
(1786378705.694927) can0 38E#2A2A004011000000
(1786378705.704991) can0 38F#ED25E25302000000
(1786378705.705284) can0 38E#772B004011000000
(1786378705.714873) can0 38E#F92C004011000000
(1786378705.724860) can0 38F#0A26E25302000000
(1786378705.725071) can0 38E#A42D004011000000
(1786378705.734938) can0 38E#432E004011000000
(1786378705.744959) can0 38F#5727E25302000000
(1786378705.745213) can0 38E#1E2F004011000000
(1786378705.754956) can0 38E#4220004011000000
(1786378705.764942) can0 38F#0B28E25302000000
(1786378705.765210) can0 38E#1F21004011000000
(1786378705.774901) can0 38E#F822004011000000
(1786378705.784972) can0 38F#5629E25302000000
(1786378705.785197) can0 38E#A523004011000000
(1786378705.794895) can0 38E#2B24004011000000
(1786378705.804988) can0 38F#B12AE25302000000
(1786378705.805236) can0 38E#7625004011000000
(1786378705.814932) can0 38E#9126004011000000
(1786378705.824891) can0 38F#EC2BE25302000000
(1786378705.825096) can0 38E#CC27004011000000
(1786378705.834933) can0 38E#9028004011000000
(1786378705.844939) can0 38F#622CE25302000000
(1786378705.845157) can0 38E#CD29004011000000
(1786378705.854953) can0 38E#2A2A004011000000
(1786378705.865004) can0 38F#3F2DE25302000000
(1786378705.865259) can0 38E#772B004011000000
(1786378705.874866) can0 38E#F92C004011000000
(1786378705.884894) can0 38F#D82EE25302000000
(1786378705.885144) can0 38E#A42D004011000000
(1786378705.894897) can0 38E#432E004011000000
(1786378705.904993) can0 38F#852FE25302000000
(1786378705.905245) can0 38E#1E2F004011000000
(1786378705.914977) can0 38E#4220004011000000
(1786378705.924580) can0 38F#D920E25302000000
(1786378705.924820) can0 38E#1F21004011000000
(1786378705.934938) can0 38E#F822004011000000
(1786378705.944953) can0 38F#8421E25302000000
(1786378705.945237) can0 38E#A523004011000000
(1786378705.954968) can0 38E#2B24004011000000
(1786378705.964945) can0 38F#6322E25302000000
(1786378705.965256) can0 38E#7625004011000000
(1786378705.974882) can0 38E#9126004011000000
(1786378705.984936) can0 38F#3E23E25302000000
(1786378705.985172) can0 38E#CC27004011000000
(1786378705.994960) can0 38E#9028004011000000
(1786378706.004907) can0 38F#B024E25302000000
(1786378706.005211) can0 38E#CD29004011000000
(1786378706.014921) can0 38E#2A2A004011000000
(1786378706.024911) can0 38F#ED25E25302000000
(1786378706.025169) can0 38E#772B004011000000
(1786378706.034938) can0 38E#F92C004011000000
(1786378706.044925) can0 38F#0A26E25302000000
(1786378706.045193) can0 38E#A42D004011000000
(1786378706.054977) can0 38E#432E004011000000
(1786378706.064997) can0 38F#5727E25302000000
(1786378706.065259) can0 38E#1E2F004011000000
(1786378706.074822) can0 38E#4220004011000000
(1786378706.084895) can0 38F#0B28E25302000000
(1786378706.085176) can0 38E#1F21004011000000
(1786378706.094976) can0 38E#F822004011000000
(1786378706.104952) can0 38F#5629E25302000000
(1786378706.105187) can0 38E#A523004011000000
(1786378706.114924) can0 38E#2B24004011000000
(1786378706.124928) can0 38F#B12AE25302000000
(1786378706.125144) can0 38E#7625004011000000
(1786378706.134978) can0 38E#9126004011000000
(1786378706.144886) can0 38F#EC2BE25302000000
(1786378706.145168) can0 38E#CC27004011000000
(1786378706.154871) can0 38E#9028004011000000
(1786378706.164911) can0 38F#622CE25302000000
(1786378706.165175) can0 38E#CD29004011000000
(1786378706.174990) can0 38E#2A2A004011000000
(1786378706.184934) can0 38F#3F2DE25302000000
(1786378706.185160) can0 38E#772B004011000000
(1786378706.194940) can0 38E#F92C004011000000
(1786378706.204898) can0 38F#D82EE25302000000
(1786378706.205143) can0 38E#A42D004011000000
(1786378706.215046) can0 38E#432E004011000000
(1786378706.224896) can0 38F#852FE25302000000
(1786378706.225095) can0 38E#1E2F004011000000
(1786378706.234909) can0 38E#4220004011000000
(1786378706.244941) can0 38F#D920E25302000000
(1786378706.245192) can0 38E#1F21004011000000
(1786378706.254936) can0 38E#F822004011000000
(1786378706.264992) can0 38F#8421E25302000000
(1786378706.265294) can0 38E#A523004011000000
(1786378706.274875) can0 38E#2B24004011000000
(1786378706.284958) can0 38F#6322E25302000000
(1786378706.285197) can0 38E#7625004011000000
(1786378706.294913) can0 38E#9126004011000000
(1786378706.304991) can0 38F#3E23E25302000000
(1786378706.305270) can0 38E#CC27004011000000
(1786378706.315014) can0 38E#9028004011000000
(1786378706.324920) can0 38F#B024E25302000000
(1786378706.325184) can0 38E#CD29004011000000
(1786378706.335003) can0 38E#2A2A004011000000
(1786378706.344950) can0 38F#ED25E25302000000
(1786378706.345243) can0 38E#772B004011000000
(1786378706.354887) can0 38E#F92C004011000000
(1786378706.364914) can0 38F#0A26E25302000000
(1786378706.365198) can0 38E#A42D004011000000
(1786378706.374981) can0 38E#432E004011000000
(1786378706.384945) can0 38F#5727E25302000000
(1786378706.385175) can0 38E#1E2F004011000000
(1786378706.394971) can0 38E#4220004011000000
(1786378706.404934) can0 38F#0B28E25302000000
(1786378706.405153) can0 38E#1F21004011000000
(1786378706.414935) can0 38E#F822004011000000
(1786378706.424960) can0 38F#5629E25302000000
(1786378706.425178) can0 38E#A523004011000000
(1786378706.434944) can0 38E#2B24004011000000
(1786378706.444922) can0 38F#B12AE25302000000
(1786378706.445178) can0 38E#7625004011000000
(1786378706.454942) can0 38E#9126004011000000
(1786378706.464925) can0 38F#EC2BE25302000000
(1786378706.465164) can0 38E#CC27004011000000
(1786378706.474873) can0 38E#9028004011000000
(1786378706.484898) can0 38F#622CE25302000000
(1786378706.485124) can0 38E#CD29004011000000
(1786378706.494961) can0 38E#2A2A004011000000
(1786378706.504888) can0 38F#3F2DE25302000000
(1786378706.505115) can0 38E#772B004011000000
(1786378706.514951) can0 38E#F92C004011000000
(1786378706.524953) can0 38F#D82EE25302000000
(1786378706.525277) can0 38E#A42D004011000000
(1786378706.534942) can0 38E#432E004011000000
(1786378706.544957) can0 38F#852FE25302000000
(1786378706.545226) can0 38E#1E2F004011000000
(1786378706.554985) can0 38E#4220004011000000
(1786378706.564954) can0 38F#D920E25302000000
(1786378706.565186) can0 38E#1F21004011000000
(1786378706.574861) can0 38E#F822004011000000
(1786378706.584902) can0 38F#8421E25302000000
(1786378706.585149) can0 38E#A523004011000000
(1786378706.594924) can0 38E#2B24004011000000
(1786378706.604962) can0 38F#6322E25302000000
(1786378706.605177) can0 38E#7625004011000000
(1786378706.614940) can0 38E#9126004011000000
(1786378706.624879) can0 38F#3E23E25302000000
(1786378706.625106) can0 38E#CC27004011000000
(1786378706.634940) can0 38E#9028004011000000
(1786378706.644994) can0 38F#B024E25302000000
(1786378706.645249) can0 38E#CD29004011000000
(1786378706.654941) can0 38E#2A2A004011000000
(1786378706.664913) can0 38F#ED25E25302000000
(1786378706.665147) can0 38E#772B004011000000
(1786378706.674853) can0 38E#F92C004011000000
(1786378706.684938) can0 38F#0A26E25302000000
(1786378706.685157) can0 38E#A42D004011000000
(1786378706.694950) can0 38E#432E004011000000
(1786378706.704958) can0 38F#5727E25302000000
(1786378706.705183) can0 38E#1E2F004011000000
(1786378706.714935) can0 38E#4220004011000000
(1786378706.724891) can0 38F#0B28E25302000000
(1786378706.725160) can0 38E#1F21004011000000
(1786378706.734961) can0 38E#F822004011000000
(1786378706.744933) can0 38F#5629E25302000000
(1786378706.745191) can0 38E#A523004011000000
(1786378706.754993) can0 38E#2B24004011000000
(1786378706.764941) can0 38F#B12AE25302000000
(1786378706.765165) can0 38E#7625004011000000
(1786378706.774929) can0 38E#9126004011000000
(1786378706.784590) can0 38F#EC2BE25302000000
(1786378706.784843) can0 38E#CC27004011000000
(1786378706.794885) can0 38E#9028004011000000
(1786378706.805016) can0 38F#622CE25302000000
(1786378706.805289) can0 38E#CD29004011000000
(1786378706.814958) can0 38E#2A2A004011000000
(1786378706.824905) can0 38F#3F2DE25302000000
(1786378706.825109) can0 38E#772B004011000000
(1786378706.835016) can0 38E#F92C004011000000
(1786378706.844941) can0 38F#D82EE25302000000
(1786378706.845281) can0 38E#A42D004011000000
(1786378706.855026) can0 38E#432E004011000000
(1786378706.865008) can0 38F#852FE25302000000
(1786378706.865245) can0 38E#1E2F004011000000
(1786378706.874928) can0 38E#4220004011000000
(1786378706.884959) can0 38F#D920E25302000000
(1786378706.885304) can0 38E#1F21004011000000
(1786378706.894935) can0 38E#F822004011000000
(1786378706.905014) can0 38F#8421E25302000000
(1786378706.905283) can0 38E#A523004011000000
(1786378706.914933) can0 38E#2B24004011000000
(1786378706.924930) can0 38F#6322E25302000000
(1786378706.925163) can0 38E#7625004011000000
(1786378706.934901) can0 38E#9126004011000000
(1786378706.944933) can0 38F#3E23E25302000000
(1786378706.945228) can0 38E#CC27004011000000
(1786378706.954963) can0 38E#9028004011000000
(1786378706.964904) can0 38F#B024E25302000000
(1786378706.965140) can0 38E#CD29004011000000
(1786378706.974885) can0 38E#2A2A004011000000
(1786378706.984962) can0 38F#ED25E25302000000
(1786378706.985246) can0 38E#772B004011000000
(1786378706.994944) can0 38E#F92C004011000000
(1786378707.004863) can0 38F#0A26E25302000000
(1786378707.005175) can0 38E#A42D004011000000
(1786378707.014892) can0 38E#432E004011000000
(1786378707.024897) can0 38F#5727E25302000000
(1786378707.025134) can0 38E#1E2F004011000000
(1786378707.034997) can0 38E#4220004011000000
(1786378707.044921) can0 38F#0B28E25302000000
(1786378707.045152) can0 38E#1F21004011000000
(1786378707.055001) can0 38E#F822004011000000
(1786378707.064970) can0 38F#5629E25302000000
(1786378707.065204) can0 38E#A523004011000000
(1786378707.074993) can0 38E#2B24004011000000
(1786378707.084914) can0 38F#B12AE25302000000
(1786378707.085160) can0 38E#7625004011000000
(1786378707.094951) can0 38E#9126004011000000
(1786378707.104941) can0 38F#EC2BE25302000000
(1786378707.105244) can0 38E#CC27004011000000
(1786378707.114942) can0 38E#9028004011000000
(1786378707.124971) can0 38F#622CE25302000000
(1786378707.125170) can0 38E#CD29004011000000
(1786378707.134967) can0 38E#2A2A004011000000
(1786378707.144914) can0 38F#3F2DE25302000000
(1786378707.145137) can0 38E#772B004011000000
(1786378707.154930) can0 38E#F92C004011000000
(1786378707.164936) can0 38F#D82EE25302000000
(1786378707.165168) can0 38E#A42D004011000000
(1786378707.174929) can0 38E#432E004011000000
(1786378707.184909) can0 38F#852FE25302000000
(1786378707.185132) can0 38E#1E2F004011000000
(1786378707.194951) can0 38E#4220004011000000
(1786378707.204945) can0 38F#D920E25302000000
(1786378707.205165) can0 38E#1F21004011000000
(1786378707.214856) can0 38E#F822004011000000
(1786378707.224866) can0 38F#8421E25302000000
(1786378707.225067) can0 38E#A523004011000000
(1786378707.235022) can0 38E#2B24004011000000
(1786378707.244933) can0 38F#6322E25302000000
(1786378707.245216) can0 38E#7625004011000000
(1786378707.254984) can0 38E#9126004011000000
(1786378707.264902) can0 38F#3E23E25302000000
(1786378707.265135) can0 38E#CC27004011000000
(1786378707.274899) can0 38E#9028004011000000
(1786378707.284967) can0 38F#B024E25302000000
(1786378707.285196) can0 38E#CD29004011000000
(1786378707.294931) can0 38E#2A2A004011000000
(1786378707.304947) can0 38F#ED25E25302000000
(1786378707.305248) can0 38E#772B004011000000
(1786378707.314961) can0 38E#F92C004011000000
(1786378707.324942) can0 38F#0A26E25302000000
(1786378707.325195) can0 38E#A42D004011000000
(1786378707.334940) can0 38E#432E004011000000
(1786378707.345023) can0 38F#5727E25302000000
(1786378707.345357) can0 38E#1E2F004011000000
(1786378707.355007) can0 38E#4220004011000000
(1786378707.364990) can0 38F#0B28E25302000000
(1786378707.365265) can0 38E#1F21004011000000
(1786378707.374914) can0 38E#F822004011000000
(1786378707.384958) can0 38F#5629E25302000000
(1786378707.385189) can0 38E#A523004011000000
(1786378707.394976) can0 38E#2B24004011000000
(1786378707.404999) can0 38F#B12AE25302000000
(1786378707.405342) can0 38E#7625004011000000
(1786378707.414943) can0 38E#9126004011000000
(1786378707.425001) can0 38F#EC2BE25302000000
(1786378707.425213) can0 38E#CC27004011000000
(1786378707.434902) can0 38E#9028004011000000
(1786378707.444967) can0 38F#622CE25302000000
(1786378707.445248) can0 38E#CD29004011000000
(1786378707.454943) can0 38E#2A2A004011000000
(1786378707.464997) can0 38F#3F2DE25302000000
(1786378707.465252) can0 38E#772B004011000000
(1786378707.474897) can0 38E#F92C004011000000
(1786378707.484879) can0 38F#D82EE25302000000
(1786378707.485134) can0 38E#A42D004011000000
(1786378707.494931) can0 38E#432E004011000000
(1786378707.504998) can0 38F#852FE25302000000
(1786378707.505259) can0 38E#1E2F004011000000
(1786378707.515001) can0 38E#4220004011000000
(1786378707.524890) can0 38F#D920E25302000000
(1786378707.525139) can0 38E#1F21004011000000
(1786378707.534927) can0 38E#F822004011000000
(1786378707.544934) can0 38F#8421E25302000000
(1786378707.545233) can0 38E#A523004011000000
(1786378707.554966) can0 38E#2B24004011000000
(1786378707.564937) can0 38F#6322E25302000000
(1786378707.565185) can0 38E#7625004011000000
(1786378707.574887) can0 38E#9126004011000000
(1786378707.584911) can0 38F#3E23E25302000000
(1786378707.585192) can0 38E#CC27004011000000
(1786378707.594970) can0 38E#9028004011000000
(1786378707.605030) can0 38F#B024E25302000000
(1786378707.605308) can0 38E#CD29004011000000
(1786378707.614951) can0 38E#2A2A004011000000
(1786378707.624916) can0 38F#ED25E25302000000
(1786378707.625121) can0 38E#772B004011000000
(1786378707.634948) can0 38E#F92C004011000000
(1786378707.644866) can0 38F#0A26E25302000000
(1786378707.645125) can0 38E#A42D004011000000
(1786378707.654888) can0 38E#432E004011000000
(1786378707.664996) can0 38F#5727E25302000000
(1786378707.665240) can0 38E#1E2F004011000000
(1786378707.674893) can0 38E#4220004011000000
(1786378707.684966) can0 38F#0B28E25302000000
(1786378707.685228) can0 38E#1F21004011000000
(1786378707.694908) can0 38E#F822004011000000
(1786378707.704975) can0 38F#5629E25302000000
(1786378707.705221) can0 38E#A523004011000000
(1786378707.714978) can0 38E#2B24004011000000
(1786378707.724912) can0 38F#B12AE25302000000
(1786378707.725175) can0 38E#7625004011000000
(1786378707.734959) can0 38E#9126004011000000
(1786378707.744966) can0 38F#EC2BE25302000000
(1786378707.745231) can0 38E#CC27004011000000
(1786378707.754956) can0 38E#9028004011000000
(1786378707.764922) can0 38F#622CE25302000000
(1786378707.765130) can0 38E#CD29004011000000
(1786378707.774894) can0 38E#2A2A004011000000
(1786378707.784973) can0 38F#3F2DE25302000000
(1786378707.785209) can0 38E#772B004011000000
(1786378707.794884) can0 38E#F92C004011000000
(1786378707.804951) can0 38F#D82EE25302000000
(1786378707.805181) can0 38E#A42D004011000000
(1786378707.814976) can0 38E#432E004011000000
(1786378707.824882) can0 38F#852FE25302000000
(1786378707.825131) can0 38E#1E2F004011000000
(1786378707.834951) can0 38E#4220004011000000
(1786378707.844944) can0 38F#D920E25302000000
(1786378707.845201) can0 38E#1F21004011000000
(1786378707.855011) can0 38E#F822004011000000
(1786378707.864926) can0 38F#8421E25302000000
(1786378707.865230) can0 38E#A523004011000000
(1786378707.874864) can0 38E#2B24004011000000
(1786378707.884983) can0 38F#6322E25302000000
(1786378707.885228) can0 38E#7625004011000000
(1786378707.894938) can0 38E#9126004011000000
(1786378707.904956) can0 38F#3E23E25302000000
(1786378707.905191) can0 38E#CC27004011000000
(1786378707.914955) can0 38E#9028004011000000
(1786378707.924944) can0 38F#B024E25302000000
(1786378707.925232) can0 38E#CD29004011000000
(1786378707.935009) can0 38E#2A2A004011000000
(1786378707.945024) can0 38F#ED25E25302000000
(1786378707.945326) can0 38E#772B004011000000
(1786378707.954950) can0 38E#F92C004011000000
(1786378707.964946) can0 38F#0A26E25302000000
(1786378707.965198) can0 38E#A42D004011000000
(1786378707.974870) can0 38E#432E004011000000
(1786378707.984977) can0 38F#5727E25302000000
(1786378707.985220) can0 38E#1E2F004011000000
(1786378707.995007) can0 38E#4220004011000000
(1786378708.004956) can0 38F#0B28E25302000000
(1786378708.005219) can0 38E#1F21004011000000
(1786378708.014910) can0 38E#F822004011000000
(1786378708.024918) can0 38F#5629E25302000000
(1786378708.025129) can0 38E#A523004011000000
(1786378708.034969) can0 38E#2B24004011000000
(1786378708.044934) can0 38F#B12AE25302000000
(1786378708.045193) can0 38E#7625004011000000
(1786378708.054965) can0 38E#9126004011000000
(1786378708.064954) can0 38F#EC2BE25302000000
(1786378708.065198) can0 38E#CC27004011000000
(1786378708.074895) can0 38E#9028004011000000
(1786378708.084933) can0 38F#622CE25302000000
(1786378708.085176) can0 38E#CD29004011000000
(1786378708.095029) can0 38E#2A2A004011000000
(1786378708.104973) can0 38F#3F2DE25302000000
(1786378708.105200) can0 38E#772B004011000000
(1786378708.114956) can0 38E#F92C004011000000
(1786378708.124918) can0 38F#D82EE25302000000
(1786378708.125161) can0 38E#A42D004011000000
(1786378708.134948) can0 38E#432E004011000000
(1786378708.144979) can0 38F#852FE25302000000
(1786378708.145252) can0 38E#1E2F004011000000
(1786378708.154974) can0 38E#4220004011000000
(1786378708.164930) can0 38F#D920E25302000000
(1786378708.165142) can0 38E#1F21004011000000
(1786378708.174906) can0 38E#F822004011000000
(1786378708.184965) can0 38F#8421E25302000000
(1786378708.185201) can0 38E#A523004011000000
(1786378708.194935) can0 38E#2B24004011000000
(1786378708.204941) can0 38F#6322E25302000000
(1786378708.205166) can0 38E#7625004011000000
(1786378708.214967) can0 38E#9126004011000000
(1786378708.224860) can0 38F#3E23E25302000000
(1786378708.225094) can0 38E#CC27004011000000
(1786378708.234928) can0 38E#9028004011000000
(1786378708.244962) can0 38F#B024E25302000000
(1786378708.245251) can0 38E#CD29004011000000
(1786378708.254962) can0 38E#2A2A004011000000
(1786378708.264965) can0 38F#ED25E25302000000
(1786378708.265287) can0 38E#772B004011000000
(1786378708.274916) can0 38E#F92C004011000000
(1786378708.284965) can0 38F#0A26E25302000000
(1786378708.285184) can0 38E#A42D004011000000
(1786378708.294873) can0 38E#432E004011000000
(1786378708.304932) can0 38F#5727E25302000000
(1786378708.305164) can0 38E#1E2F004011000000
(1786378708.315000) can0 38E#4220004011000000
(1786378708.324986) can0 38F#0B28E25302000000
(1786378708.325292) can0 38E#1F21004011000000
(1786378708.334972) can0 38E#F822004011000000
(1786378708.344969) can0 38F#5629E25302000000
(1786378708.345270) can0 38E#A523004011000000
(1786378708.355036) can0 38E#2B24004011000000
(1786378708.364984) can0 38F#B12AE25302000000
(1786378708.365211) can0 38E#7625004011000000
(1786378708.374930) can0 38E#9126004011000000
(1786378708.384925) can0 38F#EC2BE25302000000
(1786378708.385200) can0 38E#CC27004011000000
(1786378708.394940) can0 38E#9028004011000000
(1786378708.404954) can0 38F#622CE25302000000
(1786378708.405201) can0 38E#CD29004011000000
(1786378708.414960) can0 38E#2A2A004011000000
(1786378708.424928) can0 38F#3F2DE25302000000
(1786378708.425139) can0 38E#772B004011000000
(1786378708.434931) can0 38E#F92C004011000000
(1786378708.444943) can0 38F#D82EE25302000000
(1786378708.445176) can0 38E#A42D004011000000
(1786378708.454969) can0 38E#432E004011000000
(1786378708.464973) can0 38F#852FE25302000000
(1786378708.465205) can0 38E#1E2F004011000000
(1786378708.474858) can0 38E#4220004011000000
(1786378708.484956) can0 38F#D920E25302000000
(1786378708.485219) can0 38E#1F21004011000000
(1786378708.495045) can0 38E#F822004011000000
(1786378708.504934) can0 38F#8421E25302000000
(1786378708.505146) can0 38E#A523004011000000
(1786378708.514946) can0 38E#2B24004011000000
(1786378708.524945) can0 38F#6322E25302000000
(1786378708.525189) can0 38E#7625004011000000
(1786378708.534983) can0 38E#9126004011000000
(1786378708.544994) can0 38F#3E23E25302000000
(1786378708.545329) can0 38E#CC27004011000000
(1786378708.554962) can0 38E#9028004011000000
(1786378708.564952) can0 38F#B024E25302000000
(1786378708.565207) can0 38E#CD29004011000000
(1786378708.574934) can0 38E#2A2A004011000000
(1786378708.584930) can0 38F#ED25E25302000000
(1786378708.585183) can0 38E#772B004011000000
(1786378708.594964) can0 38E#F92C004011000000
(1786378708.604889) can0 38F#0A26E25302000000
(1786378708.605130) can0 38E#A42D004011000000
(1786378708.614985) can0 38E#432E004011000000
(1786378708.624867) can0 38F#5727E25302000000
(1786378708.625075) can0 38E#1E2F004011000000
(1786378708.634935) can0 38E#4220004011000000
(1786378708.644971) can0 38F#0B28E25302000000
(1786378708.645278) can0 38E#1F21004011000000
(1786378708.654918) can0 38E#F822004011000000
(1786378708.664922) can0 38F#5629E25302000000
(1786378708.665147) can0 38E#A523004011000000
(1786378708.674961) can0 38E#2B24004011000000
(1786378708.684934) can0 38F#B12AE25302000000
(1786378708.685176) can0 38E#7625004011000000
(1786378708.694918) can0 38E#9126004011000000
(1786378708.705027) can0 38F#EC2BE25302000000
(1786378708.705262) can0 38E#CC27004011000000
(1786378708.714981) can0 38E#9028004011000000
(1786378708.724873) can0 38F#622CE25302000000
(1786378708.725071) can0 38E#CD29004011000000
(1786378708.734935) can0 38E#2A2A004011000000
(1786378708.745031) can0 38F#3F2DE25302000000
(1786378708.745310) can0 38E#772B004011000000
(1786378708.754998) can0 38E#F92C004011000000
(1786378708.764994) can0 38F#D82EE25302000000
(1786378708.765237) can0 38E#A42D004011000000
(1786378708.774900) can0 38E#432E004011000000
(1786378708.784985) can0 38F#852FE25302000000
(1786378708.785218) can0 38E#1E2F004011000000
(1786378708.795003) can0 38E#4220004011000000
(1786378708.804975) can0 38F#D920E25302000000
(1786378708.805232) can0 38E#1F21004011000000
(1786378708.814968) can0 38E#F822004011000000
(1786378708.824894) can0 38F#8421E25302000000
(1786378708.825104) can0 38E#A523004011000000
(1786378708.834950) can0 38E#2B24004011000000
(1786378708.844987) can0 38F#6322E25302000000
(1786378708.845289) can0 38E#7625004011000000
(1786378708.855057) can0 38E#9126004011000000
(1786378708.864916) can0 38F#3E23E25302000000
(1786378708.865160) can0 38E#CC27004011000000
(1786378708.874942) can0 38E#9028004011000000
(1786378708.884891) can0 38F#B024E25302000000
(1786378708.885209) can0 38E#CD29004011000000
(1786378708.894980) can0 38E#2A2A004011000000
(1786378708.904986) can0 38F#ED25E25302000000
(1786378708.905218) can0 38E#772B004011000000
(1786378708.914982) can0 38E#F92C004011000000
(1786378708.924959) can0 38F#0A26E25302000000
(1786378708.925198) can0 38E#A42D004011000000
(1786378708.934972) can0 38E#432E004011000000
(1786378708.944924) can0 38F#5727E25302000000
(1786378708.945218) can0 38E#1E2F004011000000
(1786378708.955052) can0 38E#4220004011000000
(1786378708.964948) can0 38F#0B28E25302000000
(1786378708.965214) can0 38E#1F21004011000000
(1786378708.974920) can0 38E#F822004011000000
(1786378708.984898) can0 38F#5629E25302000000
(1786378708.985130) can0 38E#A523004011000000
(1786378708.994939) can0 38E#2B24004011000000
(1786378709.004987) can0 38F#B12AE25302000000
(1786378709.005230) can0 38E#7625004011000000
(1786378709.014944) can0 38E#9126004011000000
(1786378709.024876) can0 38F#EC2BE25302000000
(1786378709.025075) can0 38E#CC27004011000000
(1786378709.034942) can0 38E#9028004011000000
(1786378709.044928) can0 38F#622CE25302000000
(1786378709.045290) can0 38E#CD29004011000000
(1786378709.054984) can0 38E#2A2A004011000000
(1786378709.064949) can0 38F#3F2DE25302000000
(1786378709.065179) can0 38E#772B004011000000
(1786378709.074894) can0 38E#F92C004011000000
(1786378709.084903) can0 38F#D82EE25302000000
(1786378709.085131) can0 38E#A42D004011000000
(1786378709.094922) can0 38E#432E004011000000
(1786378709.105029) can0 38F#852FE25302000000
(1786378709.105276) can0 38E#1E2F004011000000
(1786378709.114917) can0 38E#4220004011000000
(1786378709.124925) can0 38F#D920E25302000000
(1786378709.125131) can0 38E#1F21004011000000
(1786378709.134971) can0 38E#F822004011000000
(1786378709.145079) can0 38F#8421E25302000000
(1786378709.145368) can0 38E#A523004011000000
(1786378709.154932) can0 38E#2B24004011000000
(1786378709.164897) can0 38F#6322E25302000000
(1786378709.165123) can0 38E#7625004011000000
(1786378709.174929) can0 38E#9126004011000000
(1786378709.184985) can0 38F#3E23E25302000000
(1786378709.185254) can0 38E#CC27004011000000
(1786378709.194974) can0 38E#9028004011000000
(1786378709.204952) can0 38F#B024E25302000000
(1786378709.205246) can0 38E#CD29004011000000
(1786378709.214953) can0 38E#2A2A004011000000
(1786378709.225035) can0 38F#ED25E25302000000
(1786378709.225240) can0 38E#772B004011000000
(1786378709.234949) can0 38E#F92C004011000000
(1786378709.244931) can0 38F#0A26E25302000000
(1786378709.245227) can0 38E#A42D004011000000
(1786378709.254970) can0 38E#432E004011000000
(1786378709.264944) can0 38F#5727E25302000000
(1786378709.265276) can0 38E#1E2F004011000000
(1786378709.274949) can0 38E#4220004011000000
(1786378709.284965) can0 38F#0B28E25302000000
(1786378709.285193) can0 38E#1F21004011000000
(1786378709.294928) can0 38E#F822004011000000
(1786378709.304938) can0 38F#5629E25302000000
(1786378709.305166) can0 38E#A523004011000000
(1786378709.314988) can0 38E#2B24004011000000
(1786378709.324946) can0 38F#B12AE25302000000
(1786378709.325169) can0 38E#7625004011000000
(1786378709.334953) can0 38E#9126004011000000
(1786378709.344973) can0 38F#EC2BE25302000000
(1786378709.345203) can0 38E#CC27004011000000
(1786378709.354974) can0 38E#9028004011000000
(1786378709.364906) can0 38F#622CE25302000000
(1786378709.365175) can0 38E#CD29004011000000
(1786378709.374856) can0 38E#2A2A004011000000
(1786378709.384994) can0 38F#3F2DE25302000000
(1786378709.385283) can0 38E#772B004011000000
(1786378709.394917) can0 38E#F92C004011000000
(1786378709.404973) can0 38F#D82EE25302000000
(1786378709.405207) can0 38E#A42D004011000000
(1786378709.414917) can0 38E#432E004011000000
(1786378709.424896) can0 38F#852FE25302000000
(1786378709.425115) can0 38E#1E2F004011000000
(1786378709.435004) can0 38E#4220004011000000
(1786378709.444939) can0 38F#D920E25302000000
(1786378709.445216) can0 38E#1F21004011000000
(1786378709.454982) can0 38E#F822004011000000
(1786378709.465030) can0 38F#8421E25302000000
(1786378709.465386) can0 38E#A523004011000000
(1786378709.474911) can0 38E#2B24004011000000
(1786378709.484934) can0 38F#6322E25302000000
(1786378709.485217) can0 38E#7625004011000000
(1786378709.494960) can0 38E#9126004011000000
(1786378709.504992) can0 38F#3E23E25302000000
(1786378709.505219) can0 38E#CC27004011000000
(1786378709.514937) can0 38E#9028004011000000
(1786378709.524928) can0 38F#B024E25302000000
(1786378709.525133) can0 38E#CD29004011000000
(1786378709.534947) can0 38E#2A2A004011000000
(1786378709.544905) can0 38F#ED25E25302000000
(1786378709.545163) can0 38E#772B004011000000
(1786378709.554944) can0 38E#F92C004011000000
(1786378709.564955) can0 38F#0A26E25302000000
(1786378709.565266) can0 38E#A42D004011000000
(1786378709.574967) can0 38E#432E004011000000
(1786378709.584924) can0 38F#5727E25302000000
(1786378709.585169) can0 38E#1E2F004011000000
(1786378709.594899) can0 38E#4220004011000000
(1786378709.604966) can0 38F#0B28E25302000000
(1786378709.605208) can0 38E#1F21004011000000
(1786378709.614990) can0 38E#F822004011000000
(1786378709.624908) can0 38F#5629E25302000000
(1786378709.625127) can0 38E#A523004011000000
(1786378709.634977) can0 38E#2B24004011000000
(1786378709.645000) can0 38F#B12AE25302000000
(1786378709.645258) can0 38E#7625004011000000
(1786378709.654997) can0 38E#9126004011000000
(1786378709.664997) can0 38F#EC2BE25302000000
(1786378709.665232) can0 38E#CC27004011000000
(1786378709.674884) can0 38E#9028004011000000
(1786378709.684908) can0 38F#622CE25302000000
(1786378709.685165) can0 38E#CD29004011000000
(1786378709.694888) can0 38E#2A2A004011000000
(1786378709.704996) can0 38F#3F2DE25302000000
(1786378709.705306) can0 38E#772B004011000000
(1786378709.714964) can0 38E#F92C004011000000
(1786378709.724925) can0 38F#D82EE25302000000
(1786378709.725131) can0 38E#A42D004011000000
(1786378709.735042) can0 38E#432E004011000000
(1786378709.744949) can0 38F#852FE25302000000
(1786378709.745194) can0 38E#1E2F004011000000
(1786378709.754992) can0 38E#4220004011000000
(1786378709.764918) can0 38F#D920E25302000000
(1786378709.765157) can0 38E#1F21004011000000
(1786378709.774950) can0 38E#F822004011000000
(1786378709.785022) can0 38F#8421E25302000000
(1786378709.785261) can0 38E#A523004011000000
(1786378709.794891) can0 38E#2B24004011000000
(1786378709.804991) can0 38F#6322E25302000000
(1786378709.805348) can0 38E#7625004011000000
(1786378709.815022) can0 38E#9126004011000000
(1786378709.824910) can0 38F#3E23E25302000000
(1786378709.825120) can0 38E#CC27004011000000
(1786378709.834989) can0 38E#9028004011000000
(1786378709.844905) can0 38F#B024E25302000000
(1786378709.845208) can0 38E#CD29004011000000
(1786378709.854986) can0 38E#2A2A004011000000
(1786378709.865016) can0 38F#ED25E25302000000
(1786378709.865245) can0 38E#772B004011000000
(1786378709.875023) can0 38E#F92C004011000000
(1786378709.884918) can0 38F#0A26E25302000000
(1786378709.885137) can0 38E#A42D004011000000
(1786378709.894922) can0 38E#432E004011000000
(1786378709.905011) can0 38F#5727E25302000000
(1786378709.905273) can0 38E#1E2F004011000000
(1786378709.914964) can0 38E#4220004011000000
(1786378709.924909) can0 38F#0B28E25302000000
(1786378709.925132) can0 38E#1F21004011000000
(1786378709.934969) can0 38E#F822004011000000
(1786378709.944943) can0 38F#5629E25302000000
(1786378709.945255) can0 38E#A523004011000000
(1786378709.955013) can0 38E#2B24004011000000
(1786378709.964944) can0 38F#B12AE25302000000
(1786378709.965193) can0 38E#7625004011000000
(1786378709.974906) can0 38E#9126004011000000
(1786378709.984959) can0 38F#EC2BE25302000000
(1786378709.985251) can0 38E#CC27004011000000
(1786378709.995042) can0 38E#9028004011000000
(1786378710.005055) can0 38F#622CE25302000000
(1786378710.005313) can0 38E#CD29004011000000
(1786378710.014900) can0 38E#2A2A004011000000
(1786378710.024869) can0 38F#3F2DE25302000000
(1786378710.025067) can0 38E#772B004011000000
(1786378710.034970) can0 38E#F92C004011000000
(1786378710.044947) can0 38F#D82EE25302000000
(1786378710.045207) can0 38E#A42D004011000000
(1786378710.054944) can0 38E#432E004011000000
(1786378710.064953) can0 38F#852FE25302000000
(1786378710.065183) can0 38E#1E2F004011000000
(1786378710.074912) can0 38E#4220004011000000
(1786378710.085001) can0 38F#D920E25302000000
(1786378710.085218) can0 38E#1F21004011000000
(1786378710.094929) can0 38E#F822004011000000
(1786378710.104946) can0 38F#8421E25302000000
(1786378710.105178) can0 38E#A523004011000000
(1786378710.114994) can0 38E#2B24004011000000
(1786378710.124941) can0 38F#6322E25302000000
(1786378710.125145) can0 38E#7625004011000000
(1786378710.134999) can0 38E#9126004011000000
(1786378710.144962) can0 38F#3E23E25302000000
(1786378710.145205) can0 38E#CC27004011000000
(1786378710.154947) can0 38E#9028004011000000
(1786378710.164921) can0 38F#B024E25302000000
(1786378710.165157) can0 38E#CD29004011000000
(1786378710.174895) can0 38E#2A2A004011000000
(1786378710.184997) can0 38F#ED25E25302000000
(1786378710.185229) can0 38E#772B004011000000
(1786378710.194891) can0 38E#F92C004011000000
(1786378710.204952) can0 38F#0A26E25302000000
(1786378710.205196) can0 38E#A42D004011000000
(1786378710.215037) can0 38E#432E004011000000
(1786378710.224894) can0 38F#5727E25302000000
(1786378710.225107) can0 38E#1E2F004011000000
(1786378710.234918) can0 38E#4220004011000000
(1786378710.244994) can0 38F#0B28E25302000000
(1786378710.245232) can0 38E#1F21004011000000
(1786378710.254968) can0 38E#F822004011000000
(1786378710.264957) can0 38F#5629E25302000000
(1786378710.265184) can0 38E#A523004011000000
(1786378710.274861) can0 38E#2B24004011000000
(1786378710.284926) can0 38F#B12AE25302000000
(1786378710.285149) can0 38E#7625004011000000
(1786378710.295033) can0 38E#9126004011000000
(1786378710.304970) can0 38F#EC2BE25302000000
(1786378710.305204) can0 38E#CC27004011000000
(1786378710.314926) can0 38E#9028004011000000
(1786378710.324950) can0 38F#622CE25302000000
(1786378710.325183) can0 38E#CD29004011000000
(1786378710.334997) can0 38E#2A2A004011000000
(1786378710.345002) can0 38F#3F2DE25302000000
(1786378710.345338) can0 38E#772B004011000000
(1786378710.354990) can0 38E#F92C004011000000
(1786378710.364993) can0 38F#D82EE25302000000
(1786378710.365244) can0 38E#A42D004011000000
(1786378710.374862) can0 38E#432E004011000000
(1786378710.384923) can0 38F#852FE25302000000
(1786378710.385157) can0 38E#1E2F004011000000
(1786378710.394974) can0 38E#4220004011000000
(1786378710.404933) can0 38F#D920E25302000000
(1786378710.405195) can0 38E#1F21004011000000
(1786378710.414957) can0 38E#F822004011000000
(1786378710.424934) can0 38F#8421E25302000000
(1786378710.425160) can0 38E#A523004011000000
(1786378710.435004) can0 38E#2B24004011000000
(1786378710.444911) can0 38F#6322E25302000000
(1786378710.445195) can0 38E#7625004011000000
(1786378710.454948) can0 38E#9126004011000000
(1786378710.465006) can0 38F#3E23E25302000000
(1786378710.465307) can0 38E#CC27004011000000
(1786378710.474958) can0 38E#9028004011000000
(1786378710.484916) can0 38F#B024E25302000000
(1786378710.485163) can0 38E#CD29004011000000
(1786378710.494910) can0 38E#2A2A004011000000
(1786378710.505007) can0 38F#ED25E25302000000
(1786378710.505237) can0 38E#772B004011000000
(1786378710.515027) can0 38E#F92C004011000000
(1786378710.525000) can0 38F#0A26E25302000000
(1786378710.525272) can0 38E#A42D004011000000
(1786378710.534964) can0 38E#432E004011000000
(1786378710.544917) can0 38F#5727E25302000000
(1786378710.545191) can0 38E#1E2F004011000000
(1786378710.554996) can0 38E#4220004011000000
(1786378710.564953) can0 38F#0B28E25302000000
(1786378710.565277) can0 38E#1F21004011000000
(1786378710.574989) can0 38E#F822004011000000
(1786378710.585013) can0 38F#5629E25302000000
(1786378710.585266) can0 38E#A523004011000000
(1786378710.594941) can0 38E#2B24004011000000
(1786378710.604933) can0 38F#B12AE25302000000
(1786378710.605189) can0 38E#7625004011000000
(1786378710.614969) can0 38E#9126004011000000
(1786378710.624920) can0 38F#EC2BE25302000000
(1786378710.625153) can0 38E#CC27004011000000
(1786378710.634979) can0 38E#9028004011000000
(1786378710.644990) can0 38F#622CE25302000000
(1786378710.645253) can0 38E#CD29004011000000
(1786378710.654922) can0 38E#2A2A004011000000
(1786378710.664927) can0 38F#3F2DE25302000000
(1786378710.665148) can0 38E#772B004011000000
(1786378710.674974) can0 38E#F92C004011000000
(1786378710.684959) can0 38F#D82EE25302000000
(1786378710.685203) can0 38E#A42D004011000000
(1786378710.694984) can0 38E#432E004011000000
(1786378710.704947) can0 38F#852FE25302000000
(1786378710.705178) can0 38E#1E2F004011000000
(1786378710.714960) can0 38E#4220004011000000
(1786378710.725021) can0 38F#D920E25302000000
(1786378710.725273) can0 38E#1F21004011000000
(1786378710.735011) can0 38E#F822004011000000
(1786378710.744956) can0 38F#8421E25302000000
(1786378710.745187) can0 38E#A523004011000000
(1786378710.755092) can0 38E#2B24004011000000
(1786378710.764992) can0 38F#6322E25302000000
(1786378710.765245) can0 38E#7625004011000000
(1786378710.774933) can0 38E#9126004011000000
(1786378710.784928) can0 38F#3E23E25302000000
(1786378710.785192) can0 38E#CC27004011000000
(1786378710.794952) can0 38E#9028004011000000
(1786378710.804911) can0 38F#B024E25302000000
(1786378710.805163) can0 38E#CD29004011000000
(1786378710.814994) can0 38E#2A2A004011000000
(1786378710.824910) can0 38F#ED25E25302000000
(1786378710.825153) can0 38E#772B004011000000
(1786378710.834937) can0 38E#F92C004011000000
(1786378710.844970) can0 38F#0A26E25302000000
(1786378710.845281) can0 38E#A42D004011000000
(1786378710.854993) can0 38E#432E004011000000
(1786378710.865009) can0 38F#5727E25302000000
(1786378710.865240) can0 38E#1E2F004011000000
(1786378710.874847) can0 38E#4220004011000000
(1786378710.884973) can0 38F#0B28E25302000000
(1786378710.885184) can0 38E#1F21004011000000
(1786378710.894923) can0 38E#F822004011000000
(1786378710.905017) can0 38F#5629E25302000000
(1786378710.905245) can0 38E#A523004011000000
(1786378710.914983) can0 38E#2B24004011000000
(1786378710.924988) can0 38F#B12AE25302000000
(1786378710.925194) can0 38E#7625004011000000
(1786378710.934980) can0 38E#9126004011000000
(1786378710.944984) can0 38F#EC2BE25302000000
(1786378710.945201) can0 38E#CC27004011000000
(1786378710.954963) can0 38E#9028004011000000
(1786378710.964942) can0 38F#622CE25302000000
(1786378710.965257) can0 38E#CD29004011000000
(1786378710.974900) can0 38E#2A2A004011000000
(1786378710.984959) can0 38F#3F2DE25302000000
(1786378710.985230) can0 38E#772B004011000000
(1786378710.994982) can0 38E#F92C004011000000
(1786378711.004975) can0 38F#D82EE25302000000
(1786378711.005187) can0 38E#A42D004011000000
(1786378711.014959) can0 38E#432E004011000000
(1786378711.024916) can0 38F#852FE25302000000
(1786378711.025135) can0 38E#1E2F004011000000
(1786378711.034977) can0 38E#4220004011000000
(1786378711.044977) can0 38F#D920E25302000000
(1786378711.045233) can0 38E#1F21004011000000
(1786378711.054968) can0 38E#F822004011000000
(1786378711.064977) can0 38F#8421E25302000000
(1786378711.065186) can0 38E#A523004011000000
(1786378711.074917) can0 38E#2B24004011000000
(1786378711.084933) can0 38F#6322E25302000000
(1786378711.085201) can0 38E#7625004011000000
(1786378711.094888) can0 38E#9126004011000000
(1786378711.105019) can0 38F#3E23E25302000000
(1786378711.105246) can0 38E#CC27004011000000
(1786378711.114958) can0 38E#9028004011000000
(1786378711.124959) can0 38F#B024E25302000000
(1786378711.125248) can0 38E#CD29004011000000
(1786378711.134975) can0 38E#2A2A004011000000
(1786378711.144916) can0 38F#ED25E25302000000
(1786378711.145166) can0 38E#772B004011000000
(1786378711.155034) can0 38E#F92C004011000000
(1786378711.164969) can0 38F#0A26E25302000000
(1786378711.165362) can0 38E#A42D004011000000
(1786378711.174963) can0 38E#432E004011000000
(1786378711.184964) can0 38F#5727E25302000000
(1786378711.185190) can0 38E#1E2F004011000000
(1786378711.194941) can0 38E#4220004011000000
(1786378711.204978) can0 38F#0B28E25302000000
(1786378711.205197) can0 38E#1F21004011000000
(1786378711.214931) can0 38E#F822004011000000
(1786378711.224960) can0 38F#5629E25302000000
(1786378711.225199) can0 38E#A523004011000000
(1786378711.234974) can0 38E#2B24004011000000
(1786378711.244940) can0 38F#B12AE25302000000
(1786378711.245225) can0 38E#7625004011000000
(1786378711.255055) can0 38E#9126004011000000
(1786378711.265022) can0 38F#EC2BE25302000000
(1786378711.265396) can0 38E#CC27004011000000
(1786378711.274937) can0 38E#9028004011000000
(1786378711.284933) can0 38F#622CE25302000000
(1786378711.285211) can0 38E#CD29004011000000
(1786378711.294994) can0 38E#2A2A004011000000
(1786378711.304953) can0 38F#3F2DE25302000000
(1786378711.305209) can0 38E#772B004011000000
(1786378711.314941) can0 38E#F92C004011000000
(1786378711.324950) can0 38F#D82EE25302000000
(1786378711.325206) can0 38E#A42D004011000000
(1786378711.335013) can0 38E#432E004011000000
(1786378711.344962) can0 38F#852FE25302000000
(1786378711.345221) can0 38E#1E2F004011000000
(1786378711.354978) can0 38E#4220004011000000
(1786378711.365046) can0 38F#D920E25302000000
(1786378711.365283) can0 38E#1F21004011000000
(1786378711.374962) can0 38E#F822004011000000
(1786378711.384970) can0 38F#8421E25302000000
(1786378711.385244) can0 38E#A523004011000000
(1786378711.394938) can0 38E#2B24004011000000
(1786378711.404977) can0 38F#6322E25302000000
(1786378711.405206) can0 38E#7625004011000000
(1786378711.414972) can0 38E#9126004011000000
(1786378711.424977) can0 38F#3E23E25302000000
(1786378711.425180) can0 38E#CC27004011000000
(1786378711.434983) can0 38E#9028004011000000
(1786378711.444967) can0 38F#B024E25302000000
(1786378711.445265) can0 38E#CD29004011000000
(1786378711.454921) can0 38E#2A2A004011000000
(1786378711.464984) can0 38F#ED25E25302000000
(1786378711.465287) can0 38E#772B004011000000
(1786378711.475009) can0 38E#F92C004011000000
(1786378711.484942) can0 38F#0A26E25302000000
(1786378711.485218) can0 38E#A42D004011000000
(1786378711.494936) can0 38E#432E004011000000
(1786378711.504987) can0 38F#5727E25302000000
(1786378711.505233) can0 38E#1E2F004011000000
(1786378711.514971) can0 38E#4220004011000000
(1786378711.524901) can0 38F#0B28E25302000000
(1786378711.525112) can0 38E#1F21004011000000
(1786378711.534990) can0 38E#F822004011000000
(1786378711.545000) can0 38F#5629E25302000000
(1786378711.545285) can0 38E#A523004011000000
(1786378711.555031) can0 38E#2B24004011000000
(1786378711.564980) can0 38F#B12AE25302000000
(1786378711.565319) can0 38E#7625004011000000
(1786378711.574944) can0 38E#9126004011000000
(1786378711.584988) can0 38F#EC2BE25302000000
(1786378711.585199) can0 38E#CC27004011000000
(1786378711.594970) can0 38E#9028004011000000
(1786378711.604937) can0 38F#622CE25302000000
(1786378711.605259) can0 38E#CD29004011000000
(1786378711.615015) can0 38E#2A2A004011000000
(1786378711.624935) can0 38F#3F2DE25302000000
(1786378711.625142) can0 38E#772B004011000000
(1786378711.634977) can0 38E#F92C004011000000
(1786378711.644929) can0 38F#D82EE25302000000
(1786378711.645157) can0 38E#A42D004011000000
(1786378711.654985) can0 38E#432E004011000000
(1786378711.664926) can0 38F#852FE25302000000
(1786378711.665176) can0 38E#1E2F004011000000
(1786378711.674925) can0 38E#4220004011000000
(1786378711.684963) can0 38F#D920E25302000000
(1786378711.685314) can0 38E#1F21004011000000
(1786378711.694930) can0 38E#F822004011000000
(1786378711.704986) can0 38F#8421E25302000000
(1786378711.705208) can0 38E#A523004011000000
(1786378711.715008) can0 38E#2B24004011000000
(1786378711.724961) can0 38F#6322E25302000000
(1786378711.725162) can0 38E#7625004011000000
(1786378711.734948) can0 38E#9126004011000000
(1786378711.744903) can0 38F#3E23E25302000000
(1786378711.745202) can0 38E#CC27004011000000
(1786378711.754959) can0 38E#9028004011000000
(1786378711.764938) can0 38F#B024E25302000000
(1786378711.765190) can0 38E#CD29004011000000
(1786378711.774941) can0 38E#2A2A004011000000
(1786378711.785014) can0 38F#ED25E25302000000
(1786378711.785258) can0 38E#772B004011000000
(1786378711.794977) can0 38E#F92C004011000000
(1786378711.805029) can0 38F#0A26E25302000000
(1786378711.805259) can0 38E#A42D004011000000
(1786378711.814997) can0 38E#432E004011000000
(1786378711.824913) can0 38F#5727E25302000000
(1786378711.825128) can0 38E#1E2F004011000000
(1786378711.834974) can0 38E#4220004011000000
(1786378711.844930) can0 38F#0B28E25302000000
(1786378711.845230) can0 38E#1F21004011000000
(1786378711.855032) can0 38E#F822004011000000
(1786378711.864999) can0 38F#5629E25302000000
(1786378711.865228) can0 38E#A523004011000000
(1786378711.874888) can0 38E#2B24004011000000
(1786378711.885012) can0 38F#B12AE25302000000
(1786378711.885255) can0 38E#7625004011000000
(1786378711.894899) can0 38E#9126004011000000
(1786378711.904996) can0 38F#EC2BE25302000000
(1786378711.905227) can0 38E#CC27004011000000
(1786378711.914953) can0 38E#9028004011000000
(1786378711.924948) can0 38F#622CE25302000000
(1786378711.925181) can0 38E#CD29004011000000
(1786378711.935011) can0 38E#2A2A004011000000
(1786378711.944941) can0 38F#3F2DE25302000000
(1786378711.945229) can0 38E#772B004011000000
(1786378711.954929) can0 38E#F92C004011000000
(1786378711.964998) can0 38F#D82EE25302000000
(1786378711.965240) can0 38E#A42D004011000000
(1786378711.974930) can0 38E#432E004011000000
(1786378711.985009) can0 38F#852FE25302000000
(1786378711.985304) can0 38E#1E2F004011000000
(1786378711.994886) can0 38E#4220004011000000
(1786378712.004942) can0 38F#D920E25302000000
(1786378712.005177) can0 38E#1F21004011000000
(1786378712.015047) can0 38E#F822004011000000
(1786378712.024958) can0 38F#8421E25302000000
(1786378712.025196) can0 38E#A523004011000000
(1786378712.034985) can0 38E#2B24004011000000
(1786378712.044976) can0 38F#6322E25302000000
(1786378712.045238) can0 38E#7625004011000000
(1786378712.055012) can0 38E#9126004011000000
(1786378712.065007) can0 38F#3E23E25302000000
(1786378712.065323) can0 38E#CC27004011000000
(1786378712.074971) can0 38E#9028004011000000
(1786378712.084976) can0 38F#B024E25302000000
(1786378712.085271) can0 38E#CD29004011000000
(1786378712.094932) can0 38E#2A2A004011000000
(1786378712.104978) can0 38F#ED25E25302000000
(1786378712.105280) can0 38E#772B004011000000
(1786378712.114991) can0 38E#F92C004011000000
(1786378712.124926) can0 38F#0A26E25302000000
(1786378712.125153) can0 38E#A42D004011000000
(1786378712.135002) can0 38E#432E004011000000
(1786378712.144948) can0 38F#5727E25302000000
(1786378712.145213) can0 38E#1E2F004011000000
(1786378712.155086) can0 38E#4220004011000000
(1786378712.164951) can0 38F#0B28E25302000000
(1786378712.165162) can0 38E#1F21004011000000
(1786378712.174948) can0 38E#F822004011000000
(1786378712.184950) can0 38F#5629E25302000000
(1786378712.185188) can0 38E#A523004011000000
(1786378712.195076) can0 38E#2B24004011000000
(1786378712.204990) can0 38F#B12AE25302000000
(1786378712.205297) can0 38E#7625004011000000
(1786378712.215052) can0 38E#9126004011000000
(1786378712.225128) can0 38F#EC2BE25302000000
(1786378712.225471) can0 38E#CC27004011000000
(1786378712.235033) can0 38E#9028004011000000
(1786378712.244989) can0 38F#622CE25302000000
(1786378712.245286) can0 38E#CD29004011000000
(1786378712.254941) can0 38E#2A2A004011000000
(1786378712.264970) can0 38F#3F2DE25302000000
(1786378712.265264) can0 38E#772B004011000000
(1786378712.274891) can0 38E#F92C004011000000
(1786378712.285000) can0 38F#D82EE25302000000
(1786378712.285210) can0 38E#A42D004011000000
(1786378712.294933) can0 38E#432E004011000000
(1786378712.304986) can0 38F#852FE25302000000
(1786378712.305236) can0 38E#1E2F004011000000
(1786378712.314943) can0 38E#4220004011000000
(1786378712.324943) can0 38F#D920E25302000000
(1786378712.325190) can0 38E#1F21004011000000
(1786378712.335035) can0 38E#F822004011000000
(1786378712.344935) can0 38F#8421E25302000000
(1786378712.345196) can0 38E#A523004011000000
(1786378712.354995) can0 38E#2B24004011000000
(1786378712.365022) can0 38F#6322E25302000000
(1786378712.365311) can0 38E#7625004011000000
(1786378712.374902) can0 38E#9126004011000000
(1786378712.384972) can0 38F#3E23E25302000000
(1786378712.385284) can0 38E#CC27004011000000
(1786378712.395018) can0 38E#9028004011000000
(1786378712.404953) can0 38F#B024E25302000000
(1786378712.405212) can0 38E#CD29004011000000
(1786378712.415009) can0 38E#2A2A004011000000
(1786378712.424905) can0 38F#ED25E25302000000
(1786378712.425121) can0 38E#772B004011000000
(1786378712.434962) can0 38E#F92C004011000000
(1786378712.445011) can0 38F#0A26E25302000000
(1786378712.445271) can0 38E#A42D004011000000
(1786378712.454991) can0 38E#432E004011000000
(1786378712.464940) can0 38F#5727E25302000000
(1786378712.465168) can0 38E#1E2F004011000000
(1786378712.474956) can0 38E#4220004011000000
(1786378712.484965) can0 38F#0B28E25302000000
(1786378712.485255) can0 38E#1F21004011000000
(1786378712.494949) can0 38E#F822004011000000
(1786378712.504990) can0 38F#5629E25302000000
(1786378712.505216) can0 38E#A523004011000000
(1786378712.514989) can0 38E#2B24004011000000
(1786378712.524917) can0 38F#B12AE25302000000
(1786378712.525111) can0 38E#7625004011000000
(1786378712.534964) can0 38E#9126004011000000
(1786378712.544997) can0 38F#EC2BE25302000000
(1786378712.545278) can0 38E#CC27004011000000
(1786378712.554927) can0 38E#9028004011000000
(1786378712.565026) can0 38F#622CE25302000000
(1786378712.565330) can0 38E#CD29004011000000
(1786378712.575001) can0 38E#2A2A004011000000
(1786378712.585101) can0 38F#3F2DE25302000000
(1786378712.585446) can0 38E#772B004011000000
(1786378712.594950) can0 38E#F92C004011000000
(1786378712.605026) can0 38F#D82EE25302000000
(1786378712.605342) can0 38E#A42D004011000000
(1786378712.614954) can0 38E#432E004011000000
(1786378712.624994) can0 38F#852FE25302000000
(1786378712.625211) can0 38E#1E2F004011000000
(1786378712.634992) can0 38E#4220004011000000
(1786378712.644958) can0 38F#D920E25302000000
(1786378712.645191) can0 38E#1F21004011000000
(1786378712.655049) can0 38E#F822004011000000
(1786378712.665001) can0 38F#8421E25302000000
(1786378712.665225) can0 38E#A523004011000000
(1786378712.674898) can0 38E#2B24004011000000
(1786378712.684947) can0 38F#6322E25302000000
(1786378712.685271) can0 38E#7625004011000000
(1786378712.694975) can0 38E#9126004011000000
(1786378712.705005) can0 38F#3E23E25302000000
(1786378712.705217) can0 38E#CC27004011000000
(1786378712.714986) can0 38E#9028004011000000
(1786378712.724989) can0 38F#B024E25302000000
(1786378712.725205) can0 38E#CD29004011000000
(1786378712.734991) can0 38E#2A2A004011000000
(1786378712.744935) can0 38F#ED25E25302000000
(1786378712.745183) can0 38E#772B004011000000
(1786378712.754983) can0 38E#F92C004011000000
(1786378712.765031) can0 38F#0A26E25302000000
(1786378712.765419) can0 38E#A42D004011000000
(1786378712.774950) can0 38E#432E004011000000
(1786378712.785060) can0 38F#5727E25302000000
(1786378712.785317) can0 38E#1E2F004011000000
(1786378712.794990) can0 38E#4220004011000000
(1786378712.804955) can0 38F#0B28E25302000000
(1786378712.805152) can0 38E#1F21004011000000
(1786378712.814963) can0 38E#F822004011000000
(1786378712.824970) can0 38F#5629E25302000000
(1786378712.825178) can0 38E#A523004011000000
(1786378712.834974) can0 38E#2B24004011000000
(1786378712.845001) can0 38F#B12AE25302000000
(1786378712.845295) can0 38E#7625004011000000
(1786378712.854942) can0 38E#9126004011000000
(1786378712.864951) can0 38F#EC2BE25302000000
(1786378712.865238) can0 38E#CC27004011000000
(1786378712.875004) can0 38E#9028004011000000
(1786378712.885013) can0 38F#622CE25302000000
(1786378712.885286) can0 38E#CD29004011000000
(1786378712.894989) can0 38E#2A2A004011000000
(1786378712.905028) can0 38F#3F2DE25302000000
(1786378712.905307) can0 38E#772B004011000000
(1786378712.914988) can0 38E#F92C004011000000
(1786378712.924940) can0 38F#D82EE25302000000
(1786378712.925156) can0 38E#A42D004011000000
(1786378712.934961) can0 38E#432E004011000000
(1786378712.944988) can0 38F#852FE25302000000
(1786378712.945238) can0 38E#1E2F004011000000
(1786378712.954959) can0 38E#4220004011000000
(1786378712.964954) can0 38F#D920E25302000000
(1786378712.965175) can0 38E#1F21004011000000
(1786378712.974997) can0 38E#F822004011000000
(1786378712.984954) can0 38F#8421E25302000000
(1786378712.985189) can0 38E#A523004011000000
(1786378712.994934) can0 38E#2B24004011000000
(1786378713.005001) can0 38F#6322E25302000000
(1786378713.005235) can0 38E#7625004011000000
(1786378713.014993) can0 38E#9126004011000000
(1786378713.024874) can0 38F#3E23E25302000000
(1786378713.025127) can0 38E#CC27004011000000
(1786378713.034984) can0 38E#9028004011000000
(1786378713.044983) can0 38F#B024E25302000000
(1786378713.045252) can0 38E#CD29004011000000
(1786378713.054992) can0 38E#2A2A004011000000
(1786378713.064951) can0 38F#ED25E25302000000
(1786378713.065201) can0 38E#772B004011000000
(1786378713.074897) can0 38E#F92C004011000000
(1786378713.084972) can0 38F#0A26E25302000000
(1786378713.085215) can0 38E#A42D004011000000
(1786378713.094996) can0 38E#432E004011000000
(1786378713.104997) can0 38F#5727E25302000000
(1786378713.105234) can0 38E#1E2F004011000000
(1786378713.114969) can0 38E#4220004011000000
(1786378713.124948) can0 38F#0B28E25302000000
(1786378713.125175) can0 38E#1F21004011000000
(1786378713.135001) can0 38E#F822004011000000
(1786378713.145052) can0 38F#5629E25302000000
(1786378713.145372) can0 38E#A523004011000000
(1786378713.154977) can0 38E#2B24004011000000
(1786378713.164943) can0 38F#B12AE25302000000
(1786378713.165314) can0 38E#7625004011000000
(1786378713.174921) can0 38E#9126004011000000
(1786378713.184975) can0 38F#EC2BE25302000000
(1786378713.185235) can0 38E#CC27004011000000
(1786378713.194992) can0 38E#9028004011000000
(1786378713.204939) can0 38F#622CE25302000000
(1786378713.205214) can0 38E#CD29004011000000
(1786378713.215043) can0 38E#2A2A004011000000
(1786378713.224985) can0 38F#3F2DE25302000000
(1786378713.225219) can0 38E#772B004011000000
(1786378713.234908) can0 38E#F92C004011000000
(1786378713.244963) can0 38F#D82EE25302000000
(1786378713.245257) can0 38E#A42D004011000000
(1786378713.255016) can0 38E#432E004011000000
(1786378713.265020) can0 38F#852FE25302000000
(1786378713.265266) can0 38E#1E2F004011000000
(1786378713.274999) can0 38E#4220004011000000
(1786378713.284924) can0 38F#D920E25302000000
(1786378713.285234) can0 38E#1F21004011000000
(1786378713.295037) can0 38E#F822004011000000
(1786378713.305012) can0 38F#8421E25302000000
(1786378713.305241) can0 38E#A523004011000000
(1786378713.314973) can0 38E#2B24004011000000
(1786378713.324938) can0 38F#6322E25302000000
(1786378713.325232) can0 38E#7625004011000000
(1786378713.334959) can0 38E#9126004011000000
(1786378713.344974) can0 38F#3E23E25302000000
(1786378713.345225) can0 38E#CC27004011000000
(1786378713.354983) can0 38E#9028004011000000
(1786378713.364966) can0 38F#B024E25302000000
(1786378713.365223) can0 38E#CD29004011000000
(1786378713.374979) can0 38E#2A2A004011000000
(1786378713.384906) can0 38F#ED25E25302000000
(1786378713.385151) can0 38E#772B004011000000
(1786378713.394965) can0 38E#F92C004011000000
(1786378713.405056) can0 38F#0A26E25302000000
(1786378713.405275) can0 38E#A42D004011000000
(1786378713.414956) can0 38E#432E004011000000
(1786378713.424933) can0 38F#5727E25302000000
(1786378713.425145) can0 38E#1E2F004011000000
(1786378713.435031) can0 38E#4220004011000000
(1786378713.445008) can0 38F#0B28E25302000000
(1786378713.445212) can0 38E#1F21004011000000
(1786378713.454970) can0 38E#F822004011000000
(1786378713.464971) can0 38F#5629E25302000000
(1786378713.465192) can0 38E#A523004011000000
(1786378713.474973) can0 38E#2B24004011000000
(1786378713.485000) can0 38F#B12AE25302000000
(1786378713.485292) can0 38E#7625004011000000
(1786378713.494961) can0 38E#9126004011000000
(1786378713.504972) can0 38F#EC2BE25302000000
(1786378713.505219) can0 38E#CC27004011000000
(1786378713.515031) can0 38E#9028004011000000
(1786378713.525012) can0 38F#622CE25302000000
(1786378713.525236) can0 38E#CD29004011000000
(1786378713.535021) can0 38E#2A2A004011000000
(1786378713.544938) can0 38F#3F2DE25302000000
(1786378713.545208) can0 38E#772B004011000000
(1786378713.555000) can0 38E#F92C004011000000
(1786378713.565001) can0 38F#D82EE25302000000
(1786378713.565293) can0 38E#A42D004011000000
(1786378713.574961) can0 38E#432E004011000000
(1786378713.584974) can0 38F#852FE25302000000
(1786378713.585269) can0 38E#1E2F004011000000
(1786378713.594982) can0 38E#4220004011000000
(1786378713.604912) can0 38F#D920E25302000000
(1786378713.605171) can0 38E#1F21004011000000
(1786378713.615012) can0 38E#F822004011000000
(1786378713.625147) can0 38F#8421E25302000000
(1786378713.625534) can0 38E#A523004011000000
(1786378713.635108) can0 38E#2B24004011000000
(1786378713.645006) can0 38F#6322E25302000000
(1786378713.645334) can0 38E#7625004011000000
(1786378713.655067) can0 38E#9126004011000000
(1786378713.664701) can0 38F#3E23E25302000000
(1786378713.664995) can0 38E#CC27004011000000
(1786378713.674926) can0 38E#9028004011000000
(1786378713.685107) can0 38F#B024E25302000000
(1786378713.685346) can0 38E#CD29004011000000
(1786378713.694957) can0 38E#2A2A004011000000
(1786378713.705026) can0 38F#ED25E25302000000
(1786378713.705279) can0 38E#772B004011000000
(1786378713.714976) can0 38E#F92C004011000000
(1786378713.724958) can0 38F#0A26E25302000000
(1786378713.725176) can0 38E#A42D004011000000
(1786378713.735037) can0 38E#432E004011000000
(1786378713.744959) can0 38F#5727E25302000000
(1786378713.745218) can0 38E#1E2F004011000000
(1786378713.754985) can0 38E#4220004011000000
(1786378713.764916) can0 38F#0B28E25302000000
(1786378713.765166) can0 38E#1F21004011000000
(1786378713.774924) can0 38E#F822004011000000
(1786378713.785052) can0 38F#5629E25302000000
(1786378713.785411) can0 38E#A523004011000000
(1786378713.794960) can0 38E#2B24004011000000
(1786378713.805050) can0 38F#B12AE25302000000
(1786378713.805295) can0 38E#7625004011000000
(1786378713.814970) can0 38E#9126004011000000
(1786378713.824946) can0 38F#EC2BE25302000000
(1786378713.825152) can0 38E#CC27004011000000
(1786378713.834978) can0 38E#9028004011000000
(1786378713.844938) can0 38F#622CE25302000000
(1786378713.845184) can0 38E#CD29004011000000
(1786378713.854961) can0 38E#2A2A004011000000
(1786378713.865025) can0 38F#3F2DE25302000000
(1786378713.865315) can0 38E#772B004011000000
(1786378713.874987) can0 38E#F92C004011000000
(1786378713.884890) can0 38F#D82EE25302000000
(1786378713.885236) can0 38E#A42D004011000000
(1786378713.894955) can0 38E#432E004011000000
(1786378713.905019) can0 38F#852FE25302000000
(1786378713.905247) can0 38E#1E2F004011000000
(1786378713.915023) can0 38E#4220004011000000
(1786378713.924970) can0 38F#D920E25302000000
(1786378713.925169) can0 38E#1F21004011000000
(1786378713.934968) can0 38E#F822004011000000
(1786378713.945070) can0 38F#8421E25302000000
(1786378713.945386) can0 38E#A523004011000000
(1786378713.955083) can0 38E#2B24004011000000
(1786378713.964943) can0 38F#6322E25302000000
(1786378713.965182) can0 38E#7625004011000000
(1786378713.974930) can0 38E#9126004011000000
(1786378713.984944) can0 38F#3E23E25302000000
(1786378713.985174) can0 38E#CC27004011000000
(1786378713.994947) can0 38E#9028004011000000
(1786378714.005008) can0 38F#B024E25302000000
(1786378714.005239) can0 38E#CD29004011000000
(1786378714.014969) can0 38E#2A2A004011000000
(1786378714.024926) can0 38F#ED25E25302000000
(1786378714.025145) can0 38E#772B004011000000
(1786378714.034978) can0 38E#F92C004011000000
(1786378714.044993) can0 38F#0A26E25302000000
(1786378714.045230) can0 38E#A42D004011000000
(1786378714.055038) can0 38E#432E004011000000
(1786378714.064977) can0 38F#5727E25302000000
(1786378714.065245) can0 38E#1E2F004011000000
(1786378714.074965) can0 38E#4220004011000000
(1786378714.084973) can0 38F#0B28E25302000000
(1786378714.085189) can0 38E#1F21004011000000
(1786378714.094970) can0 38E#F822004011000000
(1786378714.105081) can0 38F#5629E25302000000
(1786378714.105319) can0 38E#A523004011000000
(1786378714.115063) can0 38E#2B24004011000000
(1786378714.124981) can0 38F#B12AE25302000000
(1786378714.125310) can0 38E#7625004011000000
(1786378714.135046) can0 38E#9126004011000000
(1786378714.144910) can0 38F#EC2BE25302000000
(1786378714.145187) can0 38E#CC27004011000000
(1786378714.154976) can0 38E#9028004011000000
(1786378714.165046) can0 38F#622CE25302000000
(1786378714.165325) can0 38E#CD29004011000000
(1786378714.174948) can0 38E#2A2A004011000000
(1786378714.184942) can0 38F#3F2DE25302000000
(1786378714.185228) can0 38E#772B004011000000
(1786378714.194949) can0 38E#F92C004011000000
(1786378714.204993) can0 38F#D82EE25302000000
(1786378714.205223) can0 38E#A42D004011000000
(1786378714.214992) can0 38E#432E004011000000
(1786378714.224937) can0 38F#852FE25302000000
(1786378714.225144) can0 38E#1E2F004011000000
(1786378714.234994) can0 38E#4220004011000000
(1786378714.244906) can0 38F#D920E25302000000
(1786378714.245171) can0 38E#1F21004011000000
(1786378714.254977) can0 38E#F822004011000000
(1786378714.264988) can0 38F#8421E25302000000
(1786378714.265279) can0 38E#A523004011000000
(1786378714.274927) can0 38E#2B24004011000000
(1786378714.284976) can0 38F#6322E25302000000
(1786378714.285198) can0 38E#7625004011000000
(1786378714.295005) can0 38E#9126004011000000
(1786378714.305035) can0 38F#3E23E25302000000
(1786378714.305255) can0 38E#CC27004011000000
(1786378714.314969) can0 38E#9028004011000000
(1786378714.324907) can0 38F#B024E25302000000
(1786378714.325160) can0 38E#CD29004011000000
(1786378714.334994) can0 38E#2A2A004011000000
(1786378714.344977) can0 38F#ED25E25302000000
(1786378714.345207) can0 38E#772B004011000000
(1786378714.354991) can0 38E#F92C004011000000
(1786378714.364943) can0 38F#0A26E25302000000
(1786378714.365200) can0 38E#A42D004011000000
(1786378714.374980) can0 38E#432E004011000000
(1786378714.385021) can0 38F#5727E25302000000
(1786378714.385242) can0 38E#1E2F004011000000
(1786378714.394994) can0 38E#4220004011000000
(1786378714.404991) can0 38F#0B28E25302000000
(1786378714.405229) can0 38E#1F21004011000000
(1786378714.415002) can0 38E#F822004011000000
(1786378714.424952) can0 38F#5629E25302000000
(1786378714.425186) can0 38E#A523004011000000
(1786378714.435019) can0 38E#2B24004011000000
(1786378714.444997) can0 38F#B12AE25302000000
(1786378714.445264) can0 38E#7625004011000000
(1786378714.454987) can0 38E#9126004011000000
(1786378714.464954) can0 38F#EC2BE25302000000
(1786378714.465204) can0 38E#CC27004011000000
(1786378714.475008) can0 38E#9028004011000000
(1786378714.485046) can0 38F#622CE25302000000
(1786378714.485270) can0 38E#CD29004011000000
(1786378714.494975) can0 38E#2A2A004011000000
(1786378714.505023) can0 38F#3F2DE25302000000
(1786378714.505272) can0 38E#772B004011000000
(1786378714.515016) can0 38E#F92C004011000000
(1786378714.524631) can0 38F#D82EE25302000000
(1786378714.524892) can0 38E#A42D004011000000
(1786378714.534951) can0 38E#432E004011000000
(1786378714.545032) can0 38F#852FE25302000000
(1786378714.545308) can0 38E#1E2F004011000000
(1786378714.554983) can0 38E#4220004011000000
(1786378714.564993) can0 38F#D920E25302000000
(1786378714.565235) can0 38E#1F21004011000000
(1786378714.574925) can0 38E#F822004011000000
(1786378714.585002) can0 38F#8421E25302000000
(1786378714.585238) can0 38E#A523004011000000
(1786378714.595004) can0 38E#2B24004011000000
(1786378714.604983) can0 38F#6322E25302000000
(1786378714.605194) can0 38E#7625004011000000
(1786378714.614971) can0 38E#9126004011000000
(1786378714.624934) can0 38F#3E23E25302000000
(1786378714.625163) can0 38E#CC27004011000000
(1786378714.635008) can0 38E#9028004011000000
(1786378714.645033) can0 38F#B024E25302000000
(1786378714.645379) can0 38E#CD29004011000000
(1786378714.655038) can0 38E#2A2A004011000000
(1786378714.665053) can0 38F#ED25E25302000000
(1786378714.665413) can0 38E#772B004011000000
(1786378714.674963) can0 38E#F92C004011000000
(1786378714.685026) can0 38F#0A26E25302000000
(1786378714.685273) can0 38E#A42D004011000000
(1786378714.694959) can0 38E#432E004011000000
(1786378714.704961) can0 38F#5727E25302000000
(1786378714.705190) can0 38E#1E2F004011000000
(1786378714.714980) can0 38E#4220004011000000
(1786378714.724965) can0 38F#0B28E25302000000
(1786378714.725164) can0 38E#1F21004011000000
(1786378714.735038) can0 38E#F822004011000000
(1786378714.744928) can0 38F#5629E25302000000
(1786378714.745177) can0 38E#A523004011000000
(1786378714.755022) can0 38E#2B24004011000000
(1786378714.765014) can0 38F#B12AE25302000000
(1786378714.765271) can0 38E#7625004011000000
(1786378714.774996) can0 38E#9126004011000000
(1786378714.785009) can0 38F#EC2BE25302000000
(1786378714.785241) can0 38E#CC27004011000000
(1786378714.794980) can0 38E#9028004011000000
(1786378714.805098) can0 38F#622CE25302000000
(1786378714.805426) can0 38E#CD29004011000000
(1786378714.815088) can0 38E#2A2A004011000000
(1786378714.824991) can0 38F#3F2DE25302000000
(1786378714.825239) can0 38E#772B004011000000
(1786378714.835023) can0 38E#F92C004011000000
(1786378714.844916) can0 38F#D82EE25302000000
(1786378714.845207) can0 38E#A42D004011000000
(1786378714.854993) can0 38E#432E004011000000
(1786378714.865038) can0 38F#852FE25302000000
(1786378714.865294) can0 38E#1E2F004011000000
(1786378714.874937) can0 38E#4220004011000000
(1786378714.885002) can0 38F#D920E25302000000
(1786378714.885317) can0 38E#1F21004011000000
(1786378714.894971) can0 38E#F822004011000000
(1786378714.904991) can0 38F#8421E25302000000
(1786378714.905218) can0 38E#A523004011000000
(1786378714.915068) can0 38E#2B24004011000000
(1786378714.924936) can0 38F#6322E25302000000
(1786378714.925178) can0 38E#7625004011000000
(1786378714.935009) can0 38E#9126004011000000
(1786378714.944943) can0 38F#3E23E25302000000
(1786378714.945161) can0 38E#CC27004011000000
(1786378714.954949) can0 38E#9028004011000000
(1786378714.964964) can0 38F#B024E25302000000
(1786378714.965181) can0 38E#CD29004011000000
(1786378714.974990) can0 38E#2A2A004011000000
(1786378714.984991) can0 38F#ED25E25302000000
(1786378714.985235) can0 38E#772B004011000000
(1786378714.995011) can0 38E#F92C004011000000
(1786378715.004951) can0 38F#0A26E25302000000
(1786378715.005178) can0 38E#A42D004011000000
(1786378715.014961) can0 38E#432E004011000000
(1786378715.024999) can0 38F#5727E25302000000
(1786378715.025204) can0 38E#1E2F004011000000
(1786378715.034988) can0 38E#4220004011000000
(1786378715.044968) can0 38F#0B28E25302000000
(1786378715.045183) can0 38E#1F21004011000000
(1786378715.055015) can0 38E#F822004011000000
(1786378715.065053) can0 38F#5629E25302000000
(1786378715.065283) can0 38E#A523004011000000
(1786378715.074997) can0 38E#2B24004011000000
(1786378715.085005) can0 38F#B12AE25302000000
(1786378715.085316) can0 38E#7625004011000000
(1786378715.095029) can0 38E#9126004011000000
(1786378715.104947) can0 38F#EC2BE25302000000
(1786378715.105183) can0 38E#CC27004011000000
(1786378715.115009) can0 38E#9028004011000000
(1786378715.125000) can0 38F#622CE25302000000
(1786378715.125225) can0 38E#CD29004011000000
(1786378715.134977) can0 38E#2A2A004011000000
(1786378715.145026) can0 38F#3F2DE25302000000
(1786378715.145312) can0 38E#772B004011000000
(1786378715.155057) can0 38E#F92C004011000000
(1786378715.165050) can0 38F#D82EE25302000000
(1786378715.165363) can0 38E#A42D004011000000
(1786378715.174944) can0 38E#432E004011000000
(1786378715.184980) can0 38F#852FE25302000000
(1786378715.185226) can0 38E#1E2F004011000000
(1786378715.195012) can0 38E#4220004011000000
(1786378715.205081) can0 38F#D920E25302000000
(1786378715.205367) can0 38E#1F21004011000000
(1786378715.215003) can0 38E#F822004011000000
(1786378715.225005) can0 38F#8421E25302000000
(1786378715.225237) can0 38E#A523004011000000
(1786378715.235007) can0 38E#2B24004011000000
(1786378715.245031) can0 38F#6322E25302000000
(1786378715.245271) can0 38E#7625004011000000
(1786378715.254994) can0 38E#9126004011000000
(1786378715.264957) can0 38F#3E23E25302000000
(1786378715.265209) can0 38E#CC27004011000000
(1786378715.274923) can0 38E#9028004011000000
(1786378715.284985) can0 38F#B024E25302000000
(1786378715.285243) can0 38E#CD29004011000000
(1786378715.295013) can0 38E#2A2A004011000000
(1786378715.305107) can0 38F#ED25E25302000000
(1786378715.305363) can0 38E#772B004011000000
(1786378715.314990) can0 38E#F92C004011000000
(1786378715.324929) can0 38F#0A26E25302000000
(1786378715.325189) can0 38E#A42D004011000000
(1786378715.335018) can0 38E#432E004011000000
(1786378715.345153) can0 38F#5727E25302000000
(1786378715.345465) can0 38E#1E2F004011000000
(1786378715.355035) can0 38E#4220004011000000
(1786378715.364990) can0 38F#0B28E25302000000
(1786378715.365239) can0 38E#1F21004011000000
(1786378715.374997) can0 38E#F822004011000000
(1786378715.384984) can0 38F#5629E25302000000
(1786378715.385295) can0 38E#A523004011000000
(1786378715.394989) can0 38E#2B24004011000000
(1786378715.405016) can0 38F#B12AE25302000000
(1786378715.405329) can0 38E#7625004011000000
(1786378715.414997) can0 38E#9126004011000000
(1786378715.425006) can0 38F#EC2BE25302000000
(1786378715.425262) can0 38E#CC27004011000000
(1786378715.434950) can0 38E#9028004011000000
(1786378715.444991) can0 38F#622CE25302000000
(1786378715.445346) can0 38E#CD29004011000000
(1786378715.455043) can0 38E#2A2A004011000000
(1786378715.465008) can0 38F#3F2DE25302000000
(1786378715.465284) can0 38E#772B004011000000
(1786378715.474999) can0 38E#F92C004011000000
(1786378715.484967) can0 38F#D82EE25302000000
(1786378715.485362) can0 38E#A42D004011000000
(1786378715.495013) can0 38E#432E004011000000
(1786378715.505038) can0 38F#852FE25302000000
(1786378715.505276) can0 38E#1E2F004011000000
(1786378715.514952) can0 38E#4220004011000000
(1786378715.524960) can0 38F#D920E25302000000
(1786378715.525180) can0 38E#1F21004011000000
(1786378715.534961) can0 38E#F822004011000000
(1786378715.545034) can0 38F#8421E25302000000
(1786378715.545329) can0 38E#A523004011000000
(1786378715.554997) can0 38E#2B24004011000000
(1786378715.564968) can0 38F#6322E25302000000
(1786378715.565199) can0 38E#7625004011000000
(1786378715.574992) can0 38E#9126004011000000
(1786378715.585000) can0 38F#3E23E25302000000
(1786378715.585242) can0 38E#CC27004011000000
(1786378715.595080) can0 38E#9028004011000000
(1786378715.604955) can0 38F#B024E25302000000
(1786378715.605192) can0 38E#CD29004011000000
(1786378715.614964) can0 38E#2A2A004011000000
(1786378715.624987) can0 38F#ED25E25302000000
(1786378715.625216) can0 38E#772B004011000000
(1786378715.635072) can0 38E#F92C004011000000
(1786378715.644987) can0 38F#0A26E25302000000
(1786378715.645303) can0 38E#A42D004011000000
(1786378715.654967) can0 38E#432E004011000000
(1786378715.665007) can0 38F#5727E25302000000
(1786378715.665344) can0 38E#1E2F004011000000
(1786378715.674986) can0 38E#4220004011000000
(1786378715.685029) can0 38F#0B28E25302000000
(1786378715.685291) can0 38E#1F21004011000000
(1786378715.694990) can0 38E#F822004011000000
(1786378715.704986) can0 38F#5629E25302000000
(1786378715.705262) can0 38E#A523004011000000
(1786378715.714951) can0 38E#2B24004011000000
(1786378715.725004) can0 38F#B12AE25302000000
(1786378715.725282) can0 38E#7625004011000000
(1786378715.735016) can0 38E#9126004011000000
(1786378715.744990) can0 38F#EC2BE25302000000
(1786378715.745223) can0 38E#CC27004011000000
(1786378715.754984) can0 38E#9028004011000000
(1786378715.764981) can0 38F#622CE25302000000
(1786378715.765217) can0 38E#CD29004011000000
(1786378715.774972) can0 38E#2A2A004011000000
(1786378715.784971) can0 38F#3F2DE25302000000
(1786378715.785204) can0 38E#772B004011000000
(1786378715.795016) can0 38E#F92C004011000000
(1786378715.805009) can0 38F#D82EE25302000000
(1786378715.805243) can0 38E#A42D004011000000
(1786378715.814999) can0 38E#432E004011000000
(1786378715.824956) can0 38F#852FE25302000000
(1786378715.825201) can0 38E#1E2F004011000000
(1786378715.835063) can0 38E#4220004011000000
(1786378715.844982) can0 38F#D920E25302000000
(1786378715.845346) can0 38E#1F21004011000000
(1786378715.855060) can0 38E#F822004011000000
(1786378715.864973) can0 38F#8421E25302000000
(1786378715.865204) can0 38E#A523004011000000
(1786378715.874928) can0 38E#2B24004011000000
(1786378715.885031) can0 38F#6322E25302000000
(1786378715.885351) can0 38E#7625004011000000
(1786378715.895062) can0 38E#9126004011000000
(1786378715.905008) can0 38F#3E23E25302000000
(1786378715.905304) can0 38E#CC27004011000000
(1786378715.914995) can0 38E#9028004011000000
(1786378715.924953) can0 38F#B024E25302000000
(1786378715.925203) can0 38E#CD29004011000000
(1786378715.935010) can0 38E#2A2A004011000000
(1786378715.944969) can0 38F#ED25E25302000000
(1786378715.945226) can0 38E#772B004011000000
(1786378715.955051) can0 38E#F92C004011000000
(1786378715.964929) can0 38F#0A26E25302000000
(1786378715.965204) can0 38E#A42D004011000000
(1786378715.974965) can0 38E#432E004011000000
(1786378715.985034) can0 38F#5727E25302000000
(1786378715.985285) can0 38E#1E2F004011000000
(1786378715.995012) can0 38E#4220004011000000
(1786378716.005036) can0 38F#0B28E25302000000
(1786378716.005281) can0 38E#1F21004011000000
(1786378716.015008) can0 38E#F822004011000000
(1786378716.024991) can0 38F#5629E25302000000
(1786378716.025206) can0 38E#A523004011000000
(1786378716.034918) can0 38E#2B24004011000000
(1786378716.044966) can0 38F#B12AE25302000000
(1786378716.045223) can0 38E#7625004011000000
(1786378716.054993) can0 38E#9126004011000000
(1786378716.065046) can0 38F#EC2BE25302000000
(1786378716.065293) can0 38E#CC27004011000000
(1786378716.074968) can0 38E#9028004011000000
(1786378716.084983) can0 38F#622CE25302000000
(1786378716.085215) can0 38E#CD29004011000000
(1786378716.095059) can0 38E#2A2A004011000000
(1786378716.105059) can0 38F#3F2DE25302000000
(1786378716.105296) can0 38E#772B004011000000
(1786378716.115031) can0 38E#F92C004011000000
(1786378716.124948) can0 38F#D82EE25302000000
(1786378716.125256) can0 38E#A42D004011000000
(1786378716.135021) can0 38E#432E004011000000
(1786378716.144978) can0 38F#852FE25302000000
(1786378716.145266) can0 38E#1E2F004011000000
(1786378716.155025) can0 38E#4220004011000000
(1786378716.165015) can0 38F#D920E25302000000
(1786378716.165256) can0 38E#1F21004011000000
(1786378716.174920) can0 38E#F822004011000000
(1786378716.184989) can0 38F#8421E25302000000
(1786378716.185240) can0 38E#A523004011000000
(1786378716.195007) can0 38E#2B24004011000000
(1786378716.205000) can0 38F#6322E25302000000
(1786378716.205220) can0 38E#7625004011000000
(1786378716.214964) can0 38E#9126004011000000
(1786378716.225006) can0 38F#3E23E25302000000
(1786378716.225258) can0 38E#CC27004011000000
(1786378716.235076) can0 38E#9028004011000000
(1786378716.245009) can0 38F#B024E25302000000
(1786378716.245444) can0 38E#CD29004011000000
(1786378716.254982) can0 38E#2A2A004011000000
(1786378716.265014) can0 38F#ED25E25302000000
(1786378716.265247) can0 38E#772B004011000000
(1786378716.274946) can0 38E#F92C004011000000
(1786378716.285024) can0 38F#0A26E25302000000
(1786378716.285255) can0 38E#A42D004011000000
(1786378716.294955) can0 38E#432E004011000000
(1786378716.305023) can0 38F#5727E25302000000
(1786378716.305247) can0 38E#1E2F004011000000
(1786378716.315030) can0 38E#4220004011000000
(1786378716.325001) can0 38F#0B28E25302000000
(1786378716.325217) can0 38E#1F21004011000000
(1786378716.335011) can0 38E#F822004011000000
(1786378716.345022) can0 38F#5629E25302000000
(1786378716.345300) can0 38E#A523004011000000
(1786378716.354962) can0 38E#2B24004011000000
(1786378716.364939) can0 38F#B12AE25302000000
(1786378716.365224) can0 38E#7625004011000000
(1786378716.374959) can0 38E#9126004011000000
(1786378716.385038) can0 38F#EC2BE25302000000
(1786378716.385300) can0 38E#CC27004011000000
(1786378716.394936) can0 38E#9028004011000000
(1786378716.404976) can0 38F#622CE25302000000
(1786378716.405213) can0 38E#CD29004011000000
(1786378716.415030) can0 38E#2A2A004011000000
(1786378716.424928) can0 38F#3F2DE25302000000
(1786378716.425202) can0 38E#772B004011000000
(1786378716.434981) can0 38E#F92C004011000000
(1786378716.445043) can0 38F#D82EE25302000000
(1786378716.445319) can0 38E#A42D004011000000
(1786378716.455021) can0 38E#432E004011000000
(1786378716.464979) can0 38F#852FE25302000000
(1786378716.465217) can0 38E#1E2F004011000000
(1786378716.474943) can0 38E#4220004011000000
(1786378716.484980) can0 38F#D920E25302000000
(1786378716.485210) can0 38E#1F21004011000000
(1786378716.494998) can0 38E#F822004011000000
(1786378716.505027) can0 38F#8421E25302000000
(1786378716.505310) can0 38E#A523004011000000
(1786378716.514988) can0 38E#2B24004011000000
(1786378716.525035) can0 38F#6322E25302000000
(1786378716.525267) can0 38E#7625004011000000
(1786378716.535093) can0 38E#9126004011000000
(1786378716.545016) can0 38F#3E23E25302000000
(1786378716.545246) can0 38E#CC27004011000000
(1786378716.554976) can0 38E#9028004011000000
(1786378716.564982) can0 38F#B024E25302000000
(1786378716.565216) can0 38E#CD29004011000000
(1786378716.574923) can0 38E#2A2A004011000000
(1786378716.585013) can0 38F#ED25E25302000000
(1786378716.585280) can0 38E#772B004011000000
(1786378716.595030) can0 38E#F92C004011000000
(1786378716.604984) can0 38F#0A26E25302000000
(1786378716.605208) can0 38E#A42D004011000000
(1786378716.614998) can0 38E#432E004011000000
(1786378716.624971) can0 38F#5727E25302000000
(1786378716.625221) can0 38E#1E2F004011000000
(1786378716.635027) can0 38E#4220004011000000
(1786378716.644963) can0 38F#0B28E25302000000
(1786378716.645282) can0 38E#1F21004011000000
(1786378716.655035) can0 38E#F822004011000000
(1786378716.665009) can0 38F#5629E25302000000
(1786378716.665240) can0 38E#A523004011000000
(1786378716.674879) can0 38E#2B24004011000000
(1786378716.684934) can0 38F#B12AE25302000000
(1786378716.685192) can0 38E#7625004011000000
(1786378716.695032) can0 38E#9126004011000000
(1786378716.705082) can0 38F#EC2BE25302000000
(1786378716.705341) can0 38E#CC27004011000000
(1786378716.715045) can0 38E#9028004011000000
(1786378716.724951) can0 38F#622CE25302000000
(1786378716.725272) can0 38E#CD29004011000000
(1786378716.734967) can0 38E#2A2A004011000000
(1786378716.745069) can0 38F#3F2DE25302000000
(1786378716.745358) can0 38E#772B004011000000
(1786378716.755012) can0 38E#F92C004011000000
(1786378716.764966) can0 38F#D82EE25302000000
(1786378716.765228) can0 38E#A42D004011000000
(1786378716.774944) can0 38E#432E004011000000
(1786378716.785017) can0 38F#852FE25302000000
(1786378716.785297) can0 38E#1E2F004011000000
(1786378716.794999) can0 38E#4220004011000000
(1786378716.805010) can0 38F#D920E25302000000
(1786378716.805217) can0 38E#1F21004011000000
(1786378716.815030) can0 38E#F822004011000000
(1786378716.824894) can0 38F#8421E25302000000
(1786378716.825097) can0 38E#A523004011000000
(1786378716.834977) can0 38E#2B24004011000000
(1786378716.845040) can0 38F#6322E25302000000
(1786378716.845366) can0 38E#7625004011000000
(1786378716.855020) can0 38E#9126004011000000
(1786378716.864987) can0 38F#3E23E25302000000
(1786378716.865217) can0 38E#CC27004011000000
(1786378716.874979) can0 38E#9028004011000000
(1786378716.885047) can0 38F#B024E25302000000
(1786378716.885374) can0 38E#CD29004011000000
(1786378716.894986) can0 38E#2A2A004011000000
(1786378716.904990) can0 38F#ED25E25302000000
(1786378716.905254) can0 38E#772B004011000000
(1786378716.914976) can0 38E#F92C004011000000
(1786378716.925041) can0 38F#0A26E25302000000
(1786378716.925277) can0 38E#A42D004011000000
(1786378716.935024) can0 38E#432E004011000000
(1786378716.945014) can0 38F#5727E25302000000
(1786378716.945326) can0 38E#1E2F004011000000
(1786378716.955033) can0 38E#4220004011000000
(1786378716.965022) can0 38F#0B28E25302000000
(1786378716.965292) can0 38E#1F21004011000000
(1786378716.974991) can0 38E#F822004011000000
(1786378716.985019) can0 38F#5629E25302000000
(1786378716.985272) can0 38E#A523004011000000
(1786378716.995057) can0 38E#2B24004011000000
(1786378717.004979) can0 38F#B12AE25302000000
(1786378717.005231) can0 38E#7625004011000000
(1786378717.015025) can0 38E#9126004011000000
(1786378717.024958) can0 38F#EC2BE25302000000
(1786378717.025217) can0 38E#CC27004011000000
(1786378717.034985) can0 38E#9028004011000000
(1786378717.044969) can0 38F#622CE25302000000
(1786378717.045342) can0 38E#CD29004011000000
(1786378717.054973) can0 38E#2A2A004011000000
(1786378717.065037) can0 38F#3F2DE25302000000
(1786378717.065272) can0 38E#772B004011000000
(1786378717.074939) can0 38E#F92C004011000000
(1786378717.085042) can0 38F#D82EE25302000000
(1786378717.085405) can0 38E#A42D004011000000
(1786378717.095048) can0 38E#432E004011000000
(1786378717.104966) can0 38F#852FE25302000000
(1786378717.105231) can0 38E#1E2F004011000000
(1786378717.114972) can0 38E#4220004011000000
(1786378717.124967) can0 38F#D920E25302000000
(1786378717.125199) can0 38E#1F21004011000000
(1786378717.135031) can0 38E#F822004011000000
(1786378717.145057) can0 38F#8421E25302000000
(1786378717.145282) can0 38E#A523004011000000
(1786378717.155020) can0 38E#2B24004011000000
(1786378717.164970) can0 38F#6322E25302000000
(1786378717.165210) can0 38E#7625004011000000
(1786378717.175002) can0 38E#9126004011000000
(1786378717.185067) can0 38F#3E23E25302000000
(1786378717.185391) can0 38E#CC27004011000000
(1786378717.194991) can0 38E#9028004011000000
(1786378717.204996) can0 38F#B024E25302000000
(1786378717.205226) can0 38E#CD29004011000000
(1786378717.214991) can0 38E#2A2A004011000000
(1786378717.224966) can0 38F#ED25E25302000000
(1786378717.225217) can0 38E#772B004011000000
(1786378717.234976) can0 38E#F92C004011000000
(1786378717.245001) can0 38F#0A26E25302000000
(1786378717.245355) can0 38E#A42D004011000000
(1786378717.254972) can0 38E#432E004011000000
(1786378717.265006) can0 38F#5727E25302000000
(1786378717.265281) can0 38E#1E2F004011000000
(1786378717.274989) can0 38E#4220004011000000
(1786378717.284997) can0 38F#0B28E25302000000
(1786378717.285223) can0 38E#1F21004011000000
(1786378717.294976) can0 38E#F822004011000000
(1786378717.305042) can0 38F#5629E25302000000
(1786378717.305270) can0 38E#A523004011000000
(1786378717.315055) can0 38E#2B24004011000000
(1786378717.324992) can0 38F#B12AE25302000000
(1786378717.325229) can0 38E#7625004011000000
(1786378717.335029) can0 38E#9126004011000000
(1786378717.345035) can0 38F#EC2BE25302000000
(1786378717.345295) can0 38E#CC27004011000000
(1786378717.355056) can0 38E#9028004011000000
(1786378717.364972) can0 38F#622CE25302000000
(1786378717.365220) can0 38E#CD29004011000000
(1786378717.374964) can0 38E#2A2A004011000000
(1786378717.385051) can0 38F#3F2DE25302000000
(1786378717.385336) can0 38E#772B004011000000
(1786378717.395014) can0 38E#F92C004011000000
(1786378717.405022) can0 38F#D82EE25302000000
(1786378717.405236) can0 38E#A42D004011000000
(1786378717.414994) can0 38E#432E004011000000
(1786378717.424978) can0 38F#852FE25302000000
(1786378717.425218) can0 38E#1E2F004011000000
(1786378717.434984) can0 38E#4220004011000000
(1786378717.445039) can0 38F#D920E25302000000
(1786378717.445261) can0 38E#1F21004011000000
(1786378717.454984) can0 38E#F822004011000000
(1786378717.465007) can0 38F#8421E25302000000
(1786378717.465277) can0 38E#A523004011000000
(1786378717.474951) can0 38E#2B24004011000000
(1786378717.484990) can0 38F#6322E25302000000
(1786378717.485229) can0 38E#7625004011000000
(1786378717.495065) can0 38E#9126004011000000
(1786378717.504971) can0 38F#3E23E25302000000
(1786378717.505220) can0 38E#CC27004011000000
(1786378717.515052) can0 38E#9028004011000000
(1786378717.524987) can0 38F#B024E25302000000
(1786378717.525242) can0 38E#CD29004011000000
(1786378717.534961) can0 38E#2A2A004011000000
(1786378717.544949) can0 38F#ED25E25302000000
(1786378717.545235) can0 38E#772B004011000000
(1786378717.555094) can0 38E#F92C004011000000
(1786378717.564995) can0 38F#0A26E25302000000
(1786378717.565203) can0 38E#A42D004011000000
(1786378717.574998) can0 38E#432E004011000000
(1786378717.584960) can0 38F#5727E25302000000
(1786378717.585216) can0 38E#1E2F004011000000
(1786378717.594995) can0 38E#4220004011000000
(1786378717.605040) can0 38F#0B28E25302000000
(1786378717.605252) can0 38E#1F21004011000000
(1786378717.614991) can0 38E#F822004011000000
(1786378717.624969) can0 38F#5629E25302000000
(1786378717.625236) can0 38E#A523004011000000
(1786378717.634985) can0 38E#2B24004011000000
(1786378717.644974) can0 38F#B12AE25302000000
(1786378717.645331) can0 38E#7625004011000000
(1786378717.655039) can0 38E#9126004011000000
(1786378717.665006) can0 38F#EC2BE25302000000
(1786378717.665245) can0 38E#CC27004011000000
(1786378717.674992) can0 38E#9028004011000000
(1786378717.684923) can0 38F#622CE25302000000
(1786378717.685167) can0 38E#CD29004011000000
(1786378717.694995) can0 38E#2A2A004011000000
(1786378717.705024) can0 38F#3F2DE25302000000
(1786378717.705275) can0 38E#772B004011000000
(1786378717.715022) can0 38E#F92C004011000000
(1786378717.724987) can0 38F#D82EE25302000000
(1786378717.725223) can0 38E#A42D004011000000
(1786378717.735097) can0 38E#432E004011000000
(1786378717.745081) can0 38F#852FE25302000000
(1786378717.745426) can0 38E#1E2F004011000000
(1786378717.754997) can0 38E#4220004011000000
(1786378717.764936) can0 38F#D920E25302000000
(1786378717.765131) can0 38E#1F21004011000000
(1786378717.774961) can0 38E#F822004011000000
(1786378717.785053) can0 38F#8421E25302000000
(1786378717.785316) can0 38E#A523004011000000
(1786378717.794963) can0 38E#2B24004011000000
(1786378717.805014) can0 38F#6322E25302000000
(1786378717.805272) can0 38E#7625004011000000
(1786378717.815056) can0 38E#9126004011000000
(1786378717.824997) can0 38F#3E23E25302000000
(1786378717.825222) can0 38E#CC27004011000000
(1786378717.835013) can0 38E#9028004011000000
(1786378717.844979) can0 38F#B024E25302000000
(1786378717.845243) can0 38E#CD29004011000000
(1786378717.855014) can0 38E#2A2A004011000000
(1786378717.865030) can0 38F#ED25E25302000000
(1786378717.865271) can0 38E#772B004011000000
(1786378717.875040) can0 38E#F92C004011000000
(1786378717.884990) can0 38F#0A26E25302000000
(1786378717.885260) can0 38E#A42D004011000000
(1786378717.895081) can0 38E#432E004011000000
(1786378717.904990) can0 38F#5727E25302000000
(1786378717.905237) can0 38E#1E2F004011000000
(1786378717.914982) can0 38E#4220004011000000
(1786378717.924988) can0 38F#0B28E25302000000
(1786378717.925231) can0 38E#1F21004011000000
(1786378717.934989) can0 38E#F822004011000000
(1786378717.945100) can0 38F#5629E25302000000
(1786378717.945404) can0 38E#A523004011000000
(1786378717.955079) can0 38E#2B24004011000000
(1786378717.964678) can0 38F#B12AE25302000000
(1786378717.964938) can0 38E#7625004011000000
(1786378717.974914) can0 38E#9126004011000000
(1786378717.985063) can0 38F#EC2BE25302000000
(1786378717.985299) can0 38E#CC27004011000000
(1786378717.994996) can0 38E#9028004011000000
(1786378718.005056) can0 38F#622CE25302000000
(1786378718.005304) can0 38E#CD29004011000000
(1786378718.014965) can0 38E#2A2A004011000000
(1786378718.024979) can0 38F#3F2DE25302000000
(1786378718.025258) can0 38E#772B004011000000
(1786378718.035068) can0 38E#F92C004011000000
(1786378718.045075) can0 38F#D82EE25302000000
(1786378718.045387) can0 38E#A42D004011000000
(1786378718.054991) can0 38E#432E004011000000
(1786378718.065008) can0 38F#852FE25302000000
(1786378718.065239) can0 38E#1E2F004011000000
(1786378718.074950) can0 38E#4220004011000000
(1786378718.084986) can0 38F#D920E25302000000
(1786378718.085286) can0 38E#1F21004011000000
(1786378718.095045) can0 38E#F822004011000000
(1786378718.105052) can0 38F#8421E25302000000
(1786378718.105351) can0 38E#A523004011000000
(1786378718.114938) can0 38E#2B24004011000000
(1786378718.124963) can0 38F#6322E25302000000
(1786378718.125224) can0 38E#7625004011000000
(1786378718.135011) can0 38E#9126004011000000
(1786378718.145021) can0 38F#3E23E25302000000
(1786378718.145343) can0 38E#CC27004011000000
(1786378718.155014) can0 38E#9028004011000000
(1786378718.164965) can0 38F#B024E25302000000
(1786378718.165221) can0 38E#CD29004011000000
(1786378718.175082) can0 38E#2A2A004011000000
(1786378718.185053) can0 38F#ED25E25302000000
(1786378718.185313) can0 38E#772B004011000000
(1786378718.194983) can0 38E#F92C004011000000
(1786378718.204999) can0 38F#0A26E25302000000
(1786378718.205262) can0 38E#A42D004011000000
(1786378718.215039) can0 38E#432E004011000000
(1786378718.224963) can0 38F#5727E25302000000
(1786378718.225217) can0 38E#1E2F004011000000
(1786378718.235004) can0 38E#4220004011000000
(1786378718.244992) can0 38F#0B28E25302000000
(1786378718.245257) can0 38E#1F21004011000000
(1786378718.255038) can0 38E#F822004011000000
(1786378718.265010) can0 38F#5629E25302000000
(1786378718.265254) can0 38E#A523004011000000
(1786378718.274949) can0 38E#2B24004011000000
(1786378718.284949) can0 38F#B12AE25302000000
(1786378718.285241) can0 38E#7625004011000000
(1786378718.294997) can0 38E#9126004011000000
(1786378718.305056) can0 38F#EC2BE25302000000
(1786378718.305282) can0 38E#CC27004011000000
(1786378718.315029) can0 38E#9028004011000000
(1786378718.325001) can0 38F#622CE25302000000
(1786378718.325257) can0 38E#CD29004011000000
(1786378718.334997) can0 38E#2A2A004011000000
(1786378718.345063) can0 38F#3F2DE25302000000
(1786378718.345354) can0 38E#772B004011000000
(1786378718.355040) can0 38E#F92C004011000000
(1786378718.365002) can0 38F#D82EE25302000000
(1786378718.365216) can0 38E#A42D004011000000
(1786378718.374959) can0 38E#432E004011000000
(1786378718.385022) can0 38F#852FE25302000000
(1786378718.385272) can0 38E#1E2F004011000000
(1786378718.394973) can0 38E#4220004011000000
(1786378718.404965) can0 38F#D920E25302000000
(1786378718.405267) can0 38E#1F21004011000000
(1786378718.415036) can0 38E#F822004011000000
(1786378718.424969) can0 38F#8421E25302000000
(1786378718.425245) can0 38E#A523004011000000
(1786378718.435026) can0 38E#2B24004011000000
(1786378718.444985) can0 38F#6322E25302000000
(1786378718.445305) can0 38E#7625004011000000
(1786378718.454989) can0 38E#9126004011000000
(1786378718.465063) can0 38F#3E23E25302000000
(1786378718.465314) can0 38E#CC27004011000000
(1786378718.474973) can0 38E#9028004011000000
(1786378718.484965) can0 38F#B024E25302000000
(1786378718.485227) can0 38E#CD29004011000000
(1786378718.494996) can0 38E#2A2A004011000000
(1786378718.505009) can0 38F#ED25E25302000000
(1786378718.505236) can0 38E#772B004011000000
(1786378718.515016) can0 38E#F92C004011000000
(1786378718.525022) can0 38F#0A26E25302000000
(1786378718.525251) can0 38E#A42D004011000000
(1786378718.535018) can0 38E#432E004011000000
(1786378718.545029) can0 38F#5727E25302000000
(1786378718.545448) can0 38E#1E2F004011000000
(1786378718.555003) can0 38E#4220004011000000
(1786378718.565019) can0 38F#0B28E25302000000
(1786378718.565252) can0 38E#1F21004011000000
(1786378718.574968) can0 38E#F822004011000000
(1786378718.585090) can0 38F#5629E25302000000
(1786378718.585327) can0 38E#A523004011000000
(1786378718.595039) can0 38E#2B24004011000000
(1786378718.605050) can0 38F#B12AE25302000000
(1786378718.605293) can0 38E#7625004011000000
(1786378718.614961) can0 38E#9126004011000000
(1786378718.624923) can0 38F#EC2BE25302000000
(1786378718.625136) can0 38E#CC27004011000000
(1786378718.635006) can0 38E#9028004011000000
(1786378718.645081) can0 38F#622CE25302000000
(1786378718.645304) can0 38E#CD29004011000000
(1786378718.654997) can0 38E#2A2A004011000000
(1786378718.665006) can0 38F#3F2DE25302000000
(1786378718.665261) can0 38E#772B004011000000
(1786378718.674961) can0 38E#F92C004011000000
(1786378718.685064) can0 38F#D82EE25302000000
(1786378718.685444) can0 38E#A42D004011000000
(1786378718.695004) can0 38E#432E004011000000
(1786378718.705022) can0 38F#852FE25302000000
(1786378718.705253) can0 38E#1E2F004011000000
(1786378718.714969) can0 38E#4220004011000000
(1786378718.724952) can0 38F#D920E25302000000
(1786378718.725163) can0 38E#1F21004011000000
(1786378718.735054) can0 38E#F822004011000000
(1786378718.745032) can0 38F#8421E25302000000
(1786378718.745283) can0 38E#A523004011000000
(1786378718.754968) can0 38E#2B24004011000000
(1786378718.764941) can0 38F#6322E25302000000
(1786378718.765252) can0 38E#7625004011000000
(1786378718.774971) can0 38E#9126004011000000
(1786378718.785037) can0 38F#3E23E25302000000
(1786378718.785269) can0 38E#CC27004011000000
(1786378718.795010) can0 38E#9028004011000000
(1786378718.805011) can0 38F#B024E25302000000
(1786378718.805291) can0 38E#CD29004011000000
(1786378718.815020) can0 38E#2A2A004011000000
(1786378718.824929) can0 38F#ED25E25302000000
(1786378718.825136) can0 38E#772B004011000000
(1786378718.834956) can0 38E#F92C004011000000
(1786378718.845135) can0 38F#0A26E25302000000
(1786378718.845405) can0 38E#A42D004011000000
(1786378718.855047) can0 38E#432E004011000000
(1786378718.865038) can0 38F#5727E25302000000
(1786378718.865287) can0 38E#1E2F004011000000
(1786378718.874954) can0 38E#4220004011000000
(1786378718.884989) can0 38F#0B28E25302000000
(1786378718.885313) can0 38E#1F21004011000000
(1786378718.895134) can0 38E#F822004011000000
(1786378718.905086) can0 38F#5629E25302000000
(1786378718.905327) can0 38E#A523004011000000
(1786378718.914972) can0 38E#2B24004011000000
(1786378718.924978) can0 38F#B12AE25302000000
(1786378718.925272) can0 38E#7625004011000000
(1786378718.935007) can0 38E#9126004011000000
(1786378718.945008) can0 38F#EC2BE25302000000
(1786378718.945292) can0 38E#CC27004011000000
(1786378718.954945) can0 38E#9028004011000000
(1786378718.964991) can0 38F#622CE25302000000
(1786378718.965272) can0 38E#CD29004011000000
(1786378718.974966) can0 38E#2A2A004011000000
(1786378718.985059) can0 38F#3F2DE25302000000
(1786378718.985351) can0 38E#772B004011000000
(1786378718.994998) can0 38E#F92C004011000000
(1786378719.005014) can0 38F#D82EE25302000000
(1786378719.005254) can0 38E#A42D004011000000
(1786378719.015004) can0 38E#432E004011000000
(1786378719.025009) can0 38F#852FE25302000000
(1786378719.025243) can0 38E#1E2F004011000000
(1786378719.035059) can0 38E#4220004011000000
(1786378719.045003) can0 38F#D920E25302000000
(1786378719.045310) can0 38E#1F21004011000000
(1786378719.055033) can0 38E#F822004011000000
(1786378719.065086) can0 38F#8421E25302000000
(1786378719.065336) can0 38E#A523004011000000
(1786378719.075006) can0 38E#2B24004011000000
(1786378719.085027) can0 38F#6322E25302000000
(1786378719.085254) can0 38E#7625004011000000
(1786378719.095095) can0 38E#9126004011000000
(1786378719.105047) can0 38F#3E23E25302000000
(1786378719.105326) can0 38E#CC27004011000000
(1786378719.115055) can0 38E#9028004011000000
(1786378719.125033) can0 38F#B024E25302000000
(1786378719.125278) can0 38E#CD29004011000000
(1786378719.134992) can0 38E#2A2A004011000000
(1786378719.145006) can0 38F#ED25E25302000000
(1786378719.145311) can0 38E#772B004011000000
(1786378719.155004) can0 38E#F92C004011000000
(1786378719.165027) can0 38F#0A26E25302000000
(1786378719.165268) can0 38E#A42D004011000000
(1786378719.174984) can0 38E#432E004011000000
(1786378719.184974) can0 38F#5727E25302000000
(1786378719.185282) can0 38E#1E2F004011000000
(1786378719.194940) can0 38E#4220004011000000
(1786378719.205007) can0 38F#0B28E25302000000
(1786378719.205293) can0 38E#1F21004011000000
(1786378719.215060) can0 38E#F822004011000000
(1786378719.224938) can0 38F#5629E25302000000
(1786378719.225219) can0 38E#A523004011000000
(1786378719.235042) can0 38E#2B24004011000000
(1786378719.245047) can0 38F#B12AE25302000000
(1786378719.245425) can0 38E#7625004011000000
(1786378719.255032) can0 38E#9126004011000000
(1786378719.265054) can0 38F#EC2BE25302000000
(1786378719.265336) can0 38E#CC27004011000000
(1786378719.274983) can0 38E#9028004011000000
(1786378719.285007) can0 38F#622CE25302000000
(1786378719.285255) can0 38E#CD29004011000000
(1786378719.295007) can0 38E#2A2A004011000000
(1786378719.305017) can0 38F#3F2DE25302000000
(1786378719.305253) can0 38E#772B004011000000
(1786378719.315038) can0 38E#F92C004011000000
(1786378719.325065) can0 38F#D82EE25302000000
(1786378719.325341) can0 38E#A42D004011000000
(1786378719.335041) can0 38E#432E004011000000
(1786378719.345015) can0 38F#852FE25302000000
(1786378719.345280) can0 38E#1E2F004011000000
(1786378719.355062) can0 38E#4220004011000000
(1786378719.365043) can0 38F#D920E25302000000
(1786378719.365289) can0 38E#1F21004011000000
(1786378719.374981) can0 38E#F822004011000000
(1786378719.385022) can0 38F#8421E25302000000
(1786378719.385284) can0 38E#A523004011000000
(1786378719.395011) can0 38E#2B24004011000000
(1786378719.404977) can0 38F#6322E25302000000
(1786378719.405260) can0 38E#7625004011000000
(1786378719.414972) can0 38E#9126004011000000
(1786378719.425002) can0 38F#3E23E25302000000
(1786378719.425234) can0 38E#CC27004011000000
(1786378719.435036) can0 38E#9028004011000000
(1786378719.445039) can0 38F#B024E25302000000
(1786378719.445277) can0 38E#CD29004011000000
(1786378719.455019) can0 38E#2A2A004011000000
(1786378719.465036) can0 38F#ED25E25302000000
(1786378719.465296) can0 38E#772B004011000000
(1786378719.474937) can0 38E#F92C004011000000
(1786378719.484982) can0 38F#0A26E25302000000
(1786378719.485252) can0 38E#A42D004011000000
(1786378719.495049) can0 38E#432E004011000000
(1786378719.505107) can0 38F#5727E25302000000
(1786378719.505342) can0 38E#1E2F004011000000
(1786378719.515037) can0 38E#4220004011000000
(1786378719.525004) can0 38F#0B28E25302000000
(1786378719.525276) can0 38E#1F21004011000000
(1786378719.535012) can0 38E#F822004011000000
(1786378719.545067) can0 38F#5629E25302000000
(1786378719.545311) can0 38E#A523004011000000
(1786378719.555028) can0 38E#2B24004011000000
(1786378719.564948) can0 38F#B12AE25302000000
(1786378719.565193) can0 38E#7625004011000000
(1786378719.574975) can0 38E#9126004011000000
(1786378719.584991) can0 38F#EC2BE25302000000
(1786378719.585307) can0 38E#CC27004011000000
(1786378719.595032) can0 38E#9028004011000000
(1786378719.605035) can0 38F#622CE25302000000
(1786378719.605345) can0 38E#CD29004011000000
(1786378719.615022) can0 38E#2A2A004011000000
(1786378719.624979) can0 38F#3F2DE25302000000
(1786378719.625202) can0 38E#772B004011000000
(1786378719.635030) can0 38E#F92C004011000000
(1786378719.645048) can0 38F#D82EE25302000000
(1786378719.645387) can0 38E#A42D004011000000
(1786378719.655020) can0 38E#432E004011000000
(1786378719.665041) can0 38F#852FE25302000000
(1786378719.665297) can0 38E#1E2F004011000000
(1786378719.674977) can0 38E#4220004011000000
(1786378719.684976) can0 38F#D920E25302000000
(1786378719.685269) can0 38E#1F21004011000000
(1786378719.694965) can0 38E#F822004011000000
(1786378719.705135) can0 38F#8421E25302000000
(1786378719.705388) can0 38E#A523004011000000
(1786378719.715016) can0 38E#2B24004011000000
(1786378719.725049) can0 38F#6322E25302000000
(1786378719.725262) can0 38E#7625004011000000
(1786378719.734985) can0 38E#9126004011000000
(1786378719.745034) can0 38F#3E23E25302000000
(1786378719.745322) can0 38E#CC27004011000000
(1786378719.755124) can0 38E#9028004011000000
(1786378719.765063) can0 38F#B024E25302000000
(1786378719.765305) can0 38E#CD29004011000000
(1786378719.774982) can0 38E#2A2A004011000000
(1786378719.784978) can0 38F#ED25E25302000000
(1786378719.785298) can0 38E#772B004011000000
(1786378719.794997) can0 38E#F92C004011000000
(1786378719.804995) can0 38F#0A26E25302000000
(1786378719.805268) can0 38E#A42D004011000000
(1786378719.814991) can0 38E#432E004011000000
(1786378719.825021) can0 38F#5727E25302000000
(1786378719.825256) can0 38E#1E2F004011000000
(1786378719.834972) can0 38E#4220004011000000
(1786378719.845033) can0 38F#0B28E25302000000
(1786378719.845300) can0 38E#1F21004011000000
(1786378719.855092) can0 38E#F822004011000000
(1786378719.865018) can0 38F#5629E25302000000
(1786378719.865267) can0 38E#A523004011000000
(1786378719.875009) can0 38E#2B24004011000000
(1786378719.885064) can0 38F#B12AE25302000000
(1786378719.885338) can0 38E#7625004011000000
(1786378719.895083) can0 38E#9126004011000000
(1786378719.904983) can0 38F#EC2BE25302000000
(1786378719.905267) can0 38E#CC27004011000000
(1786378719.914972) can0 38E#9028004011000000
(1786378719.925005) can0 38F#622CE25302000000
(1786378719.925267) can0 38E#CD29004011000000
(1786378719.935051) can0 38E#2A2A004011000000
(1786378719.945039) can0 38F#3F2DE25302000000
(1786378719.945373) can0 38E#772B004011000000
(1786378719.955018) can0 38E#F92C004011000000
(1786378719.965068) can0 38F#D82EE25302000000
(1786378719.965293) can0 38E#A42D004011000000
(1786378719.975036) can0 38E#432E004011000000
(1786378719.985055) can0 38F#852FE25302000000
(1786378719.985289) can0 38E#1E2F004011000000
(1786378719.994938) can0 38E#4220004011000000
(1786378720.004979) can0 38F#D920E25302000000
(1786378720.005192) can0 38E#1F21004011000000
(1786378720.014991) can0 38E#F822004011000000
(1786378720.025006) can0 38F#8421E25302000000
(1786378720.025279) can0 38E#A523004011000000
(1786378720.035050) can0 38E#2B24004011000000
(1786378720.044999) can0 38F#6322E25302000000
(1786378720.045411) can0 38E#7625004011000000
(1786378720.054992) can0 38E#9126004011000000
(1786378720.065002) can0 38F#3E23E25302000000
(1786378720.065272) can0 38E#CC27004011000000
(1786378720.075004) can0 38E#9028004011000000
(1786378720.084979) can0 38F#B024E25302000000
(1786378720.085386) can0 38E#CD29004011000000
(1786378720.095057) can0 38E#2A2A004011000000
(1786378720.105041) can0 38F#ED25E25302000000
(1786378720.105334) can0 38E#772B004011000000
(1786378720.114913) can0 38E#F92C004011000000
(1786378720.124988) can0 38F#0A26E25302000000
(1786378720.125234) can0 38E#A42D004011000000
(1786378720.135101) can0 38E#432E004011000000
(1786378720.145128) can0 38F#5727E25302000000
(1786378720.145418) can0 38E#1E2F004011000000
(1786378720.155098) can0 38E#4220004011000000
(1786378720.164995) can0 38F#0B28E25302000000
(1786378720.165288) can0 38E#1F21004011000000
(1786378720.175047) can0 38E#F822004011000000
(1786378720.185065) can0 38F#5629E25302000000
(1786378720.185325) can0 38E#A523004011000000
(1786378720.195069) can0 38E#2B24004011000000
(1786378720.204992) can0 38F#B12AE25302000000
(1786378720.205283) can0 38E#7625004011000000
(1786378720.215006) can0 38E#9126004011000000
(1786378720.224966) can0 38F#EC2BE25302000000
(1786378720.225233) can0 38E#CC27004011000000
(1786378720.235011) can0 38E#9028004011000000
(1786378720.244998) can0 38F#622CE25302000000
(1786378720.245304) can0 38E#CD29004011000000
(1786378720.255038) can0 38E#2A2A004011000000
(1786378720.264986) can0 38F#3F2DE25302000000
(1786378720.265264) can0 38E#772B004011000000
(1786378720.274941) can0 38E#F92C004011000000
(1786378720.285020) can0 38F#D82EE25302000000
(1786378720.285301) can0 38E#A42D004011000000
(1786378720.295002) can0 38E#432E004011000000
(1786378720.305016) can0 38F#852FE25302000000
(1786378720.305299) can0 38E#1E2F004011000000
(1786378720.315031) can0 38E#4220004011000000
(1786378720.325027) can0 38F#D920E25302000000
(1786378720.325369) can0 38E#1F21004011000000
(1786378720.335012) can0 38E#F822004011000000
(1786378720.345038) can0 38F#8421E25302000000
(1786378720.345315) can0 38E#A523004011000000
(1786378720.355015) can0 38E#2B24004011000000
(1786378720.364999) can0 38F#6322E25302000000
(1786378720.365293) can0 38E#7625004011000000
(1786378720.375070) can0 38E#9126004011000000
(1786378720.385063) can0 38F#3E23E25302000000
(1786378720.385368) can0 38E#CC27004011000000
(1786378720.395078) can0 38E#9028004011000000
(1786378720.405114) can0 38F#B024E25302000000
(1786378720.405414) can0 38E#CD29004011000000
(1786378720.415129) can0 38E#2A2A004011000000
(1786378720.424971) can0 38F#ED25E25302000000
(1786378720.425204) can0 38E#772B004011000000
(1786378720.435023) can0 38E#F92C004011000000
(1786378720.445028) can0 38F#0A26E25302000000
(1786378720.445398) can0 38E#A42D004011000000
(1786378720.455088) can0 38E#432E004011000000
(1786378720.465028) can0 38F#5727E25302000000
(1786378720.465286) can0 38E#1E2F004011000000
(1786378720.474993) can0 38E#4220004011000000
(1786378720.485000) can0 38F#0B28E25302000000
(1786378720.485323) can0 38E#1F21004011000000
(1786378720.495060) can0 38E#F822004011000000
(1786378720.505049) can0 38F#5629E25302000000
(1786378720.505274) can0 38E#A523004011000000
(1786378720.515003) can0 38E#2B24004011000000
(1786378720.525062) can0 38F#B12AE25302000000
(1786378720.525275) can0 38E#7625004011000000
(1786378720.535097) can0 38E#9126004011000000
(1786378720.545035) can0 38F#EC2BE25302000000
(1786378720.545347) can0 38E#CC27004011000000
(1786378720.555015) can0 38E#9028004011000000
(1786378720.565018) can0 38F#622CE25302000000
(1786378720.565281) can0 38E#CD29004011000000
(1786378720.574995) can0 38E#2A2A004011000000
(1786378720.585068) can0 38F#3F2DE25302000000
(1786378720.585371) can0 38E#772B004011000000
(1786378720.594991) can0 38E#F92C004011000000
(1786378720.604998) can0 38F#D82EE25302000000
(1786378720.605335) can0 38E#A42D004011000000
(1786378720.615106) can0 38E#432E004011000000
(1786378720.624978) can0 38F#852FE25302000000
(1786378720.625219) can0 38E#1E2F004011000000
(1786378720.635040) can0 38E#4220004011000000
(1786378720.645076) can0 38F#D920E25302000000
(1786378720.645384) can0 38E#1F21004011000000
(1786378720.655093) can0 38E#F822004011000000
(1786378720.665094) can0 38F#8421E25302000000
(1786378720.665436) can0 38E#A523004011000000
(1786378720.674998) can0 38E#2B24004011000000
(1786378720.685074) can0 38F#6322E25302000000
(1786378720.685468) can0 38E#7625004011000000
(1786378720.695069) can0 38E#9126004011000000
(1786378720.705010) can0 38F#3E23E25302000000
(1786378720.705377) can0 38E#CC27004011000000
(1786378720.715031) can0 38E#9028004011000000
(1786378720.724968) can0 38F#B024E25302000000
(1786378720.725243) can0 38E#CD29004011000000
(1786378720.735040) can0 38E#2A2A004011000000
(1786378720.745088) can0 38F#ED25E25302000000
(1786378720.745370) can0 38E#772B004011000000
(1786378720.755111) can0 38E#F92C004011000000
(1786378720.764993) can0 38F#0A26E25302000000
(1786378720.765305) can0 38E#A42D004011000000
(1786378720.774992) can0 38E#432E004011000000
(1786378720.785007) can0 38F#5727E25302000000
(1786378720.785278) can0 38E#1E2F004011000000
(1786378720.795081) can0 38E#4220004011000000
(1786378720.805020) can0 38F#0B28E25302000000
(1786378720.805325) can0 38E#1F21004011000000
(1786378720.815005) can0 38E#F822004011000000
(1786378720.825056) can0 38F#5629E25302000000
(1786378720.825330) can0 38E#A523004011000000
(1786378720.835090) can0 38E#2B24004011000000
(1786378720.845012) can0 38F#B12AE25302000000
(1786378720.845333) can0 38E#7625004011000000
(1786378720.855067) can0 38E#9126004011000000
(1786378720.865132) can0 38F#EC2BE25302000000
(1786378720.865521) can0 38E#CC27004011000000
(1786378720.874995) can0 38E#9028004011000000
(1786378720.885102) can0 38F#622CE25302000000
(1786378720.885487) can0 38E#CD29004011000000
(1786378720.895140) can0 38E#2A2A004011000000
(1786378720.905076) can0 38F#3F2DE25302000000
(1786378720.905412) can0 38E#772B004011000000
(1786378720.915032) can0 38E#F92C004011000000
(1786378720.924970) can0 38F#D82EE25302000000
(1786378720.925339) can0 38E#A42D004011000000
(1786378720.935101) can0 38E#432E004011000000
(1786378720.945053) can0 38F#852FE25302000000
(1786378720.945417) can0 38E#1E2F004011000000
(1786378720.955037) can0 38E#4220004011000000
(1786378720.965063) can0 38F#D920E25302000000
(1786378720.965394) can0 38E#1F21004011000000
(1786378720.974977) can0 38E#F822004011000000
(1786378720.985061) can0 38F#8421E25302000000
(1786378720.985377) can0 38E#A523004011000000
(1786378720.995078) can0 38E#2B24004011000000
(1786378721.005035) can0 38F#6322E25302000000
(1786378721.005322) can0 38E#7625004011000000
(1786378721.015087) can0 38E#9126004011000000
(1786378721.024980) can0 38F#3E23E25302000000
(1786378721.025236) can0 38E#CC27004011000000
(1786378721.035046) can0 38E#9028004011000000
(1786378721.045103) can0 38F#B024E25302000000
(1786378721.045484) can0 38E#CD29004011000000
(1786378721.055116) can0 38E#2A2A004011000000
(1786378721.065240) can0 38F#ED25E25302000000
(1786378721.065607) can0 38E#772B004011000000
(1786378721.075063) can0 38E#F92C004011000000
(1786378721.085045) can0 38F#0A26E25302000000
(1786378721.085363) can0 38E#A42D004011000000
(1786378721.095058) can0 38E#432E004011000000
(1786378721.105029) can0 38F#5727E25302000000
(1786378721.105340) can0 38E#1E2F004011000000
(1786378721.115108) can0 38E#4220004011000000
(1786378721.124974) can0 38F#0B28E25302000000
(1786378721.125246) can0 38E#1F21004011000000
(1786378721.135035) can0 38E#F822004011000000
(1786378721.145030) can0 38F#5629E25302000000
(1786378721.145359) can0 38E#A523004011000000
(1786378721.155004) can0 38E#2B24004011000000
(1786378721.165039) can0 38F#B12AE25302000000
(1786378721.165302) can0 38E#7625004011000000
(1786378721.175035) can0 38E#9126004011000000
(1786378721.185107) can0 38F#EC2BE25302000000
(1786378721.185348) can0 38E#CC27004011000000
(1786378721.195026) can0 38E#9028004011000000
(1786378721.204977) can0 38F#622CE25302000000
(1786378721.205209) can0 38E#CD29004011000000
(1786378721.215120) can0 38E#2A2A004011000000
(1786378721.225063) can0 38F#3F2DE25302000000
(1786378721.225353) can0 38E#772B004011000000
(1786378721.235062) can0 38E#F92C004011000000
(1786378721.244999) can0 38F#D82EE25302000000
(1786378721.245313) can0 38E#A42D004011000000
(1786378721.255044) can0 38E#432E004011000000
(1786378721.265136) can0 38F#852FE25302000000
(1786378721.265477) can0 38E#1E2F004011000000
(1786378721.275010) can0 38E#4220004011000000
(1786378721.284999) can0 38F#D920E25302000000
(1786378721.285298) can0 38E#1F21004011000000
(1786378721.295034) can0 38E#F822004011000000
(1786378721.305041) can0 38F#8421E25302000000
(1786378721.305364) can0 38E#A523004011000000
(1786378721.315065) can0 38E#2B24004011000000
(1786378721.324989) can0 38F#6322E25302000000
(1786378721.325241) can0 38E#7625004011000000
(1786378721.335031) can0 38E#9126004011000000
(1786378721.345106) can0 38F#3E23E25302000000
(1786378721.345399) can0 38E#CC27004011000000
(1786378721.355050) can0 38E#9028004011000000
(1786378721.365053) can0 38F#B024E25302000000
(1786378721.365298) can0 38E#CD29004011000000
(1786378721.374969) can0 38E#2A2A004011000000
(1786378721.385040) can0 38F#ED25E25302000000
(1786378721.385276) can0 38E#772B004011000000
(1786378721.395069) can0 38E#F92C004011000000
(1786378721.404959) can0 38F#0A26E25302000000
(1786378721.405167) can0 38E#A42D004011000000
(1786378721.415013) can0 38E#432E004011000000
(1786378721.425041) can0 38F#5727E25302000000
(1786378721.425272) can0 38E#1E2F004011000000
(1786378721.435016) can0 38E#4220004011000000
(1786378721.445050) can0 38F#0B28E25302000000
(1786378721.445323) can0 38E#1F21004011000000
(1786378721.454988) can0 38E#F822004011000000
(1786378721.465140) can0 38F#5629E25302000000
(1786378721.465517) can0 38E#A523004011000000
(1786378721.475065) can0 38E#2B24004011000000
(1786378721.485069) can0 38F#B12AE25302000000
(1786378721.485341) can0 38E#7625004011000000
(1786378721.495081) can0 38E#9126004011000000
(1786378721.505058) can0 38F#EC2BE25302000000
(1786378721.505374) can0 38E#CC27004011000000
(1786378721.515067) can0 38E#9028004011000000
(1786378721.525039) can0 38F#622CE25302000000
(1786378721.525340) can0 38E#CD29004011000000
(1786378721.535138) can0 38E#2A2A004011000000
(1786378721.545149) can0 38F#3F2DE25302000000
(1786378721.545467) can0 38E#772B004011000000
(1786378721.555103) can0 38E#F92C004011000000
(1786378721.565098) can0 38F#D82EE25302000000
(1786378721.565443) can0 38E#A42D004011000000
(1786378721.575026) can0 38E#432E004011000000
(1786378721.585079) can0 38F#852FE25302000000
(1786378721.585427) can0 38E#1E2F004011000000
(1786378721.595167) can0 38E#4220004011000000
(1786378721.605118) can0 38F#D920E25302000000
(1786378721.605410) can0 38E#1F21004011000000
(1786378721.615108) can0 38E#F822004011000000
(1786378721.624952) can0 38F#8421E25302000000
(1786378721.625239) can0 38E#A523004011000000
(1786378721.635024) can0 38E#2B24004011000000
(1786378721.645021) can0 38F#6322E25302000000
(1786378721.645337) can0 38E#7625004011000000
(1786378721.655109) can0 38E#9126004011000000
(1786378721.665098) can0 38F#3E23E25302000000
(1786378721.665467) can0 38E#CC27004011000000
(1786378721.674988) can0 38E#9028004011000000
(1786378721.685069) can0 38F#B024E25302000000
(1786378721.685526) can0 38E#CD29004011000000
(1786378721.695193) can0 38E#2A2A004011000000
(1786378721.705115) can0 38F#ED25E25302000000
(1786378721.705468) can0 38E#772B004011000000
(1786378721.715055) can0 38E#F92C004011000000
(1786378721.725025) can0 38F#0A26E25302000000
(1786378721.725300) can0 38E#A42D004011000000
(1786378721.735083) can0 38E#432E004011000000
(1786378721.745093) can0 38F#5727E25302000000
(1786378721.745395) can0 38E#1E2F004011000000
(1786378721.755067) can0 38E#4220004011000000
(1786378721.765006) can0 38F#0B28E25302000000
(1786378721.765282) can0 38E#1F21004011000000
(1786378721.774980) can0 38E#F822004011000000
(1786378721.785048) can0 38F#5629E25302000000
(1786378721.785365) can0 38E#A523004011000000
(1786378721.795112) can0 38E#2B24004011000000
(1786378721.805063) can0 38F#B12AE25302000000
(1786378721.805404) can0 38E#7625004011000000
(1786378721.815147) can0 38E#9126004011000000
(1786378721.825047) can0 38F#EC2BE25302000000
(1786378721.825374) can0 38E#CC27004011000000
(1786378721.834996) can0 38E#9028004011000000
(1786378721.845034) can0 38F#622CE25302000000
(1786378721.845375) can0 38E#CD29004011000000
(1786378721.855072) can0 38E#2A2A004011000000
(1786378721.865106) can0 38F#3F2DE25302000000
(1786378721.865394) can0 38E#772B004011000000
(1786378721.875067) can0 38E#F92C004011000000
(1786378721.884980) can0 38F#D82EE25302000000
(1786378721.885290) can0 38E#A42D004011000000
(1786378721.895064) can0 38E#432E004011000000
(1786378721.905224) can0 38F#852FE25302000000
(1786378721.905536) can0 38E#1E2F004011000000
(1786378721.915062) can0 38E#4220004011000000
(1786378721.925056) can0 38F#D920E25302000000
(1786378721.925364) can0 38E#1F21004011000000
(1786378721.935077) can0 38E#F822004011000000
(1786378721.945110) can0 38F#8421E25302000000
(1786378721.945436) can0 38E#A523004011000000
(1786378721.955015) can0 38E#2B24004011000000
(1786378721.965011) can0 38F#6322E25302000000
(1786378721.965354) can0 38E#7625004011000000
(1786378721.975070) can0 38E#9126004011000000
(1786378721.984996) can0 38F#3E23E25302000000
(1786378721.985252) can0 38E#CC27004011000000
(1786378721.995079) can0 38E#9028004011000000
(1786378722.005027) can0 38F#B024E25302000000
(1786378722.005338) can0 38E#CD29004011000000
(1786378722.015016) can0 38E#2A2A004011000000
(1786378722.025007) can0 38F#ED25E25302000000
(1786378722.025228) can0 38E#772B004011000000
(1786378722.035022) can0 38E#F92C004011000000
(1786378722.045026) can0 38F#0A26E25302000000
(1786378722.045368) can0 38E#A42D004011000000
(1786378722.055031) can0 38E#432E004011000000
(1786378722.065065) can0 38F#5727E25302000000
(1786378722.065365) can0 38E#1E2F004011000000
(1786378722.075063) can0 38E#4220004011000000
(1786378722.085087) can0 38F#0B28E25302000000
(1786378722.085434) can0 38E#1F21004011000000
(1786378722.095084) can0 38E#F822004011000000
(1786378722.105091) can0 38F#5629E25302000000
(1786378722.105397) can0 38E#A523004011000000
(1786378722.115106) can0 38E#2B24004011000000
(1786378722.125069) can0 38F#B12AE25302000000
(1786378722.125389) can0 38E#7625004011000000
(1786378722.135120) can0 38E#9126004011000000
(1786378722.145085) can0 38F#EC2BE25302000000
(1786378722.145365) can0 38E#CC27004011000000
(1786378722.155024) can0 38E#9028004011000000
(1786378722.164997) can0 38F#622CE25302000000
(1786378722.165362) can0 38E#CD29004011000000
(1786378722.175109) can0 38E#2A2A004011000000
(1786378722.185055) can0 38F#3F2DE25302000000
(1786378722.185352) can0 38E#772B004011000000
(1786378722.195037) can0 38E#F92C004011000000
(1786378722.205093) can0 38F#D82EE25302000000
(1786378722.205495) can0 38E#A42D004011000000
(1786378722.215051) can0 38E#432E004011000000
(1786378722.225023) can0 38F#852FE25302000000
(1786378722.225307) can0 38E#1E2F004011000000
(1786378722.235071) can0 38E#4220004011000000
(1786378722.245002) can0 38F#D920E25302000000
(1786378722.245370) can0 38E#1F21004011000000
(1786378722.255136) can0 38E#F822004011000000
(1786378722.265012) can0 38F#8421E25302000000
(1786378722.265294) can0 38E#A523004011000000
(1786378722.274965) can0 38E#2B24004011000000
(1786378722.285094) can0 38F#6322E25302000000
(1786378722.285458) can0 38E#7625004011000000
(1786378722.295127) can0 38E#9126004011000000
(1786378722.305127) can0 38F#3E23E25302000000
(1786378722.305439) can0 38E#CC27004011000000
(1786378722.315052) can0 38E#9028004011000000
(1786378722.325006) can0 38F#B024E25302000000
(1786378722.325393) can0 38E#CD29004011000000
(1786378722.335208) can0 38E#2A2A004011000000
(1786378722.345038) can0 38F#ED25E25302000000
(1786378722.345320) can0 38E#772B004011000000
(1786378722.355075) can0 38E#F92C004011000000
(1786378722.365040) can0 38F#0A26E25302000000
(1786378722.365314) can0 38E#A42D004011000000
(1786378722.374979) can0 38E#432E004011000000
(1786378722.385038) can0 38F#5727E25302000000
(1786378722.385298) can0 38E#1E2F004011000000
(1786378722.395042) can0 38E#4220004011000000
(1786378722.405051) can0 38F#0B28E25302000000
(1786378722.405327) can0 38E#1F21004011000000
(1786378722.414984) can0 38E#F822004011000000
(1786378722.425006) can0 38F#5629E25302000000
(1786378722.425222) can0 38E#A523004011000000
(1786378722.435039) can0 38E#2B24004011000000
(1786378722.444991) can0 38F#B12AE25302000000
(1786378722.445355) can0 38E#7625004011000000
(1786378722.455108) can0 38E#9126004011000000
(1786378722.465125) can0 38F#EC2BE25302000000
(1786378722.465544) can0 38E#CC27004011000000
(1786378722.475023) can0 38E#9028004011000000
(1786378722.484987) can0 38F#622CE25302000000
(1786378722.485336) can0 38E#CD29004011000000
(1786378722.495026) can0 38E#2A2A004011000000
(1786378722.505035) can0 38F#3F2DE25302000000
(1786378722.505314) can0 38E#772B004011000000
(1786378722.515054) can0 38E#F92C004011000000
(1786378722.525049) can0 38F#D82EE25302000000
(1786378722.525331) can0 38E#A42D004011000000
(1786378722.535042) can0 38E#432E004011000000
(1786378722.545122) can0 38F#852FE25302000000
(1786378722.545402) can0 38E#1E2F004011000000
(1786378722.555089) can0 38E#4220004011000000
(1786378722.565065) can0 38F#D920E25302000000
(1786378722.565342) can0 38E#1F21004011000000
(1786378722.574985) can0 38E#F822004011000000
(1786378722.585065) can0 38F#8421E25302000000
(1786378722.585360) can0 38E#A523004011000000
(1786378722.595021) can0 38E#2B24004011000000
(1786378722.605086) can0 38F#6322E25302000000
(1786378722.605435) can0 38E#7625004011000000
(1786378722.615049) can0 38E#9126004011000000
(1786378722.625052) can0 38F#3E23E25302000000
(1786378722.625366) can0 38E#CC27004011000000
(1786378722.635051) can0 38E#9028004011000000
(1786378722.645096) can0 38F#B024E25302000000
(1786378722.645438) can0 38E#CD29004011000000
(1786378722.655060) can0 38E#2A2A004011000000
(1786378722.665070) can0 38F#ED25E25302000000
(1786378722.665410) can0 38E#772B004011000000
(1786378722.675004) can0 38E#F92C004011000000
(1786378722.685048) can0 38F#0A26E25302000000
(1786378722.685352) can0 38E#A42D004011000000
(1786378722.695049) can0 38E#432E004011000000
(1786378722.705069) can0 38F#5727E25302000000
(1786378722.705348) can0 38E#1E2F004011000000
(1786378722.715102) can0 38E#4220004011000000
(1786378722.725084) can0 38F#0B28E25302000000
(1786378722.725342) can0 38E#1F21004011000000
(1786378722.735136) can0 38E#F822004011000000
(1786378722.745100) can0 38F#5629E25302000000
(1786378722.745444) can0 38E#A523004011000000
(1786378722.755040) can0 38E#2B24004011000000
(1786378722.765264) can0 38F#B12AE25302000000
(1786378722.765688) can0 38E#7625004011000000
(1786378722.777420) can0 38E#9126004011000000
(1786378722.801203) can0 38F#EC2BE25302000000
(1786378722.803585) can0 38E#CC27004011000000
(1786378722.833491) can0 38E#9028004011000000
(1786378722.851823) can0 38F#622CE25302000000
(1786378722.867852) can0 38E#CD29004011000000
(1786378722.868399) can0 38E#2A2A004011000000
(1786378722.868744) can0 38F#3F2DE25302000000
(1786378722.869041) can0 38E#772B004011000000
(1786378722.869307) can0 38E#F92C004011000000
(1786378722.869597) can0 38F#D82EE25302000000
(1786378722.869883) can0 38E#A42D004011000000
(1786378722.870119) can0 38E#432E004011000000
(1786378722.870389) can0 38F#852FE25302000000
(1786378722.870667) can0 38E#1E2F004011000000
(1786378722.875067) can0 38E#4220004011000000
(1786378722.903752) can0 38F#D920E25302000000
(1786378722.904680) can0 38E#1F21004011000000
(1786378722.905042) can0 38E#F822004011000000
(1786378722.905402) can0 38F#8421E25302000000
(1786378722.905692) can0 38E#A523004011000000
(1786378722.915069) can0 38E#2B24004011000000
(1786378722.924953) can0 38F#6322E25302000000
(1786378722.925220) can0 38E#7625004011000000
(1786378722.935136) can0 38E#9126004011000000
(1786378722.945158) can0 38F#3E23E25302000000
(1786378722.945472) can0 38E#CC27004011000000
(1786378722.955056) can0 38E#9028004011000000
(1786378722.965029) can0 38F#B024E25302000000
(1786378722.965329) can0 38E#CD29004011000000
(1786378722.975024) can0 38E#2A2A004011000000
(1786378722.985109) can0 38F#ED25E25302000000
(1786378722.985358) can0 38E#772B004011000000
(1786378722.995112) can0 38E#F92C004011000000
(1786378723.005087) can0 38F#0A26E25302000000
(1786378723.005426) can0 38E#A42D004011000000
(1786378723.015085) can0 38E#432E004011000000
(1786378723.024980) can0 38F#5727E25302000000
(1786378723.025239) can0 38E#1E2F004011000000
(1786378723.035105) can0 38E#4220004011000000
(1786378723.045102) can0 38F#0B28E25302000000
(1786378723.045540) can0 38E#1F21004011000000
(1786378723.055089) can0 38E#F822004011000000
(1786378723.065016) can0 38F#5629E25302000000
(1786378723.065332) can0 38E#A523004011000000
(1786378723.075024) can0 38E#2B24004011000000
(1786378723.085077) can0 38F#B12AE25302000000
(1786378723.085364) can0 38E#7625004011000000
(1786378723.095084) can0 38E#9126004011000000
(1786378723.105049) can0 38F#EC2BE25302000000
(1786378723.105330) can0 38E#CC27004011000000
(1786378723.115082) can0 38E#9028004011000000
(1786378723.124986) can0 38F#622CE25302000000
(1786378723.125214) can0 38E#CD29004011000000
(1786378723.135018) can0 38E#2A2A004011000000
(1786378723.145128) can0 38F#3F2DE25302000000
(1786378723.145440) can0 38E#772B004011000000
(1786378723.155068) can0 38E#F92C004011000000
(1786378723.165064) can0 38F#D82EE25302000000
(1786378723.165411) can0 38E#A42D004011000000
(1786378723.175006) can0 38E#432E004011000000
(1786378723.185009) can0 38F#852FE25302000000
(1786378723.185352) can0 38E#1E2F004011000000
(1786378723.195150) can0 38E#4220004011000000
(1786378723.205070) can0 38F#D920E25302000000
(1786378723.205407) can0 38E#1F21004011000000
(1786378723.215050) can0 38E#F822004011000000
(1786378723.224984) can0 38F#8421E25302000000
(1786378723.225219) can0 38E#A523004011000000
(1786378723.235085) can0 38E#2B24004011000000
(1786378723.245061) can0 38F#6322E25302000000
(1786378723.245421) can0 38E#7625004011000000
(1786378723.255037) can0 38E#9126004011000000
(1786378723.265045) can0 38F#3E23E25302000000
(1786378723.265334) can0 38E#CC27004011000000
(1786378723.274956) can0 38E#9028004011000000
(1786378723.285066) can0 38F#B024E25302000000
(1786378723.285367) can0 38E#CD29004011000000
(1786378723.295061) can0 38E#2A2A004011000000
(1786378723.305066) can0 38F#ED25E25302000000
(1786378723.305357) can0 38E#772B004011000000
(1786378723.315075) can0 38E#F92C004011000000
(1786378723.325054) can0 38F#0A26E25302000000
(1786378723.325336) can0 38E#A42D004011000000
(1786378723.335074) can0 38E#432E004011000000
(1786378723.345042) can0 38F#5727E25302000000
(1786378723.345349) can0 38E#1E2F004011000000
(1786378723.355015) can0 38E#4220004011000000
(1786378723.365078) can0 38F#0B28E25302000000
(1786378723.365338) can0 38E#1F21004011000000
(1786378723.375022) can0 38E#F822004011000000
(1786378723.385069) can0 38F#5629E25302000000
(1786378723.385341) can0 38E#A523004011000000
(1786378723.395067) can0 38E#2B24004011000000
(1786378723.405088) can0 38F#B12AE25302000000
(1786378723.405578) can0 38E#7625004011000000
(1786378723.415185) can0 38E#9126004011000000
(1786378723.425111) can0 38F#EC2BE25302000000
(1786378723.425377) can0 38E#CC27004011000000
(1786378723.435129) can0 38E#9028004011000000
(1786378723.445084) can0 38F#622CE25302000000
(1786378723.445494) can0 38E#CD29004011000000
(1786378723.455105) can0 38E#2A2A004011000000
(1786378723.465198) can0 38F#3F2DE25302000000
(1786378723.465474) can0 38E#772B004011000000
(1786378723.475007) can0 38E#F92C004011000000
(1786378723.485065) can0 38F#D82EE25302000000
(1786378723.485358) can0 38E#A42D004011000000
(1786378723.495028) can0 38E#432E004011000000
(1786378723.505055) can0 38F#852FE25302000000
(1786378723.505333) can0 38E#1E2F004011000000
(1786378723.515091) can0 38E#4220004011000000
(1786378723.524975) can0 38F#D920E25302000000
(1786378723.525157) can0 38E#1F21004011000000
(1786378723.535061) can0 38E#F822004011000000
(1786378723.545049) can0 38F#8421E25302000000
(1786378723.545344) can0 38E#A523004011000000
(1786378723.554980) can0 38E#2B24004011000000
(1786378723.565002) can0 38F#6322E25302000000
(1786378723.565267) can0 38E#7625004011000000
(1786378723.575107) can0 38E#9126004011000000
(1786378723.585060) can0 38F#3E23E25302000000
(1786378723.585382) can0 38E#CC27004011000000
(1786378723.595112) can0 38E#9028004011000000
(1786378723.605076) can0 38F#B024E25302000000
(1786378723.605435) can0 38E#CD29004011000000
(1786378723.615032) can0 38E#2A2A004011000000
(1786378723.625244) can0 38F#ED25E25302000000
(1786378723.625692) can0 38E#772B004011000000
(1786378723.635107) can0 38E#F92C004011000000
(1786378723.645010) can0 38F#0A26E25302000000
(1786378723.645342) can0 38E#A42D004011000000
(1786378723.655043) can0 38E#432E004011000000
(1786378723.665171) can0 38F#5727E25302000000
(1786378723.665461) can0 38E#1E2F004011000000
(1786378723.675034) can0 38E#4220004011000000
(1786378723.685035) can0 38F#0B28E25302000000
(1786378723.685366) can0 38E#1F21004011000000
(1786378723.695162) can0 38E#F822004011000000
(1786378723.705027) can0 38F#5629E25302000000
(1786378723.705391) can0 38E#A523004011000000
(1786378723.715053) can0 38E#2B24004011000000
(1786378723.725028) can0 38F#B12AE25302000000
(1786378723.725276) can0 38E#7625004011000000
(1786378723.735085) can0 38E#9126004011000000
(1786378723.745082) can0 38F#EC2BE25302000000
(1786378723.745407) can0 38E#CC27004011000000
(1786378723.755082) can0 38E#9028004011000000
(1786378723.765057) can0 38F#622CE25302000000
(1786378723.765407) can0 38E#CD29004011000000
(1786378723.774983) can0 38E#2A2A004011000000
(1786378723.785050) can0 38F#3F2DE25302000000
(1786378723.785336) can0 38E#772B004011000000
(1786378723.795105) can0 38E#F92C004011000000
(1786378723.805136) can0 38F#D82EE25302000000
(1786378723.805400) can0 38E#A42D004011000000
(1786378723.815129) can0 38E#432E004011000000
(1786378723.825009) can0 38F#852FE25302000000
(1786378723.825253) can0 38E#1E2F004011000000
(1786378723.835145) can0 38E#4220004011000000
(1786378723.845090) can0 38F#D920E25302000000
(1786378723.845392) can0 38E#1F21004011000000
(1786378723.855100) can0 38E#F822004011000000
(1786378723.865047) can0 38F#8421E25302000000
(1786378723.865391) can0 38E#A523004011000000
(1786378723.874970) can0 38E#2B24004011000000
(1786378723.885075) can0 38F#6322E25302000000
(1786378723.885353) can0 38E#7625004011000000
(1786378723.895136) can0 38E#9126004011000000
(1786378723.905088) can0 38F#3E23E25302000000
(1786378723.905447) can0 38E#CC27004011000000
(1786378723.915044) can0 38E#9028004011000000
(1786378723.925008) can0 38F#B024E25302000000
(1786378723.925236) can0 38E#CD29004011000000
(1786378723.935135) can0 38E#2A2A004011000000
(1786378723.945083) can0 38F#ED25E25302000000
(1786378723.945414) can0 38E#772B004011000000
(1786378723.955058) can0 38E#F92C004011000000
(1786378723.965065) can0 38F#0A26E25302000000
(1786378723.965366) can0 38E#A42D004011000000
(1786378723.975163) can0 38E#432E004011000000
(1786378723.985078) can0 38F#5727E25302000000
(1786378723.985375) can0 38E#1E2F004011000000
(1786378723.995115) can0 38E#4220004011000000
(1786378724.005069) can0 38F#0B28E25302000000
(1786378724.005372) can0 38E#1F21004011000000
(1786378724.015123) can0 38E#F822004011000000
(1786378724.025062) can0 38F#5629E25302000000
(1786378724.025365) can0 38E#A523004011000000
(1786378724.035129) can0 38E#2B24004011000000
(1786378724.045066) can0 38F#B12AE25302000000
(1786378724.045435) can0 38E#7625004011000000
(1786378724.055145) can0 38E#9126004011000000
(1786378724.065236) can0 38F#EC2BE25302000000
(1786378724.065615) can0 38E#CC27004011000000
(1786378724.075016) can0 38E#9028004011000000
(1786378724.084993) can0 38F#622CE25302000000
(1786378724.085270) can0 38E#CD29004011000000
(1786378724.095158) can0 38E#2A2A004011000000
(1786378724.105079) can0 38F#3F2DE25302000000
(1786378724.105372) can0 38E#772B004011000000
(1786378724.115013) can0 38E#F92C004011000000
(1786378724.125011) can0 38F#D82EE25302000000
(1786378724.125238) can0 38E#A42D004011000000
(1786378724.135022) can0 38E#432E004011000000
(1786378724.145008) can0 38F#852FE25302000000
(1786378724.145267) can0 38E#1E2F004011000000
(1786378724.155048) can0 38E#4220004011000000
(1786378724.165036) can0 38F#D920E25302000000
(1786378724.165259) can0 38E#1F21004011000000
(1786378724.175031) can0 38E#F822004011000000
(1786378724.185078) can0 38F#8421E25302000000
(1786378724.185355) can0 38E#A523004011000000
(1786378724.195116) can0 38E#2B24004011000000
(1786378724.205042) can0 38F#6322E25302000000
(1786378724.205277) can0 38E#7625004011000000
(1786378724.214992) can0 38E#9126004011000000
(1786378724.225061) can0 38F#3E23E25302000000
(1786378724.225344) can0 38E#CC27004011000000
(1786378724.235094) can0 38E#9028004011000000
(1786378724.245003) can0 38F#B024E25302000000
(1786378724.245355) can0 38E#CD29004011000000
(1786378724.255079) can0 38E#2A2A004011000000
(1786378724.265106) can0 38F#ED25E25302000000
(1786378724.265411) can0 38E#772B004011000000
(1786378724.275097) can0 38E#F92C004011000000
(1786378724.285041) can0 38F#0A26E25302000000
(1786378724.285368) can0 38E#A42D004011000000
(1786378724.295098) can0 38E#432E004011000000
(1786378724.305027) can0 38F#5727E25302000000
(1786378724.305298) can0 38E#1E2F004011000000
(1786378724.315038) can0 38E#4220004011000000
(1786378724.325099) can0 38F#0B28E25302000000
(1786378724.325429) can0 38E#1F21004011000000
(1786378724.335117) can0 38E#F822004011000000
(1786378724.345025) can0 38F#5629E25302000000
(1786378724.345370) can0 38E#A523004011000000
(1786378724.355035) can0 38E#2B24004011000000
(1786378724.365011) can0 38F#B12AE25302000000
(1786378724.365282) can0 38E#7625004011000000
(1786378724.375051) can0 38E#9126004011000000
(1786378724.385046) can0 38F#EC2BE25302000000
(1786378724.385363) can0 38E#CC27004011000000
(1786378724.395055) can0 38E#9028004011000000
(1786378724.405071) can0 38F#622CE25302000000
(1786378724.405386) can0 38E#CD29004011000000
(1786378724.415011) can0 38E#2A2A004011000000
(1786378724.424980) can0 38F#3F2DE25302000000
(1786378724.425218) can0 38E#772B004011000000
(1786378724.435076) can0 38E#F92C004011000000
(1786378724.445092) can0 38F#D82EE25302000000
(1786378724.445364) can0 38E#A42D004011000000
(1786378724.455105) can0 38E#432E004011000000
(1786378724.465032) can0 38F#852FE25302000000
(1786378724.465295) can0 38E#1E2F004011000000
(1786378724.474977) can0 38E#4220004011000000
(1786378724.485046) can0 38F#D920E25302000000
(1786378724.485366) can0 38E#1F21004011000000
(1786378724.495113) can0 38E#F822004011000000
(1786378724.505026) can0 38F#8421E25302000000
(1786378724.505282) can0 38E#A523004011000000
(1786378724.515054) can0 38E#2B24004011000000
(1786378724.525108) can0 38F#6322E25302000000
(1786378724.525421) can0 38E#7625004011000000
(1786378724.535157) can0 38E#9126004011000000
(1786378724.545066) can0 38F#3E23E25302000000
(1786378724.545369) can0 38E#CC27004011000000
(1786378724.555108) can0 38E#9028004011000000
(1786378724.565004) can0 38F#B024E25302000000
(1786378724.565380) can0 38E#CD29004011000000
(1786378724.575044) can0 38E#2A2A004011000000
(1786378724.585100) can0 38F#ED25E25302000000
(1786378724.585370) can0 38E#772B004011000000
(1786378724.595055) can0 38E#F92C004011000000
(1786378724.605064) can0 38F#0A26E25302000000
(1786378724.605331) can0 38E#A42D004011000000
(1786378724.615067) can0 38E#432E004011000000
(1786378724.625037) can0 38F#5727E25302000000
(1786378724.625304) can0 38E#1E2F004011000000
(1786378724.635068) can0 38E#4220004011000000
(1786378724.645025) can0 38F#0B28E25302000000
(1786378724.645385) can0 38E#1F21004011000000
(1786378724.655114) can0 38E#F822004011000000
(1786378724.665192) can0 38F#5629E25302000000
(1786378724.665596) can0 38E#A523004011000000
(1786378724.674982) can0 38E#2B24004011000000
(1786378724.685052) can0 38F#B12AE25302000000
(1786378724.685364) can0 38E#7625004011000000
(1786378724.695142) can0 38E#9126004011000000
(1786378724.705253) can0 38F#EC2BE25302000000
(1786378724.705650) can0 38E#CC27004011000000
(1786378724.715134) can0 38E#9028004011000000
(1786378724.725040) can0 38F#622CE25302000000
(1786378724.725284) can0 38E#CD29004011000000
(1786378724.735040) can0 38E#2A2A004011000000
(1786378724.745017) can0 38F#3F2DE25302000000
(1786378724.745316) can0 38E#772B004011000000
(1786378724.755131) can0 38E#F92C004011000000
(1786378724.765229) can0 38F#D82EE25302000000
(1786378724.765924) can0 38E#A42D004011000000
(1786378724.775017) can0 38E#432E004011000000
(1786378724.785105) can0 38F#852FE25302000000
(1786378724.785481) can0 38E#1E2F004011000000
(1786378724.795161) can0 38E#4220004011000000
(1786378724.805186) can0 38F#D920E25302000000
(1786378724.805555) can0 38E#1F21004011000000
(1786378724.815188) can0 38E#F822004011000000
(1786378724.825360) can0 38F#8421E25302000000
(1786378724.825825) can0 38E#A523004011000000
(1786378724.835235) can0 38E#2B24004011000000
(1786378724.844871) can0 38F#6322E25302000000
(1786378724.845240) can0 38E#7625004011000000
(1786378724.855144) can0 38E#9126004011000000
(1786378724.865155) can0 38F#3E23E25302000000
(1786378724.865560) can0 38E#CC27004011000000
(1786378724.875196) can0 38E#9028004011000000
(1786378724.885170) can0 38F#B024E25302000000
(1786378724.885547) can0 38E#CD29004011000000
(1786378724.895236) can0 38E#2A2A004011000000
(1786378724.905057) can0 38F#ED25E25302000000
(1786378724.905429) can0 38E#772B004011000000
(1786378724.915188) can0 38E#F92C004011000000
(1786378724.925048) can0 38F#0A26E25302000000
(1786378724.925292) can0 38E#A42D004011000000
(1786378724.935130) can0 38E#432E004011000000
(1786378724.945105) can0 38F#5727E25302000000
(1786378724.945436) can0 38E#1E2F004011000000
(1786378724.955103) can0 38E#4220004011000000
(1786378724.965111) can0 38F#0B28E25302000000
(1786378724.965615) can0 38E#1F21004011000000
(1786378724.975086) can0 38E#F822004011000000
(1786378724.985144) can0 38F#5629E25302000000
(1786378724.985508) can0 38E#A523004011000000
(1786378724.995040) can0 38E#2B24004011000000
(1786378725.005036) can0 38F#B12AE25302000000
(1786378725.005366) can0 38E#7625004011000000
(1786378725.015322) can0 38E#9126004011000000
(1786378725.025105) can0 38F#EC2BE25302000000
(1786378725.025436) can0 38E#CC27004011000000
(1786378725.035124) can0 38E#9028004011000000
(1786378725.045204) can0 38F#622CE25302000000
(1786378725.045586) can0 38E#CD29004011000000
(1786378725.055245) can0 38E#2A2A004011000000
(1786378725.065064) can0 38F#3F2DE25302000000
(1786378725.065450) can0 38E#772B004011000000
(1786378725.075078) can0 38E#F92C004011000000
(1786378725.085182) can0 38F#D82EE25302000000
(1786378725.085719) can0 38E#A42D004011000000
(1786378725.095150) can0 38E#432E004011000000
(1786378725.105109) can0 38F#852FE25302000000
(1786378725.105466) can0 38E#1E2F004011000000
(1786378725.115108) can0 38E#4220004011000000
(1786378725.125041) can0 38F#D920E25302000000
(1786378725.125429) can0 38E#1F21004011000000
(1786378725.135132) can0 38E#F822004011000000
(1786378725.145074) can0 38F#8421E25302000000
(1786378725.145381) can0 38E#A523004011000000
(1786378725.155067) can0 38E#2B24004011000000
(1786378725.165129) can0 38F#6322E25302000000
(1786378725.165511) can0 38E#7625004011000000
(1786378725.175053) can0 38E#9126004011000000
(1786378725.185162) can0 38F#3E23E25302000000
(1786378725.185531) can0 38E#CC27004011000000
(1786378725.195151) can0 38E#9028004011000000
(1786378725.205011) can0 38F#B024E25302000000
(1786378725.205254) can0 38E#CD29004011000000
(1786378725.215042) can0 38E#2A2A004011000000
(1786378725.225084) can0 38F#ED25E25302000000
(1786378725.225313) can0 38E#772B004011000000
(1786378725.235092) can0 38E#F92C004011000000
(1786378725.245065) can0 38F#0A26E25302000000
(1786378725.245506) can0 38E#A42D004011000000
(1786378725.255150) can0 38E#432E004011000000
(1786378725.265049) can0 38F#5727E25302000000
(1786378725.265324) can0 38E#1E2F004011000000
(1786378725.274957) can0 38E#4220004011000000
(1786378725.285097) can0 38F#0B28E25302000000
(1786378725.285621) can0 38E#1F21004011000000
(1786378725.295177) can0 38E#F822004011000000
(1786378725.305165) can0 38F#5629E25302000000
(1786378725.305543) can0 38E#A523004011000000
(1786378725.315167) can0 38E#2B24004011000000
(1786378725.325007) can0 38F#B12AE25302000000
(1786378725.325279) can0 38E#7625004011000000
(1786378725.335026) can0 38E#9126004011000000
(1786378725.345179) can0 38F#EC2BE25302000000
(1786378725.345528) can0 38E#CC27004011000000
(1786378725.355069) can0 38E#9028004011000000
(1786378725.365079) can0 38F#622CE25302000000
(1786378725.365470) can0 38E#CD29004011000000
(1786378725.375122) can0 38E#2A2A004011000000
(1786378725.385158) can0 38F#3F2DE25302000000
(1786378725.385444) can0 38E#772B004011000000
(1786378725.395151) can0 38E#F92C004011000000
(1786378725.405026) can0 38F#D82EE25302000000
(1786378725.405356) can0 38E#A42D004011000000
(1786378725.415128) can0 38E#432E004011000000
(1786378725.424996) can0 38F#852FE25302000000
(1786378725.425235) can0 38E#1E2F004011000000
(1786378725.435082) can0 38E#4220004011000000
(1786378725.445129) can0 38F#D920E25302000000
(1786378725.445527) can0 38E#1F21004011000000
(1786378725.455132) can0 38E#F822004011000000
(1786378725.465114) can0 38F#8421E25302000000
(1786378725.465490) can0 38E#A523004011000000
(1786378725.475118) can0 38E#2B24004011000000
(1786378725.485184) can0 38F#6322E25302000000
(1786378725.485486) can0 38E#7625004011000000
(1786378725.495021) can0 38E#9126004011000000
(1786378725.505055) can0 38F#3E23E25302000000
(1786378725.505377) can0 38E#CC27004011000000
(1786378725.515084) can0 38E#9028004011000000
(1786378725.525122) can0 38F#B024E25302000000
(1786378725.525384) can0 38E#CD29004011000000
(1786378725.535081) can0 38E#2A2A004011000000
(1786378725.545120) can0 38F#ED25E25302000000
(1786378725.545557) can0 38E#772B004011000000
(1786378725.555108) can0 38E#F92C004011000000
(1786378725.565132) can0 38F#0A26E25302000000
(1786378725.565601) can0 38E#A42D004011000000
(1786378725.575090) can0 38E#432E004011000000
(1786378725.585107) can0 38F#5727E25302000000
(1786378725.585461) can0 38E#1E2F004011000000
(1786378725.595045) can0 38E#4220004011000000
(1786378725.605033) can0 38F#0B28E25302000000
(1786378725.605406) can0 38E#1F21004011000000
(1786378725.615225) can0 38E#F822004011000000
(1786378725.625145) can0 38F#5629E25302000000
(1786378725.625546) can0 38E#A523004011000000
(1786378725.635140) can0 38E#2B24004011000000
(1786378725.645117) can0 38F#B12AE25302000000
(1786378725.645509) can0 38E#7625004011000000
(1786378725.655159) can0 38E#9126004011000000
(1786378725.665217) can0 38F#EC2BE25302000000
(1786378725.665660) can0 38E#CC27004011000000
(1786378725.675062) can0 38E#9028004011000000
(1786378725.685152) can0 38F#622CE25302000000
(1786378725.685581) can0 38E#CD29004011000000
(1786378725.695160) can0 38E#2A2A004011000000
(1786378725.705138) can0 38F#3F2DE25302000000
(1786378725.705536) can0 38E#772B004011000000
(1786378725.715110) can0 38E#F92C004011000000
(1786378725.725083) can0 38F#D82EE25302000000
(1786378725.725490) can0 38E#A42D004011000000
(1786378725.735164) can0 38E#432E004011000000
(1786378725.745214) can0 38F#852FE25302000000
(1786378725.745622) can0 38E#1E2F004011000000
(1786378725.755149) can0 38E#4220004011000000
(1786378725.765085) can0 38F#D920E25302000000
(1786378725.765430) can0 38E#1F21004011000000
(1786378725.775132) can0 38E#F822004011000000
(1786378725.785196) can0 38F#8421E25302000000
(1786378725.785613) can0 38E#A523004011000000
(1786378725.795113) can0 38E#2B24004011000000
(1786378725.805090) can0 38F#6322E25302000000
(1786378725.805455) can0 38E#7625004011000000
(1786378725.815159) can0 38E#9126004011000000
(1786378725.825059) can0 38F#3E23E25302000000
(1786378725.825363) can0 38E#CC27004011000000
(1786378725.835185) can0 38E#9028004011000000
(1786378725.845114) can0 38F#B024E25302000000
(1786378725.845490) can0 38E#CD29004011000000
(1786378725.855073) can0 38E#2A2A004011000000
(1786378725.865156) can0 38F#ED25E25302000000
(1786378725.865483) can0 38E#772B004011000000
(1786378725.875125) can0 38E#F92C004011000000
(1786378725.885046) can0 38F#0A26E25302000000
(1786378725.885440) can0 38E#A42D004011000000
(1786378725.895163) can0 38E#432E004011000000
(1786378725.905239) can0 38F#5727E25302000000
(1786378725.905638) can0 38E#1E2F004011000000
(1786378725.915213) can0 38E#4220004011000000
(1786378725.925004) can0 38F#0B28E25302000000
(1786378725.925319) can0 38E#1F21004011000000
(1786378725.935170) can0 38E#F822004011000000
(1786378725.945225) can0 38F#5629E25302000000
(1786378725.945582) can0 38E#A523004011000000
(1786378725.955266) can0 38E#2B24004011000000
(1786378725.965075) can0 38F#B12AE25302000000
(1786378725.965428) can0 38E#7625004011000000
(1786378725.975059) can0 38E#9126004011000000
(1786378725.985183) can0 38F#EC2BE25302000000
(1786378725.985664) can0 38E#CC27004011000000
(1786378725.995217) can0 38E#9028004011000000
(1786378726.005066) can0 38F#622CE25302000000
(1786378726.005450) can0 38E#CD29004011000000
(1786378726.015141) can0 38E#2A2A004011000000
(1786378726.025080) can0 38F#3F2DE25302000000
(1786378726.025380) can0 38E#772B004011000000
(1786378726.035173) can0 38E#F92C004011000000
(1786378726.045124) can0 38F#D82EE25302000000
(1786378726.045527) can0 38E#A42D004011000000
(1786378726.055114) can0 38E#432E004011000000
(1786378726.065103) can0 38F#852FE25302000000
(1786378726.065490) can0 38E#1E2F004011000000
(1786378726.075126) can0 38E#4220004011000000
(1786378726.085103) can0 38F#D920E25302000000
(1786378726.085401) can0 38E#1F21004011000000
(1786378726.095130) can0 38E#F822004011000000
(1786378726.105166) can0 38F#8421E25302000000
(1786378726.105502) can0 38E#A523004011000000
(1786378726.115229) can0 38E#2B24004011000000
(1786378726.125063) can0 38F#6322E25302000000
(1786378726.125306) can0 38E#7625004011000000
(1786378726.135086) can0 38E#9126004011000000
(1786378726.145137) can0 38F#3E23E25302000000
(1786378726.145559) can0 38E#CC27004011000000
(1786378726.155146) can0 38E#9028004011000000
(1786378726.165070) can0 38F#B024E25302000000
(1786378726.165355) can0 38E#CD29004011000000
(1786378726.175100) can0 38E#2A2A004011000000
(1786378726.185103) can0 38F#ED25E25302000000
(1786378726.185439) can0 38E#772B004011000000
(1786378726.195099) can0 38E#F92C004011000000
(1786378726.205183) can0 38F#0A26E25302000000
(1786378726.205622) can0 38E#A42D004011000000
(1786378726.215258) can0 38E#432E004011000000
(1786378726.225105) can0 38F#5727E25302000000
(1786378726.225488) can0 38E#1E2F004011000000
(1786378726.235183) can0 38E#4220004011000000
(1786378726.245132) can0 38F#0B28E25302000000
(1786378726.245549) can0 38E#1F21004011000000
(1786378726.255138) can0 38E#F822004011000000
(1786378726.265182) can0 38F#5629E25302000000
(1786378726.265619) can0 38E#A523004011000000
(1786378726.275310) can0 38E#2B24004011000000
(1786378726.285039) can0 38F#B12AE25302000000
(1786378726.285438) can0 38E#7625004011000000
(1786378726.295160) can0 38E#9126004011000000
(1786378726.305148) can0 38F#EC2BE25302000000
(1786378726.305511) can0 38E#CC27004011000000
(1786378726.315257) can0 38E#9028004011000000
(1786378726.325075) can0 38F#622CE25302000000
(1786378726.325358) can0 38E#CD29004011000000
(1786378726.335109) can0 38E#2A2A004011000000
(1786378726.345202) can0 38F#3F2DE25302000000
(1786378726.345637) can0 38E#772B004011000000
(1786378726.355034) can0 38E#F92C004011000000
(1786378726.365013) can0 38F#D82EE25302000000
(1786378726.365251) can0 38E#A42D004011000000
(1786378726.375070) can0 38E#432E004011000000
(1786378726.385246) can0 38F#852FE25302000000
(1786378726.385612) can0 38E#1E2F004011000000
(1786378726.395088) can0 38E#4220004011000000
(1786378726.405139) can0 38F#D920E25302000000
(1786378726.405497) can0 38E#1F21004011000000
(1786378726.415142) can0 38E#F822004011000000
(1786378726.425190) can0 38F#8421E25302000000
(1786378726.425531) can0 38E#A523004011000000
(1786378726.435163) can0 38E#2B24004011000000
(1786378726.445129) can0 38F#6322E25302000000
(1786378726.445565) can0 38E#7625004011000000
(1786378726.455245) can0 38E#9126004011000000
(1786378726.465178) can0 38F#3E23E25302000000
(1786378726.465539) can0 38E#CC27004011000000
(1786378726.475168) can0 38E#9028004011000000
(1786378726.485118) can0 38F#B024E25302000000
(1786378726.485502) can0 38E#CD29004011000000
(1786378726.495049) can0 38E#2A2A004011000000
(1786378726.505071) can0 38F#ED25E25302000000
(1786378726.505432) can0 38E#772B004011000000
(1786378726.515087) can0 38E#F92C004011000000
(1786378726.525088) can0 38F#0A26E25302000000
(1786378726.525438) can0 38E#A42D004011000000
(1786378726.535129) can0 38E#432E004011000000
(1786378726.545174) can0 38F#5727E25302000000
(1786378726.545763) can0 38E#1E2F004011000000
(1786378726.555109) can0 38E#4220004011000000
(1786378726.565037) can0 38F#0B28E25302000000
(1786378726.565338) can0 38E#1F21004011000000
(1786378726.574996) can0 38E#F822004011000000
(1786378726.585241) can0 38F#5629E25302000000
(1786378726.585591) can0 38E#A523004011000000
(1786378726.595106) can0 38E#2B24004011000000
(1786378726.605139) can0 38F#B12AE25302000000
(1786378726.605467) can0 38E#7625004011000000
(1786378726.615073) can0 38E#9126004011000000
(1786378726.625032) can0 38F#EC2BE25302000000
(1786378726.625267) can0 38E#CC27004011000000
(1786378726.635123) can0 38E#9028004011000000
(1786378726.645052) can0 38F#622CE25302000000
(1786378726.645383) can0 38E#CD29004011000000
(1786378726.655047) can0 38E#2A2A004011000000
(1786378726.665093) can0 38F#3F2DE25302000000
(1786378726.665394) can0 38E#772B004011000000
(1786378726.675051) can0 38E#F92C004011000000
(1786378726.685127) can0 38F#D82EE25302000000
(1786378726.685416) can0 38E#A42D004011000000
(1786378726.695150) can0 38E#432E004011000000
(1786378726.705154) can0 38F#852FE25302000000
(1786378726.705489) can0 38E#1E2F004011000000
(1786378726.715126) can0 38E#4220004011000000
(1786378726.725083) can0 38F#D920E25302000000
(1786378726.725399) can0 38E#1F21004011000000
(1786378726.735147) can0 38E#F822004011000000
(1786378726.745177) can0 38F#8421E25302000000
(1786378726.745597) can0 38E#A523004011000000
(1786378726.755144) can0 38E#2B24004011000000
(1786378726.765099) can0 38F#6322E25302000000
(1786378726.765525) can0 38E#7625004011000000
(1786378726.775126) can0 38E#9126004011000000
(1786378726.785159) can0 38F#3E23E25302000000
(1786378726.785536) can0 38E#CC27004011000000
(1786378726.795042) can0 38E#9028004011000000
(1786378726.805145) can0 38F#B024E25302000000
(1786378726.805515) can0 38E#CD29004011000000
(1786378726.815208) can0 38E#2A2A004011000000
(1786378726.825115) can0 38F#ED25E25302000000
(1786378726.825428) can0 38E#772B004011000000
(1786378726.835082) can0 38E#F92C004011000000
(1786378726.845121) can0 38F#0A26E25302000000
(1786378726.845522) can0 38E#A42D004011000000
(1786378726.855174) can0 38E#432E004011000000
(1786378726.865153) can0 38F#5727E25302000000
(1786378726.865504) can0 38E#1E2F004011000000
(1786378726.875108) can0 38E#4220004011000000
(1786378726.885103) can0 38F#0B28E25302000000
(1786378726.885578) can0 38E#1F21004011000000
(1786378726.895103) can0 38E#F822004011000000
(1786378726.905208) can0 38F#5629E25302000000
(1786378726.905540) can0 38E#A523004011000000
(1786378726.915122) can0 38E#2B24004011000000
(1786378726.925123) can0 38F#B12AE25302000000
(1786378726.925467) can0 38E#7625004011000000
(1786378726.935128) can0 38E#9126004011000000
(1786378726.945203) can0 38F#EC2BE25302000000
(1786378726.945566) can0 38E#CC27004011000000
(1786378726.955219) can0 38E#9028004011000000
(1786378726.965222) can0 38F#622CE25302000000
(1786378726.965633) can0 38E#CD29004011000000
(1786378726.975326) can0 38E#2A2A004011000000
(1786378726.985191) can0 38F#3F2DE25302000000
(1786378726.985679) can0 38E#772B004011000000
(1786378726.995130) can0 38E#F92C004011000000
(1786378727.005067) can0 38F#D82EE25302000000
(1786378727.005458) can0 38E#A42D004011000000
(1786378727.015202) can0 38E#432E004011000000
(1786378727.025062) can0 38F#852FE25302000000
(1786378727.025339) can0 38E#1E2F004011000000
(1786378727.035092) can0 38E#4220004011000000
(1786378727.045056) can0 38F#D920E25302000000
(1786378727.045477) can0 38E#1F21004011000000
(1786378727.055198) can0 38E#F822004011000000
(1786378727.065177) can0 38F#8421E25302000000
(1786378727.065564) can0 38E#A523004011000000
(1786378727.075117) can0 38E#2B24004011000000
(1786378727.085070) can0 38F#6322E25302000000
(1786378727.085508) can0 38E#7625004011000000
(1786378727.095142) can0 38E#9126004011000000
(1786378727.105155) can0 38F#3E23E25302000000
(1786378727.105532) can0 38E#CC27004011000000
(1786378727.115278) can0 38E#9028004011000000
(1786378727.125076) can0 38F#B024E25302000000
(1786378727.125541) can0 38E#CD29004011000000
(1786378727.135275) can0 38E#2A2A004011000000
(1786378727.145179) can0 38F#ED25E25302000000
(1786378727.145571) can0 38E#772B004011000000
(1786378727.155241) can0 38E#F92C004011000000
(1786378727.165108) can0 38F#0A26E25302000000
(1786378727.165442) can0 38E#A42D004011000000
(1786378727.175122) can0 38E#432E004011000000
(1786378727.185180) can0 38F#5727E25302000000
(1786378727.185482) can0 38E#1E2F004011000000
(1786378727.195173) can0 38E#4220004011000000
(1786378727.205204) can0 38F#0B28E25302000000
(1786378727.205604) can0 38E#1F21004011000000
(1786378727.215136) can0 38E#F822004011000000
(1786378727.225073) can0 38F#5629E25302000000
(1786378727.225380) can0 38E#A523004011000000
(1786378727.235106) can0 38E#2B24004011000000
(1786378727.245086) can0 38F#B12AE25302000000
(1786378727.245497) can0 38E#7625004011000000
(1786378727.255185) can0 38E#9126004011000000
(1786378727.265083) can0 38F#EC2BE25302000000
(1786378727.265364) can0 38E#CC27004011000000
(1786378727.275051) can0 38E#9028004011000000
(1786378727.285191) can0 38F#622CE25302000000
(1786378727.285625) can0 38E#CD29004011000000
(1786378727.295160) can0 38E#2A2A004011000000
(1786378727.305091) can0 38F#3F2DE25302000000
(1786378727.305429) can0 38E#772B004011000000
(1786378727.315195) can0 38E#F92C004011000000
(1786378727.325087) can0 38F#D82EE25302000000
(1786378727.325454) can0 38E#A42D004011000000
(1786378727.335196) can0 38E#432E004011000000
(1786378727.345197) can0 38F#852FE25302000000
(1786378727.345633) can0 38E#1E2F004011000000
(1786378727.355249) can0 38E#4220004011000000
(1786378727.365070) can0 38F#D920E25302000000
(1786378727.365526) can0 38E#1F21004011000000
(1786378727.375135) can0 38E#F822004011000000
(1786378727.385187) can0 38F#8421E25302000000
(1786378727.385535) can0 38E#A523004011000000
(1786378727.395091) can0 38E#2B24004011000000
(1786378727.405149) can0 38F#6322E25302000000
(1786378727.405599) can0 38E#7625004011000000
(1786378727.415314) can0 38E#9126004011000000
(1786378727.424817) can0 38F#3E23E25302000000
(1786378727.425191) can0 38E#CC27004011000000
(1786378727.435184) can0 38E#9028004011000000
(1786378727.445193) can0 38F#B024E25302000000
(1786378727.445601) can0 38E#CD29004011000000
(1786378727.455137) can0 38E#2A2A004011000000
(1786378727.465301) can0 38F#ED25E25302000000
(1786378727.465820) can0 38E#772B004011000000
(1786378727.475204) can0 38E#F92C004011000000
(1786378727.485132) can0 38F#0A26E25302000000
(1786378727.485509) can0 38E#A42D004011000000
(1786378727.495236) can0 38E#432E004011000000
(1786378727.505186) can0 38F#5727E25302000000
(1786378727.505593) can0 38E#1E2F004011000000
(1786378727.515238) can0 38E#4220004011000000
(1786378727.525118) can0 38F#0B28E25302000000
(1786378727.525493) can0 38E#1F21004011000000
(1786378727.535210) can0 38E#F822004011000000
(1786378727.545184) can0 38F#5629E25302000000
(1786378727.545578) can0 38E#A523004011000000
(1786378727.555101) can0 38E#2B24004011000000
(1786378727.565090) can0 38F#B12AE25302000000
(1786378727.565401) can0 38E#7625004011000000
(1786378727.575056) can0 38E#9126004011000000
(1786378727.585114) can0 38F#EC2BE25302000000
(1786378727.585490) can0 38E#CC27004011000000
(1786378727.595103) can0 38E#9028004011000000
(1786378727.605081) can0 38F#622CE25302000000
(1786378727.605501) can0 38E#CD29004011000000
(1786378727.615372) can0 38E#2A2A004011000000
(1786378727.625206) can0 38F#3F2DE25302000000
(1786378727.625609) can0 38E#772B004011000000
(1786378727.635316) can0 38E#F92C004011000000
(1786378727.645121) can0 38F#D82EE25302000000
(1786378727.645531) can0 38E#A42D004011000000
(1786378727.655126) can0 38E#432E004011000000
(1786378727.665185) can0 38F#852FE25302000000
(1786378727.665587) can0 38E#1E2F004011000000
(1786378727.675405) can0 38E#4220004011000000
(1786378727.685141) can0 38F#D920E25302000000
(1786378727.685586) can0 38E#1F21004011000000
(1786378727.695175) can0 38E#F822004011000000
(1786378727.705245) can0 38F#8421E25302000000
(1786378727.705629) can0 38E#A523004011000000
(1786378727.715392) can0 38E#2B24004011000000
(1786378727.725123) can0 38F#6322E25302000000
(1786378727.725562) can0 38E#7625004011000000
(1786378727.735160) can0 38E#9126004011000000
(1786378727.745217) can0 38F#3E23E25302000000
(1786378727.745747) can0 38E#CC27004011000000
(1786378727.755139) can0 38E#9028004011000000
(1786378727.765126) can0 38F#B024E25302000000
(1786378727.765475) can0 38E#CD29004011000000
(1786378727.775110) can0 38E#2A2A004011000000
(1786378727.785148) can0 38F#ED25E25302000000
(1786378727.785496) can0 38E#772B004011000000
(1786378727.795131) can0 38E#F92C004011000000
(1786378727.805168) can0 38F#0A26E25302000000
(1786378727.805550) can0 38E#A42D004011000000
(1786378727.815215) can0 38E#432E004011000000
(1786378727.825050) can0 38F#5727E25302000000
(1786378727.825331) can0 38E#1E2F004011000000
(1786378727.835193) can0 38E#4220004011000000
(1786378727.845121) can0 38F#0B28E25302000000
(1786378727.845465) can0 38E#1F21004011000000
(1786378727.855143) can0 38E#F822004011000000
(1786378727.865162) can0 38F#5629E25302000000
(1786378727.865510) can0 38E#A523004011000000
(1786378727.875200) can0 38E#2B24004011000000
(1786378727.885129) can0 38F#B12AE25302000000
(1786378727.885517) can0 38E#7625004011000000
(1786378727.895161) can0 38E#9126004011000000
(1786378727.905079) can0 38F#EC2BE25302000000
(1786378727.905389) can0 38E#CC27004011000000
(1786378727.915154) can0 38E#9028004011000000
(1786378727.925146) can0 38F#622CE25302000000
(1786378727.925457) can0 38E#CD29004011000000
(1786378727.935102) can0 38E#2A2A004011000000
(1786378727.945131) can0 38F#3F2DE25302000000
(1786378727.945460) can0 38E#772B004011000000
(1786378727.955130) can0 38E#F92C004011000000
(1786378727.965127) can0 38F#D82EE25302000000
(1786378727.965517) can0 38E#A42D004011000000
(1786378727.975173) can0 38E#432E004011000000
(1786378727.985138) can0 38F#852FE25302000000
(1786378727.985628) can0 38E#1E2F004011000000
(1786378727.995222) can0 38E#4220004011000000
(1786378728.005033) can0 38F#D920E25302000000
(1786378728.005340) can0 38E#1F21004011000000
(1786378728.015337) can0 38E#F822004011000000
(1786378728.025109) can0 38F#8421E25302000000
(1786378728.025415) can0 38E#A523004011000000
(1786378728.035206) can0 38E#2B24004011000000
(1786378728.045087) can0 38F#6322E25302000000
(1786378728.045521) can0 38E#7625004011000000
(1786378728.055128) can0 38E#9126004011000000
(1786378728.065189) can0 38F#3E23E25302000000
(1786378728.065519) can0 38E#CC27004011000000
(1786378728.075055) can0 38E#9028004011000000
(1786378728.085032) can0 38F#B024E25302000000
(1786378728.085352) can0 38E#CD29004011000000
(1786378728.095140) can0 38E#2A2A004011000000
(1786378728.105133) can0 38F#ED25E25302000000
(1786378728.105488) can0 38E#772B004011000000
(1786378728.115287) can0 38E#F92C004011000000
(1786378728.125098) can0 38F#0A26E25302000000
(1786378728.125437) can0 38E#A42D004011000000
(1786378728.135221) can0 38E#432E004011000000
(1786378728.145236) can0 38F#5727E25302000000
(1786378728.145565) can0 38E#1E2F004011000000
(1786378728.155225) can0 38E#4220004011000000
(1786378728.165069) can0 38F#0B28E25302000000
(1786378728.165399) can0 38E#1F21004011000000
(1786378728.175252) can0 38E#F822004011000000
(1786378728.185189) can0 38F#5629E25302000000
(1786378728.185516) can0 38E#A523004011000000
(1786378728.195245) can0 38E#2B24004011000000
(1786378728.205129) can0 38F#B12AE25302000000
(1786378728.205494) can0 38E#7625004011000000
(1786378728.215169) can0 38E#9126004011000000
(1786378728.225085) can0 38F#EC2BE25302000000
(1786378728.225419) can0 38E#CC27004011000000
(1786378728.235121) can0 38E#9028004011000000
(1786378728.245203) can0 38F#622CE25302000000
(1786378728.245567) can0 38E#CD29004011000000
(1786378728.255126) can0 38E#2A2A004011000000
(1786378728.265221) can0 38F#3F2DE25302000000
(1786378728.265527) can0 38E#772B004011000000
(1786378728.275091) can0 38E#F92C004011000000
(1786378728.285061) can0 38F#D82EE25302000000
(1786378728.285505) can0 38E#A42D004011000000
(1786378728.295052) can0 38E#432E004011000000
(1786378728.305235) can0 38F#852FE25302000000
(1786378728.305613) can0 38E#1E2F004011000000
(1786378728.315241) can0 38E#4220004011000000
(1786378728.325143) can0 38F#D920E25302000000
(1786378728.325516) can0 38E#1F21004011000000
(1786378728.335125) can0 38E#F822004011000000
(1786378728.345202) can0 38F#8421E25302000000
(1786378728.345594) can0 38E#A523004011000000
(1786378728.355214) can0 38E#2B24004011000000
(1786378728.365084) can0 38F#6322E25302000000
(1786378728.365445) can0 38E#7625004011000000
(1786378728.375077) can0 38E#9126004011000000
(1786378728.385168) can0 38F#3E23E25302000000
(1786378728.385525) can0 38E#CC27004011000000
(1786378728.395128) can0 38E#9028004011000000
(1786378728.405161) can0 38F#B024E25302000000
(1786378728.405566) can0 38E#CD29004011000000
(1786378728.415260) can0 38E#2A2A004011000000
(1786378728.425146) can0 38F#ED25E25302000000
(1786378728.425524) can0 38E#772B004011000000
(1786378728.435233) can0 38E#F92C004011000000
(1786378728.445156) can0 38F#0A26E25302000000
(1786378728.445573) can0 38E#A42D004011000000
(1786378728.455180) can0 38E#432E004011000000
(1786378728.465148) can0 38F#5727E25302000000
(1786378728.465584) can0 38E#1E2F004011000000
(1786378728.475125) can0 38E#4220004011000000
(1786378728.485213) can0 38F#0B28E25302000000
(1786378728.485777) can0 38E#1F21004011000000
(1786378728.495166) can0 38E#F822004011000000
(1786378728.505082) can0 38F#5629E25302000000
(1786378728.505378) can0 38E#A523004011000000
(1786378728.515133) can0 38E#2B24004011000000
(1786378728.525063) can0 38F#B12AE25302000000
(1786378728.525339) can0 38E#7625004011000000
(1786378728.535107) can0 38E#9126004011000000
(1786378728.545188) can0 38F#EC2BE25302000000
(1786378728.545586) can0 38E#CC27004011000000
(1786378728.555084) can0 38E#9028004011000000
(1786378728.565088) can0 38F#622CE25302000000
(1786378728.565373) can0 38E#CD29004011000000
(1786378728.575131) can0 38E#2A2A004011000000
(1786378728.585236) can0 38F#3F2DE25302000000
(1786378728.585674) can0 38E#772B004011000000
(1786378728.595129) can0 38E#F92C004011000000
(1786378728.605089) can0 38F#D82EE25302000000
(1786378728.605523) can0 38E#A42D004011000000
(1786378728.615275) can0 38E#432E004011000000
(1786378728.625081) can0 38F#852FE25302000000
(1786378728.625329) can0 38E#1E2F004011000000
(1786378728.635124) can0 38E#4220004011000000
(1786378728.645127) can0 38F#D920E25302000000
(1786378728.645530) can0 38E#1F21004011000000
(1786378728.655110) can0 38E#F822004011000000
(1786378728.665212) can0 38F#8421E25302000000
(1786378728.665597) can0 38E#A523004011000000
(1786378728.675218) can0 38E#2B24004011000000
(1786378728.685165) can0 38F#6322E25302000000
(1786378728.685604) can0 38E#7625004011000000
(1786378728.695162) can0 38E#9126004011000000
(1786378728.705201) can0 38F#3E23E25302000000
(1786378728.705561) can0 38E#CC27004011000000
(1786378728.715080) can0 38E#9028004011000000
(1786378728.725116) can0 38F#B024E25302000000
(1786378728.725501) can0 38E#CD29004011000000
(1786378728.735223) can0 38E#2A2A004011000000
(1786378728.745207) can0 38F#ED25E25302000000
(1786378728.745595) can0 38E#772B004011000000
(1786378728.755238) can0 38E#F92C004011000000
(1786378728.765062) can0 38F#0A26E25302000000
(1786378728.765389) can0 38E#A42D004011000000
(1786378728.775102) can0 38E#432E004011000000
(1786378728.785172) can0 38F#5727E25302000000
(1786378728.785463) can0 38E#1E2F004011000000
(1786378728.795134) can0 38E#4220004011000000
(1786378728.805076) can0 38F#0B28E25302000000
(1786378728.805428) can0 38E#1F21004011000000
(1786378728.815163) can0 38E#F822004011000000
(1786378728.825095) can0 38F#5629E25302000000
(1786378728.825394) can0 38E#A523004011000000
(1786378728.835214) can0 38E#2B24004011000000
(1786378728.845220) can0 38F#B12AE25302000000
(1786378728.845645) can0 38E#7625004011000000
(1786378728.855269) can0 38E#9126004011000000
(1786378728.865102) can0 38F#EC2BE25302000000
(1786378728.865440) can0 38E#CC27004011000000
(1786378728.875107) can0 38E#9028004011000000
(1786378728.885237) can0 38F#622CE25302000000
(1786378728.885641) can0 38E#CD29004011000000
(1786378728.895119) can0 38E#2A2A004011000000
(1786378728.905204) can0 38F#3F2DE25302000000
(1786378728.905574) can0 38E#772B004011000000
(1786378728.915209) can0 38E#F92C004011000000
(1786378728.925199) can0 38F#D82EE25302000000
(1786378728.925489) can0 38E#A42D004011000000
(1786378728.935178) can0 38E#432E004011000000
(1786378728.945210) can0 38F#852FE25302000000
(1786378728.945614) can0 38E#1E2F004011000000
(1786378728.955219) can0 38E#4220004011000000
(1786378728.965107) can0 38F#D920E25302000000
(1786378728.965441) can0 38E#1F21004011000000
(1786378728.975067) can0 38E#F822004011000000
(1786378728.985150) can0 38F#8421E25302000000
(1786378728.985498) can0 38E#A523004011000000
(1786378728.995110) can0 38E#2B24004011000000
(1786378729.005205) can0 38F#6322E25302000000
(1786378729.005657) can0 38E#7625004011000000
(1786378729.015175) can0 38E#9126004011000000
(1786378729.025066) can0 38F#3E23E25302000000
(1786378729.025340) can0 38E#CC27004011000000
(1786378729.035194) can0 38E#9028004011000000
(1786378729.045090) can0 38F#B024E25302000000
(1786378729.045500) can0 38E#CD29004011000000
(1786378729.055194) can0 38E#2A2A004011000000
(1786378729.065212) can0 38F#ED25E25302000000
(1786378729.065638) can0 38E#772B004011000000
(1786378729.075132) can0 38E#F92C004011000000
(1786378729.085114) can0 38F#0A26E25302000000
(1786378729.085559) can0 38E#A42D004011000000
(1786378729.095070) can0 38E#432E004011000000
(1786378729.105151) can0 38F#5727E25302000000
(1786378729.105479) can0 38E#1E2F004011000000
(1786378729.115077) can0 38E#4220004011000000
(1786378729.125112) can0 38F#0B28E25302000000
(1786378729.125478) can0 38E#1F21004011000000
(1786378729.135213) can0 38E#F822004011000000
(1786378729.145096) can0 38F#5629E25302000000
(1786378729.145508) can0 38E#A523004011000000
(1786378729.155118) can0 38E#2B24004011000000
(1786378729.165082) can0 38F#B12AE25302000000
(1786378729.165377) can0 38E#7625004011000000
(1786378729.175051) can0 38E#9126004011000000
(1786378729.185246) can0 38F#EC2BE25302000000
(1786378729.185600) can0 38E#CC27004011000000
(1786378729.195137) can0 38E#9028004011000000
(1786378729.205168) can0 38F#622CE25302000000
(1786378729.205507) can0 38E#CD29004011000000
(1786378729.215183) can0 38E#2A2A004011000000
(1786378729.225073) can0 38F#3F2DE25302000000
(1786378729.225387) can0 38E#772B004011000000
(1786378729.235116) can0 38E#F92C004011000000
(1786378729.245168) can0 38F#D82EE25302000000
(1786378729.245666) can0 38E#A42D004011000000
(1786378729.255154) can0 38E#432E004011000000
(1786378729.265078) can0 38F#852FE25302000000
(1786378729.265311) can0 38E#1E2F004011000000
(1786378729.275024) can0 38E#4220004011000000
(1786378729.285101) can0 38F#D920E25302000000
(1786378729.285556) can0 38E#1F21004011000000
(1786378729.295099) can0 38E#F822004011000000
(1786378729.305195) can0 38F#8421E25302000000
(1786378729.305571) can0 38E#A523004011000000
(1786378729.315175) can0 38E#2B24004011000000
(1786378729.325086) can0 38F#6322E25302000000
(1786378729.325408) can0 38E#7625004011000000
(1786378729.335139) can0 38E#9126004011000000
(1786378729.345168) can0 38F#3E23E25302000000
(1786378729.345487) can0 38E#CC27004011000000
(1786378729.355100) can0 38E#9028004011000000
(1786378729.365007) can0 38F#B024E25302000000
(1786378729.365289) can0 38E#CD29004011000000
(1786378729.375153) can0 38E#2A2A004011000000
(1786378729.385116) can0 38F#ED25E25302000000
(1786378729.385560) can0 38E#772B004011000000
(1786378729.395141) can0 38E#F92C004011000000
(1786378729.405127) can0 38F#0A26E25302000000
(1786378729.405460) can0 38E#A42D004011000000
(1786378729.415082) can0 38E#432E004011000000
(1786378729.425061) can0 38F#5727E25302000000
(1786378729.425322) can0 38E#1E2F004011000000
(1786378729.435238) can0 38E#4220004011000000
(1786378729.445115) can0 38F#0B28E25302000000
(1786378729.445578) can0 38E#1F21004011000000
(1786378729.455157) can0 38E#F822004011000000
(1786378729.465137) can0 38F#5629E25302000000
(1786378729.465496) can0 38E#A523004011000000
(1786378729.475098) can0 38E#2B24004011000000
(1786378729.485116) can0 38F#B12AE25302000000
(1786378729.485448) can0 38E#7625004011000000
(1786378729.495099) can0 38E#9126004011000000
(1786378729.505121) can0 38F#EC2BE25302000000
(1786378729.505512) can0 38E#CC27004011000000
(1786378729.515104) can0 38E#9028004011000000
(1786378729.525101) can0 38F#622CE25302000000
(1786378729.525401) can0 38E#CD29004011000000
(1786378729.535175) can0 38E#2A2A004011000000
(1786378729.545188) can0 38F#3F2DE25302000000
(1786378729.545596) can0 38E#772B004011000000
(1786378729.555157) can0 38E#F92C004011000000
(1786378729.565127) can0 38F#D82EE25302000000
(1786378729.565503) can0 38E#A42D004011000000
(1786378729.575130) can0 38E#432E004011000000
(1786378729.585129) can0 38F#852FE25302000000
(1786378729.585561) can0 38E#1E2F004011000000
(1786378729.595219) can0 38E#4220004011000000
(1786378729.605153) can0 38F#D920E25302000000
(1786378729.605532) can0 38E#1F21004011000000
(1786378729.615186) can0 38E#F822004011000000
(1786378729.625039) can0 38F#8421E25302000000
(1786378729.625330) can0 38E#A523004011000000
(1786378729.635189) can0 38E#2B24004011000000
(1786378729.645174) can0 38F#6322E25302000000
(1786378729.645528) can0 38E#7625004011000000
(1786378729.655169) can0 38E#9126004011000000
(1786378729.665137) can0 38F#3E23E25302000000
(1786378729.665506) can0 38E#CC27004011000000
(1786378729.675072) can0 38E#9028004011000000
(1786378729.685119) can0 38F#B024E25302000000
(1786378729.685502) can0 38E#CD29004011000000
(1786378729.695175) can0 38E#2A2A004011000000
(1786378729.705102) can0 38F#ED25E25302000000
(1786378729.705370) can0 38E#772B004011000000
(1786378729.715131) can0 38E#F92C004011000000
(1786378729.725006) can0 38F#0A26E25302000000
(1786378729.725307) can0 38E#A42D004011000000
(1786378729.735152) can0 38E#432E004011000000
(1786378729.745220) can0 38F#5727E25302000000
(1786378729.745618) can0 38E#1E2F004011000000
(1786378729.755111) can0 38E#4220004011000000
(1786378729.765092) can0 38F#0B28E25302000000
(1786378729.765465) can0 38E#1F21004011000000
(1786378729.775108) can0 38E#F822004011000000
(1786378729.785241) can0 38F#5629E25302000000
(1786378729.785606) can0 38E#A523004011000000
(1786378729.795106) can0 38E#2B24004011000000
(1786378729.805124) can0 38F#B12AE25302000000
(1786378729.805577) can0 38E#7625004011000000
(1786378729.815163) can0 38E#9126004011000000
(1786378729.825131) can0 38F#EC2BE25302000000
(1786378729.825516) can0 38E#CC27004011000000
(1786378729.835132) can0 38E#9028004011000000
(1786378729.845117) can0 38F#622CE25302000000
(1786378729.845527) can0 38E#CD29004011000000
(1786378729.855210) can0 38E#2A2A004011000000
(1786378729.865194) can0 38F#3F2DE25302000000
(1786378729.865532) can0 38E#772B004011000000
(1786378729.875085) can0 38E#F92C004011000000
(1786378729.885116) can0 38F#D82EE25302000000
(1786378729.885533) can0 38E#A42D004011000000
(1786378729.895101) can0 38E#432E004011000000
(1786378729.905186) can0 38F#852FE25302000000
(1786378729.905642) can0 38E#1E2F004011000000
(1786378729.915427) can0 38E#4220004011000000
(1786378729.925188) can0 38F#D920E25302000000
(1786378729.925527) can0 38E#1F21004011000000
(1786378729.935130) can0 38E#F822004011000000
(1786378729.945224) can0 38F#8421E25302000000
(1786378729.945613) can0 38E#A523004011000000
(1786378729.955144) can0 38E#2B24004011000000
(1786378729.965172) can0 38F#6322E25302000000
(1786378729.965550) can0 38E#7625004011000000
(1786378729.975108) can0 38E#9126004011000000
(1786378729.985257) can0 38F#3E23E25302000000
(1786378729.985655) can0 38E#CC27004011000000
(1786378729.995096) can0 38E#9028004011000000
(1786378730.005121) can0 38F#B024E25302000000
(1786378730.005567) can0 38E#CD29004011000000
(1786378730.015089) can0 38E#2A2A004011000000
(1786378730.025117) can0 38F#ED25E25302000000
(1786378730.025431) can0 38E#772B004011000000
(1786378730.035206) can0 38E#F92C004011000000
(1786378730.045167) can0 38F#0A26E25302000000
(1786378730.045587) can0 38E#A42D004011000000
(1786378730.055113) can0 38E#432E004011000000
(1786378730.065193) can0 38F#5727E25302000000
(1786378730.065530) can0 38E#1E2F004011000000
(1786378730.075187) can0 38E#4220004011000000
(1786378730.085150) can0 38F#0B28E25302000000
(1786378730.085481) can0 38E#1F21004011000000
(1786378730.095129) can0 38E#F822004011000000
(1786378730.105131) can0 38F#5629E25302000000
(1786378730.105547) can0 38E#A523004011000000
(1786378730.115310) can0 38E#2B24004011000000
(1786378730.125083) can0 38F#B12AE25302000000
(1786378730.125293) can0 38E#7625004011000000
(1786378730.135077) can0 38E#9126004011000000
(1786378730.145107) can0 38F#EC2BE25302000000
(1786378730.145393) can0 38E#CC27004011000000
(1786378730.155050) can0 38E#9028004011000000
(1786378730.165054) can0 38F#622CE25302000000
(1786378730.165340) can0 38E#CD29004011000000
(1786378730.175091) can0 38E#2A2A004011000000
(1786378730.185125) can0 38F#3F2DE25302000000
(1786378730.185452) can0 38E#772B004011000000
(1786378730.195062) can0 38E#F92C004011000000
(1786378730.205109) can0 38F#D82EE25302000000
(1786378730.205393) can0 38E#A42D004011000000
(1786378730.215154) can0 38E#432E004011000000
(1786378730.225114) can0 38F#852FE25302000000
(1786378730.225430) can0 38E#1E2F004011000000
(1786378730.235105) can0 38E#4220004011000000
(1786378730.245071) can0 38F#D920E25302000000
(1786378730.245369) can0 38E#1F21004011000000
(1786378730.255136) can0 38E#F822004011000000
(1786378730.265102) can0 38F#8421E25302000000
(1786378730.265326) can0 38E#A523004011000000
(1786378730.275079) can0 38E#2B24004011000000
(1786378730.285092) can0 38F#6322E25302000000
(1786378730.285413) can0 38E#7625004011000000
(1786378730.295119) can0 38E#9126004011000000
(1786378730.305085) can0 38F#3E23E25302000000
(1786378730.305353) can0 38E#CC27004011000000
(1786378730.315053) can0 38E#9028004011000000
(1786378730.325062) can0 38F#B024E25302000000
(1786378730.325313) can0 38E#CD29004011000000
(1786378730.335073) can0 38E#2A2A004011000000
(1786378730.345141) can0 38F#ED25E25302000000
(1786378730.345371) can0 38E#772B004011000000
(1786378730.355062) can0 38E#F92C004011000000
(1786378730.365034) can0 38F#0A26E25302000000
(1786378730.365296) can0 38E#A42D004011000000
(1786378730.375058) can0 38E#432E004011000000
(1786378730.385135) can0 38F#5727E25302000000
(1786378730.385395) can0 38E#1E2F004011000000
(1786378730.395130) can0 38E#4220004011000000
(1786378730.405092) can0 38F#0B28E25302000000
(1786378730.405350) can0 38E#1F21004011000000
(1786378730.415163) can0 38E#F822004011000000
(1786378730.425061) can0 38F#5629E25302000000
(1786378730.425278) can0 38E#A523004011000000
(1786378730.435066) can0 38E#2B24004011000000
(1786378730.445025) can0 38F#B12AE25302000000
(1786378730.445342) can0 38E#7625004011000000
(1786378730.455098) can0 38E#9126004011000000
(1786378730.465121) can0 38F#EC2BE25302000000
(1786378730.465403) can0 38E#CC27004011000000
(1786378730.475140) can0 38E#9028004011000000
(1786378730.485032) can0 38F#622CE25302000000
(1786378730.485258) can0 38E#CD29004011000000
(1786378730.495079) can0 38E#2A2A004011000000
(1786378730.505190) can0 38F#3F2DE25302000000
(1786378730.505512) can0 38E#772B004011000000
(1786378730.515046) can0 38E#F92C004011000000
(1786378730.525054) can0 38F#D82EE25302000000
(1786378730.525335) can0 38E#A42D004011000000
(1786378730.535079) can0 38E#432E004011000000
(1786378730.545113) can0 38F#852FE25302000000
(1786378730.545371) can0 38E#1E2F004011000000
(1786378730.555179) can0 38E#4220004011000000
(1786378730.565038) can0 38F#D920E25302000000
(1786378730.565355) can0 38E#1F21004011000000
(1786378730.575165) can0 38E#F822004011000000
(1786378730.585078) can0 38F#8421E25302000000
(1786378730.585335) can0 38E#A523004011000000
(1786378730.595105) can0 38E#2B24004011000000
(1786378730.605110) can0 38F#6322E25302000000
(1786378730.605409) can0 38E#7625004011000000
(1786378730.615171) can0 38E#9126004011000000
(1786378730.625169) can0 38F#3E23E25302000000
(1786378730.625529) can0 38E#CC27004011000000
(1786378730.635125) can0 38E#9028004011000000
(1786378730.645115) can0 38F#B024E25302000000
(1786378730.645540) can0 38E#CD29004011000000
(1786378730.655069) can0 38E#2A2A004011000000
(1786378730.665055) can0 38F#ED25E25302000000
(1786378730.665361) can0 38E#772B004011000000
(1786378730.675163) can0 38E#F92C004011000000
(1786378730.685063) can0 38F#0A26E25302000000
(1786378730.685351) can0 38E#A42D004011000000
(1786378730.695138) can0 38E#432E004011000000
(1786378730.705143) can0 38F#5727E25302000000
(1786378730.705509) can0 38E#1E2F004011000000
(1786378730.715123) can0 38E#4220004011000000
(1786378730.725115) can0 38F#0B28E25302000000
(1786378730.725416) can0 38E#1F21004011000000
(1786378730.735112) can0 38E#F822004011000000
(1786378730.745083) can0 38F#5629E25302000000
(1786378730.745373) can0 38E#A523004011000000
(1786378730.755088) can0 38E#2B24004011000000
(1786378730.765039) can0 38F#B12AE25302000000
(1786378730.765337) can0 38E#7625004011000000
(1786378730.775177) can0 38E#9126004011000000
(1786378730.785187) can0 38F#EC2BE25302000000
(1786378730.785507) can0 38E#CC27004011000000
(1786378730.795021) can0 38E#9028004011000000
(1786378730.805082) can0 38F#622CE25302000000
(1786378730.805385) can0 38E#CD29004011000000
(1786378730.815098) can0 38E#2A2A004011000000
(1786378730.825102) can0 38F#3F2DE25302000000
(1786378730.825378) can0 38E#772B004011000000
(1786378730.835084) can0 38E#F92C004011000000
(1786378730.845125) can0 38F#D82EE25302000000
(1786378730.845497) can0 38E#A42D004011000000
(1786378730.855130) can0 38E#432E004011000000
(1786378730.865078) can0 38F#852FE25302000000
(1786378730.865365) can0 38E#1E2F004011000000
(1786378730.875073) can0 38E#4220004011000000
(1786378730.885129) can0 38F#D920E25302000000
(1786378730.885459) can0 38E#1F21004011000000
(1786378730.895110) can0 38E#F822004011000000
(1786378730.905140) can0 38F#8421E25302000000
(1786378730.905424) can0 38E#A523004011000000
(1786378730.915074) can0 38E#2B24004011000000
(1786378730.925073) can0 38F#6322E25302000000
(1786378730.925447) can0 38E#7625004011000000
(1786378730.935216) can0 38E#9126004011000000
(1786378730.945128) can0 38F#3E23E25302000000
(1786378730.945402) can0 38E#CC27004011000000
(1786378730.955058) can0 38E#9028004011000000
(1786378730.965014) can0 38F#B024E25302000000
(1786378730.965302) can0 38E#CD29004011000000
(1786378730.975096) can0 38E#2A2A004011000000
(1786378730.985141) can0 38F#ED25E25302000000
(1786378730.985513) can0 38E#772B004011000000
(1786378730.995045) can0 38E#F92C004011000000
(1786378731.005134) can0 38F#0A26E25302000000
(1786378731.005469) can0 38E#A42D004011000000
(1786378731.015050) can0 38E#432E004011000000
(1786378731.025062) can0 38F#5727E25302000000
(1786378731.025299) can0 38E#1E2F004011000000
(1786378731.035092) can0 38E#4220004011000000
(1786378731.045061) can0 38F#0B28E25302000000
(1786378731.045371) can0 38E#1F21004011000000
(1786378731.055090) can0 38E#F822004011000000
(1786378731.065168) can0 38F#5629E25302000000
(1786378731.065428) can0 38E#A523004011000000
(1786378731.075253) can0 38E#2B24004011000000
(1786378731.085056) can0 38F#B12AE25302000000
(1786378731.085418) can0 38E#7625004011000000
(1786378731.095129) can0 38E#9126004011000000
(1786378731.105119) can0 38F#EC2BE25302000000
(1786378731.105365) can0 38E#CC27004011000000
(1786378731.115077) can0 38E#9028004011000000
(1786378731.125042) can0 38F#622CE25302000000
(1786378731.125353) can0 38E#CD29004011000000
(1786378731.135086) can0 38E#2A2A004011000000
(1786378731.145122) can0 38F#3F2DE25302000000
(1786378731.145397) can0 38E#772B004011000000
(1786378731.155170) can0 38E#F92C004011000000
(1786378731.165088) can0 38F#D82EE25302000000
(1786378731.165402) can0 38E#A42D004011000000
(1786378731.175023) can0 38E#432E004011000000
(1786378731.185051) can0 38F#852FE25302000000
(1786378731.185358) can0 38E#1E2F004011000000
(1786378731.195134) can0 38E#4220004011000000
(1786378731.205145) can0 38F#D920E25302000000
(1786378731.205402) can0 38E#1F21004011000000
(1786378731.215091) can0 38E#F822004011000000
(1786378731.225080) can0 38F#8421E25302000000
(1786378731.225333) can0 38E#A523004011000000
(1786378731.235070) can0 38E#2B24004011000000
(1786378731.245099) can0 38F#6322E25302000000
(1786378731.245425) can0 38E#7625004011000000
(1786378731.255131) can0 38E#9126004011000000
(1786378731.265055) can0 38F#3E23E25302000000
(1786378731.265316) can0 38E#CC27004011000000
(1786378731.275111) can0 38E#9028004011000000
(1786378731.285085) can0 38F#B024E25302000000
(1786378731.285363) can0 38E#CD29004011000000
(1786378731.295050) can0 38E#2A2A004011000000
(1786378731.305062) can0 38F#ED25E25302000000
(1786378731.305287) can0 38E#772B004011000000
(1786378731.315203) can0 38E#F92C004011000000
(1786378731.325128) can0 38F#0A26E25302000000
(1786378731.325372) can0 38E#A42D004011000000
(1786378731.335125) can0 38E#432E004011000000
(1786378731.345084) can0 38F#5727E25302000000
(1786378731.345371) can0 38E#1E2F004011000000
(1786378731.355074) can0 38E#4220004011000000
(1786378731.365150) can0 38F#0B28E25302000000
(1786378731.365545) can0 38E#1F21004011000000
(1786378731.375162) can0 38E#F822004011000000
(1786378731.385129) can0 38F#5629E25302000000
(1786378731.385386) can0 38E#A523004011000000
(1786378731.395126) can0 38E#2B24004011000000
(1786378731.405068) can0 38F#B12AE25302000000
(1786378731.405292) can0 38E#7625004011000000
(1786378731.415106) can0 38E#9126004011000000
(1786378731.425090) can0 38F#EC2BE25302000000
(1786378731.425376) can0 38E#CC27004011000000
(1786378731.435128) can0 38E#9028004011000000
(1786378731.445028) can0 38F#622CE25302000000
(1786378731.445300) can0 38E#CD29004011000000
(1786378731.455124) can0 38E#2A2A004011000000
(1786378731.465100) can0 38F#3F2DE25302000000
(1786378731.465405) can0 38E#772B004011000000
(1786378731.475021) can0 38E#F92C004011000000
(1786378731.485066) can0 38F#D82EE25302000000
(1786378731.485368) can0 38E#A42D004011000000
(1786378731.495142) can0 38E#432E004011000000
(1786378731.505141) can0 38F#852FE25302000000
(1786378731.505434) can0 38E#1E2F004011000000
(1786378731.515104) can0 38E#4220004011000000
(1786378731.525012) can0 38F#D920E25302000000
(1786378731.525292) can0 38E#1F21004011000000
(1786378731.535137) can0 38E#F822004011000000
(1786378731.545208) can0 38F#8421E25302000000
(1786378731.545548) can0 38E#A523004011000000
(1786378731.586913) can0 38E#2B24004011000000
(1786378731.649875) can0 38F#6322E25302000000
(1786378731.650446) can0 38E#7625004011000000
(1786378731.650760) can0 38E#9126004011000000
(1786378731.651860) can0 38F#3E23E25302000000
(1786378731.652196) can0 38E#CC27004011000000
(1786378731.652480) can0 38E#9028004011000000
(1786378731.652775) can0 38F#B024E25302000000
(1786378731.653050) can0 38E#CD29004011000000
(1786378731.653326) can0 38E#2A2A004011000000
(1786378731.653612) can0 38F#ED25E25302000000
(1786378731.653876) can0 38E#772B004011000000
(1786378731.654111) can0 38E#F92C004011000000
(1786378731.656066) can0 38F#0A26E25302000000
(1786378731.656312) can0 38E#A42D004011000000
(1786378731.656590) can0 38E#432E004011000000
(1786378731.672412) can0 38F#5727E25302000000
(1786378731.684662) can0 38E#1E2F004011000000
(1786378731.685004) can0 38E#4220004011000000
(1786378731.685302) can0 38F#0B28E25302000000
(1786378731.685538) can0 38E#1F21004011000000
(1786378731.695099) can0 38E#F822004011000000
(1786378731.705128) can0 38F#5629E25302000000
(1786378731.705493) can0 38E#A523004011000000
(1786378731.715128) can0 38E#2B24004011000000
(1786378731.725039) can0 38F#B12AE25302000000
(1786378731.725352) can0 38E#7625004011000000
(1786378731.735094) can0 38E#9126004011000000
(1786378731.745134) can0 38F#EC2BE25302000000
(1786378731.745422) can0 38E#CC27004011000000
(1786378731.755162) can0 38E#9028004011000000
(1786378731.765102) can0 38F#622CE25302000000
(1786378731.765369) can0 38E#CD29004011000000
(1786378731.775071) can0 38E#2A2A004011000000
(1786378731.785056) can0 38F#3F2DE25302000000
(1786378731.785325) can0 38E#772B004011000000
(1786378731.795189) can0 38E#F92C004011000000
(1786378731.805106) can0 38F#D82EE25302000000
(1786378731.805404) can0 38E#A42D004011000000
(1786378731.815079) can0 38E#432E004011000000
(1786378731.825229) can0 38F#852FE25302000000
(1786378731.825603) can0 38E#1E2F004011000000
(1786378731.835271) can0 38E#4220004011000000
(1786378731.845069) can0 38F#D920E25302000000
(1786378731.845392) can0 38E#1F21004011000000
(1786378731.855101) can0 38E#F822004011000000
(1786378731.865241) can0 38F#8421E25302000000
(1786378731.865647) can0 38E#A523004011000000
(1786378731.875111) can0 38E#2B24004011000000
(1786378731.885095) can0 38F#6322E25302000000
(1786378731.885338) can0 38E#7625004011000000
(1786378731.895294) can0 38E#9126004011000000
(1786378731.905225) can0 38F#3E23E25302000000
(1786378731.905549) can0 38E#CC27004011000000
(1786378731.915215) can0 38E#9028004011000000
(1786378731.925147) can0 38F#B024E25302000000
(1786378731.925468) can0 38E#CD29004011000000
(1786378731.935291) can0 38E#2A2A004011000000
(1786378731.945142) can0 38F#ED25E25302000000
(1786378731.945475) can0 38E#772B004011000000
(1786378731.955104) can0 38E#F92C004011000000
(1786378731.965082) can0 38F#0A26E25302000000
(1786378731.965427) can0 38E#A42D004011000000
(1786378731.975092) can0 38E#432E004011000000
(1786378731.985142) can0 38F#5727E25302000000
(1786378731.985449) can0 38E#1E2F004011000000
(1786378731.995195) can0 38E#4220004011000000
(1786378732.005159) can0 38F#0B28E25302000000
(1786378732.005510) can0 38E#1F21004011000000
(1786378732.015263) can0 38E#F822004011000000
(1786378732.025135) can0 38F#5629E25302000000
(1786378732.025478) can0 38E#A523004011000000
(1786378732.035145) can0 38E#2B24004011000000
(1786378732.045103) can0 38F#B12AE25302000000
(1786378732.045419) can0 38E#7625004011000000
(1786378732.055175) can0 38E#9126004011000000
(1786378732.065176) can0 38F#EC2BE25302000000
(1786378732.065482) can0 38E#CC27004011000000
(1786378732.075120) can0 38E#9028004011000000
(1786378732.085120) can0 38F#622CE25302000000
(1786378732.085469) can0 38E#CD29004011000000
(1786378732.095137) can0 38E#2A2A004011000000
(1786378732.105189) can0 38F#3F2DE25302000000
(1786378732.105516) can0 38E#772B004011000000
(1786378732.115186) can0 38E#F92C004011000000
(1786378732.125127) can0 38F#D82EE25302000000
(1786378732.125486) can0 38E#A42D004011000000
(1786378732.135186) can0 38E#432E004011000000
(1786378732.145240) can0 38F#852FE25302000000
(1786378732.145579) can0 38E#1E2F004011000000
(1786378732.155082) can0 38E#4220004011000000
(1786378732.165081) can0 38F#D920E25302000000
(1786378732.165291) can0 38E#1F21004011000000
(1786378732.175113) can0 38E#F822004011000000
(1786378732.185078) can0 38F#8421E25302000000
(1786378732.185335) can0 38E#A523004011000000
(1786378732.195184) can0 38E#2B24004011000000
(1786378732.205104) can0 38F#6322E25302000000
(1786378732.205465) can0 38E#7625004011000000
(1786378732.215104) can0 38E#9126004011000000
(1786378732.225195) can0 38F#3E23E25302000000
(1786378732.225556) can0 38E#CC27004011000000
(1786378732.235124) can0 38E#9028004011000000
(1786378732.245080) can0 38F#B024E25302000000
(1786378732.245306) can0 38E#CD29004011000000
(1786378732.255119) can0 38E#2A2A004011000000
(1786378732.265120) can0 38F#ED25E25302000000
(1786378732.265403) can0 38E#772B004011000000
(1786378732.275075) can0 38E#F92C004011000000
(1786378732.285106) can0 38F#0A26E25302000000
(1786378732.285377) can0 38E#A42D004011000000
(1786378732.295140) can0 38E#432E004011000000
(1786378732.305151) can0 38F#5727E25302000000
(1786378732.305451) can0 38E#1E2F004011000000
(1786378732.315179) can0 38E#4220004011000000
(1786378732.325169) can0 38F#0B28E25302000000
(1786378732.325527) can0 38E#1F21004011000000
(1786378732.335149) can0 38E#F822004011000000
(1786378732.345225) can0 38F#5629E25302000000
(1786378732.345554) can0 38E#A523004011000000
(1786378732.355135) can0 38E#2B24004011000000
(1786378732.365146) can0 38F#B12AE25302000000
(1786378732.365636) can0 38E#7625004011000000
(1786378732.375122) can0 38E#9126004011000000
(1786378732.385133) can0 38F#EC2BE25302000000
(1786378732.385491) can0 38E#CC27004011000000
(1786378732.395194) can0 38E#9028004011000000
(1786378732.405138) can0 38F#622CE25302000000
(1786378732.405462) can0 38E#CD29004011000000
(1786378732.415128) can0 38E#2A2A004011000000
(1786378732.425122) can0 38F#3F2DE25302000000
(1786378732.425432) can0 38E#772B004011000000
(1786378732.435179) can0 38E#F92C004011000000
(1786378732.445164) can0 38F#D82EE25302000000
(1786378732.445434) can0 38E#A42D004011000000
(1786378732.455129) can0 38E#432E004011000000
(1786378732.465137) can0 38F#852FE25302000000
(1786378732.465401) can0 38E#1E2F004011000000
(1786378732.475087) can0 38E#4220004011000000
(1786378732.485095) can0 38F#D920E25302000000
(1786378732.485417) can0 38E#1F21004011000000
(1786378732.495181) can0 38E#F822004011000000
(1786378732.505136) can0 38F#8421E25302000000
(1786378732.505440) can0 38E#A523004011000000
(1786378732.515127) can0 38E#2B24004011000000
(1786378732.525122) can0 38F#6322E25302000000
(1786378732.525441) can0 38E#7625004011000000
(1786378732.535166) can0 38E#9126004011000000
(1786378732.545169) can0 38F#3E23E25302000000
(1786378732.545550) can0 38E#CC27004011000000
(1786378732.555095) can0 38E#9028004011000000
(1786378732.565132) can0 38F#B024E25302000000
(1786378732.565430) can0 38E#CD29004011000000
(1786378732.575156) can0 38E#2A2A004011000000
(1786378732.585071) can0 38F#ED25E25302000000
(1786378732.585392) can0 38E#772B004011000000
(1786378732.595089) can0 38E#F92C004011000000
(1786378732.605097) can0 38F#0A26E25302000000
(1786378732.605441) can0 38E#A42D004011000000
(1786378732.615116) can0 38E#432E004011000000
(1786378732.625218) can0 38F#5727E25302000000
(1786378732.625575) can0 38E#1E2F004011000000
(1786378732.635185) can0 38E#4220004011000000
(1786378732.645075) can0 38F#0B28E25302000000
(1786378732.645435) can0 38E#1F21004011000000
(1786378732.655267) can0 38E#F822004011000000
(1786378732.665108) can0 38F#5629E25302000000
(1786378732.665351) can0 38E#A523004011000000
(1786378732.675077) can0 38E#2B24004011000000
(1786378732.685105) can0 38F#B12AE25302000000
(1786378732.685366) can0 38E#7625004011000000
(1786378732.695173) can0 38E#9126004011000000
(1786378732.705123) can0 38F#EC2BE25302000000
(1786378732.705403) can0 38E#CC27004011000000
(1786378732.715095) can0 38E#9028004011000000
(1786378732.725117) can0 38F#622CE25302000000
(1786378732.725477) can0 38E#CD29004011000000
(1786378732.735157) can0 38E#2A2A004011000000
(1786378732.745165) can0 38F#3F2DE25302000000
(1786378732.745435) can0 38E#772B004011000000
(1786378732.755142) can0 38E#F92C004011000000
(1786378732.765088) can0 38F#D82EE25302000000
(1786378732.765408) can0 38E#A42D004011000000
(1786378732.775113) can0 38E#432E004011000000
(1786378732.785123) can0 38F#852FE25302000000
(1786378732.785411) can0 38E#1E2F004011000000
(1786378732.795190) can0 38E#4220004011000000
(1786378732.805096) can0 38F#D920E25302000000
(1786378732.805395) can0 38E#1F21004011000000
(1786378732.815136) can0 38E#F822004011000000
(1786378732.825109) can0 38F#8421E25302000000
(1786378732.825397) can0 38E#A523004011000000
(1786378732.835211) can0 38E#2B24004011000000
(1786378732.845138) can0 38F#6322E25302000000
(1786378732.845595) can0 38E#7625004011000000
(1786378732.855087) can0 38E#9126004011000000
(1786378732.865121) can0 38F#3E23E25302000000
(1786378732.865436) can0 38E#CC27004011000000
(1786378732.875118) can0 38E#9028004011000000
(1786378732.885108) can0 38F#B024E25302000000
(1786378732.885405) can0 38E#CD29004011000000
(1786378732.895141) can0 38E#2A2A004011000000
(1786378732.905142) can0 38F#ED25E25302000000
(1786378732.905437) can0 38E#772B004011000000
(1786378732.915098) can0 38E#F92C004011000000
(1786378732.925123) can0 38F#0A26E25302000000
(1786378732.925410) can0 38E#A42D004011000000
(1786378732.935172) can0 38E#432E004011000000
(1786378732.945062) can0 38F#5727E25302000000
(1786378732.945288) can0 38E#1E2F004011000000
(1786378732.955066) can0 38E#4220004011000000
(1786378732.965051) can0 38F#0B28E25302000000
(1786378732.965369) can0 38E#1F21004011000000
(1786378732.975115) can0 38E#F822004011000000
(1786378732.985107) can0 38F#5629E25302000000
(1786378732.985364) can0 38E#A523004011000000
(1786378732.995177) can0 38E#2B24004011000000
(1786378733.005107) can0 38F#B12AE25302000000
(1786378733.005416) can0 38E#7625004011000000
(1786378733.015265) can0 38E#9126004011000000
(1786378733.025169) can0 38F#EC2BE25302000000
(1786378733.025478) can0 38E#CC27004011000000
(1786378733.035226) can0 38E#9028004011000000
(1786378733.045102) can0 38F#622CE25302000000
(1786378733.045504) can0 38E#CD29004011000000
(1786378733.055208) can0 38E#2A2A004011000000
(1786378733.065163) can0 38F#3F2DE25302000000
(1786378733.065525) can0 38E#772B004011000000
(1786378733.075176) can0 38E#F92C004011000000
(1786378733.085197) can0 38F#D82EE25302000000
(1786378733.085625) can0 38E#A42D004011000000
(1786378733.095299) can0 38E#432E004011000000
(1786378733.105196) can0 38F#852FE25302000000
(1786378733.105546) can0 38E#1E2F004011000000
(1786378733.115126) can0 38E#4220004011000000
(1786378733.125134) can0 38F#D920E25302000000
(1786378733.125514) can0 38E#1F21004011000000
(1786378733.135203) can0 38E#F822004011000000
(1786378733.145167) can0 38F#8421E25302000000
(1786378733.145485) can0 38E#A523004011000000
(1786378733.155179) can0 38E#2B24004011000000
(1786378733.165057) can0 38F#6322E25302000000
(1786378733.165301) can0 38E#7625004011000000
(1786378733.175032) can0 38E#9126004011000000
(1786378733.185128) can0 38F#3E23E25302000000
(1786378733.185440) can0 38E#CC27004011000000
(1786378733.195148) can0 38E#9028004011000000
(1786378733.205166) can0 38F#B024E25302000000
(1786378733.205500) can0 38E#CD29004011000000
(1786378733.215251) can0 38E#2A2A004011000000
(1786378733.225358) can0 38F#ED25E25302000000
(1786378733.225807) can0 38E#772B004011000000
(1786378733.235194) can0 38E#F92C004011000000
(1786378733.245058) can0 38F#0A26E25302000000
(1786378733.245376) can0 38E#A42D004011000000
(1786378733.255133) can0 38E#432E004011000000
(1786378733.265314) can0 38F#5727E25302000000
(1786378733.265622) can0 38E#1E2F004011000000
(1786378733.275118) can0 38E#4220004011000000
(1786378733.285178) can0 38F#0B28E25302000000
(1786378733.285643) can0 38E#1F21004011000000
(1786378733.295288) can0 38E#F822004011000000
(1786378733.305247) can0 38F#5629E25302000000
(1786378733.305584) can0 38E#A523004011000000
(1786378733.315202) can0 38E#2B24004011000000
(1786378733.325274) can0 38F#B12AE25302000000
(1786378733.325727) can0 38E#7625004011000000
(1786378733.335166) can0 38E#9126004011000000
(1786378733.345161) can0 38F#EC2BE25302000000
(1786378733.345593) can0 38E#CC27004011000000
(1786378733.355258) can0 38E#9028004011000000
(1786378733.365134) can0 38F#622CE25302000000
(1786378733.365699) can0 38E#CD29004011000000
(1786378733.375130) can0 38E#2A2A004011000000
(1786378733.385211) can0 38F#3F2DE25302000000
(1786378733.385584) can0 38E#772B004011000000
(1786378733.395115) can0 38E#F92C004011000000
(1786378733.405281) can0 38F#D82EE25302000000
(1786378733.405730) can0 38E#A42D004011000000
(1786378733.415138) can0 38E#432E004011000000
(1786378733.425218) can0 38F#852FE25302000000
(1786378733.425618) can0 38E#1E2F004011000000
(1786378733.435214) can0 38E#4220004011000000
(1786378733.445203) can0 38F#D920E25302000000
(1786378733.445627) can0 38E#1F21004011000000
(1786378733.455161) can0 38E#F822004011000000
(1786378733.465240) can0 38F#8421E25302000000
(1786378733.465657) can0 38E#A523004011000000
(1786378733.475161) can0 38E#2B24004011000000
(1786378733.485209) can0 38F#6322E25302000000
(1786378733.485557) can0 38E#7625004011000000
(1786378733.495236) can0 38E#9126004011000000
(1786378733.505148) can0 38F#3E23E25302000000
(1786378733.505483) can0 38E#CC27004011000000
(1786378733.515230) can0 38E#9028004011000000
(1786378733.525149) can0 38F#B024E25302000000
(1786378733.525559) can0 38E#CD29004011000000
(1786378733.535185) can0 38E#2A2A004011000000
(1786378733.545172) can0 38F#ED25E25302000000
(1786378733.545518) can0 38E#772B004011000000
(1786378733.555201) can0 38E#F92C004011000000
(1786378733.565248) can0 38F#0A26E25302000000
(1786378733.565665) can0 38E#A42D004011000000
(1786378733.575108) can0 38E#432E004011000000
(1786378733.585159) can0 38F#5727E25302000000
(1786378733.585463) can0 38E#1E2F004011000000
(1786378733.595258) can0 38E#4220004011000000
(1786378733.605164) can0 38F#0B28E25302000000
(1786378733.605505) can0 38E#1F21004011000000
(1786378733.615191) can0 38E#F822004011000000
(1786378733.625093) can0 38F#5629E25302000000
(1786378733.625423) can0 38E#A523004011000000
(1786378733.635294) can0 38E#2B24004011000000
(1786378733.645290) can0 38F#B12AE25302000000
(1786378733.645719) can0 38E#7625004011000000
(1786378733.655272) can0 38E#9126004011000000
(1786378733.665149) can0 38F#EC2BE25302000000
(1786378733.665492) can0 38E#CC27004011000000
(1786378733.675091) can0 38E#9028004011000000
(1786378733.685140) can0 38F#622CE25302000000
(1786378733.685478) can0 38E#CD29004011000000
(1786378733.695273) can0 38E#2A2A004011000000
(1786378733.705160) can0 38F#3F2DE25302000000
(1786378733.705490) can0 38E#772B004011000000
(1786378733.715155) can0 38E#F92C004011000000
(1786378733.725165) can0 38F#D82EE25302000000
(1786378733.725647) can0 38E#A42D004011000000
(1786378733.735195) can0 38E#432E004011000000
(1786378733.745160) can0 38F#852FE25302000000
(1786378733.745476) can0 38E#1E2F004011000000
(1786378733.755135) can0 38E#4220004011000000
(1786378733.765099) can0 38F#D920E25302000000
(1786378733.765427) can0 38E#1F21004011000000
(1786378733.775153) can0 38E#F822004011000000
(1786378733.785229) can0 38F#8421E25302000000
(1786378733.785599) can0 38E#A523004011000000
(1786378733.795216) can0 38E#2B24004011000000
(1786378733.805146) can0 38F#6322E25302000000
(1786378733.805461) can0 38E#7625004011000000
(1786378733.815152) can0 38E#9126004011000000
(1786378733.825141) can0 38F#3E23E25302000000
(1786378733.825479) can0 38E#CC27004011000000
(1786378733.835213) can0 38E#9028004011000000
(1786378733.845175) can0 38F#B024E25302000000
(1786378733.845580) can0 38E#CD29004011000000
(1786378733.855160) can0 38E#2A2A004011000000
(1786378733.865313) can0 38F#ED25E25302000000
(1786378733.865710) can0 38E#772B004011000000
(1786378733.875127) can0 38E#F92C004011000000
(1786378733.885201) can0 38F#0A26E25302000000
(1786378733.885638) can0 38E#A42D004011000000
(1786378733.895246) can0 38E#432E004011000000
(1786378733.905232) can0 38F#5727E25302000000
(1786378733.905633) can0 38E#1E2F004011000000
(1786378733.915227) can0 38E#4220004011000000
(1786378733.925103) can0 38F#0B28E25302000000
(1786378733.925405) can0 38E#1F21004011000000
(1786378733.935243) can0 38E#F822004011000000
(1786378733.945280) can0 38F#5629E25302000000
(1786378733.945600) can0 38E#A523004011000000
(1786378733.955154) can0 38E#2B24004011000000
(1786378733.965102) can0 38F#B12AE25302000000
(1786378733.965521) can0 38E#7625004011000000
(1786378733.975065) can0 38E#9126004011000000
(1786378733.985190) can0 38F#EC2BE25302000000
(1786378733.985583) can0 38E#CC27004011000000
(1786378733.995179) can0 38E#9028004011000000
(1786378734.005147) can0 38F#622CE25302000000
(1786378734.005595) can0 38E#CD29004011000000
(1786378734.015215) can0 38E#2A2A004011000000
(1786378734.025303) can0 38F#3F2DE25302000000
(1786378734.025693) can0 38E#772B004011000000
(1786378734.035236) can0 38E#F92C004011000000
(1786378734.045145) can0 38F#D82EE25302000000
(1786378734.045498) can0 38E#A42D004011000000
(1786378734.055269) can0 38E#432E004011000000
(1786378734.065170) can0 38F#852FE25302000000
(1786378734.065505) can0 38E#1E2F004011000000
(1786378734.075147) can0 38E#4220004011000000
(1786378734.085291) can0 38F#D920E25302000000
(1786378734.085841) can0 38E#1F21004011000000
(1786378734.095242) can0 38E#F822004011000000
(1786378734.105240) can0 38F#8421E25302000000
(1786378734.105600) can0 38E#A523004011000000
(1786378734.115205) can0 38E#2B24004011000000
(1786378734.125146) can0 38F#6322E25302000000
(1786378734.125506) can0 38E#7625004011000000
(1786378734.135201) can0 38E#9126004011000000
(1786378734.145217) can0 38F#3E23E25302000000
(1786378734.145593) can0 38E#CC27004011000000
(1786378734.155186) can0 38E#9028004011000000
(1786378734.165169) can0 38F#B024E25302000000
(1786378734.165563) can0 38E#CD29004011000000
(1786378734.175194) can0 38E#2A2A004011000000
(1786378734.185193) can0 38F#ED25E25302000000
(1786378734.185458) can0 38E#772B004011000000
(1786378734.195154) can0 38E#F92C004011000000
(1786378734.205131) can0 38F#0A26E25302000000
(1786378734.205457) can0 38E#A42D004011000000
(1786378734.215246) can0 38E#432E004011000000
(1786378734.225343) can0 38F#5727E25302000000
(1786378734.225772) can0 38E#1E2F004011000000
(1786378734.235184) can0 38E#4220004011000000
(1786378734.245157) can0 38F#0B28E25302000000
(1786378734.245501) can0 38E#1F21004011000000
(1786378734.255213) can0 38E#F822004011000000
(1786378734.265249) can0 38F#5629E25302000000
(1786378734.265545) can0 38E#A523004011000000
(1786378734.275112) can0 38E#2B24004011000000
(1786378734.285201) can0 38F#B12AE25302000000
(1786378734.285542) can0 38E#7625004011000000
(1786378734.295272) can0 38E#9126004011000000
(1786378734.305212) can0 38F#EC2BE25302000000
(1786378734.305607) can0 38E#CC27004011000000
(1786378734.315083) can0 38E#9028004011000000
(1786378734.325187) can0 38F#622CE25302000000
(1786378734.325537) can0 38E#CD29004011000000
(1786378734.335197) can0 38E#2A2A004011000000
(1786378734.345267) can0 38F#3F2DE25302000000
(1786378734.345777) can0 38E#772B004011000000
(1786378734.355200) can0 38E#F92C004011000000
(1786378734.365128) can0 38F#D82EE25302000000
(1786378734.365470) can0 38E#A42D004011000000
(1786378734.375172) can0 38E#432E004011000000
(1786378734.385183) can0 38F#852FE25302000000
(1786378734.385537) can0 38E#1E2F004011000000
(1786378734.395295) can0 38E#4220004011000000
(1786378734.405155) can0 38F#D920E25302000000
(1786378734.405587) can0 38E#1F21004011000000
(1786378734.415185) can0 38E#F822004011000000
(1786378734.425173) can0 38F#8421E25302000000
(1786378734.425466) can0 38E#A523004011000000
(1786378734.435183) can0 38E#2B24004011000000
(1786378734.445203) can0 38F#6322E25302000000
(1786378734.445587) can0 38E#7625004011000000
(1786378734.455235) can0 38E#9126004011000000
(1786378734.465136) can0 38F#3E23E25302000000
(1786378734.465467) can0 38E#CC27004011000000
(1786378734.475134) can0 38E#9028004011000000
(1786378734.485160) can0 38F#B024E25302000000
(1786378734.485627) can0 38E#CD29004011000000
(1786378734.495254) can0 38E#2A2A004011000000
(1786378734.505267) can0 38F#ED25E25302000000
(1786378734.505641) can0 38E#772B004011000000
(1786378734.515266) can0 38E#F92C004011000000
(1786378734.525088) can0 38F#0A26E25302000000
(1786378734.525531) can0 38E#A42D004011000000
(1786378734.535205) can0 38E#432E004011000000
(1786378734.545250) can0 38F#5727E25302000000
(1786378734.545613) can0 38E#1E2F004011000000
(1786378734.555262) can0 38E#4220004011000000
(1786378734.565159) can0 38F#0B28E25302000000
(1786378734.565840) can0 38E#1F21004011000000
(1786378734.575165) can0 38E#F822004011000000
(1786378734.585241) can0 38F#5629E25302000000
(1786378734.585724) can0 38E#A523004011000000
(1786378734.595263) can0 38E#2B24004011000000
(1786378734.605172) can0 38F#B12AE25302000000
(1786378734.605691) can0 38E#7625004011000000
(1786378734.615210) can0 38E#9126004011000000
(1786378734.625115) can0 38F#EC2BE25302000000
(1786378734.625415) can0 38E#CC27004011000000
(1786378734.635141) can0 38E#9028004011000000
(1786378734.645107) can0 38F#622CE25302000000
(1786378734.645420) can0 38E#CD29004011000000
(1786378734.655239) can0 38E#2A2A004011000000
(1786378734.665270) can0 38F#3F2DE25302000000
(1786378734.665646) can0 38E#772B004011000000
(1786378734.675110) can0 38E#F92C004011000000
(1786378734.685201) can0 38F#D82EE25302000000
(1786378734.685665) can0 38E#A42D004011000000
(1786378734.695284) can0 38E#432E004011000000
(1786378734.705277) can0 38F#852FE25302000000
(1786378734.705706) can0 38E#1E2F004011000000
(1786378734.715192) can0 38E#4220004011000000
(1786378734.725320) can0 38F#D920E25302000000
(1786378734.725728) can0 38E#1F21004011000000
(1786378734.735136) can0 38E#F822004011000000
(1786378734.745166) can0 38F#8421E25302000000
(1786378734.745503) can0 38E#A523004011000000
(1786378734.755224) can0 38E#2B24004011000000
(1786378734.765146) can0 38F#6322E25302000000
(1786378734.765442) can0 38E#7625004011000000
(1786378734.775118) can0 38E#9126004011000000
(1786378734.785128) can0 38F#3E23E25302000000
(1786378734.785401) can0 38E#CC27004011000000
(1786378734.795209) can0 38E#9028004011000000
(1786378734.805137) can0 38F#B024E25302000000
(1786378734.805391) can0 38E#CD29004011000000
(1786378734.815143) can0 38E#2A2A004011000000
(1786378734.825118) can0 38F#ED25E25302000000
(1786378734.825374) can0 38E#772B004011000000
(1786378734.835084) can0 38E#F92C004011000000
(1786378734.845088) can0 38F#0A26E25302000000
(1786378734.845360) can0 38E#A42D004011000000
(1786378734.855147) can0 38E#432E004011000000
(1786378734.865116) can0 38F#5727E25302000000
(1786378734.865392) can0 38E#1E2F004011000000
(1786378734.875076) can0 38E#4220004011000000
(1786378734.885077) can0 38F#0B28E25302000000
(1786378734.885363) can0 38E#1F21004011000000
(1786378734.895179) can0 38E#F822004011000000
(1786378734.905117) can0 38F#5629E25302000000
(1786378734.905387) can0 38E#A523004011000000
(1786378734.915079) can0 38E#2B24004011000000
(1786378734.925122) can0 38F#B12AE25302000000
(1786378734.925359) can0 38E#7625004011000000
(1786378734.935137) can0 38E#9126004011000000
(1786378734.945137) can0 38F#EC2BE25302000000
(1786378734.945433) can0 38E#CC27004011000000
(1786378734.955064) can0 38E#9028004011000000
(1786378734.965091) can0 38F#622CE25302000000
(1786378734.965380) can0 38E#CD29004011000000
(1786378734.975080) can0 38E#2A2A004011000000
(1786378734.985159) can0 38F#3F2DE25302000000
(1786378734.985436) can0 38E#772B004011000000
(1786378734.995134) can0 38E#F92C004011000000
(1786378735.005107) can0 38F#D82EE25302000000
(1786378735.005462) can0 38E#A42D004011000000
(1786378735.015170) can0 38E#432E004011000000
(1786378735.025156) can0 38F#852FE25302000000
(1786378735.025442) can0 38E#1E2F004011000000
(1786378735.035192) can0 38E#4220004011000000
(1786378735.045082) can0 38F#D920E25302000000
(1786378735.045498) can0 38E#1F21004011000000
(1786378735.055190) can0 38E#F822004011000000
(1786378735.065162) can0 38F#8421E25302000000
(1786378735.065465) can0 38E#A523004011000000
(1786378735.075106) can0 38E#2B24004011000000
(1786378735.085117) can0 38F#6322E25302000000
(1786378735.085391) can0 38E#7625004011000000
(1786378735.095223) can0 38E#9126004011000000
(1786378735.105171) can0 38F#3E23E25302000000
(1786378735.105466) can0 38E#CC27004011000000
(1786378735.115198) can0 38E#9028004011000000
(1786378735.125123) can0 38F#B024E25302000000
(1786378735.125451) can0 38E#CD29004011000000
(1786378735.135173) can0 38E#2A2A004011000000
(1786378735.145122) can0 38F#ED25E25302000000
(1786378735.145434) can0 38E#772B004011000000
(1786378735.155165) can0 38E#F92C004011000000
(1786378735.165052) can0 38F#0A26E25302000000
(1786378735.165310) can0 38E#A42D004011000000
(1786378735.175076) can0 38E#432E004011000000
(1786378735.185125) can0 38F#5727E25302000000
(1786378735.185408) can0 38E#1E2F004011000000
(1786378735.195149) can0 38E#4220004011000000
(1786378735.205116) can0 38F#0B28E25302000000
(1786378735.205382) can0 38E#1F21004011000000
(1786378735.215074) can0 38E#F822004011000000
(1786378735.225053) can0 38F#5629E25302000000
(1786378735.225297) can0 38E#A523004011000000
(1786378735.235185) can0 38E#2B24004011000000
(1786378735.245095) can0 38F#B12AE25302000000
(1786378735.245367) can0 38E#7625004011000000
(1786378735.255093) can0 38E#9126004011000000
(1786378735.265095) can0 38F#EC2BE25302000000
(1786378735.265379) can0 38E#CC27004011000000
(1786378735.275048) can0 38E#9028004011000000
(1786378735.285078) can0 38F#622CE25302000000
(1786378735.285345) can0 38E#CD29004011000000
(1786378735.295146) can0 38E#2A2A004011000000
(1786378735.305186) can0 38F#3F2DE25302000000
(1786378735.305573) can0 38E#772B004011000000
(1786378735.315150) can0 38E#F92C004011000000
(1786378735.325136) can0 38F#D82EE25302000000
(1786378735.325495) can0 38E#A42D004011000000
(1786378735.335184) can0 38E#432E004011000000
(1786378735.345110) can0 38F#852FE25302000000
(1786378735.345429) can0 38E#1E2F004011000000
(1786378735.355162) can0 38E#4220004011000000
(1786378735.365148) can0 38F#D920E25302000000
(1786378735.365440) can0 38E#1F21004011000000
(1786378735.375196) can0 38E#F822004011000000
(1786378735.385130) can0 38F#8421E25302000000
(1786378735.385466) can0 38E#A523004011000000
(1786378735.395157) can0 38E#2B24004011000000
(1786378735.405149) can0 38F#6322E25302000000
(1786378735.405468) can0 38E#7625004011000000
(1786378735.415157) can0 38E#9126004011000000
(1786378735.425076) can0 38F#3E23E25302000000
(1786378735.425392) can0 38E#CC27004011000000
(1786378735.435176) can0 38E#9028004011000000
(1786378735.445180) can0 38F#B024E25302000000
(1786378735.445586) can0 38E#CD29004011000000
(1786378735.455214) can0 38E#2A2A004011000000
(1786378735.465150) can0 38F#ED25E25302000000
(1786378735.465421) can0 38E#772B004011000000
(1786378735.475117) can0 38E#F92C004011000000
(1786378735.485159) can0 38F#0A26E25302000000
(1786378735.485575) can0 38E#A42D004011000000
(1786378735.495188) can0 38E#432E004011000000
(1786378735.505201) can0 38F#5727E25302000000
(1786378735.505485) can0 38E#1E2F004011000000
(1786378735.515126) can0 38E#4220004011000000
(1786378735.525109) can0 38F#0B28E25302000000
(1786378735.525413) can0 38E#1F21004011000000
(1786378735.535148) can0 38E#F822004011000000
(1786378735.545194) can0 38F#5629E25302000000
(1786378735.545501) can0 38E#A523004011000000
(1786378735.555130) can0 38E#2B24004011000000
(1786378735.565132) can0 38F#B12AE25302000000
(1786378735.565565) can0 38E#7625004011000000
(1786378735.575106) can0 38E#9126004011000000
(1786378735.585154) can0 38F#EC2BE25302000000
(1786378735.585383) can0 38E#CC27004011000000
(1786378735.595084) can0 38E#9028004011000000
(1786378735.605060) can0 38F#622CE25302000000
(1786378735.605324) can0 38E#CD29004011000000
(1786378735.615184) can0 38E#2A2A004011000000
(1786378735.625106) can0 38F#3F2DE25302000000
(1786378735.625329) can0 38E#772B004011000000
(1786378735.635147) can0 38E#F92C004011000000
(1786378735.645153) can0 38F#D82EE25302000000
(1786378735.645497) can0 38E#A42D004011000000
(1786378735.655085) can0 38E#432E004011000000
(1786378735.665140) can0 38F#852FE25302000000
(1786378735.665379) can0 38E#1E2F004011000000
(1786378735.675063) can0 38E#4220004011000000
(1786378735.685121) can0 38F#D920E25302000000
(1786378735.685380) can0 38E#1F21004011000000
(1786378735.695220) can0 38E#F822004011000000
(1786378735.705200) can0 38F#8421E25302000000
(1786378735.705469) can0 38E#A523004011000000
(1786378735.715126) can0 38E#2B24004011000000
(1786378735.725099) can0 38F#6322E25302000000
(1786378735.725460) can0 38E#7625004011000000
(1786378735.735204) can0 38E#9126004011000000
(1786378735.745079) can0 38F#3E23E25302000000
(1786378735.745369) can0 38E#CC27004011000000
(1786378735.755139) can0 38E#9028004011000000
(1786378735.765112) can0 38F#B024E25302000000
(1786378735.765438) can0 38E#CD29004011000000
(1786378735.775072) can0 38E#2A2A004011000000
(1786378735.785127) can0 38F#ED25E25302000000
(1786378735.785368) can0 38E#772B004011000000
(1786378735.795179) can0 38E#F92C004011000000
(1786378735.805184) can0 38F#0A26E25302000000
(1786378735.805425) can0 38E#A42D004011000000
(1786378735.815084) can0 38E#432E004011000000
(1786378735.825097) can0 38F#5727E25302000000
(1786378735.825389) can0 38E#1E2F004011000000
(1786378735.835258) can0 38E#4220004011000000
(1786378735.845247) can0 38F#0B28E25302000000
(1786378735.845589) can0 38E#1F21004011000000
(1786378735.855128) can0 38E#F822004011000000
(1786378735.865108) can0 38F#5629E25302000000
(1786378735.865373) can0 38E#A523004011000000
(1786378735.875104) can0 38E#2B24004011000000
(1786378735.885197) can0 38F#B12AE25302000000
(1786378735.885436) can0 38E#7625004011000000
(1786378735.895166) can0 38E#9126004011000000
(1786378735.905111) can0 38F#EC2BE25302000000
(1786378735.905425) can0 38E#CC27004011000000
(1786378735.915105) can0 38E#9028004011000000
(1786378735.925113) can0 38F#622CE25302000000
(1786378735.925359) can0 38E#CD29004011000000
(1786378735.935170) can0 38E#2A2A004011000000
(1786378735.945185) can0 38F#3F2DE25302000000
(1786378735.945540) can0 38E#772B004011000000
(1786378735.955131) can0 38E#F92C004011000000
(1786378735.965127) can0 38F#D82EE25302000000
(1786378735.965431) can0 38E#A42D004011000000
(1786378735.975064) can0 38E#432E004011000000
(1786378735.985167) can0 38F#852FE25302000000
(1786378735.985481) can0 38E#1E2F004011000000
(1786378735.995111) can0 38E#4220004011000000
(1786378736.005138) can0 38F#D920E25302000000
(1786378736.005458) can0 38E#1F21004011000000
(1786378736.015155) can0 38E#F822004011000000
(1786378736.025120) can0 38F#8421E25302000000
(1786378736.025444) can0 38E#A523004011000000
(1786378736.035162) can0 38E#2B24004011000000
(1786378736.045214) can0 38F#6322E25302000000
(1786378736.045627) can0 38E#7625004011000000
(1786378736.055169) can0 38E#9126004011000000
(1786378736.065307) can0 38F#3E23E25302000000
(1786378736.065615) can0 38E#CC27004011000000
(1786378736.075130) can0 38E#9028004011000000
(1786378736.085125) can0 38F#B024E25302000000
(1786378736.085370) can0 38E#CD29004011000000
(1786378736.095245) can0 38E#2A2A004011000000
(1786378736.105183) can0 38F#ED25E25302000000
(1786378736.105502) can0 38E#772B004011000000
(1786378736.115112) can0 38E#F92C004011000000
(1786378736.125095) can0 38F#0A26E25302000000
(1786378736.125384) can0 38E#A42D004011000000
(1786378736.135278) can0 38E#432E004011000000
(1786378736.145151) can0 38F#5727E25302000000
(1786378736.145477) can0 38E#1E2F004011000000
(1786378736.155120) can0 38E#4220004011000000
(1786378736.165103) can0 38F#0B28E25302000000
(1786378736.165377) can0 38E#1F21004011000000
(1786378736.175149) can0 38E#F822004011000000
(1786378736.185135) can0 38F#5629E25302000000
(1786378736.185453) can0 38E#A523004011000000
(1786378736.195210) can0 38E#2B24004011000000
(1786378736.205082) can0 38F#B12AE25302000000
(1786378736.205366) can0 38E#7625004011000000
(1786378736.215156) can0 38E#9126004011000000
(1786378736.225152) can0 38F#EC2BE25302000000
(1786378736.225449) can0 38E#CC27004011000000
(1786378736.235168) can0 38E#9028004011000000
(1786378736.245078) can0 38F#622CE25302000000
(1786378736.245384) can0 38E#CD29004011000000
(1786378736.255109) can0 38E#2A2A004011000000
(1786378736.265174) can0 38F#3F2DE25302000000
(1786378736.265487) can0 38E#772B004011000000
(1786378736.275135) can0 38E#F92C004011000000
(1786378736.285114) can0 38F#D82EE25302000000
(1786378736.285400) can0 38E#A42D004011000000
(1786378736.295141) can0 38E#432E004011000000
(1786378736.305140) can0 38F#852FE25302000000
(1786378736.305392) can0 38E#1E2F004011000000
(1786378736.315149) can0 38E#4220004011000000
(1786378736.325142) can0 38F#D920E25302000000
(1786378736.325363) can0 38E#1F21004011000000
(1786378736.335112) can0 38E#F822004011000000
(1786378736.345210) can0 38F#8421E25302000000
(1786378736.345498) can0 38E#A523004011000000
(1786378736.355141) can0 38E#2B24004011000000
(1786378736.365183) can0 38F#6322E25302000000
(1786378736.365511) can0 38E#7625004011000000
(1786378736.375183) can0 38E#9126004011000000
(1786378736.385241) can0 38F#3E23E25302000000
(1786378736.385645) can0 38E#CC27004011000000
(1786378736.395196) can0 38E#9028004011000000
(1786378736.405109) can0 38F#B024E25302000000
(1786378736.405427) can0 38E#CD29004011000000
(1786378736.415197) can0 38E#2A2A004011000000
(1786378736.425123) can0 38F#ED25E25302000000
(1786378736.425437) can0 38E#772B004011000000
(1786378736.435195) can0 38E#F92C004011000000
(1786378736.445141) can0 38F#0A26E25302000000
(1786378736.445397) can0 38E#A42D004011000000
(1786378736.455090) can0 38E#432E004011000000
(1786378736.465106) can0 38F#5727E25302000000
(1786378736.465374) can0 38E#1E2F004011000000
(1786378736.475136) can0 38E#4220004011000000
(1786378736.485100) can0 38F#0B28E25302000000
(1786378736.485330) can0 38E#1F21004011000000
(1786378736.495181) can0 38E#F822004011000000
(1786378736.505106) can0 38F#5629E25302000000
(1786378736.505381) can0 38E#A523004011000000
(1786378736.515088) can0 38E#2B24004011000000
(1786378736.525097) can0 38F#B12AE25302000000
(1786378736.525389) can0 38E#7625004011000000
(1786378736.535170) can0 38E#9126004011000000
(1786378736.545156) can0 38F#EC2BE25302000000
(1786378736.545441) can0 38E#CC27004011000000
(1786378736.555096) can0 38E#9028004011000000
(1786378736.565072) can0 38F#622CE25302000000
(1786378736.565306) can0 38E#CD29004011000000
(1786378736.575084) can0 38E#2A2A004011000000
(1786378736.585119) can0 38F#3F2DE25302000000
(1786378736.585399) can0 38E#772B004011000000
(1786378736.595269) can0 38E#F92C004011000000
(1786378736.605077) can0 38F#D82EE25302000000
(1786378736.605394) can0 38E#A42D004011000000
(1786378736.615121) can0 38E#432E004011000000
(1786378736.625126) can0 38F#852FE25302000000
(1786378736.625356) can0 38E#1E2F004011000000
(1786378736.635112) can0 38E#4220004011000000
(1786378736.645219) can0 38F#D920E25302000000
(1786378736.645599) can0 38E#1F21004011000000
(1786378736.655195) can0 38E#F822004011000000
(1786378736.665249) can0 38F#8421E25302000000
(1786378736.665688) can0 38E#A523004011000000
(1786378736.675033) can0 38E#2B24004011000000
(1786378736.685109) can0 38F#6322E25302000000
(1786378736.685338) can0 38E#7625004011000000
(1786378736.695168) can0 38E#9126004011000000
(1786378736.705145) can0 38F#3E23E25302000000
(1786378736.705413) can0 38E#CC27004011000000
(1786378736.715126) can0 38E#9028004011000000
(1786378736.725114) can0 38F#B024E25302000000
(1786378736.725404) can0 38E#CD29004011000000
(1786378736.735176) can0 38E#2A2A004011000000
(1786378736.745264) can0 38F#ED25E25302000000
(1786378736.745656) can0 38E#772B004011000000
(1786378736.755198) can0 38E#F92C004011000000
(1786378736.765078) can0 38F#0A26E25302000000
(1786378736.765396) can0 38E#A42D004011000000
(1786378736.775045) can0 38E#432E004011000000
(1786378736.785090) can0 38F#5727E25302000000
(1786378736.785322) can0 38E#1E2F004011000000
(1786378736.795241) can0 38E#4220004011000000
(1786378736.805161) can0 38F#0B28E25302000000
(1786378736.805414) can0 38E#1F21004011000000
(1786378736.815105) can0 38E#F822004011000000
(1786378736.825056) can0 38F#5629E25302000000
(1786378736.825265) can0 38E#A523004011000000
(1786378736.835122) can0 38E#2B24004011000000
(1786378736.845173) can0 38F#B12AE25302000000
(1786378736.845470) can0 38E#7625004011000000
(1786378736.855131) can0 38E#9126004011000000
(1786378736.865149) can0 38F#EC2BE25302000000
(1786378736.865445) can0 38E#CC27004011000000
(1786378736.875059) can0 38E#9028004011000000
(1786378736.885034) can0 38F#622CE25302000000
(1786378736.885276) can0 38E#CD29004011000000
(1786378736.895075) can0 38E#2A2A004011000000
(1786378736.905160) can0 38F#3F2DE25302000000
(1786378736.905401) can0 38E#772B004011000000
(1786378736.915140) can0 38E#F92C004011000000
(1786378736.925152) can0 38F#D82EE25302000000
(1786378736.925413) can0 38E#A42D004011000000
(1786378736.935083) can0 38E#432E004011000000
(1786378736.945156) can0 38F#852FE25302000000
(1786378736.945435) can0 38E#1E2F004011000000
(1786378736.955236) can0 38E#4220004011000000
(1786378736.965088) can0 38F#D920E25302000000
(1786378736.965392) can0 38E#1F21004011000000
(1786378736.975155) can0 38E#F822004011000000
(1786378736.985198) can0 38F#8421E25302000000
(1786378736.985546) can0 38E#A523004011000000
(1786378736.995178) can0 38E#2B24004011000000
(1786378737.005149) can0 38F#6322E25302000000
(1786378737.005515) can0 38E#7625004011000000
(1786378737.015090) can0 38E#9126004011000000
(1786378737.025133) can0 38F#3E23E25302000000
(1786378737.025425) can0 38E#CC27004011000000
(1786378737.035060) can0 38E#9028004011000000
(1786378737.045079) can0 38F#B024E25302000000
(1786378737.045356) can0 38E#CD29004011000000
(1786378737.055158) can0 38E#2A2A004011000000
(1786378737.065095) can0 38F#ED25E25302000000
(1786378737.065348) can0 38E#772B004011000000
(1786378737.075075) can0 38E#F92C004011000000
(1786378737.085121) can0 38F#0A26E25302000000
(1786378737.085403) can0 38E#A42D004011000000
(1786378737.095360) can0 38E#432E004011000000
(1786378737.105088) can0 38F#5727E25302000000
(1786378737.105380) can0 38E#1E2F004011000000
(1786378737.115098) can0 38E#4220004011000000
(1786378737.125108) can0 38F#0B28E25302000000
(1786378737.125337) can0 38E#1F21004011000000
(1786378737.135164) can0 38E#F822004011000000
(1786378737.145173) can0 38F#5629E25302000000
(1786378737.145463) can0 38E#A523004011000000
(1786378737.155154) can0 38E#2B24004011000000
(1786378737.165146) can0 38F#B12AE25302000000
(1786378737.165437) can0 38E#7625004011000000
(1786378737.175179) can0 38E#9126004011000000
(1786378737.185116) can0 38F#EC2BE25302000000
(1786378737.185421) can0 38E#CC27004011000000
(1786378737.195159) can0 38E#9028004011000000
(1786378737.205132) can0 38F#622CE25302000000
(1786378737.205458) can0 38E#CD29004011000000
(1786378737.215176) can0 38E#2A2A004011000000
(1786378737.225169) can0 38F#3F2DE25302000000
(1786378737.225425) can0 38E#772B004011000000
(1786378737.235157) can0 38E#F92C004011000000
(1786378737.245169) can0 38F#D82EE25302000000
(1786378737.245476) can0 38E#A42D004011000000
(1786378737.255170) can0 38E#432E004011000000
(1786378737.265177) can0 38F#852FE25302000000
(1786378737.265548) can0 38E#1E2F004011000000
(1786378737.275266) can0 38E#4220004011000000
(1786378737.285156) can0 38F#D920E25302000000
(1786378737.285485) can0 38E#1F21004011000000
(1786378737.295184) can0 38E#F822004011000000
(1786378737.305183) can0 38F#8421E25302000000
(1786378737.305474) can0 38E#A523004011000000
(1786378737.315116) can0 38E#2B24004011000000
(1786378737.325102) can0 38F#6322E25302000000
(1786378737.325403) can0 38E#7625004011000000
(1786378737.335230) can0 38E#9126004011000000
(1786378737.345201) can0 38F#3E23E25302000000
(1786378737.345502) can0 38E#CC27004011000000
(1786378737.355173) can0 38E#9028004011000000
(1786378737.365068) can0 38F#B024E25302000000
(1786378737.365289) can0 38E#CD29004011000000
(1786378737.375090) can0 38E#2A2A004011000000
(1786378737.385225) can0 38F#ED25E25302000000
(1786378737.385481) can0 38E#772B004011000000
(1786378737.395194) can0 38E#F92C004011000000
(1786378737.405106) can0 38F#0A26E25302000000
(1786378737.405466) can0 38E#A42D004011000000
(1786378737.415151) can0 38E#432E004011000000
(1786378737.425105) can0 38F#5727E25302000000
(1786378737.425343) can0 38E#1E2F004011000000
(1786378737.435141) can0 38E#4220004011000000
(1786378737.445069) can0 38F#0B28E25302000000
(1786378737.445373) can0 38E#1F21004011000000
(1786378737.455169) can0 38E#F822004011000000
(1786378737.465094) can0 38F#5629E25302000000
(1786378737.465428) can0 38E#A523004011000000
(1786378737.475099) can0 38E#2B24004011000000
(1786378737.485191) can0 38F#B12AE25302000000
(1786378737.485528) can0 38E#7625004011000000
(1786378737.495129) can0 38E#9126004011000000
(1786378737.505177) can0 38F#EC2BE25302000000
(1786378737.505427) can0 38E#CC27004011000000
(1786378737.515164) can0 38E#9028004011000000
(1786378737.525163) can0 38F#622CE25302000000
(1786378737.525410) can0 38E#CD29004011000000
(1786378737.535093) can0 38E#2A2A004011000000
(1786378737.545159) can0 38F#3F2DE25302000000
(1786378737.545504) can0 38E#772B004011000000
(1786378737.555157) can0 38E#F92C004011000000
(1786378737.565195) can0 38F#D82EE25302000000
(1786378737.565494) can0 38E#A42D004011000000
(1786378737.575074) can0 38E#432E004011000000
(1786378737.585140) can0 38F#852FE25302000000
(1786378737.585419) can0 38E#1E2F004011000000
(1786378737.595148) can0 38E#4220004011000000
(1786378737.605182) can0 38F#D920E25302000000
(1786378737.605442) can0 38E#1F21004011000000
(1786378737.615204) can0 38E#F822004011000000
(1786378737.625035) can0 38F#8421E25302000000
(1786378737.625239) can0 38E#A523004011000000
(1786378737.635251) can0 38E#2B24004011000000
(1786378737.645156) can0 38F#6322E25302000000
(1786378737.645588) can0 38E#7625004011000000
(1786378737.655152) can0 38E#9126004011000000
(1786378737.665120) can0 38F#3E23E25302000000
(1786378737.665351) can0 38E#CC27004011000000
(1786378737.675067) can0 38E#9028004011000000
(1786378737.685115) can0 38F#B024E25302000000
(1786378737.685384) can0 38E#CD29004011000000
(1786378737.695135) can0 38E#2A2A004011000000
(1786378737.705144) can0 38F#ED25E25302000000
(1786378737.705381) can0 38E#772B004011000000
(1786378737.715128) can0 38E#F92C004011000000
(1786378737.725113) can0 38F#0A26E25302000000
(1786378737.725338) can0 38E#A42D004011000000
(1786378737.735165) can0 38E#432E004011000000
(1786378737.745110) can0 38F#5727E25302000000
(1786378737.745399) can0 38E#1E2F004011000000
(1786378737.755158) can0 38E#4220004011000000
(1786378737.765129) can0 38F#0B28E25302000000
(1786378737.765385) can0 38E#1F21004011000000
(1786378737.775114) can0 38E#F822004011000000
(1786378737.785222) can0 38F#5629E25302000000
(1786378737.785532) can0 38E#A523004011000000
(1786378737.795113) can0 38E#2B24004011000000
(1786378737.805103) can0 38F#B12AE25302000000
(1786378737.805374) can0 38E#7625004011000000
(1786378737.815224) can0 38E#9126004011000000
(1786378737.825131) can0 38F#EC2BE25302000000
(1786378737.825342) can0 38E#CC27004011000000
(1786378737.835110) can0 38E#9028004011000000
(1786378737.845121) can0 38F#622CE25302000000
(1786378737.845537) can0 38E#CD29004011000000
(1786378737.855142) can0 38E#2A2A004011000000
(1786378737.865114) can0 38F#3F2DE25302000000
(1786378737.865344) can0 38E#772B004011000000
(1786378737.875125) can0 38E#F92C004011000000
(1786378737.885122) can0 38F#D82EE25302000000
(1786378737.885394) can0 38E#A42D004011000000
(1786378737.895092) can0 38E#432E004011000000
(1786378737.905174) can0 38F#852FE25302000000
(1786378737.905483) can0 38E#1E2F004011000000
(1786378737.915230) can0 38E#4220004011000000
(1786378737.925227) can0 38F#D920E25302000000
(1786378737.925586) can0 38E#1F21004011000000
(1786378737.935260) can0 38E#F822004011000000
(1786378737.945153) can0 38F#8421E25302000000
(1786378737.945487) can0 38E#A523004011000000
(1786378737.955220) can0 38E#2B24004011000000
(1786378737.965029) can0 38F#6322E25302000000
(1786378737.965281) can0 38E#7625004011000000
(1786378737.975050) can0 38E#9126004011000000
(1786378737.985132) can0 38F#3E23E25302000000
(1786378737.985404) can0 38E#CC27004011000000
(1786378737.995288) can0 38E#9028004011000000
(1786378738.005115) can0 38F#B024E25302000000
(1786378738.005421) can0 38E#CD29004011000000
(1786378738.015162) can0 38E#2A2A004011000000
(1786378738.025145) can0 38F#ED25E25302000000
(1786378738.025366) can0 38E#772B004011000000
(1786378738.035197) can0 38E#F92C004011000000
(1786378738.045207) can0 38F#0A26E25302000000
(1786378738.045568) can0 38E#A42D004011000000
(1786378738.055208) can0 38E#432E004011000000
(1786378738.065167) can0 38F#5727E25302000000
(1786378738.065457) can0 38E#1E2F004011000000
(1786378738.075124) can0 38E#4220004011000000
(1786378738.085185) can0 38F#0B28E25302000000
(1786378738.085432) can0 38E#1F21004011000000
(1786378738.095154) can0 38E#F822004011000000
(1786378738.105190) can0 38F#5629E25302000000
(1786378738.105545) can0 38E#A523004011000000
(1786378738.115170) can0 38E#2B24004011000000
(1786378738.125114) can0 38F#B12AE25302000000
(1786378738.125352) can0 38E#7625004011000000
(1786378738.135272) can0 38E#9126004011000000
(1786378738.145197) can0 38F#EC2BE25302000000
(1786378738.145527) can0 38E#CC27004011000000
(1786378738.155147) can0 38E#9028004011000000
(1786378738.165093) can0 38F#622CE25302000000
(1786378738.165331) can0 38E#CD29004011000000
(1786378738.175064) can0 38E#2A2A004011000000
(1786378738.185092) can0 38F#3F2DE25302000000
(1786378738.185344) can0 38E#772B004011000000
(1786378738.195182) can0 38E#F92C004011000000
(1786378738.205118) can0 38F#D82EE25302000000
(1786378738.205369) can0 38E#A42D004011000000
(1786378738.215258) can0 38E#432E004011000000
(1786378738.225065) can0 38F#852FE25302000000
(1786378738.225291) can0 38E#1E2F004011000000
(1786378738.235146) can0 38E#4220004011000000
(1786378738.245117) can0 38F#D920E25302000000
(1786378738.245488) can0 38E#1F21004011000000
(1786378738.255135) can0 38E#F822004011000000
(1786378738.265130) can0 38F#8421E25302000000
(1786378738.265378) can0 38E#A523004011000000
(1786378738.275118) can0 38E#2B24004011000000
(1786378738.285140) can0 38F#6322E25302000000
(1786378738.285466) can0 38E#7625004011000000
(1786378738.295132) can0 38E#9126004011000000
(1786378738.305144) can0 38F#3E23E25302000000
(1786378738.305468) can0 38E#CC27004011000000
(1786378738.315144) can0 38E#9028004011000000
(1786378738.325039) can0 38F#B024E25302000000
(1786378738.325345) can0 38E#CD29004011000000
(1786378738.335136) can0 38E#2A2A004011000000
(1786378738.345212) can0 38F#ED25E25302000000
(1786378738.345534) can0 38E#772B004011000000
(1786378738.355215) can0 38E#F92C004011000000
(1786378738.365109) can0 38F#0A26E25302000000
(1786378738.365364) can0 38E#A42D004011000000
(1786378738.375077) can0 38E#432E004011000000
(1786378738.385195) can0 38F#5727E25302000000
(1786378738.385432) can0 38E#1E2F004011000000
(1786378738.395101) can0 38E#4220004011000000
(1786378738.405058) can0 38F#0B28E25302000000
(1786378738.405382) can0 38E#1F21004011000000
(1786378738.415186) can0 38E#F822004011000000
(1786378738.425239) can0 38F#5629E25302000000
(1786378738.425496) can0 38E#A523004011000000
(1786378738.435156) can0 38E#2B24004011000000
(1786378738.445117) can0 38F#B12AE25302000000
(1786378738.445406) can0 38E#7625004011000000
(1786378738.455177) can0 38E#9126004011000000
(1786378738.465175) can0 38F#EC2BE25302000000
(1786378738.465448) can0 38E#CC27004011000000
(1786378738.475086) can0 38E#9028004011000000
(1786378738.485099) can0 38F#622CE25302000000
(1786378738.485328) can0 38E#CD29004011000000
(1786378738.495127) can0 38E#2A2A004011000000
(1786378738.505127) can0 38F#3F2DE25302000000
(1786378738.505346) can0 38E#772B004011000000
(1786378738.515173) can0 38E#F92C004011000000
(1786378738.525121) can0 38F#D82EE25302000000
(1786378738.525331) can0 38E#A42D004011000000
(1786378738.535181) can0 38E#432E004011000000
(1786378738.545221) can0 38F#852FE25302000000
(1786378738.545637) can0 38E#1E2F004011000000
(1786378738.555158) can0 38E#4220004011000000
(1786378738.565098) can0 38F#D920E25302000000
(1786378738.565372) can0 38E#1F21004011000000
(1786378738.575099) can0 38E#F822004011000000
(1786378738.585214) can0 38F#8421E25302000000
(1786378738.585532) can0 38E#A523004011000000
(1786378738.595165) can0 38E#2B24004011000000
(1786378738.605160) can0 38F#6322E25302000000
(1786378738.605400) can0 38E#7625004011000000
(1786378738.615130) can0 38E#9126004011000000
(1786378738.625173) can0 38F#3E23E25302000000
(1786378738.625477) can0 38E#CC27004011000000
(1786378738.635157) can0 38E#9028004011000000
(1786378738.645157) can0 38F#B024E25302000000
(1786378738.645444) can0 38E#CD29004011000000
(1786378738.655100) can0 38E#2A2A004011000000
(1786378738.665108) can0 38F#ED25E25302000000
(1786378738.665394) can0 38E#772B004011000000
(1786378738.675271) can0 38E#F92C004011000000
(1786378738.685143) can0 38F#0A26E25302000000
(1786378738.685456) can0 38E#A42D004011000000
(1786378738.695201) can0 38E#432E004011000000
(1786378738.705295) can0 38F#5727E25302000000
(1786378738.705697) can0 38E#1E2F004011000000
(1786378738.715166) can0 38E#4220004011000000
(1786378738.725107) can0 38F#0B28E25302000000
(1786378738.725334) can0 38E#1F21004011000000
(1786378738.735167) can0 38E#F822004011000000
(1786378738.745221) can0 38F#5629E25302000000
(1786378738.745525) can0 38E#A523004011000000
(1786378738.755159) can0 38E#2B24004011000000
(1786378738.765112) can0 38F#B12AE25302000000
(1786378738.765369) can0 38E#7625004011000000
(1786378738.775125) can0 38E#9126004011000000
(1786378738.785189) can0 38F#EC2BE25302000000
(1786378738.785482) can0 38E#CC27004011000000
(1786378738.795139) can0 38E#9028004011000000
(1786378738.805135) can0 38F#622CE25302000000
(1786378738.805368) can0 38E#CD29004011000000
(1786378738.815229) can0 38E#2A2A004011000000
(1786378738.825075) can0 38F#3F2DE25302000000
(1786378738.825297) can0 38E#772B004011000000
(1786378738.835159) can0 38E#F92C004011000000
(1786378738.845197) can0 38F#D82EE25302000000
(1786378738.845648) can0 38E#A42D004011000000
(1786378738.855280) can0 38E#432E004011000000
(1786378738.865142) can0 38F#852FE25302000000
(1786378738.865417) can0 38E#1E2F004011000000
(1786378738.875113) can0 38E#4220004011000000
(1786378738.885161) can0 38F#D920E25302000000
(1786378738.885543) can0 38E#1F21004011000000
(1786378738.895237) can0 38E#F822004011000000
(1786378738.905209) can0 38F#8421E25302000000
(1786378738.905527) can0 38E#A523004011000000
(1786378738.915127) can0 38E#2B24004011000000
(1786378738.925047) can0 38F#6322E25302000000
(1786378738.925361) can0 38E#7625004011000000
(1786378738.935132) can0 38E#9126004011000000
(1786378738.945339) can0 38F#3E23E25302000000
(1786378738.945732) can0 38E#CC27004011000000
(1786378738.955371) can0 38E#9028004011000000
(1786378738.965188) can0 38F#B024E25302000000
(1786378738.965469) can0 38E#CD29004011000000
(1786378738.975170) can0 38E#2A2A004011000000
(1786378738.985170) can0 38F#ED25E25302000000
(1786378738.985482) can0 38E#772B004011000000
(1786378738.995225) can0 38E#F92C004011000000
(1786378739.005130) can0 38F#0A26E25302000000
(1786378739.005425) can0 38E#A42D004011000000
(1786378739.015201) can0 38E#432E004011000000
(1786378739.025138) can0 38F#5727E25302000000
(1786378739.025388) can0 38E#1E2F004011000000
(1786378739.035164) can0 38E#4220004011000000
(1786378739.045136) can0 38F#0B28E25302000000
(1786378739.045427) can0 38E#1F21004011000000
(1786378739.055306) can0 38E#F822004011000000
(1786378739.065184) can0 38F#5629E25302000000
(1786378739.065472) can0 38E#A523004011000000
(1786378739.075156) can0 38E#2B24004011000000
(1786378739.085081) can0 38F#B12AE25302000000
(1786378739.085301) can0 38E#7625004011000000
(1786378739.095096) can0 38E#9126004011000000
(1786378739.105187) can0 38F#EC2BE25302000000
(1786378739.105419) can0 38E#CC27004011000000
(1786378739.115167) can0 38E#9028004011000000
(1786378739.125083) can0 38F#622CE25302000000
(1786378739.125300) can0 38E#CD29004011000000
(1786378739.135154) can0 38E#2A2A004011000000
(1786378739.145292) can0 38F#3F2DE25302000000
(1786378739.145696) can0 38E#772B004011000000
(1786378739.155194) can0 38E#F92C004011000000
(1786378739.165088) can0 38F#D82EE25302000000
(1786378739.165323) can0 38E#A42D004011000000
(1786378739.175094) can0 38E#432E004011000000
(1786378739.185108) can0 38F#852FE25302000000
(1786378739.185359) can0 38E#1E2F004011000000
(1786378739.195136) can0 38E#4220004011000000
(1786378739.205129) can0 38F#D920E25302000000
(1786378739.205437) can0 38E#1F21004011000000
(1786378739.215190) can0 38E#F822004011000000
(1786378739.225135) can0 38F#8421E25302000000
(1786378739.225398) can0 38E#A523004011000000
(1786378739.235233) can0 38E#2B24004011000000
(1786378739.245181) can0 38F#6322E25302000000
(1786378739.245523) can0 38E#7625004011000000
(1786378739.255154) can0 38E#9126004011000000
(1786378739.265135) can0 38F#3E23E25302000000
(1786378739.265409) can0 38E#CC27004011000000
(1786378739.275109) can0 38E#9028004011000000
(1786378739.285140) can0 38F#B024E25302000000
(1786378739.285454) can0 38E#CD29004011000000
(1786378739.295211) can0 38E#2A2A004011000000
(1786378739.305191) can0 38F#ED25E25302000000
(1786378739.305480) can0 38E#772B004011000000
(1786378739.315189) can0 38E#F92C004011000000
(1786378739.325171) can0 38F#0A26E25302000000
(1786378739.325421) can0 38E#A42D004011000000
(1786378739.335155) can0 38E#432E004011000000
(1786378739.345277) can0 38F#5727E25302000000
(1786378739.345719) can0 38E#1E2F004011000000
(1786378739.355156) can0 38E#4220004011000000
(1786378739.365106) can0 38F#0B28E25302000000
(1786378739.365398) can0 38E#1F21004011000000
(1786378739.375211) can0 38E#F822004011000000
(1786378739.385210) can0 38F#5629E25302000000
(1786378739.385521) can0 38E#A523004011000000
(1786378739.395204) can0 38E#2B24004011000000
(1786378739.405266) can0 38F#B12AE25302000000
(1786378739.405530) can0 38E#7625004011000000
(1786378739.415241) can0 38E#9126004011000000
(1786378739.425199) can0 38F#EC2BE25302000000
(1786378739.425486) can0 38E#CC27004011000000
(1786378739.435169) can0 38E#9028004011000000
(1786378739.445303) can0 38F#622CE25302000000
(1786378739.445682) can0 38E#CD29004011000000
(1786378739.455263) can0 38E#2A2A004011000000
(1786378739.464799) can0 38F#3F2DE25302000000
(1786378739.465061) can0 38E#772B004011000000
(1786378739.475074) can0 38E#F92C004011000000
(1786378739.485219) can0 38F#D82EE25302000000
(1786378739.485524) can0 38E#A42D004011000000
(1786378739.495173) can0 38E#432E004011000000
(1786378739.505219) can0 38F#852FE25302000000
(1786378739.505502) can0 38E#1E2F004011000000
(1786378739.515132) can0 38E#4220004011000000
(1786378739.525101) can0 38F#D920E25302000000
(1786378739.525341) can0 38E#1F21004011000000
(1786378739.535263) can0 38E#F822004011000000
(1786378739.545249) can0 38F#8421E25302000000
(1786378739.545570) can0 38E#A523004011000000
(1786378739.555146) can0 38E#2B24004011000000
(1786378739.565117) can0 38F#6322E25302000000
(1786378739.565356) can0 38E#7625004011000000
(1786378739.575157) can0 38E#9126004011000000
(1786378739.585185) can0 38F#3E23E25302000000
(1786378739.585479) can0 38E#CC27004011000000
(1786378739.595119) can0 38E#9028004011000000
(1786378739.605134) can0 38F#B024E25302000000
(1786378739.605427) can0 38E#CD29004011000000
(1786378739.615127) can0 38E#2A2A004011000000
(1786378739.625109) can0 38F#ED25E25302000000
(1786378739.625393) can0 38E#772B004011000000
(1786378739.635227) can0 38E#F92C004011000000
(1786378739.645208) can0 38F#0A26E25302000000
(1786378739.645635) can0 38E#A42D004011000000
(1786378739.655254) can0 38E#432E004011000000
(1786378739.665190) can0 38F#5727E25302000000
(1786378739.665480) can0 38E#1E2F004011000000
(1786378739.675214) can0 38E#4220004011000000
(1786378739.685071) can0 38F#0B28E25302000000
(1786378739.685376) can0 38E#1F21004011000000
(1786378739.695209) can0 38E#F822004011000000
(1786378739.705172) can0 38F#5629E25302000000
(1786378739.705450) can0 38E#A523004011000000
(1786378739.715158) can0 38E#2B24004011000000
(1786378739.725135) can0 38F#B12AE25302000000
(1786378739.725367) can0 38E#7625004011000000
(1786378739.735143) can0 38E#9126004011000000
(1786378739.745235) can0 38F#EC2BE25302000000
(1786378739.745547) can0 38E#CC27004011000000
(1786378739.755235) can0 38E#9028004011000000
(1786378739.765142) can0 38F#622CE25302000000
(1786378739.765478) can0 38E#CD29004011000000
(1786378739.775102) can0 38E#2A2A004011000000
(1786378739.785127) can0 38F#3F2DE25302000000
(1786378739.785407) can0 38E#772B004011000000
(1786378739.795200) can0 38E#F92C004011000000
(1786378739.805181) can0 38F#D82EE25302000000
(1786378739.805590) can0 38E#A42D004011000000
(1786378739.815265) can0 38E#432E004011000000
(1786378739.825214) can0 38F#852FE25302000000
(1786378739.825559) can0 38E#1E2F004011000000
(1786378739.835182) can0 38E#4220004011000000
(1786378739.845107) can0 38F#D920E25302000000
(1786378739.845459) can0 38E#1F21004011000000
(1786378739.855192) can0 38E#F822004011000000
(1786378739.865211) can0 38F#8421E25302000000
(1786378739.865492) can0 38E#A523004011000000
(1786378739.875142) can0 38E#2B24004011000000
(1786378739.885139) can0 38F#6322E25302000000
(1786378739.885447) can0 38E#7625004011000000
(1786378739.895142) can0 38E#9126004011000000
(1786378739.905107) can0 38F#3E23E25302000000
(1786378739.905337) can0 38E#CC27004011000000
(1786378739.915164) can0 38E#9028004011000000
(1786378739.925108) can0 38F#B024E25302000000
(1786378739.925379) can0 38E#CD29004011000000
(1786378739.935277) can0 38E#2A2A004011000000
(1786378739.945234) can0 38F#ED25E25302000000
(1786378739.945541) can0 38E#772B004011000000
(1786378739.955165) can0 38E#F92C004011000000
(1786378739.965217) can0 38F#0A26E25302000000
(1786378739.965472) can0 38E#A42D004011000000
(1786378739.975145) can0 38E#432E004011000000
(1786378739.985102) can0 38F#5727E25302000000
(1786378739.985341) can0 38E#1E2F004011000000
(1786378739.995155) can0 38E#4220004011000000
(1786378740.005118) can0 38F#0B28E25302000000
(1786378740.005336) can0 38E#1F21004011000000
(1786378740.015114) can0 38E#F822004011000000
(1786378740.025094) can0 38F#5629E25302000000
(1786378740.025316) can0 38E#A523004011000000
(1786378740.035174) can0 38E#2B24004011000000
(1786378740.045088) can0 38F#B12AE25302000000
(1786378740.045354) can0 38E#7625004011000000
(1786378740.055118) can0 38E#9126004011000000
(1786378740.065160) can0 38F#EC2BE25302000000
(1786378740.065405) can0 38E#CC27004011000000
(1786378740.075080) can0 38E#9028004011000000
(1786378740.085148) can0 38F#622CE25302000000
(1786378740.085417) can0 38E#CD29004011000000
(1786378740.095180) can0 38E#2A2A004011000000
(1786378740.105182) can0 38F#3F2DE25302000000
(1786378740.105505) can0 38E#772B004011000000
(1786378740.115135) can0 38E#F92C004011000000
(1786378740.125082) can0 38F#D82EE25302000000
(1786378740.125370) can0 38E#A42D004011000000
(1786378740.135169) can0 38E#432E004011000000
(1786378740.145203) can0 38F#852FE25302000000
(1786378740.145495) can0 38E#1E2F004011000000
(1786378740.155184) can0 38E#4220004011000000
(1786378740.165094) can0 38F#D920E25302000000
(1786378740.165375) can0 38E#1F21004011000000
(1786378740.175186) can0 38E#F822004011000000
(1786378740.185204) can0 38F#8421E25302000000
(1786378740.185484) can0 38E#A523004011000000
(1786378740.195191) can0 38E#2B24004011000000
(1786378740.205136) can0 38F#6322E25302000000
(1786378740.205445) can0 38E#7625004011000000
(1786378740.215132) can0 38E#9126004011000000
(1786378740.225106) can0 38F#3E23E25302000000
(1786378740.225357) can0 38E#CC27004011000000
(1786378740.235237) can0 38E#9028004011000000
(1786378740.245189) can0 38F#B024E25302000000
(1786378740.245582) can0 38E#CD29004011000000
(1786378740.255179) can0 38E#2A2A004011000000
(1786378740.265128) can0 38F#ED25E25302000000
(1786378740.265383) can0 38E#772B004011000000
(1786378740.275179) can0 38E#F92C004011000000
(1786378740.285206) can0 38F#0A26E25302000000
(1786378740.285548) can0 38E#A42D004011000000
(1786378740.295222) can0 38E#432E004011000000
(1786378740.305248) can0 38F#5727E25302000000
(1786378740.305538) can0 38E#1E2F004011000000
(1786378740.315215) can0 38E#4220004011000000
(1786378740.324808) can0 38F#0B28E25302000000
(1786378740.325057) can0 38E#1F21004011000000
(1786378740.335136) can0 38E#F822004011000000
(1786378740.345211) can0 38F#5629E25302000000
(1786378740.345549) can0 38E#A523004011000000
(1786378740.355186) can0 38E#2B24004011000000
(1786378740.365222) can0 38F#B12AE25302000000
(1786378740.365523) can0 38E#7625004011000000
(1786378740.375165) can0 38E#9126004011000000
(1786378740.385175) can0 38F#EC2BE25302000000
(1786378740.385498) can0 38E#CC27004011000000
(1786378740.395245) can0 38E#9028004011000000
(1786378740.405192) can0 38F#622CE25302000000
(1786378740.405503) can0 38E#CD29004011000000
(1786378740.415151) can0 38E#2A2A004011000000
(1786378740.425133) can0 38F#3F2DE25302000000
(1786378740.425413) can0 38E#772B004011000000
(1786378740.435157) can0 38E#F92C004011000000
(1786378740.445176) can0 38F#D82EE25302000000
(1786378740.445779) can0 38E#A42D004011000000
(1786378740.455197) can0 38E#432E004011000000
(1786378740.465205) can0 38F#852FE25302000000
(1786378740.465501) can0 38E#1E2F004011000000
(1786378740.475143) can0 38E#4220004011000000
(1786378740.485173) can0 38F#D920E25302000000
(1786378740.485426) can0 38E#1F21004011000000
(1786378740.495191) can0 38E#F822004011000000
(1786378740.505164) can0 38F#8421E25302000000
(1786378740.505413) can0 38E#A523004011000000
(1786378740.515133) can0 38E#2B24004011000000
(1786378740.525146) can0 38F#6322E25302000000
(1786378740.525375) can0 38E#7625004011000000
(1786378740.535220) can0 38E#9126004011000000
(1786378740.545225) can0 38F#3E23E25302000000
(1786378740.545668) can0 38E#CC27004011000000
(1786378740.555153) can0 38E#9028004011000000
(1786378740.565137) can0 38F#B024E25302000000
(1786378740.565381) can0 38E#CD29004011000000
(1786378740.575217) can0 38E#2A2A004011000000
(1786378740.585153) can0 38F#ED25E25302000000
(1786378740.585495) can0 38E#772B004011000000
(1786378740.595128) can0 38E#F92C004011000000
(1786378740.605160) can0 38F#0A26E25302000000
(1786378740.605394) can0 38E#A42D004011000000
(1786378740.615186) can0 38E#432E004011000000
(1786378740.625128) can0 38F#5727E25302000000
(1786378740.625418) can0 38E#1E2F004011000000
(1786378740.635149) can0 38E#4220004011000000
(1786378740.645114) can0 38F#0B28E25302000000
(1786378740.645461) can0 38E#1F21004011000000
(1786378740.655206) can0 38E#F822004011000000
(1786378740.665175) can0 38F#5629E25302000000
(1786378740.665426) can0 38E#A523004011000000
(1786378740.675169) can0 38E#2B24004011000000
(1786378740.685224) can0 38F#B12AE25302000000
(1786378740.685639) can0 38E#7625004011000000
(1786378740.695147) can0 38E#9126004011000000
(1786378740.705126) can0 38F#EC2BE25302000000
(1786378740.705355) can0 38E#CC27004011000000
(1786378740.715236) can0 38E#9028004011000000
(1786378740.725111) can0 38F#622CE25302000000
(1786378740.725432) can0 38E#CD29004011000000
(1786378740.735175) can0 38E#2A2A004011000000
(1786378740.745233) can0 38F#3F2DE25302000000
(1786378740.745498) can0 38E#772B004011000000
(1786378740.755095) can0 38E#F92C004011000000
(1786378740.765113) can0 38F#D82EE25302000000
(1786378740.765356) can0 38E#A42D004011000000
(1786378740.775148) can0 38E#432E004011000000
(1786378740.785153) can0 38F#852FE25302000000
(1786378740.785445) can0 38E#1E2F004011000000
(1786378740.795192) can0 38E#4220004011000000
(1786378740.805135) can0 38F#D920E25302000000
(1786378740.805405) can0 38E#1F21004011000000
(1786378740.815140) can0 38E#F822004011000000
(1786378740.825129) can0 38F#8421E25302000000
(1786378740.825342) can0 38E#A523004011000000
(1786378740.835170) can0 38E#2B24004011000000
(1786378740.845160) can0 38F#6322E25302000000
(1786378740.845442) can0 38E#7625004011000000
(1786378740.855216) can0 38E#9126004011000000
(1786378740.865142) can0 38F#3E23E25302000000
(1786378740.865384) can0 38E#CC27004011000000
(1786378740.875142) can0 38E#9028004011000000
(1786378740.885115) can0 38F#B024E25302000000
(1786378740.885459) can0 38E#CD29004011000000
(1786378740.895225) can0 38E#2A2A004011000000
(1786378740.905106) can0 38F#ED25E25302000000
(1786378740.905468) can0 38E#772B004011000000
(1786378740.915206) can0 38E#F92C004011000000
(1786378740.925208) can0 38F#0A26E25302000000
(1786378740.925545) can0 38E#A42D004011000000
(1786378740.935144) can0 38E#432E004011000000
(1786378740.945281) can0 38F#5727E25302000000
(1786378740.945732) can0 38E#1E2F004011000000
(1786378740.955206) can0 38E#4220004011000000
(1786378740.965247) can0 38F#0B28E25302000000
(1786378740.965514) can0 38E#1F21004011000000
(1786378740.975093) can0 38E#F822004011000000
(1786378740.985120) can0 38F#5629E25302000000
(1786378740.985395) can0 38E#A523004011000000
(1786378740.995140) can0 38E#2B24004011000000
(1786378741.005165) can0 38F#B12AE25302000000
(1786378741.005408) can0 38E#7625004011000000
(1786378741.015133) can0 38E#9126004011000000
(1786378741.025098) can0 38F#EC2BE25302000000
(1786378741.025384) can0 38E#CC27004011000000
(1786378741.035163) can0 38E#9028004011000000
(1786378741.045186) can0 38F#622CE25302000000
(1786378741.045578) can0 38E#CD29004011000000
(1786378741.055219) can0 38E#2A2A004011000000
(1786378741.065155) can0 38F#3F2DE25302000000
(1786378741.065478) can0 38E#772B004011000000
(1786378741.075192) can0 38E#F92C004011000000
(1786378741.085185) can0 38F#D82EE25302000000
(1786378741.085460) can0 38E#A42D004011000000
(1786378741.095185) can0 38E#432E004011000000
(1786378741.105194) can0 38F#852FE25302000000
(1786378741.105523) can0 38E#1E2F004011000000
(1786378741.115182) can0 38E#4220004011000000
(1786378741.125136) can0 38F#D920E25302000000
(1786378741.125451) can0 38E#1F21004011000000
(1786378741.135158) can0 38E#F822004011000000
(1786378741.145251) can0 38F#8421E25302000000
(1786378741.145555) can0 38E#A523004011000000
(1786378741.155135) can0 38E#2B24004011000000
(1786378741.165194) can0 38F#6322E25302000000
(1786378741.165533) can0 38E#7625004011000000
(1786378741.175168) can0 38E#9126004011000000
(1786378741.185122) can0 38F#3E23E25302000000
(1786378741.185413) can0 38E#CC27004011000000
(1786378741.195175) can0 38E#9028004011000000
(1786378741.205140) can0 38F#B024E25302000000
(1786378741.205389) can0 38E#CD29004011000000
(1786378741.215165) can0 38E#2A2A004011000000
(1786378741.225158) can0 38F#ED25E25302000000
(1786378741.225375) can0 38E#772B004011000000
(1786378741.235104) can0 38E#F92C004011000000
(1786378741.245259) can0 38F#0A26E25302000000
(1786378741.245797) can0 38E#A42D004011000000
(1786378741.255196) can0 38E#432E004011000000
(1786378741.265120) can0 38F#5727E25302000000
(1786378741.265347) can0 38E#1E2F004011000000
(1786378741.275134) can0 38E#4220004011000000
(1786378741.285131) can0 38F#0B28E25302000000
(1786378741.285453) can0 38E#1F21004011000000
(1786378741.295166) can0 38E#F822004011000000
(1786378741.305167) can0 38F#5629E25302000000
(1786378741.305431) can0 38E#A523004011000000
(1786378741.315150) can0 38E#2B24004011000000
(1786378741.325171) can0 38F#B12AE25302000000
(1786378741.325478) can0 38E#7625004011000000
(1786378741.335222) can0 38E#9126004011000000
(1786378741.345223) can0 38F#EC2BE25302000000
(1786378741.345603) can0 38E#CC27004011000000
(1786378741.355223) can0 38E#9028004011000000
(1786378741.365130) can0 38F#622CE25302000000
(1786378741.365495) can0 38E#CD29004011000000
(1786378741.375117) can0 38E#2A2A004011000000
(1786378741.385164) can0 38F#3F2DE25302000000
(1786378741.385440) can0 38E#772B004011000000
(1786378741.395288) can0 38E#F92C004011000000
(1786378741.405177) can0 38F#D82EE25302000000
(1786378741.405445) can0 38E#A42D004011000000
(1786378741.415200) can0 38E#432E004011000000
(1786378741.425119) can0 38F#852FE25302000000
(1786378741.425349) can0 38E#1E2F004011000000
(1786378741.435191) can0 38E#4220004011000000
(1786378741.445093) can0 38F#D920E25302000000
(1786378741.445388) can0 38E#1F21004011000000
(1786378741.455134) can0 38E#F822004011000000
(1786378741.465167) can0 38F#8421E25302000000
(1786378741.465415) can0 38E#A523004011000000
(1786378741.475154) can0 38E#2B24004011000000
(1786378741.485109) can0 38F#6322E25302000000
(1786378741.485409) can0 38E#7625004011000000
(1786378741.495168) can0 38E#9126004011000000
(1786378741.505191) can0 38F#3E23E25302000000
(1786378741.505498) can0 38E#CC27004011000000
(1786378741.515155) can0 38E#9028004011000000
(1786378741.525176) can0 38F#B024E25302000000
(1786378741.525426) can0 38E#CD29004011000000
(1786378741.535131) can0 38E#2A2A004011000000
(1786378741.545120) can0 38F#ED25E25302000000
(1786378741.545346) can0 38E#772B004011000000
(1786378741.555078) can0 38E#F92C004011000000
(1786378741.565091) can0 38F#0A26E25302000000
(1786378741.565352) can0 38E#A42D004011000000
(1786378741.575160) can0 38E#432E004011000000
(1786378741.585173) can0 38F#5727E25302000000
(1786378741.585521) can0 38E#1E2F004011000000
(1786378741.595245) can0 38E#4220004011000000
(1786378741.605197) can0 38F#0B28E25302000000
(1786378741.605545) can0 38E#1F21004011000000
(1786378741.615147) can0 38E#F822004011000000
(1786378741.625123) can0 38F#5629E25302000000
(1786378741.625445) can0 38E#A523004011000000
(1786378741.635184) can0 38E#2B24004011000000
(1786378741.645145) can0 38F#B12AE25302000000
(1786378741.645437) can0 38E#7625004011000000
(1786378741.655157) can0 38E#9126004011000000
(1786378741.665083) can0 38F#EC2BE25302000000
(1786378741.665332) can0 38E#CC27004011000000
(1786378741.675110) can0 38E#9028004011000000
(1786378741.685227) can0 38F#622CE25302000000
(1786378741.685518) can0 38E#CD29004011000000
(1786378741.695190) can0 38E#2A2A004011000000
(1786378741.705203) can0 38F#3F2DE25302000000
(1786378741.705491) can0 38E#772B004011000000
(1786378741.715127) can0 38E#F92C004011000000
(1786378741.725121) can0 38F#D82EE25302000000
(1786378741.725432) can0 38E#A42D004011000000
(1786378741.735166) can0 38E#432E004011000000
(1786378741.745124) can0 38F#852FE25302000000
(1786378741.745375) can0 38E#1E2F004011000000
(1786378741.755186) can0 38E#4220004011000000
(1786378741.765095) can0 38F#D920E25302000000
(1786378741.765321) can0 38E#1F21004011000000
(1786378741.775196) can0 38E#F822004011000000
(1786378741.785236) can0 38F#8421E25302000000
(1786378741.785488) can0 38E#A523004011000000
(1786378741.795162) can0 38E#2B24004011000000
(1786378741.805154) can0 38F#6322E25302000000
(1786378741.805491) can0 38E#7625004011000000
(1786378741.815176) can0 38E#9126004011000000
(1786378741.825218) can0 38F#3E23E25302000000
(1786378741.825466) can0 38E#CC27004011000000
(1786378741.835117) can0 38E#9028004011000000
(1786378741.845086) can0 38F#B024E25302000000
(1786378741.845393) can0 38E#CD29004011000000
(1786378741.889147) can0 38E#2A2A004011000000
(1786378741.930846) can0 38F#ED25E25302000000
(1786378741.947740) can0 38E#772B004011000000
(1786378741.948196) can0 38E#F92C004011000000
(1786378741.948606) can0 38F#0A26E25302000000
(1786378741.948941) can0 38E#A42D004011000000
(1786378741.949221) can0 38E#432E004011000000
(1786378741.949654) can0 38F#5727E25302000000
(1786378741.950225) can0 38E#1E2F004011000000
(1786378741.950550) can0 38E#4220004011000000
(1786378741.950873) can0 38F#0B28E25302000000
(1786378741.951147) can0 38E#1F21004011000000
(1786378741.951411) can0 38E#F822004011000000
(1786378741.951679) can0 38F#5629E25302000000
(1786378741.951928) can0 38E#A523004011000000
(1786378741.955195) can0 38E#2B24004011000000
(1786378741.965134) can0 38F#B12AE25302000000
(1786378741.965438) can0 38E#7625004011000000
(1786378741.975108) can0 38E#9126004011000000
(1786378741.985205) can0 38F#EC2BE25302000000
(1786378741.985503) can0 38E#CC27004011000000
(1786378741.995194) can0 38E#9028004011000000
(1786378742.005191) can0 38F#622CE25302000000
(1786378742.005480) can0 38E#CD29004011000000
(1786378742.015198) can0 38E#2A2A004011000000
(1786378742.025214) can0 38F#3F2DE25302000000
(1786378742.025472) can0 38E#772B004011000000
(1786378742.035160) can0 38E#F92C004011000000
(1786378742.045121) can0 38F#D82EE25302000000
(1786378742.045376) can0 38E#A42D004011000000
(1786378742.055151) can0 38E#432E004011000000
(1786378742.065206) can0 38F#852FE25302000000
(1786378742.065475) can0 38E#1E2F004011000000
(1786378742.075213) can0 38E#4220004011000000
(1786378742.085147) can0 38F#D920E25302000000
(1786378742.085394) can0 38E#1F21004011000000
(1786378742.095143) can0 38E#F822004011000000
(1786378742.105156) can0 38F#8421E25302000000
(1786378742.105391) can0 38E#A523004011000000
(1786378742.115259) can0 38E#2B24004011000000
(1786378742.125141) can0 38F#6322E25302000000
(1786378742.125365) can0 38E#7625004011000000
(1786378742.135144) can0 38E#9126004011000000
(1786378742.145163) can0 38F#3E23E25302000000
(1786378742.145422) can0 38E#CC27004011000000
(1786378742.155174) can0 38E#9028004011000000
(1786378742.165135) can0 38F#B024E25302000000
(1786378742.165421) can0 38E#CD29004011000000
(1786378742.175116) can0 38E#2A2A004011000000
(1786378742.185153) can0 38F#ED25E25302000000
(1786378742.185385) can0 38E#772B004011000000
(1786378742.195106) can0 38E#F92C004011000000
(1786378742.205136) can0 38F#0A26E25302000000
(1786378742.205394) can0 38E#A42D004011000000
(1786378742.215167) can0 38E#432E004011000000
(1786378742.225085) can0 38F#5727E25302000000
(1786378742.225349) can0 38E#1E2F004011000000
(1786378742.235195) can0 38E#4220004011000000
(1786378742.245193) can0 38F#0B28E25302000000
(1786378742.245550) can0 38E#1F21004011000000
(1786378742.255201) can0 38E#F822004011000000
(1786378742.265126) can0 38F#5629E25302000000
(1786378742.265386) can0 38E#A523004011000000
(1786378742.275114) can0 38E#2B24004011000000
(1786378742.285172) can0 38F#B12AE25302000000
(1786378742.285480) can0 38E#7625004011000000
(1786378742.295268) can0 38E#9126004011000000
(1786378742.305206) can0 38F#EC2BE25302000000
(1786378742.305511) can0 38E#CC27004011000000
(1786378742.315142) can0 38E#9028004011000000
(1786378742.325125) can0 38F#622CE25302000000
(1786378742.325367) can0 38E#CD29004011000000
(1786378742.335200) can0 38E#2A2A004011000000
(1786378742.345234) can0 38F#3F2DE25302000000
(1786378742.345693) can0 38E#772B004011000000
(1786378742.355112) can0 38E#F92C004011000000
(1786378742.365100) can0 38F#D82EE25302000000
(1786378742.365306) can0 38E#A42D004011000000
(1786378742.375112) can0 38E#432E004011000000
(1786378742.385208) can0 38F#852FE25302000000
(1786378742.385491) can0 38E#1E2F004011000000
(1786378742.395170) can0 38E#4220004011000000
(1786378742.405155) can0 38F#D920E25302000000
(1786378742.405418) can0 38E#1F21004011000000
(1786378742.415124) can0 38E#F822004011000000
(1786378742.425124) can0 38F#8421E25302000000
(1786378742.425384) can0 38E#A523004011000000
(1786378742.435197) can0 38E#2B24004011000000
(1786378742.445151) can0 38F#6322E25302000000
(1786378742.445470) can0 38E#7625004011000000
(1786378742.455194) can0 38E#9126004011000000
(1786378742.465161) can0 38F#3E23E25302000000
(1786378742.465416) can0 38E#CC27004011000000
(1786378742.475085) can0 38E#9028004011000000
(1786378742.485117) can0 38F#B024E25302000000
(1786378742.485432) can0 38E#CD29004011000000
(1786378742.495218) can0 38E#2A2A004011000000
(1786378742.505161) can0 38F#ED25E25302000000
(1786378742.505481) can0 38E#772B004011000000
(1786378742.515221) can0 38E#F92C004011000000
(1786378742.525108) can0 38F#0A26E25302000000
(1786378742.525355) can0 38E#A42D004011000000
(1786378742.535284) can0 38E#432E004011000000
(1786378742.545338) can0 38F#5727E25302000000
(1786378742.545812) can0 38E#1E2F004011000000
(1786378742.555203) can0 38E#4220004011000000
(1786378742.565135) can0 38F#0B28E25302000000
(1786378742.565427) can0 38E#1F21004011000000
(1786378742.575239) can0 38E#F822004011000000
(1786378742.585232) can0 38F#5629E25302000000
(1786378742.585571) can0 38E#A523004011000000
(1786378742.595219) can0 38E#2B24004011000000
(1786378742.605146) can0 38F#B12AE25302000000
(1786378742.605438) can0 38E#7625004011000000
(1786378742.615214) can0 38E#9126004011000000
(1786378742.625087) can0 38F#EC2BE25302000000
(1786378742.625356) can0 38E#CC27004011000000
(1786378742.635167) can0 38E#9028004011000000
(1786378742.645162) can0 38F#622CE25302000000
(1786378742.645438) can0 38E#CD29004011000000
(1786378742.655140) can0 38E#2A2A004011000000
(1786378742.665147) can0 38F#3F2DE25302000000
(1786378742.665399) can0 38E#772B004011000000
(1786378742.675114) can0 38E#F92C004011000000
(1786378742.685166) can0 38F#D82EE25302000000
(1786378742.685426) can0 38E#A42D004011000000
(1786378742.695262) can0 38E#432E004011000000
(1786378742.705161) can0 38F#852FE25302000000
(1786378742.705458) can0 38E#1E2F004011000000
(1786378742.715221) can0 38E#4220004011000000
(1786378742.725165) can0 38F#D920E25302000000
(1786378742.725430) can0 38E#1F21004011000000
(1786378742.735186) can0 38E#F822004011000000
(1786378742.745156) can0 38F#8421E25302000000
(1786378742.745474) can0 38E#A523004011000000
(1786378742.755186) can0 38E#2B24004011000000
(1786378742.765187) can0 38F#6322E25302000000
(1786378742.765428) can0 38E#7625004011000000
(1786378742.775155) can0 38E#9126004011000000
(1786378742.785173) can0 38F#3E23E25302000000
(1786378742.785440) can0 38E#CC27004011000000
(1786378742.795185) can0 38E#9028004011000000
(1786378742.805180) can0 38F#B024E25302000000
(1786378742.805518) can0 38E#CD29004011000000
(1786378742.815223) can0 38E#2A2A004011000000
(1786378742.825118) can0 38F#ED25E25302000000
(1786378742.825372) can0 38E#772B004011000000
(1786378742.835133) can0 38E#F92C004011000000
(1786378742.845099) can0 38F#0A26E25302000000
(1786378742.845449) can0 38E#A42D004011000000
(1786378742.855179) can0 38E#432E004011000000
(1786378742.865255) can0 38F#5727E25302000000
(1786378742.865521) can0 38E#1E2F004011000000
(1786378742.875101) can0 38E#4220004011000000
(1786378742.885202) can0 38F#0B28E25302000000
(1786378742.885485) can0 38E#1F21004011000000
(1786378742.895180) can0 38E#F822004011000000
(1786378742.905139) can0 38F#5629E25302000000
(1786378742.905428) can0 38E#A523004011000000
(1786378742.915135) can0 38E#2B24004011000000
(1786378742.925147) can0 38F#B12AE25302000000
(1786378742.925378) can0 38E#7625004011000000
(1786378742.935189) can0 38E#9126004011000000
(1786378742.945315) can0 38F#EC2BE25302000000
(1786378742.945754) can0 38E#CC27004011000000
(1786378742.955191) can0 38E#9028004011000000
(1786378742.965190) can0 38F#622CE25302000000
(1786378742.965533) can0 38E#CD29004011000000
(1786378742.975231) can0 38E#2A2A004011000000
(1786378742.985219) can0 38F#3F2DE25302000000
(1786378742.985529) can0 38E#772B004011000000
(1786378742.995158) can0 38E#F92C004011000000
(1786378743.005137) can0 38F#D82EE25302000000
(1786378743.005469) can0 38E#A42D004011000000
(1786378743.015183) can0 38E#432E004011000000
(1786378743.025173) can0 38F#852FE25302000000
(1786378743.025416) can0 38E#1E2F004011000000
(1786378743.035245) can0 38E#4220004011000000
(1786378743.045190) can0 38F#D920E25302000000
(1786378743.045623) can0 38E#1F21004011000000
(1786378743.055135) can0 38E#F822004011000000
(1786378743.065125) can0 38F#8421E25302000000
(1786378743.065432) can0 38E#A523004011000000
(1786378743.075128) can0 38E#2B24004011000000
(1786378743.085080) can0 38F#6322E25302000000
(1786378743.085361) can0 38E#7625004011000000
(1786378743.095179) can0 38E#9126004011000000
(1786378743.105216) can0 38F#3E23E25302000000
(1786378743.105487) can0 38E#CC27004011000000
(1786378743.115189) can0 38E#9028004011000000
(1786378743.125132) can0 38F#B024E25302000000
(1786378743.125364) can0 38E#CD29004011000000
(1786378743.135149) can0 38E#2A2A004011000000
(1786378743.145180) can0 38F#ED25E25302000000
(1786378743.145543) can0 38E#772B004011000000
(1786378743.155175) can0 38E#F92C004011000000
(1786378743.165168) can0 38F#0A26E25302000000
(1786378743.165442) can0 38E#A42D004011000000
(1786378743.175132) can0 38E#432E004011000000
(1786378743.185218) can0 38F#5727E25302000000
(1786378743.185521) can0 38E#1E2F004011000000
(1786378743.195258) can0 38E#4220004011000000
(1786378743.205224) can0 38F#0B28E25302000000
(1786378743.205499) can0 38E#1F21004011000000
(1786378743.215138) can0 38E#F822004011000000
(1786378743.225070) can0 38F#5629E25302000000
(1786378743.225291) can0 38E#A523004011000000
(1786378743.235144) can0 38E#2B24004011000000
(1786378743.245230) can0 38F#B12AE25302000000
(1786378743.245566) can0 38E#7625004011000000
(1786378743.255171) can0 38E#9126004011000000
(1786378743.265183) can0 38F#EC2BE25302000000
(1786378743.265449) can0 38E#CC27004011000000
(1786378743.275117) can0 38E#9028004011000000
(1786378743.285135) can0 38F#622CE25302000000
(1786378743.285387) can0 38E#CD29004011000000
(1786378743.295237) can0 38E#2A2A004011000000
(1786378743.305207) can0 38F#3F2DE25302000000
(1786378743.305522) can0 38E#772B004011000000
(1786378743.315164) can0 38E#F92C004011000000
(1786378743.325186) can0 38F#D82EE25302000000
(1786378743.325529) can0 38E#A42D004011000000
(1786378743.335167) can0 38E#432E004011000000
(1786378743.345203) can0 38F#852FE25302000000
(1786378743.345552) can0 38E#1E2F004011000000
(1786378743.355275) can0 38E#4220004011000000
(1786378743.365133) can0 38F#D920E25302000000
(1786378743.365368) can0 38E#1F21004011000000
(1786378743.375175) can0 38E#F822004011000000
(1786378743.385151) can0 38F#8421E25302000000
(1786378743.385429) can0 38E#A523004011000000
(1786378743.395161) can0 38E#2B24004011000000
(1786378743.405264) can0 38F#6322E25302000000
(1786378743.405577) can0 38E#7625004011000000
(1786378743.415185) can0 38E#9126004011000000
(1786378743.425087) can0 38F#3E23E25302000000
(1786378743.425336) can0 38E#CC27004011000000
(1786378743.435148) can0 38E#9028004011000000
(1786378743.445195) can0 38F#B024E25302000000
(1786378743.445509) can0 38E#CD29004011000000
(1786378743.455119) can0 38E#2A2A004011000000
(1786378743.465133) can0 38F#ED25E25302000000
(1786378743.465385) can0 38E#772B004011000000
(1786378743.475170) can0 38E#F92C004011000000
(1786378743.485089) can0 38F#0A26E25302000000
(1786378743.485410) can0 38E#A42D004011000000
(1786378743.495147) can0 38E#432E004011000000
(1786378743.505194) can0 38F#5727E25302000000
(1786378743.505452) can0 38E#1E2F004011000000
(1786378743.515126) can0 38E#4220004011000000
(1786378743.525228) can0 38F#0B28E25302000000
(1786378743.525503) can0 38E#1F21004011000000
(1786378743.535157) can0 38E#F822004011000000
(1786378743.545271) can0 38F#5629E25302000000
(1786378743.545576) can0 38E#A523004011000000
(1786378743.555121) can0 38E#2B24004011000000
(1786378743.565126) can0 38F#B12AE25302000000
(1786378743.565353) can0 38E#7625004011000000
(1786378743.575166) can0 38E#9126004011000000
(1786378743.585156) can0 38F#EC2BE25302000000
(1786378743.585408) can0 38E#CC27004011000000
(1786378743.595186) can0 38E#9028004011000000
(1786378743.605176) can0 38F#622CE25302000000
(1786378743.605484) can0 38E#CD29004011000000
(1786378743.615186) can0 38E#2A2A004011000000
(1786378743.625210) can0 38F#3F2DE25302000000
(1786378743.625441) can0 38E#772B004011000000
(1786378743.635201) can0 38E#F92C004011000000
(1786378743.645161) can0 38F#D82EE25302000000
(1786378743.645395) can0 38E#A42D004011000000
(1786378743.655121) can0 38E#432E004011000000
(1786378743.665125) can0 38F#852FE25302000000
(1786378743.665370) can0 38E#1E2F004011000000
(1786378743.675129) can0 38E#4220004011000000
(1786378743.685192) can0 38F#D920E25302000000
(1786378743.685467) can0 38E#1F21004011000000
(1786378743.695145) can0 38E#F822004011000000
(1786378743.705148) can0 38F#8421E25302000000
(1786378743.705444) can0 38E#A523004011000000
(1786378743.715182) can0 38E#2B24004011000000
(1786378743.725156) can0 38F#6322E25302000000
(1786378743.725483) can0 38E#7625004011000000
(1786378743.735159) can0 38E#9126004011000000
(1786378743.745230) can0 38F#3E23E25302000000
(1786378743.745642) can0 38E#CC27004011000000
(1786378743.755208) can0 38E#9028004011000000
(1786378743.765039) can0 38F#B024E25302000000
(1786378743.765282) can0 38E#CD29004011000000
(1786378743.775126) can0 38E#2A2A004011000000
(1786378743.785201) can0 38F#ED25E25302000000
(1786378743.785456) can0 38E#772B004011000000
(1786378743.795206) can0 38E#F92C004011000000
(1786378743.805220) can0 38F#0A26E25302000000
(1786378743.805594) can0 38E#A42D004011000000
(1786378743.815125) can0 38E#432E004011000000
(1786378743.825135) can0 38F#5727E25302000000
(1786378743.825385) can0 38E#1E2F004011000000
(1786378743.835213) can0 38E#4220004011000000
(1786378743.845239) can0 38F#0B28E25302000000
(1786378743.845503) can0 38E#1F21004011000000
(1786378743.855135) can0 38E#F822004011000000
(1786378743.865118) can0 38F#5629E25302000000
(1786378743.865420) can0 38E#A523004011000000
(1786378743.875109) can0 38E#2B24004011000000
(1786378743.885193) can0 38F#B12AE25302000000
(1786378743.885443) can0 38E#7625004011000000
(1786378743.895154) can0 38E#9126004011000000
(1786378743.905173) can0 38F#EC2BE25302000000
(1786378743.905442) can0 38E#CC27004011000000
(1786378743.915159) can0 38E#9028004011000000
(1786378743.925127) can0 38F#622CE25302000000
(1786378743.925432) can0 38E#CD29004011000000
(1786378743.935175) can0 38E#2A2A004011000000
(1786378743.945181) can0 38F#3F2DE25302000000
(1786378743.945473) can0 38E#772B004011000000
(1786378743.955217) can0 38E#F92C004011000000
(1786378743.965178) can0 38F#D82EE25302000000
(1786378743.965452) can0 38E#A42D004011000000
(1786378743.975233) can0 38E#432E004011000000
(1786378743.985142) can0 38F#852FE25302000000
(1786378743.985445) can0 38E#1E2F004011000000
(1786378743.995158) can0 38E#4220004011000000
(1786378744.005167) can0 38F#D920E25302000000
(1786378744.005431) can0 38E#1F21004011000000
(1786378744.015166) can0 38E#F822004011000000
(1786378744.025191) can0 38F#8421E25302000000
(1786378744.025469) can0 38E#A523004011000000
(1786378744.035158) can0 38E#2B24004011000000
(1786378744.045229) can0 38F#6322E25302000000
(1786378744.045510) can0 38E#7625004011000000
(1786378744.055393) can0 38E#9126004011000000
(1786378744.065155) can0 38F#3E23E25302000000
(1786378744.065408) can0 38E#CC27004011000000
(1786378744.075169) can0 38E#9028004011000000
(1786378744.085146) can0 38F#B024E25302000000
(1786378744.085399) can0 38E#CD29004011000000
(1786378744.095198) can0 38E#2A2A004011000000
(1786378744.105184) can0 38F#ED25E25302000000
(1786378744.105454) can0 38E#772B004011000000
(1786378744.115193) can0 38E#F92C004011000000
(1786378744.125098) can0 38F#0A26E25302000000
(1786378744.125304) can0 38E#A42D004011000000
(1786378744.135154) can0 38E#432E004011000000
(1786378744.145257) can0 38F#5727E25302000000
(1786378744.145673) can0 38E#1E2F004011000000
(1786378744.155298) can0 38E#4220004011000000
(1786378744.165138) can0 38F#0B28E25302000000
(1786378744.165434) can0 38E#1F21004011000000
(1786378744.175168) can0 38E#F822004011000000
(1786378744.185183) can0 38F#5629E25302000000
(1786378744.185503) can0 38E#A523004011000000
(1786378744.195172) can0 38E#2B24004011000000
(1786378744.205146) can0 38F#B12AE25302000000
(1786378744.205553) can0 38E#7625004011000000
(1786378744.215246) can0 38E#9126004011000000
(1786378744.225170) can0 38F#EC2BE25302000000
(1786378744.225424) can0 38E#CC27004011000000
(1786378744.235252) can0 38E#9028004011000000
(1786378744.245189) can0 38F#622CE25302000000
(1786378744.245554) can0 38E#CD29004011000000
(1786378744.255157) can0 38E#2A2A004011000000
(1786378744.265131) can0 38F#3F2DE25302000000
(1786378744.265337) can0 38E#772B004011000000
(1786378744.275076) can0 38E#F92C004011000000
(1786378744.285122) can0 38F#D82EE25302000000
(1786378744.285340) can0 38E#A42D004011000000
(1786378744.295089) can0 38E#432E004011000000
(1786378744.305192) can0 38F#852FE25302000000
(1786378744.305457) can0 38E#1E2F004011000000
(1786378744.315182) can0 38E#4220004011000000
(1786378744.325193) can0 38F#D920E25302000000
(1786378744.325499) can0 38E#1F21004011000000
(1786378744.335227) can0 38E#F822004011000000
(1786378744.345218) can0 38F#8421E25302000000
(1786378744.345545) can0 38E#A523004011000000
(1786378744.355134) can0 38E#2B24004011000000
(1786378744.365135) can0 38F#6322E25302000000
(1786378744.365405) can0 38E#7625004011000000
(1786378744.375088) can0 38E#9126004011000000
(1786378744.385150) can0 38F#3E23E25302000000
(1786378744.385385) can0 38E#CC27004011000000
(1786378744.395208) can0 38E#9028004011000000
(1786378744.405208) can0 38F#B024E25302000000
(1786378744.405520) can0 38E#CD29004011000000
(1786378744.415182) can0 38E#2A2A004011000000
(1786378744.425165) can0 38F#ED25E25302000000
(1786378744.425414) can0 38E#772B004011000000
(1786378744.435163) can0 38E#F92C004011000000
(1786378744.445154) can0 38F#0A26E25302000000
(1786378744.445436) can0 38E#A42D004011000000
(1786378744.455141) can0 38E#432E004011000000
(1786378744.465136) can0 38F#5727E25302000000
(1786378744.465376) can0 38E#1E2F004011000000
(1786378744.475130) can0 38E#4220004011000000
(1786378744.485183) can0 38F#0B28E25302000000
(1786378744.485410) can0 38E#1F21004011000000
(1786378744.495156) can0 38E#F822004011000000
(1786378744.505196) can0 38F#5629E25302000000
(1786378744.505441) can0 38E#A523004011000000
(1786378744.515141) can0 38E#2B24004011000000
(1786378744.525125) can0 38F#B12AE25302000000
(1786378744.525331) can0 38E#7625004011000000
(1786378744.535185) can0 38E#9126004011000000
(1786378744.545211) can0 38F#EC2BE25302000000
(1786378744.545579) can0 38E#CC27004011000000
(1786378744.555245) can0 38E#9028004011000000
(1786378744.565191) can0 38F#622CE25302000000
(1786378744.565564) can0 38E#CD29004011000000
(1786378744.575204) can0 38E#2A2A004011000000
(1786378744.585329) can0 38F#3F2DE25302000000
(1786378744.585661) can0 38E#772B004011000000
(1786378744.595183) can0 38E#F92C004011000000
(1786378744.605185) can0 38F#D82EE25302000000
(1786378744.605501) can0 38E#A42D004011000000
(1786378744.615205) can0 38E#432E004011000000
(1786378744.625084) can0 38F#852FE25302000000
(1786378744.625324) can0 38E#1E2F004011000000
(1786378744.635170) can0 38E#4220004011000000
(1786378744.645244) can0 38F#D920E25302000000
(1786378744.645803) can0 38E#1F21004011000000
(1786378744.655225) can0 38E#F822004011000000
(1786378744.665263) can0 38F#8421E25302000000
(1786378744.665527) can0 38E#A523004011000000
(1786378744.675176) can0 38E#2B24004011000000
(1786378744.685209) can0 38F#6322E25302000000
(1786378744.685495) can0 38E#7625004011000000
(1786378744.695252) can0 38E#9126004011000000
(1786378744.705205) can0 38F#3E23E25302000000
(1786378744.705513) can0 38E#CC27004011000000
(1786378744.715156) can0 38E#9028004011000000
(1786378744.725119) can0 38F#B024E25302000000
(1786378744.725362) can0 38E#CD29004011000000
(1786378744.735171) can0 38E#2A2A004011000000
(1786378744.745284) can0 38F#ED25E25302000000
(1786378744.745665) can0 38E#772B004011000000
(1786378744.755190) can0 38E#F92C004011000000
(1786378744.765183) can0 38F#0A26E25302000000
(1786378744.765462) can0 38E#A42D004011000000
(1786378744.775102) can0 38E#432E004011000000
(1786378744.785274) can0 38F#5727E25302000000
(1786378744.785595) can0 38E#1E2F004011000000
(1786378744.795256) can0 38E#4220004011000000
(1786378744.805227) can0 38F#0B28E25302000000
(1786378744.805680) can0 38E#1F21004011000000
(1786378744.815336) can0 38E#F822004011000000
(1786378744.825260) can0 38F#5629E25302000000
(1786378744.825601) can0 38E#A523004011000000
(1786378744.835260) can0 38E#2B24004011000000
(1786378744.845215) can0 38F#B12AE25302000000
(1786378744.845625) can0 38E#7625004011000000
(1786378744.855214) can0 38E#9126004011000000
(1786378744.865269) can0 38F#EC2BE25302000000
(1786378744.865553) can0 38E#CC27004011000000
(1786378744.875226) can0 38E#9028004011000000
(1786378744.885260) can0 38F#622CE25302000000
(1786378744.885680) can0 38E#CD29004011000000
(1786378744.895232) can0 38E#2A2A004011000000
(1786378744.905314) can0 38F#3F2DE25302000000
(1786378744.905676) can0 38E#772B004011000000
(1786378744.915334) can0 38E#F92C004011000000
(1786378744.925213) can0 38F#D82EE25302000000
(1786378744.925706) can0 38E#A42D004011000000
(1786378744.935258) can0 38E#432E004011000000
(1786378744.945272) can0 38F#852FE25302000000
(1786378744.945691) can0 38E#1E2F004011000000
(1786378744.955276) can0 38E#4220004011000000
(1786378744.965272) can0 38F#D920E25302000000
(1786378744.965617) can0 38E#1F21004011000000
(1786378744.975340) can0 38E#F822004011000000
(1786378744.985317) can0 38F#8421E25302000000
(1786378744.985791) can0 38E#A523004011000000
(1786378744.995218) can0 38E#2B24004011000000
(1786378745.005165) can0 38F#6322E25302000000
(1786378745.005453) can0 38E#7625004011000000
(1786378745.015279) can0 38E#9126004011000000
(1786378745.025140) can0 38F#3E23E25302000000
(1786378745.025422) can0 38E#CC27004011000000
(1786378745.035255) can0 38E#9028004011000000
(1786378745.045298) can0 38F#B024E25302000000
(1786378745.045741) can0 38E#CD29004011000000
(1786378745.055198) can0 38E#2A2A004011000000
(1786378745.065208) can0 38F#ED25E25302000000
(1786378745.065558) can0 38E#772B004011000000
(1786378745.075247) can0 38E#F92C004011000000
(1786378745.085209) can0 38F#0A26E25302000000
(1786378745.085557) can0 38E#A42D004011000000
(1786378745.095276) can0 38E#432E004011000000
(1786378745.105248) can0 38F#5727E25302000000
(1786378745.105619) can0 38E#1E2F004011000000
(1786378745.115229) can0 38E#4220004011000000
(1786378745.125202) can0 38F#0B28E25302000000
(1786378745.125513) can0 38E#1F21004011000000
(1786378745.135192) can0 38E#F822004011000000
(1786378745.145284) can0 38F#5629E25302000000
(1786378745.145617) can0 38E#A523004011000000
(1786378745.155171) can0 38E#2B24004011000000
(1786378745.165120) can0 38F#B12AE25302000000
(1786378745.165390) can0 38E#7625004011000000
(1786378745.175229) can0 38E#9126004011000000
(1786378745.185190) can0 38F#EC2BE25302000000
(1786378745.185486) can0 38E#CC27004011000000
(1786378745.195213) can0 38E#9028004011000000
(1786378745.205152) can0 38F#622CE25302000000
(1786378745.205502) can0 38E#CD29004011000000
(1786378745.215247) can0 38E#2A2A004011000000
(1786378745.225207) can0 38F#3F2DE25302000000
(1786378745.225529) can0 38E#772B004011000000
(1786378745.235266) can0 38E#F92C004011000000
(1786378745.245269) can0 38F#D82EE25302000000
(1786378745.245776) can0 38E#A42D004011000000
(1786378745.255222) can0 38E#432E004011000000
(1786378745.265254) can0 38F#852FE25302000000
(1786378745.265538) can0 38E#1E2F004011000000
(1786378745.275222) can0 38E#4220004011000000
(1786378745.285155) can0 38F#D920E25302000000
(1786378745.285489) can0 38E#1F21004011000000
(1786378745.295189) can0 38E#F822004011000000
(1786378745.305294) can0 38F#8421E25302000000
(1786378745.305633) can0 38E#A523004011000000
(1786378745.315201) can0 38E#2B24004011000000
(1786378745.325202) can0 38F#6322E25302000000
(1786378745.325490) can0 38E#7625004011000000
(1786378745.335387) can0 38E#9126004011000000
(1786378745.345349) can0 38F#3E23E25302000000
(1786378745.345912) can0 38E#CC27004011000000
(1786378745.355367) can0 38E#9028004011000000
(1786378745.365166) can0 38F#B024E25302000000
(1786378745.365484) can0 38E#CD29004011000000
(1786378745.375217) can0 38E#2A2A004011000000
(1786378745.385136) can0 38F#ED25E25302000000
(1786378745.385400) can0 38E#772B004011000000
(1786378745.395265) can0 38E#F92C004011000000
(1786378745.405306) can0 38F#0A26E25302000000
(1786378745.405636) can0 38E#A42D004011000000
(1786378745.415275) can0 38E#432E004011000000
(1786378745.425209) can0 38F#5727E25302000000
(1786378745.425606) can0 38E#1E2F004011000000
(1786378745.435266) can0 38E#4220004011000000
(1786378745.445327) can0 38F#0B28E25302000000
(1786378745.445799) can0 38E#1F21004011000000
(1786378745.455279) can0 38E#F822004011000000
(1786378745.465245) can0 38F#5629E25302000000
(1786378745.465571) can0 38E#A523004011000000
(1786378745.475179) can0 38E#2B24004011000000
(1786378745.485187) can0 38F#B12AE25302000000
(1786378745.485507) can0 38E#7625004011000000
(1786378745.495199) can0 38E#9126004011000000
(1786378745.505328) can0 38F#EC2BE25302000000
(1786378745.505730) can0 38E#CC27004011000000
(1786378745.515379) can0 38E#9028004011000000
(1786378745.525261) can0 38F#622CE25302000000
(1786378745.525609) can0 38E#CD29004011000000
(1786378745.535247) can0 38E#2A2A004011000000
(1786378745.545257) can0 38F#3F2DE25302000000
(1786378745.545657) can0 38E#772B004011000000
(1786378745.555284) can0 38E#F92C004011000000
(1786378745.565222) can0 38F#D82EE25302000000
(1786378745.565694) can0 38E#A42D004011000000
(1786378745.575234) can0 38E#432E004011000000
(1786378745.585265) can0 38F#852FE25302000000
(1786378745.585601) can0 38E#1E2F004011000000
(1786378745.595250) can0 38E#4220004011000000
(1786378745.605224) can0 38F#D920E25302000000
(1786378745.605582) can0 38E#1F21004011000000
(1786378745.615242) can0 38E#F822004011000000
(1786378745.625150) can0 38F#8421E25302000000
(1786378745.625463) can0 38E#A523004011000000
(1786378745.635223) can0 38E#2B24004011000000
(1786378745.645175) can0 38F#6322E25302000000
(1786378745.645596) can0 38E#7625004011000000
(1786378745.655258) can0 38E#9126004011000000
(1786378745.665237) can0 38F#3E23E25302000000
(1786378745.665566) can0 38E#CC27004011000000
(1786378745.675246) can0 38E#9028004011000000
(1786378745.685300) can0 38F#B024E25302000000
(1786378745.685683) can0 38E#CD29004011000000
(1786378745.695262) can0 38E#2A2A004011000000
(1786378745.705247) can0 38F#ED25E25302000000
(1786378745.705625) can0 38E#772B004011000000
(1786378745.715261) can0 38E#F92C004011000000
(1786378745.725209) can0 38F#0A26E25302000000
(1786378745.725573) can0 38E#A42D004011000000
(1786378745.735320) can0 38E#432E004011000000
(1786378745.745309) can0 38F#5727E25302000000
(1786378745.745712) can0 38E#1E2F004011000000
(1786378745.755250) can0 38E#4220004011000000
(1786378745.765229) can0 38F#0B28E25302000000
(1786378745.765510) can0 38E#1F21004011000000
(1786378745.775304) can0 38E#F822004011000000
(1786378745.785311) can0 38F#5629E25302000000
(1786378745.785671) can0 38E#A523004011000000
(1786378745.795213) can0 38E#2B24004011000000
(1786378745.805195) can0 38F#B12AE25302000000
(1786378745.805501) can0 38E#7625004011000000
(1786378745.815264) can0 38E#9126004011000000
(1786378745.825208) can0 38F#EC2BE25302000000
(1786378745.825496) can0 38E#CC27004011000000
(1786378745.835297) can0 38E#9028004011000000
(1786378745.845276) can0 38F#622CE25302000000
(1786378745.845620) can0 38E#CD29004011000000
(1786378745.855228) can0 38E#2A2A004011000000
(1786378745.865388) can0 38F#3F2DE25302000000
(1786378745.865800) can0 38E#772B004011000000
(1786378745.875441) can0 38E#F92C004011000000
(1786378745.885283) can0 38F#D82EE25302000000
(1786378745.885709) can0 38E#A42D004011000000
(1786378745.895274) can0 38E#432E004011000000
(1786378745.905330) can0 38F#852FE25302000000
(1786378745.905588) can0 38E#1E2F004011000000
(1786378745.915230) can0 38E#4220004011000000
(1786378745.925085) can0 38F#D920E25302000000
(1786378745.925386) can0 38E#1F21004011000000
(1786378745.935259) can0 38E#F822004011000000
(1786378745.945331) can0 38F#8421E25302000000
(1786378745.945745) can0 38E#A523004011000000
(1786378745.955281) can0 38E#2B24004011000000
(1786378745.965178) can0 38F#6322E25302000000
(1786378745.965535) can0 38E#7625004011000000
(1786378745.975221) can0 38E#9126004011000000
(1786378745.985416) can0 38F#3E23E25302000000
(1786378745.985815) can0 38E#CC27004011000000
(1786378745.995192) can0 38E#9028004011000000
(1786378746.005183) can0 38F#B024E25302000000
(1786378746.005441) can0 38E#CD29004011000000
(1786378746.015214) can0 38E#2A2A004011000000
(1786378746.025140) can0 38F#ED25E25302000000
(1786378746.025448) can0 38E#772B004011000000
(1786378746.035264) can0 38E#F92C004011000000
(1786378746.045164) can0 38F#0A26E25302000000
(1786378746.045552) can0 38E#A42D004011000000
(1786378746.055301) can0 38E#432E004011000000
(1786378746.065221) can0 38F#5727E25302000000
(1786378746.065540) can0 38E#1E2F004011000000
(1786378746.075225) can0 38E#4220004011000000
(1786378746.085264) can0 38F#0B28E25302000000
(1786378746.085685) can0 38E#1F21004011000000
(1786378746.095236) can0 38E#F822004011000000
(1786378746.105269) can0 38F#5629E25302000000
(1786378746.105623) can0 38E#A523004011000000
(1786378746.115275) can0 38E#2B24004011000000
(1786378746.125230) can0 38F#B12AE25302000000
(1786378746.125525) can0 38E#7625004011000000
(1786378746.135152) can0 38E#9126004011000000
(1786378746.145164) can0 38F#EC2BE25302000000
(1786378746.145560) can0 38E#CC27004011000000
(1786378746.155291) can0 38E#9028004011000000
(1786378746.165274) can0 38F#622CE25302000000
(1786378746.165654) can0 38E#CD29004011000000
(1786378746.175263) can0 38E#2A2A004011000000
(1786378746.185242) can0 38F#3F2DE25302000000
(1786378746.185540) can0 38E#772B004011000000
(1786378746.195245) can0 38E#F92C004011000000
(1786378746.205299) can0 38F#D82EE25302000000
(1786378746.205559) can0 38E#A42D004011000000
(1786378746.215189) can0 38E#432E004011000000
(1786378746.225133) can0 38F#852FE25302000000
(1786378746.225366) can0 38E#1E2F004011000000
(1786378746.235179) can0 38E#4220004011000000
(1786378746.245188) can0 38F#D920E25302000000
(1786378746.245538) can0 38E#1F21004011000000
(1786378746.255261) can0 38E#F822004011000000
(1786378746.265282) can0 38F#8421E25302000000
(1786378746.265570) can0 38E#A523004011000000
(1786378746.275183) can0 38E#2B24004011000000
(1786378746.285101) can0 38F#6322E25302000000
(1786378746.285396) can0 38E#7625004011000000
(1786378746.295246) can0 38E#9126004011000000
(1786378746.305273) can0 38F#3E23E25302000000
(1786378746.305577) can0 38E#CC27004011000000
(1786378746.315238) can0 38E#9028004011000000
(1786378746.325165) can0 38F#B024E25302000000
(1786378746.325452) can0 38E#CD29004011000000
(1786378746.335169) can0 38E#2A2A004011000000
(1786378746.345139) can0 38F#ED25E25302000000
(1786378746.345426) can0 38E#772B004011000000
(1786378746.355147) can0 38E#F92C004011000000
(1786378746.365245) can0 38F#0A26E25302000000
(1786378746.365482) can0 38E#A42D004011000000
(1786378746.375175) can0 38E#432E004011000000
(1786378746.385234) can0 38F#5727E25302000000
(1786378746.385501) can0 38E#1E2F004011000000
(1786378746.395145) can0 38E#4220004011000000
(1786378746.405163) can0 38F#0B28E25302000000
(1786378746.405499) can0 38E#1F21004011000000
(1786378746.415243) can0 38E#F822004011000000
(1786378746.425216) can0 38F#5629E25302000000
(1786378746.425466) can0 38E#A523004011000000
(1786378746.435242) can0 38E#2B24004011000000
(1786378746.445189) can0 38F#B12AE25302000000
(1786378746.445613) can0 38E#7625004011000000
(1786378746.455255) can0 38E#9126004011000000
(1786378746.465238) can0 38F#EC2BE25302000000
(1786378746.465550) can0 38E#CC27004011000000
(1786378746.475197) can0 38E#9028004011000000
(1786378746.485211) can0 38F#622CE25302000000
(1786378746.485492) can0 38E#CD29004011000000
(1786378746.495157) can0 38E#2A2A004011000000
(1786378746.505200) can0 38F#3F2DE25302000000
(1786378746.505461) can0 38E#772B004011000000
(1786378746.515182) can0 38E#F92C004011000000
(1786378746.525203) can0 38F#D82EE25302000000
(1786378746.525552) can0 38E#A42D004011000000
(1786378746.535250) can0 38E#432E004011000000
(1786378746.545284) can0 38F#852FE25302000000
(1786378746.545736) can0 38E#1E2F004011000000
(1786378746.555284) can0 38E#4220004011000000
(1786378746.565170) can0 38F#D920E25302000000
(1786378746.565499) can0 38E#1F21004011000000
(1786378746.575155) can0 38E#F822004011000000
(1786378746.585239) can0 38F#8421E25302000000
(1786378746.585557) can0 38E#A523004011000000
(1786378746.595308) can0 38E#2B24004011000000
(1786378746.605190) can0 38F#6322E25302000000
(1786378746.605551) can0 38E#7625004011000000
(1786378746.615240) can0 38E#9126004011000000
(1786378746.625262) can0 38F#3E23E25302000000
(1786378746.625587) can0 38E#CC27004011000000
(1786378746.635320) can0 38E#9028004011000000
(1786378746.645302) can0 38F#B024E25302000000
(1786378746.645651) can0 38E#CD29004011000000
(1786378746.655240) can0 38E#2A2A004011000000
(1786378746.665306) can0 38F#ED25E25302000000
(1786378746.665719) can0 38E#772B004011000000
(1786378746.675198) can0 38E#F92C004011000000
(1786378746.685194) can0 38F#0A26E25302000000
(1786378746.685537) can0 38E#A42D004011000000
(1786378746.695251) can0 38E#432E004011000000
(1786378746.705314) can0 38F#5727E25302000000
(1786378746.705634) can0 38E#1E2F004011000000
(1786378746.715254) can0 38E#4220004011000000
(1786378746.725154) can0 38F#0B28E25302000000
(1786378746.725453) can0 38E#1F21004011000000
(1786378746.735223) can0 38E#F822004011000000
(1786378746.745188) can0 38F#5629E25302000000
(1786378746.745453) can0 38E#A523004011000000
(1786378746.755190) can0 38E#2B24004011000000
(1786378746.765168) can0 38F#B12AE25302000000
(1786378746.765476) can0 38E#7625004011000000
(1786378746.775150) can0 38E#9126004011000000
(1786378746.785205) can0 38F#EC2BE25302000000
(1786378746.785494) can0 38E#CC27004011000000
(1786378746.795269) can0 38E#9028004011000000
(1786378746.805174) can0 38F#622CE25302000000
(1786378746.805489) can0 38E#CD29004011000000
(1786378746.815263) can0 38E#2A2A004011000000
(1786378746.825132) can0 38F#3F2DE25302000000
(1786378746.825362) can0 38E#772B004011000000
(1786378746.835181) can0 38E#F92C004011000000
(1786378746.845253) can0 38F#D82EE25302000000
(1786378746.845511) can0 38E#A42D004011000000
(1786378746.855263) can0 38E#432E004011000000
(1786378746.865211) can0 38F#852FE25302000000
(1786378746.865524) can0 38E#1E2F004011000000
(1786378746.875211) can0 38E#4220004011000000
(1786378746.885189) can0 38F#D920E25302000000
(1786378746.885506) can0 38E#1F21004011000000
(1786378746.895256) can0 38E#F822004011000000
(1786378746.905169) can0 38F#8421E25302000000
(1786378746.905441) can0 38E#A523004011000000
(1786378746.915200) can0 38E#2B24004011000000
(1786378746.925124) can0 38F#6322E25302000000
(1786378746.925400) can0 38E#7625004011000000
(1786378746.935208) can0 38E#9126004011000000
(1786378746.945263) can0 38F#3E23E25302000000
(1786378746.945634) can0 38E#CC27004011000000
(1786378746.955175) can0 38E#9028004011000000
(1786378746.965222) can0 38F#B024E25302000000
(1786378746.965497) can0 38E#CD29004011000000
(1786378746.975190) can0 38E#2A2A004011000000
(1786378746.985216) can0 38F#ED25E25302000000
(1786378746.985628) can0 38E#772B004011000000
(1786378746.995214) can0 38E#F92C004011000000
(1786378747.005155) can0 38F#0A26E25302000000
(1786378747.005567) can0 38E#A42D004011000000
(1786378747.015328) can0 38E#432E004011000000
(1786378747.025282) can0 38F#5727E25302000000
(1786378747.025673) can0 38E#1E2F004011000000
(1786378747.035270) can0 38E#4220004011000000
(1786378747.045199) can0 38F#0B28E25302000000
(1786378747.045593) can0 38E#1F21004011000000
(1786378747.055289) can0 38E#F822004011000000
(1786378747.065318) can0 38F#5629E25302000000
(1786378747.065697) can0 38E#A523004011000000
(1786378747.075212) can0 38E#2B24004011000000
(1786378747.085258) can0 38F#B12AE25302000000
(1786378747.085608) can0 38E#7625004011000000
(1786378747.095271) can0 38E#9126004011000000
(1786378747.105215) can0 38F#EC2BE25302000000
(1786378747.105497) can0 38E#CC27004011000000
(1786378747.115289) can0 38E#9028004011000000
(1786378747.125226) can0 38F#622CE25302000000
(1786378747.125592) can0 38E#CD29004011000000
(1786378747.135264) can0 38E#2A2A004011000000
(1786378747.145253) can0 38F#3F2DE25302000000
(1786378747.145708) can0 38E#772B004011000000
(1786378747.155207) can0 38E#F92C004011000000
(1786378747.165189) can0 38F#D82EE25302000000
(1786378747.165550) can0 38E#A42D004011000000
(1786378747.175223) can0 38E#432E004011000000
(1786378747.185306) can0 38F#852FE25302000000
(1786378747.185753) can0 38E#1E2F004011000000
(1786378747.195255) can0 38E#4220004011000000
(1786378747.205189) can0 38F#D920E25302000000
(1786378747.205499) can0 38E#1F21004011000000
(1786378747.215241) can0 38E#F822004011000000
(1786378747.225263) can0 38F#8421E25302000000
(1786378747.225586) can0 38E#A523004011000000
(1786378747.235350) can0 38E#2B24004011000000
(1786378747.245279) can0 38F#6322E25302000000
(1786378747.245681) can0 38E#7625004011000000
(1786378747.255263) can0 38E#9126004011000000
(1786378747.265235) can0 38F#3E23E25302000000
(1786378747.265542) can0 38E#CC27004011000000
(1786378747.275290) can0 38E#9028004011000000
(1786378747.285194) can0 38F#B024E25302000000
(1786378747.285457) can0 38E#CD29004011000000
(1786378747.295182) can0 38E#2A2A004011000000
(1786378747.305258) can0 38F#ED25E25302000000
(1786378747.305570) can0 38E#772B004011000000
(1786378747.315310) can0 38E#F92C004011000000
(1786378747.325177) can0 38F#0A26E25302000000
(1786378747.325617) can0 38E#A42D004011000000
(1786378747.335227) can0 38E#432E004011000000
(1786378747.345290) can0 38F#5727E25302000000
(1786378747.345667) can0 38E#1E2F004011000000
(1786378747.355269) can0 38E#4220004011000000
(1786378747.365231) can0 38F#0B28E25302000000
(1786378747.365557) can0 38E#1F21004011000000
(1786378747.375266) can0 38E#F822004011000000
(1786378747.385287) can0 38F#5629E25302000000
(1786378747.385694) can0 38E#A523004011000000
(1786378747.395271) can0 38E#2B24004011000000
(1786378747.405216) can0 38F#B12AE25302000000
(1786378747.405536) can0 38E#7625004011000000
(1786378747.415303) can0 38E#9126004011000000
(1786378747.425149) can0 38F#EC2BE25302000000
(1786378747.425463) can0 38E#CC27004011000000
(1786378747.435260) can0 38E#9028004011000000
(1786378747.445453) can0 38F#622CE25302000000
(1786378747.445824) can0 38E#CD29004011000000
(1786378747.455298) can0 38E#2A2A004011000000
(1786378747.465267) can0 38F#3F2DE25302000000
(1786378747.465637) can0 38E#772B004011000000
(1786378747.475215) can0 38E#F92C004011000000
(1786378747.485283) can0 38F#D82EE25302000000
(1786378747.485805) can0 38E#A42D004011000000
(1786378747.495270) can0 38E#432E004011000000
(1786378747.505352) can0 38F#852FE25302000000
(1786378747.505882) can0 38E#1E2F004011000000
(1786378747.515254) can0 38E#4220004011000000
(1786378747.525227) can0 38F#D920E25302000000
(1786378747.525642) can0 38E#1F21004011000000
(1786378747.535303) can0 38E#F822004011000000
(1786378747.545238) can0 38F#8421E25302000000
(1786378747.545629) can0 38E#A523004011000000
(1786378747.555279) can0 38E#2B24004011000000
(1786378747.565219) can0 38F#6322E25302000000
(1786378747.565619) can0 38E#7625004011000000
(1786378747.575220) can0 38E#9126004011000000
(1786378747.585290) can0 38F#3E23E25302000000
(1786378747.585722) can0 38E#CC27004011000000
(1786378747.595238) can0 38E#9028004011000000
(1786378747.605240) can0 38F#B024E25302000000
(1786378747.605585) can0 38E#CD29004011000000
(1786378747.615293) can0 38E#2A2A004011000000
(1786378747.625248) can0 38F#ED25E25302000000
(1786378747.625639) can0 38E#772B004011000000
(1786378747.635269) can0 38E#F92C004011000000
(1786378747.645169) can0 38F#0A26E25302000000
(1786378747.645582) can0 38E#A42D004011000000
(1786378747.655283) can0 38E#432E004011000000
(1786378747.665274) can0 38F#5727E25302000000
(1786378747.665694) can0 38E#1E2F004011000000
(1786378747.675306) can0 38E#4220004011000000
(1786378747.685256) can0 38F#0B28E25302000000
(1786378747.685713) can0 38E#1F21004011000000
(1786378747.695244) can0 38E#F822004011000000
(1786378747.705338) can0 38F#5629E25302000000
(1786378747.705702) can0 38E#A523004011000000
(1786378747.715321) can0 38E#2B24004011000000
(1786378747.725350) can0 38F#B12AE25302000000
(1786378747.725813) can0 38E#7625004011000000
(1786378747.735315) can0 38E#9126004011000000
(1786378747.745305) can0 38F#EC2BE25302000000
(1786378747.745744) can0 38E#CC27004011000000
(1786378747.755287) can0 38E#9028004011000000
(1786378747.765205) can0 38F#622CE25302000000
(1786378747.765715) can0 38E#CD29004011000000
(1786378747.775283) can0 38E#2A2A004011000000
(1786378747.785248) can0 38F#3F2DE25302000000
(1786378747.785640) can0 38E#772B004011000000
(1786378747.795245) can0 38E#F92C004011000000
(1786378747.805219) can0 38F#D82EE25302000000
(1786378747.805515) can0 38E#A42D004011000000
(1786378747.815310) can0 38E#432E004011000000
(1786378747.825309) can0 38F#852FE25302000000
(1786378747.825736) can0 38E#1E2F004011000000
(1786378747.835307) can0 38E#4220004011000000
(1786378747.845333) can0 38F#D920E25302000000
(1786378747.845709) can0 38E#1F21004011000000
(1786378747.855233) can0 38E#F822004011000000
(1786378747.865190) can0 38F#8421E25302000000
(1786378747.865495) can0 38E#A523004011000000
(1786378747.875198) can0 38E#2B24004011000000
(1786378747.885261) can0 38F#6322E25302000000
(1786378747.885731) can0 38E#7625004011000000
(1786378747.895284) can0 38E#9126004011000000
(1786378747.905266) can0 38F#3E23E25302000000
(1786378747.905633) can0 38E#CC27004011000000
(1786378747.915292) can0 38E#9028004011000000
(1786378747.925366) can0 38F#B024E25302000000
(1786378747.925814) can0 38E#CD29004011000000
(1786378747.935308) can0 38E#2A2A004011000000
(1786378747.945278) can0 38F#ED25E25302000000
(1786378747.945598) can0 38E#772B004011000000
(1786378747.955229) can0 38E#F92C004011000000
(1786378747.965165) can0 38F#0A26E25302000000
(1786378747.965523) can0 38E#A42D004011000000
(1786378747.975227) can0 38E#432E004011000000
(1786378747.985307) can0 38F#5727E25302000000
(1786378747.985758) can0 38E#1E2F004011000000
(1786378747.995273) can0 38E#4220004011000000
(1786378748.005207) can0 38F#0B28E25302000000
(1786378748.005563) can0 38E#1F21004011000000
(1786378748.015238) can0 38E#F822004011000000
(1786378748.025439) can0 38F#5629E25302000000
(1786378748.025952) can0 38E#A523004011000000
(1786378748.035280) can0 38E#2B24004011000000
(1786378748.045244) can0 38F#B12AE25302000000
(1786378748.045744) can0 38E#7625004011000000
(1786378748.055246) can0 38E#9126004011000000
(1786378748.064835) can0 38F#EC2BE25302000000
(1786378748.065110) can0 38E#CC27004011000000
(1786378748.075127) can0 38E#9028004011000000
(1786378748.085229) can0 38F#622CE25302000000
(1786378748.085493) can0 38E#CD29004011000000
(1786378748.095337) can0 38E#2A2A004011000000
(1786378748.105236) can0 38F#3F2DE25302000000
(1786378748.105479) can0 38E#772B004011000000
(1786378748.115161) can0 38E#F92C004011000000
(1786378748.125158) can0 38F#D82EE25302000000
(1786378748.125403) can0 38E#A42D004011000000
(1786378748.135297) can0 38E#432E004011000000
(1786378748.145229) can0 38F#852FE25302000000
(1786378748.145581) can0 38E#1E2F004011000000
(1786378748.155178) can0 38E#4220004011000000
(1786378748.165181) can0 38F#D920E25302000000
(1786378748.165500) can0 38E#1F21004011000000
(1786378748.175216) can0 38E#F822004011000000
(1786378748.185247) can0 38F#8421E25302000000
(1786378748.185548) can0 38E#A523004011000000
(1786378748.195261) can0 38E#2B24004011000000
(1786378748.205283) can0 38F#6322E25302000000
(1786378748.205716) can0 38E#7625004011000000
(1786378748.215334) can0 38E#9126004011000000
(1786378748.225373) can0 38F#3E23E25302000000
(1786378748.225748) can0 38E#CC27004011000000
(1786378748.235287) can0 38E#9028004011000000
(1786378748.245201) can0 38F#B024E25302000000
(1786378748.245629) can0 38E#CD29004011000000
(1786378748.255272) can0 38E#2A2A004011000000
(1786378748.265230) can0 38F#ED25E25302000000
(1786378748.265560) can0 38E#772B004011000000
(1786378748.275267) can0 38E#F92C004011000000
(1786378748.285142) can0 38F#0A26E25302000000
(1786378748.285425) can0 38E#A42D004011000000
(1786378748.295135) can0 38E#432E004011000000
(1786378748.305188) can0 38F#5727E25302000000
(1786378748.305446) can0 38E#1E2F004011000000
(1786378748.315260) can0 38E#4220004011000000
(1786378748.325185) can0 38F#0B28E25302000000
(1786378748.325574) can0 38E#1F21004011000000
(1786378748.335213) can0 38E#F822004011000000
(1786378748.345266) can0 38F#5629E25302000000
(1786378748.345584) can0 38E#A523004011000000
(1786378748.355303) can0 38E#2B24004011000000
(1786378748.365194) can0 38F#B12AE25302000000
(1786378748.365538) can0 38E#7625004011000000
(1786378748.375140) can0 38E#9126004011000000
(1786378748.385267) can0 38F#EC2BE25302000000
(1786378748.385680) can0 38E#CC27004011000000
(1786378748.395281) can0 38E#9028004011000000
(1786378748.405281) can0 38F#622CE25302000000
(1786378748.405717) can0 38E#CD29004011000000
(1786378748.415298) can0 38E#2A2A004011000000
(1786378748.425230) can0 38F#3F2DE25302000000
(1786378748.425658) can0 38E#772B004011000000
(1786378748.435297) can0 38E#F92C004011000000
(1786378748.445273) can0 38F#D82EE25302000000
(1786378748.445590) can0 38E#A42D004011000000
(1786378748.455289) can0 38E#432E004011000000
(1786378748.465260) can0 38F#852FE25302000000
(1786378748.465637) can0 38E#1E2F004011000000
(1786378748.475243) can0 38E#4220004011000000
(1786378748.485232) can0 38F#D920E25302000000
(1786378748.485567) can0 38E#1F21004011000000
(1786378748.495194) can0 38E#F822004011000000
(1786378748.505216) can0 38F#8421E25302000000
(1786378748.505574) can0 38E#A523004011000000
(1786378748.515339) can0 38E#2B24004011000000
(1786378748.525222) can0 38F#6322E25302000000
(1786378748.525587) can0 38E#7625004011000000
(1786378748.535320) can0 38E#9126004011000000
(1786378748.545255) can0 38F#3E23E25302000000
(1786378748.545674) can0 38E#CC27004011000000
(1786378748.555268) can0 38E#9028004011000000
(1786378748.565451) can0 38F#B024E25302000000
(1786378748.565925) can0 38E#CD29004011000000
(1786378748.575245) can0 38E#2A2A004011000000
(1786378748.585267) can0 38F#ED25E25302000000
(1786378748.585645) can0 38E#772B004011000000
(1786378748.595216) can0 38E#F92C004011000000
(1786378748.605181) can0 38F#0A26E25302000000
(1786378748.605538) can0 38E#A42D004011000000
(1786378748.615359) can0 38E#432E004011000000
(1786378748.625403) can0 38F#5727E25302000000
(1786378748.625863) can0 38E#1E2F004011000000
(1786378748.635354) can0 38E#4220004011000000
(1786378748.644884) can0 38F#0B28E25302000000
(1786378748.645252) can0 38E#1F21004011000000
(1786378748.655247) can0 38E#F822004011000000
(1786378748.665240) can0 38F#5629E25302000000
(1786378748.665579) can0 38E#A523004011000000
(1786378748.675230) can0 38E#2B24004011000000
(1786378748.685183) can0 38F#B12AE25302000000
(1786378748.685554) can0 38E#7625004011000000
(1786378748.695380) can0 38E#9126004011000000
(1786378748.705318) can0 38F#EC2BE25302000000
(1786378748.705677) can0 38E#CC27004011000000
(1786378748.715193) can0 38E#9028004011000000
(1786378748.725165) can0 38F#622CE25302000000
(1786378748.725511) can0 38E#CD29004011000000
(1786378748.735294) can0 38E#2A2A004011000000
(1786378748.745334) can0 38F#3F2DE25302000000
(1786378748.745704) can0 38E#772B004011000000
(1786378748.755272) can0 38E#F92C004011000000
(1786378748.765314) can0 38F#D82EE25302000000
(1786378748.765808) can0 38E#A42D004011000000
(1786378748.775230) can0 38E#432E004011000000
(1786378748.785313) can0 38F#852FE25302000000
(1786378748.785680) can0 38E#1E2F004011000000
(1786378748.795245) can0 38E#4220004011000000
(1786378748.805181) can0 38F#D920E25302000000
(1786378748.805477) can0 38E#1F21004011000000
(1786378748.815298) can0 38E#F822004011000000
(1786378748.825253) can0 38F#8421E25302000000
(1786378748.825623) can0 38E#A523004011000000
(1786378748.835306) can0 38E#2B24004011000000
(1786378748.845259) can0 38F#6322E25302000000
(1786378748.845619) can0 38E#7625004011000000
(1786378748.855209) can0 38E#9126004011000000
(1786378748.865187) can0 38F#3E23E25302000000
(1786378748.865479) can0 38E#CC27004011000000
(1786378748.875158) can0 38E#9028004011000000
(1786378748.885255) can0 38F#B024E25302000000
(1786378748.885636) can0 38E#CD29004011000000
(1786378748.895311) can0 38E#2A2A004011000000
(1786378748.905276) can0 38F#ED25E25302000000
(1786378748.905653) can0 38E#772B004011000000
(1786378748.915439) can0 38E#F92C004011000000
(1786378748.925004) can0 38F#0A26E25302000000
(1786378748.925368) can0 38E#A42D004011000000
(1786378748.935279) can0 38E#432E004011000000
(1786378748.945377) can0 38F#5727E25302000000
(1786378748.945812) can0 38E#1E2F004011000000
(1786378748.955339) can0 38E#4220004011000000
(1786378748.965249) can0 38F#0B28E25302000000
(1786378748.965536) can0 38E#1F21004011000000
(1786378748.975249) can0 38E#F822004011000000
(1786378748.985261) can0 38F#5629E25302000000
(1786378748.985595) can0 38E#A523004011000000
(1786378748.995395) can0 38E#2B24004011000000
(1786378749.005213) can0 38F#B12AE25302000000
(1786378749.005626) can0 38E#7625004011000000
(1786378749.015341) can0 38E#9126004011000000
(1786378749.025229) can0 38F#EC2BE25302000000
(1786378749.025571) can0 38E#CC27004011000000
(1786378749.035313) can0 38E#9028004011000000
(1786378749.045209) can0 38F#622CE25302000000
(1786378749.045607) can0 38E#CD29004011000000
(1786378749.055280) can0 38E#2A2A004011000000
(1786378749.065234) can0 38F#3F2DE25302000000
(1786378749.065520) can0 38E#772B004011000000
(1786378749.075117) can0 38E#F92C004011000000
(1786378749.085196) can0 38F#D82EE25302000000
(1786378749.085446) can0 38E#A42D004011000000
(1786378749.095261) can0 38E#432E004011000000
(1786378749.105241) can0 38F#852FE25302000000
(1786378749.105567) can0 38E#1E2F004011000000
(1786378749.115265) can0 38E#4220004011000000
(1786378749.125349) can0 38F#D920E25302000000
(1786378749.125850) can0 38E#1F21004011000000
(1786378749.135308) can0 38E#F822004011000000
(1786378749.145163) can0 38F#8421E25302000000
(1786378749.145727) can0 38E#A523004011000000
(1786378749.155189) can0 38E#2B24004011000000
(1786378749.165192) can0 38F#6322E25302000000
(1786378749.165583) can0 38E#7625004011000000
(1786378749.175295) can0 38E#9126004011000000
(1786378749.185334) can0 38F#3E23E25302000000
(1786378749.185837) can0 38E#CC27004011000000
(1786378749.195327) can0 38E#9028004011000000
(1786378749.205229) can0 38F#B024E25302000000
(1786378749.205569) can0 38E#CD29004011000000
(1786378749.215337) can0 38E#2A2A004011000000
(1786378749.225418) can0 38F#ED25E25302000000
(1786378749.225833) can0 38E#772B004011000000
(1786378749.235229) can0 38E#F92C004011000000
(1786378749.245328) can0 38F#0A26E25302000000
(1786378749.245754) can0 38E#A42D004011000000
(1786378749.255232) can0 38E#432E004011000000
(1786378749.265245) can0 38F#5727E25302000000
(1786378749.265506) can0 38E#1E2F004011000000
(1786378749.275171) can0 38E#4220004011000000
(1786378749.285203) can0 38F#0B28E25302000000
(1786378749.285481) can0 38E#1F21004011000000
(1786378749.295204) can0 38E#F822004011000000
(1786378749.305261) can0 38F#5629E25302000000
(1786378749.305546) can0 38E#A523004011000000
(1786378749.315269) can0 38E#2B24004011000000
(1786378749.325159) can0 38F#B12AE25302000000
(1786378749.325540) can0 38E#7625004011000000
(1786378749.335358) can0 38E#9126004011000000
(1786378749.345305) can0 38F#EC2BE25302000000
(1786378749.345751) can0 38E#CC27004011000000
(1786378749.355215) can0 38E#9028004011000000
(1786378749.365182) can0 38F#622CE25302000000
(1786378749.365503) can0 38E#CD29004011000000
(1786378749.375286) can0 38E#2A2A004011000000
(1786378749.385298) can0 38F#3F2DE25302000000
(1786378749.385690) can0 38E#772B004011000000
(1786378749.395404) can0 38E#F92C004011000000
(1786378749.405146) can0 38F#D82EE25302000000
(1786378749.405453) can0 38E#A42D004011000000
(1786378749.415442) can0 38E#432E004011000000
(1786378749.425481) can0 38F#852FE25302000000
(1786378749.425938) can0 38E#1E2F004011000000
(1786378749.435269) can0 38E#4220004011000000
(1786378749.445265) can0 38F#D920E25302000000
(1786378749.445552) can0 38E#1F21004011000000
(1786378749.455273) can0 38E#F822004011000000
(1786378749.465238) can0 38F#8421E25302000000
(1786378749.465551) can0 38E#A523004011000000
(1786378749.475243) can0 38E#2B24004011000000
(1786378749.485258) can0 38F#6322E25302000000
(1786378749.485597) can0 38E#7625004011000000
(1786378749.495198) can0 38E#9126004011000000
(1786378749.505211) can0 38F#3E23E25302000000
(1786378749.505511) can0 38E#CC27004011000000
(1786378749.515293) can0 38E#9028004011000000
(1786378749.525198) can0 38F#B024E25302000000
(1786378749.525587) can0 38E#CD29004011000000
(1786378749.535299) can0 38E#2A2A004011000000
(1786378749.545281) can0 38F#ED25E25302000000
(1786378749.545680) can0 38E#772B004011000000
(1786378749.555284) can0 38E#F92C004011000000
(1786378749.565245) can0 38F#0A26E25302000000
(1786378749.565595) can0 38E#A42D004011000000
(1786378749.575186) can0 38E#432E004011000000
(1786378749.585270) can0 38F#5727E25302000000
(1786378749.585619) can0 38E#1E2F004011000000
(1786378749.595243) can0 38E#4220004011000000
(1786378749.605274) can0 38F#0B28E25302000000
(1786378749.605611) can0 38E#1F21004011000000
(1786378749.615276) can0 38E#F822004011000000
(1786378749.625291) can0 38F#5629E25302000000
(1786378749.625679) can0 38E#A523004011000000
(1786378749.635333) can0 38E#2B24004011000000
(1786378749.645224) can0 38F#B12AE25302000000
(1786378749.645571) can0 38E#7625004011000000
(1786378749.655331) can0 38E#9126004011000000
(1786378749.665289) can0 38F#EC2BE25302000000
(1786378749.665686) can0 38E#CC27004011000000
(1786378749.675251) can0 38E#9028004011000000
(1786378749.685288) can0 38F#622CE25302000000
(1786378749.685646) can0 38E#CD29004011000000
(1786378749.695366) can0 38E#2A2A004011000000
(1786378749.705262) can0 38F#3F2DE25302000000
(1786378749.705580) can0 38E#772B004011000000
(1786378749.715353) can0 38E#F92C004011000000
(1786378749.725339) can0 38F#D82EE25302000000
(1786378749.725860) can0 38E#A42D004011000000
(1786378749.735314) can0 38E#432E004011000000
(1786378749.745332) can0 38F#852FE25302000000
(1786378749.745695) can0 38E#1E2F004011000000
(1786378749.755252) can0 38E#4220004011000000
(1786378749.765301) can0 38F#D920E25302000000
(1786378749.765569) can0 38E#1F21004011000000
(1786378749.775220) can0 38E#F822004011000000
(1786378749.785040) can0 38F#8421E25302000000
(1786378749.785407) can0 38E#A523004011000000
(1786378749.795278) can0 38E#2B24004011000000
(1786378749.805302) can0 38F#6322E25302000000
(1786378749.805780) can0 38E#7625004011000000
(1786378749.815260) can0 38E#9126004011000000
(1786378749.825282) can0 38F#3E23E25302000000
(1786378749.825670) can0 38E#CC27004011000000
(1786378749.835233) can0 38E#9028004011000000
(1786378749.845239) can0 38F#B024E25302000000
(1786378749.845608) can0 38E#CD29004011000000
(1786378749.855326) can0 38E#2A2A004011000000
(1786378749.865257) can0 38F#ED25E25302000000
(1786378749.865648) can0 38E#772B004011000000
(1786378749.875217) can0 38E#F92C004011000000
(1786378749.885210) can0 38F#0A26E25302000000
(1786378749.885523) can0 38E#A42D004011000000
(1786378749.895245) can0 38E#432E004011000000
(1786378749.905324) can0 38F#5727E25302000000
(1786378749.905729) can0 38E#1E2F004011000000
(1786378749.915256) can0 38E#4220004011000000
(1786378749.925172) can0 38F#0B28E25302000000
(1786378749.925464) can0 38E#1F21004011000000
(1786378749.935286) can0 38E#F822004011000000
(1786378749.945255) can0 38F#5629E25302000000
(1786378749.945606) can0 38E#A523004011000000
(1786378749.955312) can0 38E#2B24004011000000
(1786378749.965212) can0 38F#B12AE25302000000
(1786378749.965591) can0 38E#7625004011000000
(1786378749.975341) can0 38E#9126004011000000
(1786378749.985301) can0 38F#EC2BE25302000000
(1786378749.985694) can0 38E#CC27004011000000
(1786378749.995418) can0 38E#9028004011000000
(1786378750.005254) can0 38F#622CE25302000000
(1786378750.005639) can0 38E#CD29004011000000
(1786378750.015249) can0 38E#2A2A004011000000
(1786378750.025420) can0 38F#3F2DE25302000000
(1786378750.025865) can0 38E#772B004011000000
(1786378750.035355) can0 38E#F92C004011000000
(1786378750.045193) can0 38F#D82EE25302000000
(1786378750.045565) can0 38E#A42D004011000000
(1786378750.055337) can0 38E#432E004011000000
(1786378750.065270) can0 38F#852FE25302000000
(1786378750.065634) can0 38E#1E2F004011000000
(1786378750.075238) can0 38E#4220004011000000
(1786378750.085361) can0 38F#D920E25302000000
(1786378750.085699) can0 38E#1F21004011000000
(1786378750.095285) can0 38E#F822004011000000
(1786378750.105261) can0 38F#8421E25302000000
(1786378750.105636) can0 38E#A523004011000000
(1786378750.115267) can0 38E#2B24004011000000
(1786378750.125248) can0 38F#6322E25302000000
(1786378750.125568) can0 38E#7625004011000000
(1786378750.135309) can0 38E#9126004011000000
(1786378750.145252) can0 38F#3E23E25302000000
(1786378750.145647) can0 38E#CC27004011000000
(1786378750.155247) can0 38E#9028004011000000
(1786378750.165281) can0 38F#B024E25302000000
(1786378750.165632) can0 38E#CD29004011000000
(1786378750.175247) can0 38E#2A2A004011000000
(1786378750.185299) can0 38F#ED25E25302000000
(1786378750.185799) can0 38E#772B004011000000
(1786378750.195279) can0 38E#F92C004011000000
(1786378750.205278) can0 38F#0A26E25302000000
(1786378750.205663) can0 38E#A42D004011000000
(1786378750.214940) can0 38E#432E004011000000
(1786378750.225152) can0 38F#5727E25302000000
(1786378750.225489) can0 38E#1E2F004011000000
(1786378750.235396) can0 38E#4220004011000000
(1786378750.245229) can0 38F#0B28E25302000000
(1786378750.245701) can0 38E#1F21004011000000
(1786378750.255355) can0 38E#F822004011000000
(1786378750.265261) can0 38F#5629E25302000000
(1786378750.265660) can0 38E#A523004011000000
(1786378750.275218) can0 38E#2B24004011000000
(1786378750.285261) can0 38F#B12AE25302000000
(1786378750.285593) can0 38E#7625004011000000
(1786378750.295279) can0 38E#9126004011000000
(1786378750.305282) can0 38F#EC2BE25302000000
(1786378750.305616) can0 38E#CC27004011000000
(1786378750.315295) can0 38E#9028004011000000
(1786378750.325213) can0 38F#622CE25302000000
(1786378750.325498) can0 38E#CD29004011000000
(1786378750.335338) can0 38E#2A2A004011000000
(1786378750.345270) can0 38F#3F2DE25302000000
(1786378750.345747) can0 38E#772B004011000000
(1786378750.355294) can0 38E#F92C004011000000
(1786378750.365162) can0 38F#D82EE25302000000
(1786378750.365477) can0 38E#A42D004011000000
(1786378750.375226) can0 38E#432E004011000000
(1786378750.385245) can0 38F#852FE25302000000
(1786378750.385593) can0 38E#1E2F004011000000
(1786378750.395191) can0 38E#4220004011000000
(1786378750.405243) can0 38F#D920E25302000000
(1786378750.405589) can0 38E#1F21004011000000
(1786378750.415287) can0 38E#F822004011000000
(1786378750.425405) can0 38F#8421E25302000000
(1786378750.425745) can0 38E#A523004011000000
(1786378750.435207) can0 38E#2B24004011000000
(1786378750.445185) can0 38F#6322E25302000000
(1786378750.445651) can0 38E#7625004011000000
(1786378750.455331) can0 38E#9126004011000000
(1786378750.465360) can0 38F#3E23E25302000000
(1786378750.465729) can0 38E#CC27004011000000
(1786378750.475267) can0 38E#9028004011000000
(1786378750.485237) can0 38F#B024E25302000000
(1786378750.485634) can0 38E#CD29004011000000
(1786378750.495250) can0 38E#2A2A004011000000
(1786378750.505352) can0 38F#ED25E25302000000
(1786378750.505710) can0 38E#772B004011000000
(1786378750.515320) can0 38E#F92C004011000000
(1786378750.525371) can0 38F#0A26E25302000000
(1786378750.525839) can0 38E#A42D004011000000
(1786378750.535284) can0 38E#432E004011000000
(1786378750.545279) can0 38F#5727E25302000000
(1786378750.545666) can0 38E#1E2F004011000000
(1786378750.555309) can0 38E#4220004011000000
(1786378750.565299) can0 38F#0B28E25302000000
(1786378750.565688) can0 38E#1F21004011000000
(1786378750.575164) can0 38E#F822004011000000
(1786378750.585294) can0 38F#5629E25302000000
(1786378750.585648) can0 38E#A523004011000000
(1786378750.595316) can0 38E#2B24004011000000
(1786378750.605316) can0 38F#B12AE25302000000
(1786378750.605621) can0 38E#7625004011000000
(1786378750.615277) can0 38E#9126004011000000
(1786378750.625326) can0 38F#EC2BE25302000000
(1786378750.625724) can0 38E#CC27004011000000
(1786378750.635267) can0 38E#9028004011000000
(1786378750.644917) can0 38F#622CE25302000000
(1786378750.645287) can0 38E#CD29004011000000
(1786378750.655289) can0 38E#2A2A004011000000
(1786378750.665305) can0 38F#3F2DE25302000000
(1786378750.665585) can0 38E#772B004011000000
(1786378750.675223) can0 38E#F92C004011000000
(1786378750.685259) can0 38F#D82EE25302000000
(1786378750.685588) can0 38E#A42D004011000000
(1786378750.695304) can0 38E#432E004011000000
(1786378750.705320) can0 38F#852FE25302000000
(1786378750.705635) can0 38E#1E2F004011000000
(1786378750.715322) can0 38E#4220004011000000
(1786378750.725194) can0 38F#D920E25302000000
(1786378750.725542) can0 38E#1F21004011000000
(1786378750.735297) can0 38E#F822004011000000
(1786378750.745313) can0 38F#8421E25302000000
(1786378750.745705) can0 38E#A523004011000000
(1786378750.755296) can0 38E#2B24004011000000
(1786378750.765258) can0 38F#6322E25302000000
(1786378750.765641) can0 38E#7625004011000000
(1786378750.775235) can0 38E#9126004011000000
(1786378750.785337) can0 38F#3E23E25302000000
(1786378750.785697) can0 38E#CC27004011000000
(1786378750.795196) can0 38E#9028004011000000
(1786378750.805262) can0 38F#B024E25302000000
(1786378750.805623) can0 38E#CD29004011000000
(1786378750.815307) can0 38E#2A2A004011000000
(1786378750.825194) can0 38F#ED25E25302000000
(1786378750.825501) can0 38E#772B004011000000
(1786378750.835252) can0 38E#F92C004011000000
(1786378750.845261) can0 38F#0A26E25302000000
(1786378750.845706) can0 38E#A42D004011000000
(1786378750.855302) can0 38E#432E004011000000
(1786378750.865221) can0 38F#5727E25302000000
(1786378750.865557) can0 38E#1E2F004011000000
(1786378750.875455) can0 38E#4220004011000000
(1786378750.885214) can0 38F#0B28E25302000000
(1786378750.885560) can0 38E#1F21004011000000
(1786378750.895232) can0 38E#F822004011000000
(1786378750.905232) can0 38F#5629E25302000000
(1786378750.905537) can0 38E#A523004011000000
(1786378750.915257) can0 38E#2B24004011000000
(1786378750.925254) can0 38F#B12AE25302000000
(1786378750.925598) can0 38E#7625004011000000
(1786378750.935365) can0 38E#9126004011000000
(1786378750.945313) can0 38F#EC2BE25302000000
(1786378750.945725) can0 38E#CC27004011000000
(1786378750.955280) can0 38E#9028004011000000
(1786378750.965183) can0 38F#622CE25302000000
(1786378750.965593) can0 38E#CD29004011000000
(1786378750.975204) can0 38E#2A2A004011000000
(1786378750.985469) can0 38F#3F2DE25302000000
(1786378750.985901) can0 38E#772B004011000000
(1786378750.995377) can0 38E#F92C004011000000
(1786378751.005312) can0 38F#D82EE25302000000
(1786378751.005642) can0 38E#A42D004011000000
(1786378751.015285) can0 38E#432E004011000000
(1786378751.025217) can0 38F#852FE25302000000
(1786378751.025500) can0 38E#1E2F004011000000
(1786378751.035320) can0 38E#4220004011000000
(1786378751.045242) can0 38F#D920E25302000000
(1786378751.045555) can0 38E#1F21004011000000
(1786378751.055259) can0 38E#F822004011000000
(1786378751.065275) can0 38F#8421E25302000000
(1786378751.065600) can0 38E#A523004011000000
(1786378751.075226) can0 38E#2B24004011000000
(1786378751.084996) can0 38F#6322E25302000000
(1786378751.085315) can0 38E#7625004011000000
(1786378751.095330) can0 38E#9126004011000000
(1786378751.105263) can0 38F#3E23E25302000000
(1786378751.105529) can0 38E#CC27004011000000
(1786378751.115267) can0 38E#9028004011000000
(1786378751.125141) can0 38F#B024E25302000000
(1786378751.125421) can0 38E#CD29004011000000
(1786378751.135300) can0 38E#2A2A004011000000
(1786378751.145370) can0 38F#ED25E25302000000
(1786378751.145775) can0 38E#772B004011000000
(1786378751.155247) can0 38E#F92C004011000000
(1786378751.165154) can0 38F#0A26E25302000000
(1786378751.165462) can0 38E#A42D004011000000
(1786378751.175231) can0 38E#432E004011000000
(1786378751.185244) can0 38F#5727E25302000000
(1786378751.185584) can0 38E#1E2F004011000000
(1786378751.195277) can0 38E#4220004011000000
(1786378751.205226) can0 38F#0B28E25302000000
(1786378751.205522) can0 38E#1F21004011000000
(1786378751.215270) can0 38E#F822004011000000
(1786378751.224886) can0 38F#5629E25302000000
(1786378751.225172) can0 38E#A523004011000000
(1786378751.235251) can0 38E#2B24004011000000
(1786378751.245241) can0 38F#B12AE25302000000
(1786378751.245619) can0 38E#7625004011000000
(1786378751.255246) can0 38E#9126004011000000
(1786378751.265222) can0 38F#EC2BE25302000000
(1786378751.265647) can0 38E#CC27004011000000
(1786378751.275267) can0 38E#9028004011000000
(1786378751.285260) can0 38F#622CE25302000000
(1786378751.285684) can0 38E#CD29004011000000
(1786378751.295248) can0 38E#2A2A004011000000
(1786378751.305214) can0 38F#3F2DE25302000000
(1786378751.305531) can0 38E#772B004011000000
(1786378751.315295) can0 38E#F92C004011000000
(1786378751.325194) can0 38F#D82EE25302000000
(1786378751.325498) can0 38E#A42D004011000000
(1786378751.335253) can0 38E#432E004011000000
(1786378751.345380) can0 38F#852FE25302000000
(1786378751.345827) can0 38E#1E2F004011000000
(1786378751.355333) can0 38E#4220004011000000
(1786378751.365284) can0 38F#D920E25302000000
(1786378751.365671) can0 38E#1F21004011000000
(1786378751.375368) can0 38E#F822004011000000
(1786378751.385294) can0 38F#8421E25302000000
(1786378751.385584) can0 38E#A523004011000000
(1786378751.395242) can0 38E#2B24004011000000
(1786378751.405253) can0 38F#6322E25302000000
(1786378751.405631) can0 38E#7625004011000000
(1786378751.415312) can0 38E#9126004011000000
(1786378751.425199) can0 38F#3E23E25302000000
(1786378751.425474) can0 38E#CC27004011000000
(1786378751.435306) can0 38E#9028004011000000
(1786378751.445265) can0 38F#B024E25302000000
(1786378751.445708) can0 38E#CD29004011000000
(1786378751.455351) can0 38E#2A2A004011000000
(1786378751.465332) can0 38F#ED25E25302000000
(1786378751.465693) can0 38E#772B004011000000
(1786378751.475270) can0 38E#F92C004011000000
(1786378751.485397) can0 38F#0A26E25302000000
(1786378751.485856) can0 38E#A42D004011000000
(1786378751.495290) can0 38E#432E004011000000
(1786378751.505292) can0 38F#5727E25302000000
(1786378751.505626) can0 38E#1E2F004011000000
(1786378751.515289) can0 38E#4220004011000000
(1786378751.525180) can0 38F#0B28E25302000000
(1786378751.525445) can0 38E#1F21004011000000
(1786378751.535269) can0 38E#F822004011000000
(1786378751.545343) can0 38F#5629E25302000000
(1786378751.545710) can0 38E#A523004011000000
(1786378751.555233) can0 38E#2B24004011000000
(1786378751.565179) can0 38F#B12AE25302000000
(1786378751.565473) can0 38E#7625004011000000
(1786378751.575275) can0 38E#9126004011000000
(1786378751.585275) can0 38F#EC2BE25302000000
(1786378751.585598) can0 38E#CC27004011000000
(1786378751.595250) can0 38E#9028004011000000
(1786378751.605206) can0 38F#622CE25302000000
(1786378751.605501) can0 38E#CD29004011000000
(1786378751.615248) can0 38E#2A2A004011000000
(1786378751.625257) can0 38F#3F2DE25302000000
(1786378751.625578) can0 38E#772B004011000000
(1786378751.635207) can0 38E#F92C004011000000
(1786378751.645219) can0 38F#D82EE25302000000
(1786378751.645603) can0 38E#A42D004011000000
(1786378751.655330) can0 38E#432E004011000000
(1786378751.665394) can0 38F#852FE25302000000
(1786378751.665842) can0 38E#1E2F004011000000
(1786378751.675328) can0 38E#4220004011000000
(1786378751.685160) can0 38F#D920E25302000000
(1786378751.685504) can0 38E#1F21004011000000
(1786378751.695317) can0 38E#F822004011000000
(1786378751.705333) can0 38F#8421E25302000000
(1786378751.705643) can0 38E#A523004011000000
(1786378751.715325) can0 38E#2B24004011000000
(1786378751.725225) can0 38F#6322E25302000000
(1786378751.725613) can0 38E#7625004011000000
(1786378751.735331) can0 38E#9126004011000000
(1786378751.745275) can0 38F#3E23E25302000000
(1786378751.745756) can0 38E#CC27004011000000
(1786378751.755355) can0 38E#9028004011000000
(1786378751.765255) can0 38F#B024E25302000000
(1786378751.765602) can0 38E#CD29004011000000
(1786378751.775219) can0 38E#2A2A004011000000
(1786378751.785266) can0 38F#ED25E25302000000
(1786378751.785580) can0 38E#772B004011000000
(1786378751.795415) can0 38E#F92C004011000000
(1786378751.805225) can0 38F#0A26E25302000000
(1786378751.805566) can0 38E#A42D004011000000
(1786378751.815434) can0 38E#432E004011000000
(1786378751.825223) can0 38F#5727E25302000000
(1786378751.825546) can0 38E#1E2F004011000000
(1786378751.835249) can0 38E#4220004011000000
(1786378751.845296) can0 38F#0B28E25302000000
(1786378751.845737) can0 38E#1F21004011000000
(1786378751.855370) can0 38E#F822004011000000
(1786378751.865267) can0 38F#5629E25302000000
(1786378751.865595) can0 38E#A523004011000000
(1786378751.875228) can0 38E#2B24004011000000
(1786378751.885235) can0 38F#B12AE25302000000
(1786378751.885624) can0 38E#7625004011000000
(1786378751.895279) can0 38E#9126004011000000
(1786378751.905187) can0 38F#EC2BE25302000000
(1786378751.905513) can0 38E#CC27004011000000
(1786378751.915282) can0 38E#9028004011000000
(1786378751.925181) can0 38F#622CE25302000000
(1786378751.925492) can0 38E#CD29004011000000
(1786378751.935144) can0 38E#2A2A004011000000
(1786378751.945211) can0 38F#3F2DE25302000000
(1786378751.945593) can0 38E#772B004011000000
(1786378751.955324) can0 38E#F92C004011000000
(1786378751.965240) can0 38F#D82EE25302000000
(1786378751.965566) can0 38E#A42D004011000000
(1786378751.975263) can0 38E#432E004011000000
(1786378751.985164) can0 38F#852FE25302000000
(1786378751.985454) can0 38E#1E2F004011000000
(1786378751.995294) can0 38E#4220004011000000
(1786378752.005383) can0 38F#D920E25302000000
(1786378752.005747) can0 38E#1F21004011000000
(1786378752.015251) can0 38E#F822004011000000
(1786378752.025218) can0 38F#8421E25302000000
(1786378752.025577) can0 38E#A523004011000000
(1786378752.035273) can0 38E#2B24004011000000
(1786378752.045223) can0 38F#6322E25302000000
(1786378752.045681) can0 38E#7625004011000000
(1786378752.055289) can0 38E#9126004011000000
(1786378752.065287) can0 38F#3E23E25302000000
(1786378752.065583) can0 38E#CC27004011000000
(1786378752.075220) can0 38E#9028004011000000
(1786378752.085174) can0 38F#B024E25302000000
(1786378752.085579) can0 38E#CD29004011000000
(1786378752.095262) can0 38E#2A2A004011000000
(1786378752.105313) can0 38F#ED25E25302000000
(1786378752.105688) can0 38E#772B004011000000
(1786378752.115282) can0 38E#F92C004011000000
(1786378752.125190) can0 38F#0A26E25302000000
(1786378752.125505) can0 38E#A42D004011000000
(1786378752.135252) can0 38E#432E004011000000
(1786378752.145378) can0 38F#5727E25302000000
(1786378752.145840) can0 38E#1E2F004011000000
(1786378752.155266) can0 38E#4220004011000000
(1786378752.165265) can0 38F#0B28E25302000000
(1786378752.165598) can0 38E#1F21004011000000
(1786378752.175272) can0 38E#F822004011000000
(1786378752.185311) can0 38F#5629E25302000000
(1786378752.185699) can0 38E#A523004011000000
(1786378752.195217) can0 38E#2B24004011000000
(1786378752.205250) can0 38F#B12AE25302000000
(1786378752.205561) can0 38E#7625004011000000
(1786378752.215375) can0 38E#9126004011000000
(1786378752.225282) can0 38F#EC2BE25302000000
(1786378752.225622) can0 38E#CC27004011000000
(1786378752.235321) can0 38E#9028004011000000
(1786378752.245223) can0 38F#622CE25302000000
(1786378752.245681) can0 38E#CD29004011000000
(1786378752.255245) can0 38E#2A2A004011000000
(1786378752.265212) can0 38F#3F2DE25302000000
(1786378752.265480) can0 38E#772B004011000000
(1786378752.275227) can0 38E#F92C004011000000
(1786378752.285209) can0 38F#D82EE25302000000
(1786378752.285492) can0 38E#A42D004011000000
(1786378752.295279) can0 38E#432E004011000000
(1786378752.305172) can0 38F#852FE25302000000
(1786378752.305401) can0 38E#1E2F004011000000
(1786378752.315376) can0 38E#4220004011000000
(1786378752.325218) can0 38F#D920E25302000000
(1786378752.325506) can0 38E#1F21004011000000
(1786378752.335215) can0 38E#F822004011000000
(1786378752.345327) can0 38F#8421E25302000000
(1786378752.345750) can0 38E#A523004011000000
(1786378752.355354) can0 38E#2B24004011000000
(1786378752.364956) can0 38F#6322E25302000000
(1786378752.365243) can0 38E#7625004011000000
(1786378752.375174) can0 38E#9126004011000000
(1786378752.385405) can0 38F#3E23E25302000000
(1786378752.385786) can0 38E#CC27004011000000
(1786378752.395191) can0 38E#9028004011000000
(1786378752.405278) can0 38F#B024E25302000000
(1786378752.405572) can0 38E#CD29004011000000
(1786378752.415219) can0 38E#2A2A004011000000
(1786378752.425353) can0 38F#ED25E25302000000
(1786378752.425687) can0 38E#772B004011000000
(1786378752.435261) can0 38E#F92C004011000000
(1786378752.445310) can0 38F#0A26E25302000000
(1786378752.445724) can0 38E#A42D004011000000
(1786378752.455345) can0 38E#432E004011000000
(1786378752.465226) can0 38F#5727E25302000000
(1786378752.465627) can0 38E#1E2F004011000000
(1786378752.475182) can0 38E#4220004011000000
(1786378752.485270) can0 38F#0B28E25302000000
(1786378752.485584) can0 38E#1F21004011000000
(1786378752.495226) can0 38E#F822004011000000
(1786378752.505391) can0 38F#5629E25302000000
(1786378752.505780) can0 38E#A523004011000000
(1786378752.515358) can0 38E#2B24004011000000
(1786378752.525191) can0 38F#B12AE25302000000
(1786378752.525438) can0 38E#7625004011000000
(1786378752.535352) can0 38E#9126004011000000
(1786378752.545330) can0 38F#EC2BE25302000000
(1786378752.545797) can0 38E#CC27004011000000
(1786378752.555328) can0 38E#9028004011000000
(1786378752.565233) can0 38F#622CE25302000000
(1786378752.565625) can0 38E#CD29004011000000
(1786378752.575283) can0 38E#2A2A004011000000
(1786378752.585210) can0 38F#3F2DE25302000000
(1786378752.585515) can0 38E#772B004011000000
(1786378752.595155) can0 38E#F92C004011000000
(1786378752.605237) can0 38F#D82EE25302000000
(1786378752.605556) can0 38E#A42D004011000000
(1786378752.615460) can0 38E#432E004011000000
(1786378752.625234) can0 38F#852FE25302000000
(1786378752.625545) can0 38E#1E2F004011000000
(1786378752.635228) can0 38E#4220004011000000
(1786378752.645285) can0 38F#D920E25302000000
(1786378752.645739) can0 38E#1F21004011000000
(1786378752.655367) can0 38E#F822004011000000
(1786378752.665305) can0 38F#8421E25302000000
(1786378752.665709) can0 38E#A523004011000000
(1786378752.675389) can0 38E#2B24004011000000
(1786378752.685191) can0 38F#6322E25302000000
(1786378752.685541) can0 38E#7625004011000000
(1786378752.695234) can0 38E#9126004011000000
(1786378752.705316) can0 38F#3E23E25302000000
(1786378752.705666) can0 38E#CC27004011000000
(1786378752.715289) can0 38E#9028004011000000
(1786378752.725181) can0 38F#B024E25302000000
(1786378752.725476) can0 38E#CD29004011000000
(1786378752.735303) can0 38E#2A2A004011000000
(1786378752.745251) can0 38F#ED25E25302000000
(1786378752.745636) can0 38E#772B004011000000
(1786378752.755326) can0 38E#F92C004011000000
(1786378752.765197) can0 38F#0A26E25302000000
(1786378752.765514) can0 38E#A42D004011000000
(1786378752.775262) can0 38E#432E004011000000
(1786378752.785292) can0 38F#5727E25302000000
(1786378752.785635) can0 38E#1E2F004011000000
(1786378752.795223) can0 38E#4220004011000000
(1786378752.805247) can0 38F#0B28E25302000000
(1786378752.805608) can0 38E#1F21004011000000
(1786378752.815364) can0 38E#F822004011000000
(1786378752.825200) can0 38F#5629E25302000000
(1786378752.825475) can0 38E#A523004011000000
(1786378752.835399) can0 38E#2B24004011000000
(1786378752.844942) can0 38F#B12AE25302000000
(1786378752.845311) can0 38E#7625004011000000
(1786378752.855260) can0 38E#9126004011000000
(1786378752.865304) can0 38F#EC2BE25302000000
(1786378752.865605) can0 38E#CC27004011000000
(1786378752.875267) can0 38E#9028004011000000
(1786378752.885180) can0 38F#622CE25302000000
(1786378752.885562) can0 38E#CD29004011000000
(1786378752.895241) can0 38E#2A2A004011000000
(1786378752.905244) can0 38F#3F2DE25302000000
(1786378752.905575) can0 38E#772B004011000000
(1786378752.915371) can0 38E#F92C004011000000
(1786378752.925242) can0 38F#D82EE25302000000
(1786378752.925512) can0 38E#A42D004011000000
(1786378752.935302) can0 38E#432E004011000000
(1786378752.944999) can0 38F#852FE25302000000
(1786378752.945330) can0 38E#1E2F004011000000
(1786378752.955282) can0 38E#4220004011000000
(1786378752.965232) can0 38F#D920E25302000000
(1786378752.965663) can0 38E#1F21004011000000
(1786378752.975251) can0 38E#F822004011000000
(1786378752.985267) can0 38F#8421E25302000000
(1786378752.985602) can0 38E#A523004011000000
(1786378752.995288) can0 38E#2B24004011000000
(1786378753.005275) can0 38F#6322E25302000000
(1786378753.005698) can0 38E#7625004011000000
(1786378753.015340) can0 38E#9126004011000000
(1786378753.025217) can0 38F#3E23E25302000000
(1786378753.025555) can0 38E#CC27004011000000
(1786378753.035301) can0 38E#9028004011000000
(1786378753.045314) can0 38F#B024E25302000000
(1786378753.045723) can0 38E#CD29004011000000
(1786378753.055318) can0 38E#2A2A004011000000
(1786378753.065261) can0 38F#ED25E25302000000
(1786378753.065566) can0 38E#772B004011000000
(1786378753.075258) can0 38E#F92C004011000000
(1786378753.085319) can0 38F#0A26E25302000000
(1786378753.085752) can0 38E#A42D004011000000
(1786378753.095329) can0 38E#432E004011000000
(1786378753.105269) can0 38F#5727E25302000000
(1786378753.105595) can0 38E#1E2F004011000000
(1786378753.115257) can0 38E#4220004011000000
(1786378753.125197) can0 38F#0B28E25302000000
(1786378753.125510) can0 38E#1F21004011000000
(1786378753.135297) can0 38E#F822004011000000
(1786378753.145324) can0 38F#5629E25302000000
(1786378753.145672) can0 38E#A523004011000000
(1786378753.155294) can0 38E#2B24004011000000
(1786378753.165183) can0 38F#B12AE25302000000
(1786378753.165527) can0 38E#7625004011000000
(1786378753.175327) can0 38E#9126004011000000
(1786378753.185354) can0 38F#EC2BE25302000000
(1786378753.185649) can0 38E#CC27004011000000
(1786378753.195237) can0 38E#9028004011000000
(1786378753.205257) can0 38F#622CE25302000000
(1786378753.205546) can0 38E#CD29004011000000
(1786378753.215282) can0 38E#2A2A004011000000
(1786378753.224959) can0 38F#3F2DE25302000000
(1786378753.225253) can0 38E#772B004011000000
(1786378753.235247) can0 38E#F92C004011000000
(1786378753.245350) can0 38F#D82EE25302000000
(1786378753.245844) can0 38E#A42D004011000000
(1786378753.255254) can0 38E#432E004011000000
(1786378753.265278) can0 38F#852FE25302000000
(1786378753.265639) can0 38E#1E2F004011000000
(1786378753.275227) can0 38E#4220004011000000
(1786378753.285227) can0 38F#D920E25302000000
(1786378753.285592) can0 38E#1F21004011000000
(1786378753.295291) can0 38E#F822004011000000
(1786378753.305257) can0 38F#8421E25302000000
(1786378753.305575) can0 38E#A523004011000000
(1786378753.315275) can0 38E#2B24004011000000
(1786378753.325191) can0 38F#6322E25302000000
(1786378753.325462) can0 38E#7625004011000000
(1786378753.335261) can0 38E#9126004011000000
(1786378753.345366) can0 38F#3E23E25302000000
(1786378753.345781) can0 38E#CC27004011000000
(1786378753.355262) can0 38E#9028004011000000
(1786378753.365240) can0 38F#B024E25302000000
(1786378753.365575) can0 38E#CD29004011000000
(1786378753.375339) can0 38E#2A2A004011000000
(1786378753.385313) can0 38F#ED25E25302000000
(1786378753.385624) can0 38E#772B004011000000
(1786378753.395271) can0 38E#F92C004011000000
(1786378753.405213) can0 38F#0A26E25302000000
(1786378753.405443) can0 38E#A42D004011000000
(1786378753.415214) can0 38E#432E004011000000
(1786378753.425188) can0 38F#5727E25302000000
(1786378753.425426) can0 38E#1E2F004011000000
(1786378753.435277) can0 38E#4220004011000000
(1786378753.445181) can0 38F#0B28E25302000000
(1786378753.445479) can0 38E#1F21004011000000
(1786378753.455197) can0 38E#F822004011000000
(1786378753.465262) can0 38F#5629E25302000000
(1786378753.465567) can0 38E#A523004011000000
(1786378753.475220) can0 38E#2B24004011000000
(1786378753.485252) can0 38F#B12AE25302000000
(1786378753.485640) can0 38E#7625004011000000
(1786378753.495254) can0 38E#9126004011000000
(1786378753.505272) can0 38F#EC2BE25302000000
(1786378753.505546) can0 38E#CC27004011000000
(1786378753.515255) can0 38E#9028004011000000
(1786378753.525220) can0 38F#622CE25302000000
(1786378753.525489) can0 38E#CD29004011000000
(1786378753.535235) can0 38E#2A2A004011000000
(1786378753.545243) can0 38F#3F2DE25302000000
(1786378753.545521) can0 38E#772B004011000000
(1786378753.555221) can0 38E#F92C004011000000
(1786378753.565209) can0 38F#D82EE25302000000
(1786378753.565462) can0 38E#A42D004011000000
(1786378753.575248) can0 38E#432E004011000000
(1786378753.585212) can0 38F#852FE25302000000
(1786378753.585505) can0 38E#1E2F004011000000
(1786378753.595210) can0 38E#4220004011000000
(1786378753.605256) can0 38F#D920E25302000000
(1786378753.605584) can0 38E#1F21004011000000
(1786378753.615260) can0 38E#F822004011000000
(1786378753.625155) can0 38F#8421E25302000000
(1786378753.625411) can0 38E#A523004011000000
(1786378753.635223) can0 38E#2B24004011000000
(1786378753.645376) can0 38F#6322E25302000000
(1786378753.645722) can0 38E#7625004011000000
(1786378753.655215) can0 38E#9126004011000000
(1786378753.665240) can0 38F#3E23E25302000000
(1786378753.665515) can0 38E#CC27004011000000
(1786378753.675261) can0 38E#9028004011000000
(1786378753.685306) can0 38F#B024E25302000000
(1786378753.685583) can0 38E#CD29004011000000
(1786378753.695250) can0 38E#2A2A004011000000
(1786378753.705232) can0 38F#ED25E25302000000
(1786378753.705537) can0 38E#772B004011000000
(1786378753.715251) can0 38E#F92C004011000000
(1786378753.725269) can0 38F#0A26E25302000000
(1786378753.725646) can0 38E#A42D004011000000
(1786378753.735342) can0 38E#432E004011000000
(1786378753.745223) can0 38F#5727E25302000000
(1786378753.745672) can0 38E#1E2F004011000000
(1786378753.755434) can0 38E#4220004011000000
(1786378753.765243) can0 38F#0B28E25302000000
(1786378753.765672) can0 38E#1F21004011000000
(1786378753.775281) can0 38E#F822004011000000
(1786378753.785212) can0 38F#5629E25302000000
(1786378753.785508) can0 38E#A523004011000000
(1786378753.795303) can0 38E#2B24004011000000
(1786378753.805193) can0 38F#B12AE25302000000
(1786378753.805460) can0 38E#7625004011000000
(1786378753.815267) can0 38E#9126004011000000
(1786378753.825230) can0 38F#EC2BE25302000000
(1786378753.825442) can0 38E#CC27004011000000
(1786378753.835218) can0 38E#9028004011000000
(1786378753.845279) can0 38F#622CE25302000000
(1786378753.845674) can0 38E#CD29004011000000
(1786378753.855425) can0 38E#2A2A004011000000
(1786378753.865260) can0 38F#3F2DE25302000000
(1786378753.865518) can0 38E#772B004011000000
(1786378753.875194) can0 38E#F92C004011000000
(1786378753.885215) can0 38F#D82EE25302000000
(1786378753.885481) can0 38E#A42D004011000000
(1786378753.895258) can0 38E#432E004011000000
(1786378753.905307) can0 38F#852FE25302000000
(1786378753.905678) can0 38E#1E2F004011000000
(1786378753.915331) can0 38E#4220004011000000
(1786378753.925167) can0 38F#D920E25302000000
(1786378753.925484) can0 38E#1F21004011000000
(1786378753.935346) can0 38E#F822004011000000
(1786378753.945342) can0 38F#8421E25302000000
(1786378753.945704) can0 38E#A523004011000000
(1786378753.955304) can0 38E#2B24004011000000
(1786378753.965144) can0 38F#6322E25302000000
(1786378753.965407) can0 38E#7625004011000000
(1786378753.975139) can0 38E#9126004011000000
(1786378753.985282) can0 38F#3E23E25302000000
(1786378753.985708) can0 38E#CC27004011000000
(1786378753.995318) can0 38E#9028004011000000
(1786378754.005235) can0 38F#B024E25302000000
(1786378754.005520) can0 38E#CD29004011000000
(1786378754.015366) can0 38E#2A2A004011000000
(1786378754.025154) can0 38F#ED25E25302000000
(1786378754.025423) can0 38E#772B004011000000
(1786378754.035312) can0 38E#F92C004011000000
(1786378754.045269) can0 38F#0A26E25302000000
(1786378754.045703) can0 38E#A42D004011000000
(1786378754.055358) can0 38E#432E004011000000
(1786378754.065326) can0 38F#5727E25302000000
(1786378754.065639) can0 38E#1E2F004011000000
(1786378754.075327) can0 38E#4220004011000000
(1786378754.084986) can0 38F#0B28E25302000000
(1786378754.085366) can0 38E#1F21004011000000
(1786378754.095214) can0 38E#F822004011000000
(1786378754.105388) can0 38F#5629E25302000000
(1786378754.105732) can0 38E#A523004011000000
(1786378754.115434) can0 38E#2B24004011000000
(1786378754.125218) can0 38F#B12AE25302000000
(1786378754.125534) can0 38E#7625004011000000
(1786378754.135278) can0 38E#9126004011000000
(1786378754.145351) can0 38F#EC2BE25302000000
(1786378754.145778) can0 38E#CC27004011000000
(1786378754.155356) can0 38E#9028004011000000
(1786378754.165281) can0 38F#622CE25302000000
(1786378754.165618) can0 38E#CD29004011000000
(1786378754.175474) can0 38E#2A2A004011000000
(1786378754.185362) can0 38F#3F2DE25302000000
(1786378754.185791) can0 38E#772B004011000000
(1786378754.195295) can0 38E#F92C004011000000
(1786378754.205305) can0 38F#D82EE25302000000
(1786378754.205617) can0 38E#A42D004011000000
(1786378754.215300) can0 38E#432E004011000000
(1786378754.225311) can0 38F#852FE25302000000
(1786378754.225700) can0 38E#1E2F004011000000
(1786378754.235269) can0 38E#4220004011000000
(1786378754.245254) can0 38F#D920E25302000000
(1786378754.245700) can0 38E#1F21004011000000
(1786378754.255251) can0 38E#F822004011000000
(1786378754.265265) can0 38F#8421E25302000000
(1786378754.265544) can0 38E#A523004011000000
(1786378754.275276) can0 38E#2B24004011000000
(1786378754.285264) can0 38F#6322E25302000000
(1786378754.285631) can0 38E#7625004011000000
(1786378754.295252) can0 38E#9126004011000000
(1786378754.305291) can0 38F#3E23E25302000000
(1786378754.305684) can0 38E#CC27004011000000
(1786378754.315272) can0 38E#9028004011000000
(1786378754.325210) can0 38F#B024E25302000000
(1786378754.325501) can0 38E#CD29004011000000
(1786378754.335326) can0 38E#2A2A004011000000
(1786378754.345407) can0 38F#ED25E25302000000
(1786378754.345770) can0 38E#772B004011000000
(1786378754.355255) can0 38E#F92C004011000000
(1786378754.365269) can0 38F#0A26E25302000000
(1786378754.365553) can0 38E#A42D004011000000
(1786378754.375349) can0 38E#432E004011000000
(1786378754.385361) can0 38F#5727E25302000000
(1786378754.385710) can0 38E#1E2F004011000000
(1786378754.395250) can0 38E#4220004011000000
(1786378754.405190) can0 38F#0B28E25302000000
(1786378754.405491) can0 38E#1F21004011000000
(1786378754.415249) can0 38E#F822004011000000
(1786378754.425355) can0 38F#5629E25302000000
(1786378754.425663) can0 38E#A523004011000000
(1786378754.435323) can0 38E#2B24004011000000
(1786378754.445373) can0 38F#B12AE25302000000
(1786378754.445707) can0 38E#7625004011000000
(1786378754.455231) can0 38E#9126004011000000
(1786378754.465265) can0 38F#EC2BE25302000000
(1786378754.465590) can0 38E#CC27004011000000
(1786378754.475228) can0 38E#9028004011000000
(1786378754.485299) can0 38F#622CE25302000000
(1786378754.485724) can0 38E#CD29004011000000
(1786378754.495365) can0 38E#2A2A004011000000
(1786378754.505327) can0 38F#3F2DE25302000000
(1786378754.505728) can0 38E#772B004011000000
(1786378754.515329) can0 38E#F92C004011000000
(1786378754.524913) can0 38F#D82EE25302000000
(1786378754.525254) can0 38E#A42D004011000000
(1786378754.535384) can0 38E#432E004011000000
(1786378754.545263) can0 38F#852FE25302000000
(1786378754.545670) can0 38E#1E2F004011000000
(1786378754.555389) can0 38E#4220004011000000
(1786378754.565222) can0 38F#D920E25302000000
(1786378754.565601) can0 38E#1F21004011000000
(1786378754.575259) can0 38E#F822004011000000
(1786378754.585369) can0 38F#8421E25302000000
(1786378754.585683) can0 38E#A523004011000000
(1786378754.595263) can0 38E#2B24004011000000
(1786378754.605206) can0 38F#6322E25302000000
(1786378754.605567) can0 38E#7625004011000000
(1786378754.615431) can0 38E#9126004011000000
(1786378754.625304) can0 38F#3E23E25302000000
(1786378754.625663) can0 38E#CC27004011000000
(1786378754.635321) can0 38E#9028004011000000
(1786378754.645281) can0 38F#B024E25302000000
(1786378754.645667) can0 38E#CD29004011000000
(1786378754.655390) can0 38E#2A2A004011000000
(1786378754.665268) can0 38F#ED25E25302000000
(1786378754.665648) can0 38E#772B004011000000
(1786378754.675386) can0 38E#F92C004011000000
(1786378754.685285) can0 38F#0A26E25302000000
(1786378754.685581) can0 38E#A42D004011000000
(1786378754.695220) can0 38E#432E004011000000
(1786378754.705298) can0 38F#5727E25302000000
(1786378754.705611) can0 38E#1E2F004011000000
(1786378754.715524) can0 38E#4220004011000000
(1786378754.725258) can0 38F#0B28E25302000000
(1786378754.725557) can0 38E#1F21004011000000
(1786378754.735336) can0 38E#F822004011000000
(1786378754.745323) can0 38F#5629E25302000000
(1786378754.745694) can0 38E#A523004011000000
(1786378754.755362) can0 38E#2B24004011000000
(1786378754.765268) can0 38F#B12AE25302000000
(1786378754.765748) can0 38E#7625004011000000
(1786378754.775276) can0 38E#9126004011000000
(1786378754.785357) can0 38F#EC2BE25302000000
(1786378754.785779) can0 38E#CC27004011000000
(1786378754.795253) can0 38E#9028004011000000
(1786378754.805235) can0 38F#622CE25302000000
(1786378754.805472) can0 38E#CD29004011000000
(1786378754.815214) can0 38E#2A2A004011000000
(1786378754.825220) can0 38F#3F2DE25302000000
(1786378754.825568) can0 38E#772B004011000000
(1786378754.835259) can0 38E#F92C004011000000
(1786378754.845199) can0 38F#D82EE25302000000
(1786378754.845549) can0 38E#A42D004011000000
(1786378754.855239) can0 38E#432E004011000000
(1786378754.865230) can0 38F#852FE25302000000
(1786378754.865462) can0 38E#1E2F004011000000
(1786378754.875195) can0 38E#4220004011000000
(1786378754.885206) can0 38F#D920E25302000000
(1786378754.885500) can0 38E#1F21004011000000
(1786378754.895252) can0 38E#F822004011000000
(1786378754.905264) can0 38F#8421E25302000000
(1786378754.905509) can0 38E#A523004011000000
(1786378754.915269) can0 38E#2B24004011000000
(1786378754.925279) can0 38F#6322E25302000000
(1786378754.925649) can0 38E#7625004011000000
(1786378754.935362) can0 38E#9126004011000000
(1786378754.944911) can0 38F#3E23E25302000000
(1786378754.945247) can0 38E#CC27004011000000
(1786378754.955218) can0 38E#9028004011000000
(1786378754.965254) can0 38F#B024E25302000000
(1786378754.965595) can0 38E#CD29004011000000
(1786378754.975211) can0 38E#2A2A004011000000
(1786378754.985280) can0 38F#ED25E25302000000
(1786378754.985553) can0 38E#772B004011000000
(1786378754.995243) can0 38E#F92C004011000000
(1786378755.005292) can0 38F#0A26E25302000000
(1786378755.005591) can0 38E#A42D004011000000
(1786378755.015371) can0 38E#432E004011000000
(1786378755.025226) can0 38F#5727E25302000000
(1786378755.025488) can0 38E#1E2F004011000000
(1786378755.035220) can0 38E#4220004011000000
(1786378755.045239) can0 38F#0B28E25302000000
(1786378755.045686) can0 38E#1F21004011000000
(1786378755.055258) can0 38E#F822004011000000
(1786378755.065248) can0 38F#5629E25302000000
(1786378755.065466) can0 38E#A523004011000000
(1786378755.075172) can0 38E#2B24004011000000
(1786378755.085226) can0 38F#B12AE25302000000
(1786378755.085473) can0 38E#7625004011000000
(1786378755.095216) can0 38E#9126004011000000
(1786378755.105253) can0 38F#EC2BE25302000000
(1786378755.105505) can0 38E#CC27004011000000
(1786378755.115264) can0 38E#9028004011000000
(1786378755.125177) can0 38F#622CE25302000000
(1786378755.125372) can0 38E#CD29004011000000
(1786378755.135277) can0 38E#2A2A004011000000
(1786378755.145298) can0 38F#3F2DE25302000000
(1786378755.145608) can0 38E#772B004011000000
(1786378755.155281) can0 38E#F92C004011000000
(1786378755.164959) can0 38F#D82EE25302000000
(1786378755.165219) can0 38E#A42D004011000000
(1786378755.175166) can0 38E#432E004011000000
(1786378755.185222) can0 38F#852FE25302000000
(1786378755.185547) can0 38E#1E2F004011000000
(1786378755.195311) can0 38E#4220004011000000
(1786378755.205285) can0 38F#D920E25302000000
(1786378755.205595) can0 38E#1F21004011000000
(1786378755.215190) can0 38E#F822004011000000
(1786378755.225198) can0 38F#8421E25302000000
(1786378755.225442) can0 38E#A523004011000000
(1786378755.235290) can0 38E#2B24004011000000
(1786378755.245321) can0 38F#6322E25302000000
(1786378755.245797) can0 38E#7625004011000000
(1786378755.255249) can0 38E#9126004011000000
(1786378755.265353) can0 38F#3E23E25302000000
(1786378755.265664) can0 38E#CC27004011000000
(1786378755.275251) can0 38E#9028004011000000
(1786378755.285317) can0 38F#B024E25302000000
(1786378755.285767) can0 38E#CD29004011000000
(1786378755.295362) can0 38E#2A2A004011000000
(1786378755.305452) can0 38F#ED25E25302000000
(1786378755.305871) can0 38E#772B004011000000
(1786378755.315271) can0 38E#F92C004011000000
(1786378755.325327) can0 38F#0A26E25302000000
(1786378755.325810) can0 38E#A42D004011000000
(1786378755.335350) can0 38E#432E004011000000
(1786378755.345256) can0 38F#5727E25302000000
(1786378755.345615) can0 38E#1E2F004011000000
(1786378755.355381) can0 38E#4220004011000000
(1786378755.365237) can0 38F#0B28E25302000000
(1786378755.365592) can0 38E#1F21004011000000
(1786378755.375153) can0 38E#F822004011000000
(1786378755.385239) can0 38F#5629E25302000000
(1786378755.385553) can0 38E#A523004011000000
(1786378755.395356) can0 38E#2B24004011000000
(1786378755.405252) can0 38F#B12AE25302000000
(1786378755.405579) can0 38E#7625004011000000
(1786378755.415339) can0 38E#9126004011000000
(1786378755.425182) can0 38F#EC2BE25302000000
(1786378755.425407) can0 38E#CC27004011000000
(1786378755.435217) can0 38E#9028004011000000
(1786378755.445282) can0 38F#622CE25302000000
(1786378755.445634) can0 38E#CD29004011000000
(1786378755.455279) can0 38E#2A2A004011000000
(1786378755.465287) can0 38F#3F2DE25302000000
(1786378755.465760) can0 38E#772B004011000000
(1786378755.475266) can0 38E#F92C004011000000
(1786378755.485209) can0 38F#D82EE25302000000
(1786378755.485541) can0 38E#A42D004011000000
(1786378755.495303) can0 38E#432E004011000000
(1786378755.505275) can0 38F#852FE25302000000
(1786378755.505693) can0 38E#1E2F004011000000
(1786378755.515290) can0 38E#4220004011000000
(1786378755.525192) can0 38F#D920E25302000000
(1786378755.525493) can0 38E#1F21004011000000
(1786378755.535302) can0 38E#F822004011000000
(1786378755.545373) can0 38F#8421E25302000000
(1786378755.545869) can0 38E#A523004011000000
(1786378755.555253) can0 38E#2B24004011000000
(1786378755.565277) can0 38F#6322E25302000000
(1786378755.565738) can0 38E#7625004011000000
(1786378755.575258) can0 38E#9126004011000000
(1786378755.585339) can0 38F#3E23E25302000000
(1786378755.585743) can0 38E#CC27004011000000
(1786378755.595301) can0 38E#9028004011000000
(1786378755.605318) can0 38F#B024E25302000000
(1786378755.605681) can0 38E#CD29004011000000
(1786378755.615414) can0 38E#2A2A004011000000
(1786378755.625338) can0 38F#ED25E25302000000
(1786378755.625700) can0 38E#772B004011000000
(1786378755.635349) can0 38E#F92C004011000000
(1786378755.645278) can0 38F#0A26E25302000000
(1786378755.645675) can0 38E#A42D004011000000
(1786378755.655387) can0 38E#432E004011000000
(1786378755.665312) can0 38F#5727E25302000000
(1786378755.665659) can0 38E#1E2F004011000000
(1786378755.675275) can0 38E#4220004011000000
(1786378755.685245) can0 38F#0B28E25302000000
(1786378755.685601) can0 38E#1F21004011000000
(1786378755.695234) can0 38E#F822004011000000
(1786378755.705307) can0 38F#5629E25302000000
(1786378755.705643) can0 38E#A523004011000000
(1786378755.715324) can0 38E#2B24004011000000
(1786378755.725277) can0 38F#B12AE25302000000
(1786378755.725647) can0 38E#7625004011000000
(1786378755.735420) can0 38E#9126004011000000
(1786378755.745338) can0 38F#EC2BE25302000000
(1786378755.745694) can0 38E#CC27004011000000
(1786378755.755223) can0 38E#9028004011000000
(1786378755.765277) can0 38F#622CE25302000000
(1786378755.765736) can0 38E#CD29004011000000
(1786378755.775257) can0 38E#2A2A004011000000
(1786378755.785281) can0 38F#3F2DE25302000000
(1786378755.785611) can0 38E#772B004011000000
(1786378755.795414) can0 38E#F92C004011000000
(1786378755.805230) can0 38F#D82EE25302000000
(1786378755.805520) can0 38E#A42D004011000000
(1786378755.815263) can0 38E#432E004011000000
(1786378755.825303) can0 38F#852FE25302000000
(1786378755.825728) can0 38E#1E2F004011000000
(1786378755.835317) can0 38E#4220004011000000
(1786378755.845324) can0 38F#D920E25302000000
(1786378755.845801) can0 38E#1F21004011000000
(1786378755.855272) can0 38E#F822004011000000
(1786378755.865305) can0 38F#8421E25302000000
(1786378755.865637) can0 38E#A523004011000000
(1786378755.875319) can0 38E#2B24004011000000
(1786378755.885341) can0 38F#6322E25302000000
(1786378755.885809) can0 38E#7625004011000000
(1786378755.895251) can0 38E#9126004011000000
(1786378755.905351) can0 38F#3E23E25302000000
(1786378755.905736) can0 38E#CC27004011000000
(1786378755.915341) can0 38E#9028004011000000
(1786378755.925221) can0 38F#B024E25302000000
(1786378755.925530) can0 38E#CD29004011000000
(1786378755.935355) can0 38E#2A2A004011000000
(1786378755.945445) can0 38F#ED25E25302000000
(1786378755.945794) can0 38E#772B004011000000
(1786378755.955243) can0 38E#F92C004011000000
(1786378755.965250) can0 38F#0A26E25302000000
(1786378755.965592) can0 38E#A42D004011000000
(1786378755.975219) can0 38E#432E004011000000
(1786378755.985303) can0 38F#5727E25302000000
(1786378755.985670) can0 38E#1E2F004011000000
(1786378755.995260) can0 38E#4220004011000000
(1786378756.005271) can0 38F#0B28E25302000000
(1786378756.005603) can0 38E#1F21004011000000
(1786378756.015415) can0 38E#F822004011000000
(1786378756.025139) can0 38F#5629E25302000000
(1786378756.025370) can0 38E#A523004011000000
(1786378756.035252) can0 38E#2B24004011000000
(1786378756.045280) can0 38F#B12AE25302000000
(1786378756.045635) can0 38E#7625004011000000
(1786378756.055406) can0 38E#9126004011000000
(1786378756.065308) can0 38F#EC2BE25302000000
(1786378756.065625) can0 38E#CC27004011000000
(1786378756.075204) can0 38E#9028004011000000
(1786378756.085260) can0 38F#622CE25302000000
(1786378756.085621) can0 38E#CD29004011000000
(1786378756.095347) can0 38E#2A2A004011000000
(1786378756.105322) can0 38F#3F2DE25302000000
(1786378756.105679) can0 38E#772B004011000000
(1786378756.115304) can0 38E#F92C004011000000
(1786378756.125179) can0 38F#D82EE25302000000
(1786378756.125450) can0 38E#A42D004011000000
(1786378756.135228) can0 38E#432E004011000000
(1786378756.145338) can0 38F#852FE25302000000
(1786378756.145637) can0 38E#1E2F004011000000
(1786378756.155323) can0 38E#4220004011000000
(1786378756.165188) can0 38F#D920E25302000000
(1786378756.165467) can0 38E#1F21004011000000
(1786378756.175192) can0 38E#F822004011000000
(1786378756.185227) can0 38F#8421E25302000000
(1786378756.185516) can0 38E#A523004011000000
(1786378756.195356) can0 38E#2B24004011000000
(1786378756.205322) can0 38F#6322E25302000000
(1786378756.205638) can0 38E#7625004011000000
(1786378756.215296) can0 38E#9126004011000000
(1786378756.225260) can0 38F#3E23E25302000000
(1786378756.225538) can0 38E#CC27004011000000
(1786378756.235304) can0 38E#9028004011000000
(1786378756.245279) can0 38F#B024E25302000000
(1786378756.245710) can0 38E#CD29004011000000
(1786378756.255418) can0 38E#2A2A004011000000
(1786378756.265318) can0 38F#ED25E25302000000
(1786378756.265665) can0 38E#772B004011000000
(1786378756.275256) can0 38E#F92C004011000000
(1786378756.285204) can0 38F#0A26E25302000000
(1786378756.285560) can0 38E#A42D004011000000
(1786378756.295300) can0 38E#432E004011000000
(1786378756.305436) can0 38F#5727E25302000000
(1786378756.305779) can0 38E#1E2F004011000000
(1786378756.315275) can0 38E#4220004011000000
(1786378756.325242) can0 38F#0B28E25302000000
(1786378756.325564) can0 38E#1F21004011000000
(1786378756.335308) can0 38E#F822004011000000
(1786378756.345326) can0 38F#5629E25302000000
(1786378756.345746) can0 38E#A523004011000000
(1786378756.355325) can0 38E#2B24004011000000
(1786378756.365265) can0 38F#B12AE25302000000
(1786378756.365675) can0 38E#7625004011000000
(1786378756.375265) can0 38E#9126004011000000
(1786378756.385338) can0 38F#EC2BE25302000000
(1786378756.385796) can0 38E#CC27004011000000
(1786378756.395360) can0 38E#9028004011000000
(1786378756.405307) can0 38F#622CE25302000000
(1786378756.405777) can0 38E#CD29004011000000
(1786378756.415218) can0 38E#2A2A004011000000
(1786378756.425317) can0 38F#3F2DE25302000000
(1786378756.425660) can0 38E#772B004011000000
(1786378756.435312) can0 38E#F92C004011000000
(1786378756.445295) can0 38F#D82EE25302000000
(1786378756.445736) can0 38E#A42D004011000000
(1786378756.455274) can0 38E#432E004011000000
(1786378756.465282) can0 38F#852FE25302000000
(1786378756.465730) can0 38E#1E2F004011000000
(1786378756.475226) can0 38E#4220004011000000
(1786378756.485252) can0 38F#D920E25302000000
(1786378756.485531) can0 38E#1F21004011000000
(1786378756.495346) can0 38E#F822004011000000
(1786378756.505237) can0 38F#8421E25302000000
(1786378756.505507) can0 38E#A523004011000000
(1786378756.515337) can0 38E#2B24004011000000
(1786378756.525322) can0 38F#6322E25302000000
(1786378756.525608) can0 38E#7625004011000000
(1786378756.535370) can0 38E#9126004011000000
(1786378756.545308) can0 38F#3E23E25302000000
(1786378756.545663) can0 38E#CC27004011000000
(1786378756.555341) can0 38E#9028004011000000
(1786378756.565280) can0 38F#B024E25302000000
(1786378756.565682) can0 38E#CD29004011000000
(1786378756.575260) can0 38E#2A2A004011000000
(1786378756.585291) can0 38F#ED25E25302000000
(1786378756.585588) can0 38E#772B004011000000
(1786378756.595294) can0 38E#F92C004011000000
(1786378756.605219) can0 38F#0A26E25302000000
(1786378756.605567) can0 38E#A42D004011000000
(1786378756.615222) can0 38E#432E004011000000
(1786378756.625243) can0 38F#5727E25302000000
(1786378756.625493) can0 38E#1E2F004011000000
(1786378756.635309) can0 38E#4220004011000000
(1786378756.645268) can0 38F#0B28E25302000000
(1786378756.645655) can0 38E#1F21004011000000
(1786378756.655284) can0 38E#F822004011000000
(1786378756.664935) can0 38F#5629E25302000000
(1786378756.665194) can0 38E#A523004011000000
(1786378756.675163) can0 38E#2B24004011000000
(1786378756.685274) can0 38F#B12AE25302000000
(1786378756.685606) can0 38E#7625004011000000
(1786378756.695305) can0 38E#9126004011000000
(1786378756.705427) can0 38F#EC2BE25302000000
(1786378756.705766) can0 38E#CC27004011000000
(1786378756.715246) can0 38E#9028004011000000
(1786378756.725264) can0 38F#622CE25302000000
(1786378756.725760) can0 38E#CD29004011000000
(1786378756.735370) can0 38E#2A2A004011000000
(1786378756.745328) can0 38F#3F2DE25302000000
(1786378756.745702) can0 38E#772B004011000000
(1786378756.755265) can0 38E#F92C004011000000
(1786378756.765275) can0 38F#D82EE25302000000
(1786378756.765635) can0 38E#A42D004011000000
(1786378756.775276) can0 38E#432E004011000000
(1786378756.785331) can0 38F#852FE25302000000
(1786378756.785730) can0 38E#1E2F004011000000
(1786378756.795236) can0 38E#4220004011000000
(1786378756.805316) can0 38F#D920E25302000000
(1786378756.805659) can0 38E#1F21004011000000
(1786378756.815276) can0 38E#F822004011000000
(1786378756.825263) can0 38F#8421E25302000000
(1786378756.825640) can0 38E#A523004011000000
(1786378756.835298) can0 38E#2B24004011000000
(1786378756.845276) can0 38F#6322E25302000000
(1786378756.845702) can0 38E#7625004011000000
(1786378756.855358) can0 38E#9126004011000000
(1786378756.865307) can0 38F#3E23E25302000000
(1786378756.865670) can0 38E#CC27004011000000
(1786378756.875252) can0 38E#9028004011000000
(1786378756.884921) can0 38F#B024E25302000000
(1786378756.885207) can0 38E#CD29004011000000
(1786378756.895213) can0 38E#2A2A004011000000
(1786378756.905272) can0 38F#ED25E25302000000
(1786378756.905586) can0 38E#772B004011000000
(1786378756.915319) can0 38E#F92C004011000000
(1786378756.925230) can0 38F#0A26E25302000000
(1786378756.925578) can0 38E#A42D004011000000
(1786378756.935353) can0 38E#432E004011000000
(1786378756.945279) can0 38F#5727E25302000000
(1786378756.945607) can0 38E#1E2F004011000000
(1786378756.955414) can0 38E#4220004011000000
(1786378756.965266) can0 38F#0B28E25302000000
(1786378756.965667) can0 38E#1F21004011000000
(1786378756.975227) can0 38E#F822004011000000
(1786378756.985287) can0 38F#5629E25302000000
(1786378756.985624) can0 38E#A523004011000000
(1786378756.995298) can0 38E#2B24004011000000
(1786378757.005314) can0 38F#B12AE25302000000
(1786378757.005684) can0 38E#7625004011000000
(1786378757.015362) can0 38E#9126004011000000
(1786378757.025452) can0 38F#EC2BE25302000000
(1786378757.025831) can0 38E#CC27004011000000
(1786378757.035236) can0 38E#9028004011000000
(1786378757.045346) can0 38F#622CE25302000000
(1786378757.045673) can0 38E#CD29004011000000
(1786378757.055326) can0 38E#2A2A004011000000
(1786378757.065275) can0 38F#3F2DE25302000000
(1786378757.065571) can0 38E#772B004011000000
(1786378757.075304) can0 38E#F92C004011000000
(1786378757.085303) can0 38F#D82EE25302000000
(1786378757.085796) can0 38E#A42D004011000000
(1786378757.095245) can0 38E#432E004011000000
(1786378757.105368) can0 38F#852FE25302000000
(1786378757.105700) can0 38E#1E2F004011000000
(1786378757.115364) can0 38E#4220004011000000
(1786378757.125256) can0 38F#D920E25302000000
(1786378757.125630) can0 38E#1F21004011000000
(1786378757.135390) can0 38E#F822004011000000
(1786378757.145321) can0 38F#8421E25302000000
(1786378757.145684) can0 38E#A523004011000000
(1786378757.155305) can0 38E#2B24004011000000
(1786378757.165269) can0 38F#6322E25302000000
(1786378757.165583) can0 38E#7625004011000000
(1786378757.175250) can0 38E#9126004011000000
(1786378757.185218) can0 38F#3E23E25302000000
(1786378757.185521) can0 38E#CC27004011000000
(1786378757.195294) can0 38E#9028004011000000
(1786378757.205407) can0 38F#B024E25302000000
(1786378757.205689) can0 38E#CD29004011000000
(1786378757.215351) can0 38E#2A2A004011000000
(1786378757.225476) can0 38F#ED25E25302000000
(1786378757.225954) can0 38E#772B004011000000
(1786378757.235325) can0 38E#F92C004011000000
(1786378757.245208) can0 38F#0A26E25302000000
(1786378757.245666) can0 38E#A42D004011000000
(1786378757.255291) can0 38E#432E004011000000
(1786378757.265454) can0 38F#5727E25302000000
(1786378757.265809) can0 38E#1E2F004011000000
(1786378757.275207) can0 38E#4220004011000000
(1786378757.285345) can0 38F#0B28E25302000000
(1786378757.285779) can0 38E#1F21004011000000
(1786378757.295387) can0 38E#F822004011000000
(1786378757.305337) can0 38F#5629E25302000000
(1786378757.305646) can0 38E#A523004011000000
(1786378757.315312) can0 38E#2B24004011000000
(1786378757.325242) can0 38F#B12AE25302000000
(1786378757.325678) can0 38E#7625004011000000
(1786378757.335425) can0 38E#9126004011000000
(1786378757.345315) can0 38F#EC2BE25302000000
(1786378757.345749) can0 38E#CC27004011000000
(1786378757.355288) can0 38E#9028004011000000
(1786378757.365234) can0 38F#622CE25302000000
(1786378757.365652) can0 38E#CD29004011000000
(1786378757.375252) can0 38E#2A2A004011000000
(1786378757.385325) can0 38F#3F2DE25302000000
(1786378757.385640) can0 38E#772B004011000000
(1786378757.395273) can0 38E#F92C004011000000
(1786378757.405213) can0 38F#D82EE25302000000
(1786378757.405464) can0 38E#A42D004011000000
(1786378757.415263) can0 38E#432E004011000000
(1786378757.425250) can0 38F#852FE25302000000
(1786378757.425555) can0 38E#1E2F004011000000
(1786378757.435331) can0 38E#4220004011000000
(1786378757.445316) can0 38F#D920E25302000000
(1786378757.445758) can0 38E#1F21004011000000
(1786378757.455319) can0 38E#F822004011000000
(1786378757.465400) can0 38F#8421E25302000000
(1786378757.465704) can0 38E#A523004011000000
(1786378757.475243) can0 38E#2B24004011000000
(1786378757.485284) can0 38F#6322E25302000000
(1786378757.485690) can0 38E#7625004011000000
(1786378757.495290) can0 38E#9126004011000000
(1786378757.505263) can0 38F#3E23E25302000000
(1786378757.505627) can0 38E#CC27004011000000
(1786378757.515263) can0 38E#9028004011000000
(1786378757.524895) can0 38F#B024E25302000000
(1786378757.525169) can0 38E#CD29004011000000
(1786378757.535232) can0 38E#2A2A004011000000
(1786378757.545365) can0 38F#ED25E25302000000
(1786378757.545734) can0 38E#772B004011000000
(1786378757.555215) can0 38E#F92C004011000000
(1786378757.565282) can0 38F#0A26E25302000000
(1786378757.565578) can0 38E#A42D004011000000
(1786378757.575143) can0 38E#432E004011000000
(1786378757.585269) can0 38F#5727E25302000000
(1786378757.585623) can0 38E#1E2F004011000000
(1786378757.595387) can0 38E#4220004011000000
(1786378757.605297) can0 38F#0B28E25302000000
(1786378757.605670) can0 38E#1F21004011000000
(1786378757.615382) can0 38E#F822004011000000
(1786378757.625397) can0 38F#5629E25302000000
(1786378757.625853) can0 38E#A523004011000000
(1786378757.635356) can0 38E#2B24004011000000
(1786378757.645231) can0 38F#B12AE25302000000
(1786378757.645624) can0 38E#7625004011000000
(1786378757.655321) can0 38E#9126004011000000
(1786378757.665397) can0 38F#EC2BE25302000000
(1786378757.665771) can0 38E#CC27004011000000
(1786378757.675214) can0 38E#9028004011000000
(1786378757.685301) can0 38F#622CE25302000000
(1786378757.685684) can0 38E#CD29004011000000
(1786378757.695361) can0 38E#2A2A004011000000
(1786378757.705324) can0 38F#3F2DE25302000000
(1786378757.705621) can0 38E#772B004011000000
(1786378757.715302) can0 38E#F92C004011000000
(1786378757.725226) can0 38F#D82EE25302000000
(1786378757.725595) can0 38E#A42D004011000000
(1786378757.735422) can0 38E#432E004011000000
(1786378757.745259) can0 38F#852FE25302000000
(1786378757.745601) can0 38E#1E2F004011000000
(1786378757.755209) can0 38E#4220004011000000
(1786378757.765228) can0 38F#D920E25302000000
(1786378757.765478) can0 38E#1F21004011000000
(1786378757.775276) can0 38E#F822004011000000
(1786378757.785381) can0 38F#8421E25302000000
(1786378757.785705) can0 38E#A523004011000000
(1786378757.795310) can0 38E#2B24004011000000
(1786378757.805275) can0 38F#6322E25302000000
(1786378757.805695) can0 38E#7625004011000000
(1786378757.815380) can0 38E#9126004011000000
(1786378757.825351) can0 38F#3E23E25302000000
(1786378757.825817) can0 38E#CC27004011000000
(1786378757.835318) can0 38E#9028004011000000
(1786378757.845240) can0 38F#B024E25302000000
(1786378757.845624) can0 38E#CD29004011000000
(1786378757.855247) can0 38E#2A2A004011000000
(1786378757.865332) can0 38F#ED25E25302000000
(1786378757.865641) can0 38E#772B004011000000
(1786378757.875327) can0 38E#F92C004011000000
(1786378757.885308) can0 38F#0A26E25302000000
(1786378757.885750) can0 38E#A42D004011000000
(1786378757.895295) can0 38E#432E004011000000
(1786378757.905344) can0 38F#5727E25302000000
(1786378757.905643) can0 38E#1E2F004011000000
(1786378757.915342) can0 38E#4220004011000000
(1786378757.925276) can0 38F#0B28E25302000000
(1786378757.925699) can0 38E#1F21004011000000
(1786378757.935443) can0 38E#F822004011000000
(1786378757.945380) can0 38F#5629E25302000000
(1786378757.945754) can0 38E#A523004011000000
(1786378757.955238) can0 38E#2B24004011000000
(1786378757.965309) can0 38F#B12AE25302000000
(1786378757.965661) can0 38E#7625004011000000
(1786378757.975310) can0 38E#9126004011000000
(1786378757.985410) can0 38F#EC2BE25302000000
(1786378757.985834) can0 38E#CC27004011000000
(1786378757.995318) can0 38E#9028004011000000
(1786378758.005239) can0 38F#622CE25302000000
(1786378758.005551) can0 38E#CD29004011000000
(1786378758.015221) can0 38E#2A2A004011000000
(1786378758.025368) can0 38F#3F2DE25302000000
(1786378758.025710) can0 38E#772B004011000000
(1786378758.035339) can0 38E#F92C004011000000
(1786378758.045195) can0 38F#D82EE25302000000
(1786378758.045547) can0 38E#A42D004011000000
(1786378758.055364) can0 38E#432E004011000000
(1786378758.065318) can0 38F#852FE25302000000
(1786378758.065670) can0 38E#1E2F004011000000
(1786378758.075323) can0 38E#4220004011000000
(1786378758.085309) can0 38F#D920E25302000000
(1786378758.085629) can0 38E#1F21004011000000
(1786378758.095313) can0 38E#F822004011000000
(1786378758.105301) can0 38F#8421E25302000000
(1786378758.105620) can0 38E#A523004011000000
(1786378758.115260) can0 38E#2B24004011000000
(1786378758.125278) can0 38F#6322E25302000000
(1786378758.125625) can0 38E#7625004011000000
(1786378758.135293) can0 38E#9126004011000000
(1786378758.145337) can0 38F#3E23E25302000000
(1786378758.145675) can0 38E#CC27004011000000
(1786378758.155342) can0 38E#9028004011000000
(1786378758.165375) can0 38F#B024E25302000000
(1786378758.165849) can0 38E#CD29004011000000
(1786378758.175192) can0 38E#2A2A004011000000
(1786378758.185240) can0 38F#ED25E25302000000
(1786378758.185575) can0 38E#772B004011000000
(1786378758.195291) can0 38E#F92C004011000000
(1786378758.205340) can0 38F#0A26E25302000000
(1786378758.205700) can0 38E#A42D004011000000
(1786378758.215292) can0 38E#432E004011000000
(1786378758.225252) can0 38F#5727E25302000000
(1786378758.225598) can0 38E#1E2F004011000000
(1786378758.235359) can0 38E#4220004011000000
(1786378758.245296) can0 38F#0B28E25302000000
(1786378758.245787) can0 38E#1F21004011000000
(1786378758.255257) can0 38E#F822004011000000
(1786378758.265413) can0 38F#5629E25302000000
(1786378758.265794) can0 38E#A523004011000000
(1786378758.275260) can0 38E#2B24004011000000
(1786378758.285270) can0 38F#B12AE25302000000
(1786378758.285643) can0 38E#7625004011000000
(1786378758.295391) can0 38E#9126004011000000
(1786378758.305366) can0 38F#EC2BE25302000000
(1786378758.305667) can0 38E#CC27004011000000
(1786378758.315254) can0 38E#9028004011000000
(1786378758.325283) can0 38F#622CE25302000000
(1786378758.325643) can0 38E#CD29004011000000
(1786378758.335329) can0 38E#2A2A004011000000
(1786378758.345326) can0 38F#3F2DE25302000000
(1786378758.345736) can0 38E#772B004011000000
(1786378758.355333) can0 38E#F92C004011000000
(1786378758.365307) can0 38F#D82EE25302000000
(1786378758.365638) can0 38E#A42D004011000000
(1786378758.375240) can0 38E#432E004011000000
(1786378758.385037) can0 38F#852FE25302000000
(1786378758.385493) can0 38E#1E2F004011000000
(1786378758.395228) can0 38E#4220004011000000
(1786378758.405324) can0 38F#D920E25302000000
(1786378758.405663) can0 38E#1F21004011000000
(1786378758.415329) can0 38E#F822004011000000
(1786378758.425348) can0 38F#8421E25302000000
(1786378758.425758) can0 38E#A523004011000000
(1786378758.435400) can0 38E#2B24004011000000
(1786378758.445262) can0 38F#6322E25302000000
(1786378758.445620) can0 38E#7625004011000000
(1786378758.455422) can0 38E#9126004011000000
(1786378758.465336) can0 38F#3E23E25302000000
(1786378758.465651) can0 38E#CC27004011000000
(1786378758.475203) can0 38E#9028004011000000
(1786378758.485246) can0 38F#B024E25302000000
(1786378758.485609) can0 38E#CD29004011000000
(1786378758.495334) can0 38E#2A2A004011000000
(1786378758.505262) can0 38F#ED25E25302000000
(1786378758.505583) can0 38E#772B004011000000
(1786378758.515308) can0 38E#F92C004011000000
(1786378758.525489) can0 38F#0A26E25302000000
(1786378758.526042) can0 38E#A42D004011000000
(1786378758.535275) can0 38E#432E004011000000
(1786378758.545292) can0 38F#5727E25302000000
(1786378758.545653) can0 38E#1E2F004011000000
(1786378758.555301) can0 38E#4220004011000000
(1786378758.565245) can0 38F#0B28E25302000000
(1786378758.565576) can0 38E#1F21004011000000
(1786378758.575265) can0 38E#F822004011000000
(1786378758.585282) can0 38F#5629E25302000000
(1786378758.585578) can0 38E#A523004011000000
(1786378758.595390) can0 38E#2B24004011000000
(1786378758.605265) can0 38F#B12AE25302000000
(1786378758.605600) can0 38E#7625004011000000
(1786378758.615199) can0 38E#9126004011000000
(1786378758.625288) can0 38F#EC2BE25302000000
(1786378758.625644) can0 38E#CC27004011000000
(1786378758.635381) can0 38E#9028004011000000
(1786378758.645328) can0 38F#622CE25302000000
(1786378758.645866) can0 38E#CD29004011000000
(1786378758.655357) can0 38E#2A2A004011000000
(1786378758.665341) can0 38F#3F2DE25302000000
(1786378758.665729) can0 38E#772B004011000000
(1786378758.675412) can0 38E#F92C004011000000
(1786378758.685265) can0 38F#D82EE25302000000
(1786378758.685573) can0 38E#A42D004011000000
(1786378758.695277) can0 38E#432E004011000000
(1786378758.705249) can0 38F#852FE25302000000
(1786378758.705498) can0 38E#1E2F004011000000
(1786378758.715223) can0 38E#4220004011000000
(1786378758.725289) can0 38F#D920E25302000000
(1786378758.725546) can0 38E#1F21004011000000
(1786378758.735429) can0 38E#F822004011000000
(1786378758.745388) can0 38F#8421E25302000000
(1786378758.745908) can0 38E#A523004011000000
(1786378758.755324) can0 38E#2B24004011000000
(1786378758.765380) can0 38F#6322E25302000000
(1786378758.765801) can0 38E#7625004011000000
(1786378758.775365) can0 38E#9126004011000000
(1786378758.785369) can0 38F#3E23E25302000000
(1786378758.785829) can0 38E#CC27004011000000
(1786378758.795333) can0 38E#9028004011000000
(1786378758.805309) can0 38F#B024E25302000000
(1786378758.805648) can0 38E#CD29004011000000
(1786378758.815290) can0 38E#2A2A004011000000
(1786378758.825305) can0 38F#ED25E25302000000
(1786378758.825673) can0 38E#772B004011000000
(1786378758.835397) can0 38E#F92C004011000000
(1786378758.845310) can0 38F#0A26E25302000000
(1786378758.845667) can0 38E#A42D004011000000
(1786378758.855385) can0 38E#432E004011000000
(1786378758.865304) can0 38F#5727E25302000000
(1786378758.865675) can0 38E#1E2F004011000000
(1786378758.875187) can0 38E#4220004011000000
(1786378758.885355) can0 38F#0B28E25302000000
(1786378758.885825) can0 38E#1F21004011000000
(1786378758.895353) can0 38E#F822004011000000
(1786378758.905358) can0 38F#5629E25302000000
(1786378758.905783) can0 38E#A523004011000000
(1786378758.915265) can0 38E#2B24004011000000
(1786378758.925310) can0 38F#B12AE25302000000
(1786378758.925681) can0 38E#7625004011000000
(1786378758.935350) can0 38E#9126004011000000
(1786378758.945334) can0 38F#EC2BE25302000000
(1786378758.945696) can0 38E#CC27004011000000
(1786378758.955337) can0 38E#9028004011000000
(1786378758.964974) can0 38F#622CE25302000000
(1786378758.965331) can0 38E#CD29004011000000
(1786378758.975353) can0 38E#2A2A004011000000
(1786378758.985404) can0 38F#3F2DE25302000000
(1786378758.985826) can0 38E#772B004011000000
(1786378758.995373) can0 38E#F92C004011000000
(1786378759.005301) can0 38F#D82EE25302000000
(1786378759.005789) can0 38E#A42D004011000000
(1786378759.015364) can0 38E#432E004011000000
(1786378759.025422) can0 38F#852FE25302000000
(1786378759.025825) can0 38E#1E2F004011000000
(1786378759.035327) can0 38E#4220004011000000
(1786378759.045288) can0 38F#D920E25302000000
(1786378759.045726) can0 38E#1F21004011000000
(1786378759.055328) can0 38E#F822004011000000
(1786378759.065457) can0 38F#8421E25302000000
(1786378759.065776) can0 38E#A523004011000000
(1786378759.075292) can0 38E#2B24004011000000
(1786378759.085322) can0 38F#6322E25302000000
(1786378759.085776) can0 38E#7625004011000000
(1786378759.095313) can0 38E#9126004011000000
(1786378759.105472) can0 38F#3E23E25302000000
(1786378759.105798) can0 38E#CC27004011000000
(1786378759.115328) can0 38E#9028004011000000
(1786378759.125257) can0 38F#B024E25302000000
(1786378759.125633) can0 38E#CD29004011000000
(1786378759.135338) can0 38E#2A2A004011000000
(1786378759.145395) can0 38F#ED25E25302000000
(1786378759.145809) can0 38E#772B004011000000
(1786378759.155342) can0 38E#F92C004011000000
(1786378759.165423) can0 38F#0A26E25302000000
(1786378759.165839) can0 38E#A42D004011000000
(1786378759.175251) can0 38E#432E004011000000
(1786378759.185358) can0 38F#5727E25302000000
(1786378759.185692) can0 38E#1E2F004011000000
(1786378759.195284) can0 38E#4220004011000000
(1786378759.205378) can0 38F#0B28E25302000000
(1786378759.205703) can0 38E#1F21004011000000
(1786378759.215279) can0 38E#F822004011000000
(1786378759.225321) can0 38F#5629E25302000000
(1786378759.225671) can0 38E#A523004011000000
(1786378759.235340) can0 38E#2B24004011000000
(1786378759.244941) can0 38F#B12AE25302000000
(1786378759.245331) can0 38E#7625004011000000
(1786378759.255360) can0 38E#9126004011000000
(1786378759.265376) can0 38F#EC2BE25302000000
(1786378759.265747) can0 38E#CC27004011000000
(1786378759.275277) can0 38E#9028004011000000
(1786378759.285319) can0 38F#622CE25302000000
(1786378759.285630) can0 38E#CD29004011000000
(1786378759.295268) can0 38E#2A2A004011000000
(1786378759.305389) can0 38F#3F2DE25302000000
(1786378759.305715) can0 38E#772B004011000000
(1786378759.315328) can0 38E#F92C004011000000
(1786378759.325321) can0 38F#D82EE25302000000
(1786378759.325598) can0 38E#A42D004011000000
(1786378759.335270) can0 38E#432E004011000000
(1786378759.345343) can0 38F#852FE25302000000
(1786378759.345687) can0 38E#1E2F004011000000
(1786378759.355277) can0 38E#4220004011000000
(1786378759.365326) can0 38F#D920E25302000000
(1786378759.365713) can0 38E#1F21004011000000
(1786378759.375230) can0 38E#F822004011000000
(1786378759.385319) can0 38F#8421E25302000000
(1786378759.385682) can0 38E#A523004011000000
(1786378759.395261) can0 38E#2B24004011000000
(1786378759.405274) can0 38F#6322E25302000000
(1786378759.405645) can0 38E#7625004011000000
(1786378759.415319) can0 38E#9126004011000000
(1786378759.425345) can0 38F#3E23E25302000000
(1786378759.425809) can0 38E#CC27004011000000
(1786378759.435325) can0 38E#9028004011000000
(1786378759.445302) can0 38F#B024E25302000000
(1786378759.445669) can0 38E#CD29004011000000
(1786378759.455355) can0 38E#2A2A004011000000
(1786378759.465315) can0 38F#ED25E25302000000
(1786378759.465624) can0 38E#772B004011000000
(1786378759.475193) can0 38E#F92C004011000000
(1786378759.485375) can0 38F#0A26E25302000000
(1786378759.485854) can0 38E#A42D004011000000
(1786378759.495513) can0 38E#432E004011000000
(1786378759.505395) can0 38F#5727E25302000000
(1786378759.505794) can0 38E#1E2F004011000000
(1786378759.515301) can0 38E#4220004011000000
(1786378759.525304) can0 38F#0B28E25302000000
(1786378759.525622) can0 38E#1F21004011000000
(1786378759.535453) can0 38E#F822004011000000
(1786378759.545365) can0 38F#5629E25302000000
(1786378759.545707) can0 38E#A523004011000000
(1786378759.555300) can0 38E#2B24004011000000
(1786378759.565291) can0 38F#B12AE25302000000
(1786378759.565663) can0 38E#7625004011000000
(1786378759.575256) can0 38E#9126004011000000
(1786378759.585335) can0 38F#EC2BE25302000000
(1786378759.585666) can0 38E#CC27004011000000
(1786378759.595392) can0 38E#9028004011000000
(1786378759.605333) can0 38F#622CE25302000000
(1786378759.605653) can0 38E#CD29004011000000
(1786378759.615315) can0 38E#2A2A004011000000
(1786378759.625316) can0 38F#3F2DE25302000000
(1786378759.625689) can0 38E#772B004011000000
(1786378759.635380) can0 38E#F92C004011000000
(1786378759.645297) can0 38F#D82EE25302000000
(1786378759.645778) can0 38E#A42D004011000000
(1786378759.655406) can0 38E#432E004011000000
(1786378759.665347) can0 38F#852FE25302000000
(1786378759.665689) can0 38E#1E2F004011000000
(1786378759.675158) can0 38E#4220004011000000
(1786378759.685288) can0 38F#D920E25302000000
(1786378759.685593) can0 38E#1F21004011000000
(1786378759.695352) can0 38E#F822004011000000
(1786378759.705346) can0 38F#8421E25302000000
(1786378759.705680) can0 38E#A523004011000000
(1786378759.715352) can0 38E#2B24004011000000
(1786378759.725380) can0 38F#6322E25302000000
(1786378759.725952) can0 38E#7625004011000000
(1786378759.735374) can0 38E#9126004011000000
(1786378759.745384) can0 38F#3E23E25302000000
(1786378759.745748) can0 38E#CC27004011000000
(1786378759.755325) can0 38E#9028004011000000
(1786378759.765301) can0 38F#B024E25302000000
(1786378759.765676) can0 38E#CD29004011000000
(1786378759.775324) can0 38E#2A2A004011000000
(1786378759.785307) can0 38F#ED25E25302000000
(1786378759.785630) can0 38E#772B004011000000
(1786378759.795305) can0 38E#F92C004011000000
(1786378759.805283) can0 38F#0A26E25302000000
(1786378759.805624) can0 38E#A42D004011000000
(1786378759.815510) can0 38E#432E004011000000
(1786378759.825164) can0 38F#5727E25302000000
(1786378759.825594) can0 38E#1E2F004011000000
(1786378759.835330) can0 38E#4220004011000000
(1786378759.845254) can0 38F#0B28E25302000000
(1786378759.845595) can0 38E#1F21004011000000
(1786378759.855289) can0 38E#F822004011000000
(1786378759.865302) can0 38F#5629E25302000000
(1786378759.865720) can0 38E#A523004011000000
(1786378759.875297) can0 38E#2B24004011000000
(1786378759.885321) can0 38F#B12AE25302000000
(1786378759.885727) can0 38E#7625004011000000
(1786378759.895242) can0 38E#9126004011000000
(1786378759.905385) can0 38F#EC2BE25302000000
(1786378759.905768) can0 38E#CC27004011000000
(1786378759.915325) can0 38E#9028004011000000
(1786378759.925384) can0 38F#622CE25302000000
(1786378759.925756) can0 38E#CD29004011000000
(1786378759.935391) can0 38E#2A2A004011000000
(1786378759.945403) can0 38F#3F2DE25302000000
(1786378759.945806) can0 38E#772B004011000000
(1786378759.955349) can0 38E#F92C004011000000
(1786378759.965347) can0 38F#D82EE25302000000
(1786378759.965690) can0 38E#A42D004011000000
(1786378759.975365) can0 38E#432E004011000000
(1786378759.985346) can0 38F#852FE25302000000
(1786378759.985741) can0 38E#1E2F004011000000
(1786378759.995372) can0 38E#4220004011000000
(1786378760.005257) can0 38F#D920E25302000000
(1786378760.005615) can0 38E#1F21004011000000
(1786378760.015318) can0 38E#F822004011000000
(1786378760.025267) can0 38F#8421E25302000000
(1786378760.025701) can0 38E#A523004011000000
(1786378760.035319) can0 38E#2B24004011000000
(1786378760.045259) can0 38F#6322E25302000000
(1786378760.045582) can0 38E#7625004011000000
(1786378760.055365) can0 38E#9126004011000000
(1786378760.065351) can0 38F#3E23E25302000000
(1786378760.065681) can0 38E#CC27004011000000
(1786378760.075258) can0 38E#9028004011000000
(1786378760.085300) can0 38F#B024E25302000000
(1786378760.085567) can0 38E#CD29004011000000
(1786378760.095426) can0 38E#2A2A004011000000
(1786378760.105333) can0 38F#ED25E25302000000
(1786378760.105646) can0 38E#772B004011000000
(1786378760.115316) can0 38E#F92C004011000000
(1786378760.125362) can0 38F#0A26E25302000000
(1786378760.125791) can0 38E#A42D004011000000
(1786378760.135368) can0 38E#432E004011000000
(1786378760.145371) can0 38F#5727E25302000000
(1786378760.145746) can0 38E#1E2F004011000000
(1786378760.155292) can0 38E#4220004011000000
(1786378760.165325) can0 38F#0B28E25302000000
(1786378760.165698) can0 38E#1F21004011000000
(1786378760.175314) can0 38E#F822004011000000
(1786378760.185318) can0 38F#5629E25302000000
(1786378760.185596) can0 38E#A523004011000000
(1786378760.195286) can0 38E#2B24004011000000
(1786378760.205290) can0 38F#B12AE25302000000
(1786378760.205637) can0 38E#7625004011000000
(1786378760.215304) can0 38E#9126004011000000
(1786378760.225463) can0 38F#EC2BE25302000000
(1786378760.225896) can0 38E#CC27004011000000
(1786378760.235316) can0 38E#9028004011000000
(1786378760.245417) can0 38F#622CE25302000000
(1786378760.245878) can0 38E#CD29004011000000
(1786378760.255217) can0 38E#2A2A004011000000
(1786378760.265357) can0 38F#3F2DE25302000000
(1786378760.265648) can0 38E#772B004011000000
(1786378760.275335) can0 38E#F92C004011000000
(1786378760.285333) can0 38F#D82EE25302000000
(1786378760.285767) can0 38E#A42D004011000000
(1786378760.295349) can0 38E#432E004011000000
(1786378760.305429) can0 38F#852FE25302000000
(1786378760.305794) can0 38E#1E2F004011000000
(1786378760.315332) can0 38E#4220004011000000
(1786378760.325204) can0 38F#D920E25302000000
(1786378760.325569) can0 38E#1F21004011000000
(1786378760.335361) can0 38E#F822004011000000
(1786378760.345381) can0 38F#8421E25302000000
(1786378760.345740) can0 38E#A523004011000000
(1786378760.355407) can0 38E#2B24004011000000
(1786378760.365265) can0 38F#6322E25302000000
(1786378760.365576) can0 38E#7625004011000000
(1786378760.375229) can0 38E#9126004011000000
(1786378760.385287) can0 38F#3E23E25302000000
(1786378760.385591) can0 38E#CC27004011000000
(1786378760.395373) can0 38E#9028004011000000
(1786378760.405297) can0 38F#B024E25302000000
(1786378760.405659) can0 38E#CD29004011000000
(1786378760.415256) can0 38E#2A2A004011000000
(1786378760.425238) can0 38F#ED25E25302000000
(1786378760.425590) can0 38E#772B004011000000
(1786378760.435269) can0 38E#F92C004011000000
(1786378760.445323) can0 38F#0A26E25302000000
(1786378760.445753) can0 38E#A42D004011000000
(1786378760.455338) can0 38E#432E004011000000
(1786378760.465364) can0 38F#5727E25302000000
(1786378760.465729) can0 38E#1E2F004011000000
(1786378760.475256) can0 38E#4220004011000000
(1786378760.485295) can0 38F#0B28E25302000000
(1786378760.485716) can0 38E#1F21004011000000
(1786378760.495348) can0 38E#F822004011000000
(1786378760.505247) can0 38F#5629E25302000000
(1786378760.505508) can0 38E#A523004011000000
(1786378760.515355) can0 38E#2B24004011000000
(1786378760.525295) can0 38F#B12AE25302000000
(1786378760.525697) can0 38E#7625004011000000
(1786378760.535344) can0 38E#9126004011000000
(1786378760.545239) can0 38F#EC2BE25302000000
(1786378760.545650) can0 38E#CC27004011000000
(1786378760.555414) can0 38E#9028004011000000
(1786378760.565267) can0 38F#622CE25302000000
(1786378760.565627) can0 38E#CD29004011000000
(1786378760.575300) can0 38E#2A2A004011000000
(1786378760.585264) can0 38F#3F2DE25302000000
(1786378760.585579) can0 38E#772B004011000000
(1786378760.595330) can0 38E#F92C004011000000
(1786378760.605336) can0 38F#D82EE25302000000
(1786378760.605743) can0 38E#A42D004011000000
(1786378760.615327) can0 38E#432E004011000000
(1786378760.625383) can0 38F#852FE25302000000
(1786378760.625789) can0 38E#1E2F004011000000
(1786378760.635374) can0 38E#4220004011000000
(1786378760.645346) can0 38F#D920E25302000000
(1786378760.645681) can0 38E#1F21004011000000
(1786378760.655368) can0 38E#F822004011000000
(1786378760.665319) can0 38F#8421E25302000000
(1786378760.665693) can0 38E#A523004011000000
(1786378760.675202) can0 38E#2B24004011000000
(1786378760.684932) can0 38F#6322E25302000000
(1786378760.685208) can0 38E#7625004011000000
(1786378760.695327) can0 38E#9126004011000000
(1786378760.705365) can0 38F#3E23E25302000000
(1786378760.705649) can0 38E#CC27004011000000
(1786378760.715312) can0 38E#9028004011000000
(1786378760.725393) can0 38F#B024E25302000000
(1786378760.725812) can0 38E#CD29004011000000
(1786378760.735367) can0 38E#2A2A004011000000
(1786378760.745352) can0 38F#ED25E25302000000
(1786378760.745788) can0 38E#772B004011000000
(1786378760.755314) can0 38E#F92C004011000000
(1786378760.765362) can0 38F#0A26E25302000000
(1786378760.765685) can0 38E#A42D004011000000
(1786378760.775248) can0 38E#432E004011000000
(1786378760.785326) can0 38F#5727E25302000000
(1786378760.785637) can0 38E#1E2F004011000000
(1786378760.795308) can0 38E#4220004011000000
(1786378760.805279) can0 38F#0B28E25302000000
(1786378760.805636) can0 38E#1F21004011000000
(1786378760.815394) can0 38E#F822004011000000
(1786378760.825492) can0 38F#5629E25302000000
(1786378760.825878) can0 38E#A523004011000000
(1786378760.835372) can0 38E#2B24004011000000
(1786378760.845306) can0 38F#B12AE25302000000
(1786378760.845669) can0 38E#7625004011000000
(1786378760.855336) can0 38E#9126004011000000
(1786378760.865325) can0 38F#EC2BE25302000000
(1786378760.865676) can0 38E#CC27004011000000
(1786378760.875491) can0 38E#9028004011000000
(1786378760.885320) can0 38F#622CE25302000000
(1786378760.885781) can0 38E#CD29004011000000
(1786378760.895338) can0 38E#2A2A004011000000
(1786378760.905346) can0 38F#3F2DE25302000000
(1786378760.905711) can0 38E#772B004011000000
(1786378760.915327) can0 38E#F92C004011000000
(1786378760.925480) can0 38F#D82EE25302000000
(1786378760.925880) can0 38E#A42D004011000000
(1786378760.935488) can0 38E#432E004011000000
(1786378760.945427) can0 38F#852FE25302000000
(1786378760.945839) can0 38E#1E2F004011000000
(1786378760.955377) can0 38E#4220004011000000
(1786378760.965040) can0 38F#D920E25302000000
(1786378760.965419) can0 38E#1F21004011000000
(1786378760.975230) can0 38E#F822004011000000
(1786378760.985362) can0 38F#8421E25302000000
(1786378760.985724) can0 38E#A523004011000000
(1786378760.995299) can0 38E#2B24004011000000
(1786378761.005351) can0 38F#6322E25302000000
(1786378761.005734) can0 38E#7625004011000000
(1786378761.015312) can0 38E#9126004011000000
(1786378761.025307) can0 38F#3E23E25302000000
(1786378761.025732) can0 38E#CC27004011000000
(1786378761.035394) can0 38E#9028004011000000
(1786378761.045367) can0 38F#B024E25302000000
(1786378761.045860) can0 38E#CD29004011000000
(1786378761.055336) can0 38E#2A2A004011000000
(1786378761.065457) can0 38F#ED25E25302000000
(1786378761.065855) can0 38E#772B004011000000
(1786378761.075258) can0 38E#F92C004011000000
(1786378761.085299) can0 38F#0A26E25302000000
(1786378761.085639) can0 38E#A42D004011000000
(1786378761.095262) can0 38E#432E004011000000
(1786378761.105375) can0 38F#5727E25302000000
(1786378761.105713) can0 38E#1E2F004011000000
(1786378761.115295) can0 38E#4220004011000000
(1786378761.125275) can0 38F#0B28E25302000000
(1786378761.125609) can0 38E#1F21004011000000
(1786378761.135332) can0 38E#F822004011000000
(1786378761.145336) can0 38F#5629E25302000000
(1786378761.145740) can0 38E#A523004011000000
(1786378761.155388) can0 38E#2B24004011000000
(1786378761.165266) can0 38F#B12AE25302000000
(1786378761.165581) can0 38E#7625004011000000
(1786378761.175303) can0 38E#9126004011000000
(1786378761.185284) can0 38F#EC2BE25302000000
(1786378761.185658) can0 38E#CC27004011000000
(1786378761.195456) can0 38E#9028004011000000
(1786378761.205294) can0 38F#622CE25302000000
(1786378761.205622) can0 38E#CD29004011000000
(1786378761.215373) can0 38E#2A2A004011000000
(1786378761.225516) can0 38F#3F2DE25302000000
(1786378761.225991) can0 38E#772B004011000000
(1786378761.235306) can0 38E#F92C004011000000
(1786378761.245329) can0 38F#D82EE25302000000
(1786378761.245673) can0 38E#A42D004011000000
(1786378761.255428) can0 38E#432E004011000000
(1786378761.265355) can0 38F#852FE25302000000
(1786378761.265639) can0 38E#1E2F004011000000
(1786378761.275257) can0 38E#4220004011000000
(1786378761.285297) can0 38F#D920E25302000000
(1786378761.285721) can0 38E#1F21004011000000
(1786378761.295377) can0 38E#F822004011000000
(1786378761.305409) can0 38F#8421E25302000000
(1786378761.305713) can0 38E#A523004011000000
(1786378761.315350) can0 38E#2B24004011000000
(1786378761.325316) can0 38F#6322E25302000000
(1786378761.325733) can0 38E#7625004011000000
(1786378761.335376) can0 38E#9126004011000000
(1786378761.345307) can0 38F#3E23E25302000000
(1786378761.345710) can0 38E#CC27004011000000
(1786378761.355369) can0 38E#9028004011000000
(1786378761.365288) can0 38F#B024E25302000000
(1786378761.365605) can0 38E#CD29004011000000
(1786378761.375279) can0 38E#2A2A004011000000
(1786378761.385282) can0 38F#ED25E25302000000
(1786378761.385573) can0 38E#772B004011000000
(1786378761.394902) can0 38E#F92C004011000000
(1786378761.405263) can0 38F#0A26E25302000000
(1786378761.405698) can0 38E#A42D004011000000
(1786378761.415355) can0 38E#432E004011000000
(1786378761.425330) can0 38F#5727E25302000000
(1786378761.425682) can0 38E#1E2F004011000000
(1786378761.435364) can0 38E#4220004011000000
(1786378761.445246) can0 38F#0B28E25302000000
(1786378761.445592) can0 38E#1F21004011000000
(1786378761.455345) can0 38E#F822004011000000
(1786378761.465419) can0 38F#5629E25302000000
(1786378761.465827) can0 38E#A523004011000000
(1786378761.475289) can0 38E#2B24004011000000
(1786378761.485307) can0 38F#B12AE25302000000
(1786378761.485696) can0 38E#7625004011000000
(1786378761.495325) can0 38E#9126004011000000
(1786378761.505377) can0 38F#EC2BE25302000000
(1786378761.505747) can0 38E#CC27004011000000
(1786378761.515259) can0 38E#9028004011000000
(1786378761.525204) can0 38F#622CE25302000000
(1786378761.525467) can0 38E#CD29004011000000
(1786378761.535295) can0 38E#2A2A004011000000
(1786378761.545276) can0 38F#3F2DE25302000000
(1786378761.545660) can0 38E#772B004011000000
(1786378761.555344) can0 38E#F92C004011000000
(1786378761.565333) can0 38F#D82EE25302000000
(1786378761.565697) can0 38E#A42D004011000000
(1786378761.575345) can0 38E#432E004011000000
(1786378761.585315) can0 38F#852FE25302000000
(1786378761.585619) can0 38E#1E2F004011000000
(1786378761.595295) can0 38E#4220004011000000
(1786378761.605377) can0 38F#D920E25302000000
(1786378761.605698) can0 38E#1F21004011000000
(1786378761.615239) can0 38E#F822004011000000
(1786378761.625249) can0 38F#8421E25302000000
(1786378761.625579) can0 38E#A523004011000000
(1786378761.635344) can0 38E#2B24004011000000
(1786378761.645365) can0 38F#6322E25302000000
(1786378761.645743) can0 38E#7625004011000000
(1786378761.655391) can0 38E#9126004011000000
(1786378761.665413) can0 38F#3E23E25302000000
(1786378761.665831) can0 38E#CC27004011000000
(1786378761.675375) can0 38E#9028004011000000
(1786378761.685379) can0 38F#B024E25302000000
(1786378761.685813) can0 38E#CD29004011000000
(1786378761.695314) can0 38E#2A2A004011000000
(1786378761.705303) can0 38F#ED25E25302000000
(1786378761.705619) can0 38E#772B004011000000
(1786378761.715304) can0 38E#F92C004011000000
(1786378761.725241) can0 38F#0A26E25302000000
(1786378761.725590) can0 38E#A42D004011000000
(1786378761.735542) can0 38E#432E004011000000
(1786378761.745316) can0 38F#5727E25302000000
(1786378761.745674) can0 38E#1E2F004011000000
(1786378761.755368) can0 38E#4220004011000000
(1786378761.765292) can0 38F#0B28E25302000000
(1786378761.765685) can0 38E#1F21004011000000
(1786378761.775227) can0 38E#F822004011000000
(1786378761.785375) can0 38F#5629E25302000000
(1786378761.785725) can0 38E#A523004011000000
(1786378761.795306) can0 38E#2B24004011000000
(1786378761.805366) can0 38F#B12AE25302000000
(1786378761.805795) can0 38E#7625004011000000
(1786378761.815355) can0 38E#9126004011000000
(1786378761.824971) can0 38F#EC2BE25302000000
(1786378761.825359) can0 38E#CC27004011000000
(1786378761.835301) can0 38E#9028004011000000
(1786378761.845324) can0 38F#622CE25302000000
(1786378761.845731) can0 38E#CD29004011000000
(1786378761.855309) can0 38E#2A2A004011000000
(1786378761.865382) can0 38F#3F2DE25302000000
(1786378761.865793) can0 38E#772B004011000000
(1786378761.875242) can0 38E#F92C004011000000
(1786378761.885339) can0 38F#D82EE25302000000
(1786378761.885706) can0 38E#A42D004011000000
(1786378761.895403) can0 38E#432E004011000000
(1786378761.905345) can0 38F#852FE25302000000
(1786378761.905707) can0 38E#1E2F004011000000
(1786378761.915367) can0 38E#4220004011000000
(1786378761.925303) can0 38F#D920E25302000000
(1786378761.925650) can0 38E#1F21004011000000
(1786378761.935366) can0 38E#F822004011000000
(1786378761.945361) can0 38F#8421E25302000000
(1786378761.945782) can0 38E#A523004011000000
(1786378761.955314) can0 38E#2B24004011000000
(1786378761.965280) can0 38F#6322E25302000000
(1786378761.965581) can0 38E#7625004011000000
(1786378761.975190) can0 38E#9126004011000000
(1786378761.985231) can0 38F#3E23E25302000000
(1786378761.985499) can0 38E#CC27004011000000
(1786378761.995392) can0 38E#9028004011000000
(1786378762.005356) can0 38F#B024E25302000000
(1786378762.005703) can0 38E#CD29004011000000
(1786378762.015293) can0 38E#2A2A004011000000
(1786378762.025327) can0 38F#ED25E25302000000
(1786378762.025713) can0 38E#772B004011000000
(1786378762.035429) can0 38E#F92C004011000000
(1786378762.045268) can0 38F#0A26E25302000000
(1786378762.045662) can0 38E#A42D004011000000
(1786378762.055329) can0 38E#432E004011000000
(1786378762.065368) can0 38F#5727E25302000000
(1786378762.065656) can0 38E#1E2F004011000000
(1786378762.075311) can0 38E#4220004011000000
(1786378762.085304) can0 38F#0B28E25302000000
(1786378762.085572) can0 38E#1F21004011000000
(1786378762.095308) can0 38E#F822004011000000
(1786378762.105373) can0 38F#5629E25302000000
(1786378762.105730) can0 38E#A523004011000000
(1786378762.115418) can0 38E#2B24004011000000
(1786378762.125306) can0 38F#B12AE25302000000
(1786378762.125682) can0 38E#7625004011000000
(1786378762.135357) can0 38E#9126004011000000
(1786378762.145424) can0 38F#EC2BE25302000000
(1786378762.145832) can0 38E#CC27004011000000
(1786378762.155319) can0 38E#9028004011000000
(1786378762.165465) can0 38F#622CE25302000000
(1786378762.165859) can0 38E#CD29004011000000
(1786378762.175271) can0 38E#2A2A004011000000
(1786378762.185312) can0 38F#3F2DE25302000000
(1786378762.185593) can0 38E#772B004011000000
(1786378762.195291) can0 38E#F92C004011000000
(1786378762.205284) can0 38F#D82EE25302000000
(1786378762.205650) can0 38E#A42D004011000000
(1786378762.215336) can0 38E#432E004011000000
(1786378762.225297) can0 38F#852FE25302000000
(1786378762.225601) can0 38E#1E2F004011000000
(1786378762.235403) can0 38E#4220004011000000
(1786378762.245350) can0 38F#D920E25302000000
(1786378762.245753) can0 38E#1F21004011000000
(1786378762.255019) can0 38E#F822004011000000
(1786378762.265342) can0 38F#8421E25302000000
(1786378762.265645) can0 38E#A523004011000000
(1786378762.275312) can0 38E#2B24004011000000
(1786378762.285343) can0 38F#6322E25302000000
(1786378762.285794) can0 38E#7625004011000000
(1786378762.295398) can0 38E#9126004011000000
(1786378762.305333) can0 38F#3E23E25302000000
(1786378762.305772) can0 38E#CC27004011000000
(1786378762.315350) can0 38E#9028004011000000
(1786378762.325330) can0 38F#B024E25302000000
(1786378762.325707) can0 38E#CD29004011000000
(1786378762.335389) can0 38E#2A2A004011000000
(1786378762.345449) can0 38F#ED25E25302000000
(1786378762.345832) can0 38E#772B004011000000
(1786378762.355288) can0 38E#F92C004011000000
(1786378762.365343) can0 38F#0A26E25302000000
(1786378762.365630) can0 38E#A42D004011000000
(1786378762.375353) can0 38E#432E004011000000
(1786378762.385315) can0 38F#5727E25302000000
(1786378762.385665) can0 38E#1E2F004011000000
(1786378762.395286) can0 38E#4220004011000000
(1786378762.405229) can0 38F#0B28E25302000000
(1786378762.405484) can0 38E#1F21004011000000
(1786378762.415293) can0 38E#F822004011000000
(1786378762.425342) can0 38F#5629E25302000000
(1786378762.425758) can0 38E#A523004011000000
(1786378762.435268) can0 38E#2B24004011000000
(1786378762.445271) can0 38F#B12AE25302000000
(1786378762.445679) can0 38E#7625004011000000
(1786378762.455339) can0 38E#9126004011000000
(1786378762.465351) can0 38F#EC2BE25302000000
(1786378762.465713) can0 38E#CC27004011000000
(1786378762.475277) can0 38E#9028004011000000
(1786378762.485250) can0 38F#622CE25302000000
(1786378762.485709) can0 38E#CD29004011000000
(1786378762.495415) can0 38E#2A2A004011000000
(1786378762.505445) can0 38F#3F2DE25302000000
(1786378762.505757) can0 38E#772B004011000000
(1786378762.515332) can0 38E#F92C004011000000
(1786378762.525474) can0 38F#D82EE25302000000
(1786378762.525939) can0 38E#A42D004011000000
(1786378762.535427) can0 38E#432E004011000000
(1786378762.545411) can0 38F#852FE25302000000
(1786378762.545763) can0 38E#1E2F004011000000
(1786378762.555431) can0 38E#4220004011000000
(1786378762.565277) can0 38F#D920E25302000000
(1786378762.565598) can0 38E#1F21004011000000
(1786378762.575286) can0 38E#F822004011000000
(1786378762.585342) can0 38F#8421E25302000000
(1786378762.585723) can0 38E#A523004011000000
(1786378762.595324) can0 38E#2B24004011000000
(1786378762.605325) can0 38F#6322E25302000000
(1786378762.605618) can0 38E#7625004011000000
(1786378762.615291) can0 38E#9126004011000000
(1786378762.625307) can0 38F#3E23E25302000000
(1786378762.625633) can0 38E#CC27004011000000
(1786378762.635323) can0 38E#9028004011000000
(1786378762.645288) can0 38F#B024E25302000000
(1786378762.645659) can0 38E#CD29004011000000
(1786378762.655287) can0 38E#2A2A004011000000
(1786378762.665366) can0 38F#ED25E25302000000
(1786378762.665650) can0 38E#772B004011000000
(1786378762.675345) can0 38E#F92C004011000000
(1786378762.685074) can0 38F#0A26E25302000000
(1786378762.685441) can0 38E#A42D004011000000
(1786378762.695294) can0 38E#432E004011000000
(1786378762.705416) can0 38F#5727E25302000000
(1786378762.705761) can0 38E#1E2F004011000000
(1786378762.715331) can0 38E#4220004011000000
(1786378762.725481) can0 38F#0B28E25302000000
(1786378762.725921) can0 38E#1F21004011000000
(1786378762.735391) can0 38E#F822004011000000
(1786378762.745302) can0 38F#5629E25302000000
(1786378762.745693) can0 38E#A523004011000000
(1786378762.755412) can0 38E#2B24004011000000
(1786378762.765343) can0 38F#B12AE25302000000
(1786378762.765663) can0 38E#7625004011000000
(1786378762.775288) can0 38E#9126004011000000
(1786378762.785367) can0 38F#EC2BE25302000000
(1786378762.785763) can0 38E#CC27004011000000
(1786378762.795315) can0 38E#9028004011000000
(1786378762.805307) can0 38F#622CE25302000000
(1786378762.805726) can0 38E#CD29004011000000
(1786378762.815354) can0 38E#2A2A004011000000
(1786378762.825342) can0 38F#3F2DE25302000000
(1786378762.825688) can0 38E#772B004011000000
(1786378762.835315) can0 38E#F92C004011000000
(1786378762.845285) can0 38F#D82EE25302000000
(1786378762.845829) can0 38E#A42D004011000000
(1786378762.855396) can0 38E#432E004011000000
(1786378762.865320) can0 38F#852FE25302000000
(1786378762.865663) can0 38E#1E2F004011000000
(1786378762.875279) can0 38E#4220004011000000
(1786378762.885273) can0 38F#D920E25302000000
(1786378762.885502) can0 38E#1F21004011000000
(1786378762.895361) can0 38E#F822004011000000
(1786378762.905287) can0 38F#8421E25302000000
(1786378762.905590) can0 38E#A523004011000000
(1786378762.915309) can0 38E#2B24004011000000
(1786378762.925425) can0 38F#6322E25302000000
(1786378762.925851) can0 38E#7625004011000000
(1786378762.935464) can0 38E#9126004011000000
(1786378762.945385) can0 38F#3E23E25302000000
(1786378762.945824) can0 38E#CC27004011000000
(1786378762.955350) can0 38E#9028004011000000
(1786378762.965269) can0 38F#B024E25302000000
(1786378762.965643) can0 38E#CD29004011000000
(1786378762.975460) can0 38E#2A2A004011000000
(1786378762.985443) can0 38F#ED25E25302000000
(1786378762.985748) can0 38E#772B004011000000
(1786378762.995322) can0 38E#F92C004011000000
(1786378763.005255) can0 38F#0A26E25302000000
(1786378763.005626) can0 38E#A42D004011000000
(1786378763.015386) can0 38E#432E004011000000
(1786378763.025341) can0 38F#5727E25302000000
(1786378763.025688) can0 38E#1E2F004011000000
(1786378763.035406) can0 38E#4220004011000000
(1786378763.045355) can0 38F#0B28E25302000000
(1786378763.045750) can0 38E#1F21004011000000
(1786378763.055321) can0 38E#F822004011000000
(1786378763.065336) can0 38F#5629E25302000000
(1786378763.065668) can0 38E#A523004011000000
(1786378763.075260) can0 38E#2B24004011000000
(1786378763.085251) can0 38F#B12AE25302000000
(1786378763.085618) can0 38E#7625004011000000
(1786378763.095390) can0 38E#9126004011000000
(1786378763.105408) can0 38F#EC2BE25302000000
(1786378763.105790) can0 38E#CC27004011000000
(1786378763.115222) can0 38E#9028004011000000
(1786378763.125202) can0 38F#622CE25302000000
(1786378763.125552) can0 38E#CD29004011000000
(1786378763.135491) can0 38E#2A2A004011000000
(1786378763.145376) can0 38F#3F2DE25302000000
(1786378763.145759) can0 38E#772B004011000000
(1786378763.155381) can0 38E#F92C004011000000
(1786378763.165332) can0 38F#D82EE25302000000
(1786378763.165688) can0 38E#A42D004011000000
(1786378763.175403) can0 38E#432E004011000000
(1786378763.185401) can0 38F#852FE25302000000
(1786378763.185733) can0 38E#1E2F004011000000
(1786378763.195418) can0 38E#4220004011000000
(1786378763.205331) can0 38F#D920E25302000000
(1786378763.205696) can0 38E#1F21004011000000
(1786378763.215380) can0 38E#F822004011000000
(1786378763.225318) can0 38F#8421E25302000000
(1786378763.225679) can0 38E#A523004011000000
(1786378763.235363) can0 38E#2B24004011000000
(1786378763.245257) can0 38F#6322E25302000000
(1786378763.245613) can0 38E#7625004011000000
(1786378763.255344) can0 38E#9126004011000000
(1786378763.265335) can0 38F#3E23E25302000000
(1786378763.265626) can0 38E#CC27004011000000
(1786378763.275224) can0 38E#9028004011000000
(1786378763.285418) can0 38F#B024E25302000000
(1786378763.285753) can0 38E#CD29004011000000
(1786378763.295291) can0 38E#2A2A004011000000
(1786378763.305337) can0 38F#ED25E25302000000
(1786378763.305723) can0 38E#772B004011000000
(1786378763.315352) can0 38E#F92C004011000000
(1786378763.325298) can0 38F#0A26E25302000000
(1786378763.325675) can0 38E#A42D004011000000
(1786378763.335364) can0 38E#432E004011000000
(1786378763.345243) can0 38F#5727E25302000000
(1786378763.345625) can0 38E#1E2F004011000000
(1786378763.355412) can0 38E#4220004011000000
(1786378763.365333) can0 38F#0B28E25302000000
(1786378763.365701) can0 38E#1F21004011000000
(1786378763.375332) can0 38E#F822004011000000
(1786378763.385388) can0 38F#5629E25302000000
(1786378763.385789) can0 38E#A523004011000000
(1786378763.395312) can0 38E#2B24004011000000
(1786378763.405442) can0 38F#B12AE25302000000
(1786378763.405753) can0 38E#7625004011000000
(1786378763.415393) can0 38E#9126004011000000
(1786378763.425299) can0 38F#EC2BE25302000000
(1786378763.425647) can0 38E#CC27004011000000
(1786378763.435324) can0 38E#9028004011000000
(1786378763.445291) can0 38F#622CE25302000000
(1786378763.445705) can0 38E#CD29004011000000
(1786378763.455384) can0 38E#2A2A004011000000
(1786378763.465289) can0 38F#3F2DE25302000000
(1786378763.465661) can0 38E#772B004011000000
(1786378763.475255) can0 38E#F92C004011000000
(1786378763.485307) can0 38F#D82EE25302000000
(1786378763.485674) can0 38E#A42D004011000000
(1786378763.495319) can0 38E#432E004011000000
(1786378763.505415) can0 38F#852FE25302000000
(1786378763.505752) can0 38E#1E2F004011000000
(1786378763.515365) can0 38E#4220004011000000
(1786378763.525351) can0 38F#D920E25302000000
(1786378763.525729) can0 38E#1F21004011000000
(1786378763.535432) can0 38E#F822004011000000
(1786378763.545305) can0 38F#8421E25302000000
(1786378763.545630) can0 38E#A523004011000000
(1786378763.555392) can0 38E#2B24004011000000
(1786378763.565326) can0 38F#6322E25302000000
(1786378763.565672) can0 38E#7625004011000000
(1786378763.575298) can0 38E#9126004011000000
(1786378763.585428) can0 38F#3E23E25302000000
(1786378763.585804) can0 38E#CC27004011000000
(1786378763.595307) can0 38E#9028004011000000
(1786378763.605253) can0 38F#B024E25302000000
(1786378763.605585) can0 38E#CD29004011000000
(1786378763.615356) can0 38E#2A2A004011000000
(1786378763.625431) can0 38F#ED25E25302000000
(1786378763.625768) can0 38E#772B004011000000
(1786378763.635355) can0 38E#F92C004011000000
(1786378763.645278) can0 38F#0A26E25302000000
(1786378763.645598) can0 38E#A42D004011000000
(1786378763.655294) can0 38E#432E004011000000
(1786378763.665373) can0 38F#5727E25302000000
(1786378763.665712) can0 38E#1E2F004011000000
(1786378763.675355) can0 38E#4220004011000000
(1786378763.685383) can0 38F#0B28E25302000000
(1786378763.685780) can0 38E#1F21004011000000
(1786378763.695383) can0 38E#F822004011000000
(1786378763.705380) can0 38F#5629E25302000000
(1786378763.705738) can0 38E#A523004011000000
(1786378763.715458) can0 38E#2B24004011000000
(1786378763.725399) can0 38F#B12AE25302000000
(1786378763.725828) can0 38E#7625004011000000
(1786378763.735414) can0 38E#9126004011000000
(1786378763.745316) can0 38F#EC2BE25302000000
(1786378763.745693) can0 38E#CC27004011000000
(1786378763.755438) can0 38E#9028004011000000
(1786378763.765276) can0 38F#622CE25302000000
(1786378763.765586) can0 38E#CD29004011000000
(1786378763.775289) can0 38E#2A2A004011000000
(1786378763.785368) can0 38F#3F2DE25302000000
(1786378763.785781) can0 38E#772B004011000000
(1786378763.795444) can0 38E#F92C004011000000
(1786378763.805343) can0 38F#D82EE25302000000
(1786378763.805753) can0 38E#A42D004011000000
(1786378763.815350) can0 38E#432E004011000000
(1786378763.825448) can0 38F#852FE25302000000
(1786378763.825875) can0 38E#1E2F004011000000
(1786378763.835426) can0 38E#4220004011000000
(1786378763.845320) can0 38F#D920E25302000000
(1786378763.845703) can0 38E#1F21004011000000
(1786378763.855417) can0 38E#F822004011000000
(1786378763.865433) can0 38F#8421E25302000000
(1786378763.865821) can0 38E#A523004011000000
(1786378763.875361) can0 38E#2B24004011000000
(1786378763.885337) can0 38F#6322E25302000000
(1786378763.885698) can0 38E#7625004011000000
(1786378763.895431) can0 38E#9126004011000000
(1786378763.905359) can0 38F#3E23E25302000000
(1786378763.905688) can0 38E#CC27004011000000
(1786378763.915279) can0 38E#9028004011000000
(1786378763.925335) can0 38F#B024E25302000000
(1786378763.925700) can0 38E#CD29004011000000
(1786378763.935441) can0 38E#2A2A004011000000
(1786378763.945306) can0 38F#ED25E25302000000
(1786378763.945671) can0 38E#772B004011000000
(1786378763.955426) can0 38E#F92C004011000000
(1786378763.965267) can0 38F#0A26E25302000000
(1786378763.965627) can0 38E#A42D004011000000
(1786378763.975218) can0 38E#432E004011000000
(1786378763.985314) can0 38F#5727E25302000000
(1786378763.985762) can0 38E#1E2F004011000000
(1786378763.995377) can0 38E#4220004011000000
(1786378764.005381) can0 38F#0B28E25302000000
(1786378764.005681) can0 38E#1F21004011000000
(1786378764.015383) can0 38E#F822004011000000
(1786378764.025341) can0 38F#5629E25302000000
(1786378764.025818) can0 38E#A523004011000000
(1786378764.035349) can0 38E#2B24004011000000
(1786378764.045313) can0 38F#B12AE25302000000
(1786378764.045732) can0 38E#7625004011000000
(1786378764.055368) can0 38E#9126004011000000
(1786378764.065366) can0 38F#EC2BE25302000000
(1786378764.065733) can0 38E#CC27004011000000
(1786378764.075268) can0 38E#9028004011000000
(1786378764.085346) can0 38F#622CE25302000000
(1786378764.085867) can0 38E#CD29004011000000
(1786378764.095389) can0 38E#2A2A004011000000
(1786378764.105371) can0 38F#3F2DE25302000000
(1786378764.105780) can0 38E#772B004011000000
(1786378764.115379) can0 38E#F92C004011000000
(1786378764.125277) can0 38F#D82EE25302000000
(1786378764.125658) can0 38E#A42D004011000000
(1786378764.135406) can0 38E#432E004011000000
(1786378764.145358) can0 38F#852FE25302000000
(1786378764.145751) can0 38E#1E2F004011000000
(1786378764.155373) can0 38E#4220004011000000
(1786378764.165301) can0 38F#D920E25302000000
(1786378764.165754) can0 38E#1F21004011000000
(1786378764.175324) can0 38E#F822004011000000
(1786378764.185415) can0 38F#8421E25302000000
(1786378764.185728) can0 38E#A523004011000000
(1786378764.195404) can0 38E#2B24004011000000
(1786378764.205262) can0 38F#6322E25302000000
(1786378764.205644) can0 38E#7625004011000000
(1786378764.215296) can0 38E#9126004011000000
(1786378764.225362) can0 38F#3E23E25302000000
(1786378764.225676) can0 38E#CC27004011000000
(1786378764.235359) can0 38E#9028004011000000
(1786378764.245247) can0 38F#B024E25302000000
(1786378764.245557) can0 38E#CD29004011000000
(1786378764.255302) can0 38E#2A2A004011000000
(1786378764.265307) can0 38F#ED25E25302000000
(1786378764.265587) can0 38E#772B004011000000
(1786378764.275312) can0 38E#F92C004011000000
(1786378764.285213) can0 38F#0A26E25302000000
(1786378764.285532) can0 38E#A42D004011000000
(1786378764.295295) can0 38E#432E004011000000
(1786378764.305324) can0 38F#5727E25302000000
(1786378764.305665) can0 38E#1E2F004011000000
(1786378764.315370) can0 38E#4220004011000000
(1786378764.325308) can0 38F#0B28E25302000000
(1786378764.325590) can0 38E#1F21004011000000
(1786378764.335275) can0 38E#F822004011000000
(1786378764.345227) can0 38F#5629E25302000000
(1786378764.345448) can0 38E#A523004011000000
(1786378764.355249) can0 38E#2B24004011000000
(1786378764.365232) can0 38F#B12AE25302000000
(1786378764.365532) can0 38E#7625004011000000
(1786378764.375264) can0 38E#9126004011000000
(1786378764.385339) can0 38F#EC2BE25302000000
(1786378764.385632) can0 38E#CC27004011000000
(1786378764.395321) can0 38E#9028004011000000
(1786378764.405241) can0 38F#622CE25302000000
(1786378764.405570) can0 38E#CD29004011000000
(1786378764.415223) can0 38E#2A2A004011000000
(1786378764.425318) can0 38F#3F2DE25302000000
(1786378764.425620) can0 38E#772B004011000000
(1786378764.435270) can0 38E#F92C004011000000
(1786378764.445282) can0 38F#D82EE25302000000
(1786378764.445549) can0 38E#A42D004011000000
(1786378764.455178) can0 38E#432E004011000000
(1786378764.465279) can0 38F#852FE25302000000
(1786378764.465559) can0 38E#1E2F004011000000
(1786378764.475303) can0 38E#4220004011000000
(1786378764.485265) can0 38F#D920E25302000000
(1786378764.485568) can0 38E#1F21004011000000
(1786378764.495311) can0 38E#F822004011000000
(1786378764.505279) can0 38F#8421E25302000000
(1786378764.505527) can0 38E#A523004011000000
(1786378764.515230) can0 38E#2B24004011000000
(1786378764.525235) can0 38F#6322E25302000000
(1786378764.525457) can0 38E#7625004011000000
(1786378764.535215) can0 38E#9126004011000000
(1786378764.545341) can0 38F#3E23E25302000000
(1786378764.545646) can0 38E#CC27004011000000
(1786378764.555266) can0 38E#9028004011000000
(1786378764.565229) can0 38F#B024E25302000000
(1786378764.565492) can0 38E#CD29004011000000
(1786378764.575375) can0 38E#2A2A004011000000
(1786378764.585328) can0 38F#ED25E25302000000
(1786378764.585656) can0 38E#772B004011000000
(1786378764.595245) can0 38E#F92C004011000000
(1786378764.605310) can0 38F#0A26E25302000000
(1786378764.605557) can0 38E#A42D004011000000
(1786378764.615340) can0 38E#432E004011000000
(1786378764.624985) can0 38F#5727E25302000000
(1786378764.625273) can0 38E#1E2F004011000000
(1786378764.635264) can0 38E#4220004011000000
(1786378764.645306) can0 38F#0B28E25302000000
(1786378764.645699) can0 38E#1F21004011000000
(1786378764.655416) can0 38E#F822004011000000
(1786378764.665269) can0 38F#5629E25302000000
(1786378764.665551) can0 38E#A523004011000000
(1786378764.675317) can0 38E#2B24004011000000
(1786378764.687325) can0 38F#B12AE25302000000
(1786378764.687629) can0 38E#7625004011000000
(1786378764.723091) can0 38E#9126004011000000
(1786378764.750360) can0 38F#EC2BE25302000000
(1786378764.751843) can0 38E#CC27004011000000
(1786378764.752165) can0 38E#9028004011000000
(1786378764.752987) can0 38F#622CE25302000000
(1786378764.754046) can0 38E#CD29004011000000
(1786378764.754332) can0 38E#2A2A004011000000
(1786378764.754947) can0 38F#3F2DE25302000000
(1786378764.755219) can0 38E#772B004011000000
(1786378764.755476) can0 38E#F92C004011000000
(1786378764.765228) can0 38F#D82EE25302000000
(1786378764.765524) can0 38E#A42D004011000000
(1786378764.775319) can0 38E#432E004011000000
(1786378764.785286) can0 38F#852FE25302000000
(1786378764.785805) can0 38E#1E2F004011000000
(1786378764.795435) can0 38E#4220004011000000
(1786378764.805253) can0 38F#D920E25302000000
(1786378764.805531) can0 38E#1F21004011000000
(1786378764.815293) can0 38E#F822004011000000
(1786378764.825326) can0 38F#8421E25302000000
(1786378764.825579) can0 38E#A523004011000000
(1786378764.835215) can0 38E#2B24004011000000
(1786378764.844961) can0 38F#6322E25302000000
(1786378764.845223) can0 38E#7625004011000000
(1786378764.855323) can0 38E#9126004011000000
(1786378764.865256) can0 38F#3E23E25302000000
(1786378764.865477) can0 38E#CC27004011000000
(1786378764.875325) can0 38E#9028004011000000
(1786378764.899663) can0 38F#B024E25302000000
(1786378764.900121) can0 38E#CD29004011000000
(1786378764.900411) can0 38E#2A2A004011000000
(1786378764.905333) can0 38F#ED25E25302000000
(1786378764.905655) can0 38E#772B004011000000
(1786378764.915263) can0 38E#F92C004011000000
(1786378764.925215) can0 38F#0A26E25302000000
(1786378764.925440) can0 38E#A42D004011000000
(1786378764.935238) can0 38E#432E004011000000
(1786378764.945307) can0 38F#5727E25302000000
(1786378764.945566) can0 38E#1E2F004011000000
(1786378764.955304) can0 38E#4220004011000000
(1786378764.965261) can0 38F#0B28E25302000000
(1786378764.965535) can0 38E#1F21004011000000
(1786378764.975310) can0 38E#F822004011000000
(1786378764.985272) can0 38F#5629E25302000000
(1786378764.985574) can0 38E#A523004011000000
(1786378764.995341) can0 38E#2B24004011000000
(1786378765.005288) can0 38F#B12AE25302000000
(1786378765.005615) can0 38E#7625004011000000
(1786378765.015283) can0 38E#9126004011000000
(1786378765.025243) can0 38F#EC2BE25302000000
(1786378765.025478) can0 38E#CC27004011000000
(1786378765.035330) can0 38E#9028004011000000
(1786378765.045311) can0 38F#622CE25302000000
(1786378765.045600) can0 38E#CD29004011000000
(1786378765.055259) can0 38E#2A2A004011000000
(1786378765.065301) can0 38F#3F2DE25302000000
(1786378765.065560) can0 38E#772B004011000000
(1786378765.075302) can0 38E#F92C004011000000
(1786378765.085290) can0 38F#D82EE25302000000
(1786378765.085580) can0 38E#A42D004011000000
(1786378765.095344) can0 38E#432E004011000000
(1786378765.105325) can0 38F#852FE25302000000
(1786378765.105629) can0 38E#1E2F004011000000
(1786378765.115273) can0 38E#4220004011000000
(1786378765.125328) can0 38F#D920E25302000000
(1786378765.125577) can0 38E#1F21004011000000
(1786378765.135247) can0 38E#F822004011000000
(1786378765.145255) can0 38F#8421E25302000000
(1786378765.145495) can0 38E#A523004011000000
(1786378765.155287) can0 38E#2B24004011000000
(1786378765.165268) can0 38F#6322E25302000000
(1786378765.165516) can0 38E#7625004011000000
(1786378765.175311) can0 38E#9126004011000000
(1786378765.185272) can0 38F#3E23E25302000000
(1786378765.185531) can0 38E#CC27004011000000
(1786378765.195250) can0 38E#9028004011000000
(1786378765.205228) can0 38F#B024E25302000000
(1786378765.205483) can0 38E#CD29004011000000
(1786378765.215283) can0 38E#2A2A004011000000
(1786378765.225373) can0 38F#ED25E25302000000
(1786378765.225725) can0 38E#772B004011000000
(1786378765.235320) can0 38E#F92C004011000000
(1786378765.245332) can0 38F#0A26E25302000000
(1786378765.245713) can0 38E#A42D004011000000
(1786378765.255336) can0 38E#432E004011000000
(1786378765.265237) can0 38F#5727E25302000000
(1786378765.265500) can0 38E#1E2F004011000000
(1786378765.275226) can0 38E#4220004011000000
(1786378765.285283) can0 38F#0B28E25302000000
(1786378765.285484) can0 38E#1F21004011000000
(1786378765.295365) can0 38E#F822004011000000
(1786378765.305347) can0 38F#5629E25302000000
(1786378765.305615) can0 38E#A523004011000000
(1786378765.315293) can0 38E#2B24004011000000
(1786378765.325229) can0 38F#B12AE25302000000
(1786378765.325533) can0 38E#7625004011000000
(1786378765.335301) can0 38E#9126004011000000
(1786378765.345252) can0 38F#EC2BE25302000000
(1786378765.345477) can0 38E#CC27004011000000
(1786378765.355182) can0 38E#9028004011000000
(1786378765.365204) can0 38F#622CE25302000000
(1786378765.365374) can0 38E#CD29004011000000
(1786378765.375269) can0 38E#2A2A004011000000
(1786378765.385282) can0 38F#3F2DE25302000000
(1786378765.385507) can0 38E#772B004011000000
(1786378765.395250) can0 38E#F92C004011000000
(1786378765.405297) can0 38F#D82EE25302000000
(1786378765.405504) can0 38E#A42D004011000000
(1786378765.415190) can0 38E#432E004011000000
(1786378765.425181) can0 38F#852FE25302000000
(1786378765.425435) can0 38E#1E2F004011000000
(1786378765.435286) can0 38E#4220004011000000
(1786378765.445303) can0 38F#D920E25302000000
(1786378765.445624) can0 38E#1F21004011000000
(1786378765.455274) can0 38E#F822004011000000
(1786378765.465264) can0 38F#8421E25302000000
(1786378765.465490) can0 38E#A523004011000000
(1786378765.475260) can0 38E#2B24004011000000
(1786378765.485189) can0 38F#6322E25302000000
(1786378765.485440) can0 38E#7625004011000000
(1786378765.495205) can0 38E#9126004011000000
(1786378765.505234) can0 38F#3E23E25302000000
(1786378765.505483) can0 38E#CC27004011000000
(1786378765.515285) can0 38E#9028004011000000
(1786378765.525280) can0 38F#B024E25302000000
(1786378765.525488) can0 38E#CD29004011000000
(1786378765.535284) can0 38E#2A2A004011000000
(1786378765.545311) can0 38F#ED25E25302000000
(1786378765.545561) can0 38E#772B004011000000
(1786378765.555288) can0 38E#F92C004011000000
(1786378765.565254) can0 38F#0A26E25302000000
(1786378765.565432) can0 38E#A42D004011000000
(1786378765.575279) can0 38E#432E004011000000
(1786378765.585213) can0 38F#5727E25302000000
(1786378765.585426) can0 38E#1E2F004011000000
(1786378765.595327) can0 38E#4220004011000000
(1786378765.605288) can0 38F#0B28E25302000000
(1786378765.605546) can0 38E#1F21004011000000
(1786378765.615313) can0 38E#F822004011000000
(1786378765.625249) can0 38F#5629E25302000000
(1786378765.625482) can0 38E#A523004011000000
(1786378765.635222) can0 38E#2B24004011000000
(1786378765.645214) can0 38F#B12AE25302000000
(1786378765.645495) can0 38E#7625004011000000
(1786378765.655328) can0 38E#9126004011000000
(1786378765.665254) can0 38F#EC2BE25302000000
(1786378765.665467) can0 38E#CC27004011000000
(1786378765.675291) can0 38E#9028004011000000
(1786378765.685313) can0 38F#622CE25302000000
(1786378765.685611) can0 38E#CD29004011000000
(1786378765.695310) can0 38E#2A2A004011000000
(1786378765.705271) can0 38F#3F2DE25302000000
(1786378765.705564) can0 38E#772B004011000000
(1786378765.715300) can0 38E#F92C004011000000
(1786378765.725241) can0 38F#D82EE25302000000
(1786378765.725513) can0 38E#A42D004011000000
(1786378765.735315) can0 38E#432E004011000000
(1786378765.745263) can0 38F#852FE25302000000
(1786378765.745521) can0 38E#1E2F004011000000
(1786378765.755235) can0 38E#4220004011000000
(1786378765.765274) can0 38F#D920E25302000000
(1786378765.765498) can0 38E#1F21004011000000
(1786378765.775307) can0 38E#F822004011000000
(1786378765.785249) can0 38F#8421E25302000000
(1786378765.785494) can0 38E#A523004011000000
(1786378765.795373) can0 38E#2B24004011000000
(1786378765.805325) can0 38F#6322E25302000000
(1786378765.805562) can0 38E#7625004011000000
(1786378765.815291) can0 38E#9126004011000000
(1786378765.825234) can0 38F#3E23E25302000000
(1786378765.825463) can0 38E#CC27004011000000
(1786378765.835340) can0 38E#9028004011000000
(1786378765.845257) can0 38F#B024E25302000000
(1786378765.845530) can0 38E#CD29004011000000
(1786378765.855243) can0 38E#2A2A004011000000
(1786378765.865270) can0 38F#ED25E25302000000
(1786378765.865497) can0 38E#772B004011000000
(1786378765.875244) can0 38E#F92C004011000000
(1786378765.885256) can0 38F#0A26E25302000000
(1786378765.885524) can0 38E#A42D004011000000
(1786378765.895316) can0 38E#432E004011000000
(1786378765.905347) can0 38F#5727E25302000000
(1786378765.905601) can0 38E#1E2F004011000000
(1786378765.915252) can0 38E#4220004011000000
(1786378765.925225) can0 38F#0B28E25302000000
(1786378765.925467) can0 38E#1F21004011000000
(1786378765.935305) can0 38E#F822004011000000
(1786378765.945307) can0 38F#5629E25302000000
(1786378765.945607) can0 38E#A523004011000000
(1786378765.955294) can0 38E#2B24004011000000
(1786378765.965241) can0 38F#B12AE25302000000
(1786378765.965457) can0 38E#7625004011000000
(1786378765.975269) can0 38E#9126004011000000
(1786378765.985338) can0 38F#EC2BE25302000000
(1786378765.985585) can0 38E#CC27004011000000
(1786378765.995336) can0 38E#9028004011000000
(1786378766.005288) can0 38F#622CE25302000000
(1786378766.005515) can0 38E#CD29004011000000
(1786378766.015260) can0 38E#2A2A004011000000
(1786378766.025214) can0 38F#3F2DE25302000000
(1786378766.025414) can0 38E#772B004011000000
(1786378766.035299) can0 38E#F92C004011000000
(1786378766.045389) can0 38F#D82EE25302000000
(1786378766.045765) can0 38E#A42D004011000000
(1786378766.055277) can0 38E#432E004011000000
(1786378766.065276) can0 38F#852FE25302000000
(1786378766.065556) can0 38E#1E2F004011000000
(1786378766.075244) can0 38E#4220004011000000
(1786378766.085302) can0 38F#D920E25302000000
(1786378766.085557) can0 38E#1F21004011000000
(1786378766.095301) can0 38E#F822004011000000
(1786378766.105289) can0 38F#8421E25302000000
(1786378766.105522) can0 38E#A523004011000000
(1786378766.115316) can0 38E#2B24004011000000
(1786378766.124980) can0 38F#6322E25302000000
(1786378766.125257) can0 38E#7625004011000000
(1786378766.135253) can0 38E#9126004011000000
(1786378766.145316) can0 38F#3E23E25302000000
(1786378766.145558) can0 38E#CC27004011000000
(1786378766.155308) can0 38E#9028004011000000
(1786378766.165417) can0 38F#B024E25302000000
(1786378766.165786) can0 38E#CD29004011000000
(1786378766.175394) can0 38E#2A2A004011000000
(1786378766.185394) can0 38F#ED25E25302000000
(1786378766.185771) can0 38E#772B004011000000
(1786378766.195686) can0 38E#F92C004011000000
(1786378766.205282) can0 38F#0A26E25302000000
(1786378766.205525) can0 38E#A42D004011000000
(1786378766.215270) can0 38E#432E004011000000
(1786378766.225250) can0 38F#5727E25302000000
(1786378766.225520) can0 38E#1E2F004011000000
(1786378766.235304) can0 38E#4220004011000000
(1786378766.245346) can0 38F#0B28E25302000000
(1786378766.245687) can0 38E#1F21004011000000
(1786378766.255329) can0 38E#F822004011000000
(1786378766.265313) can0 38F#5629E25302000000
(1786378766.265619) can0 38E#A523004011000000
(1786378766.275262) can0 38E#2B24004011000000
(1786378766.285288) can0 38F#B12AE25302000000
(1786378766.285578) can0 38E#7625004011000000
(1786378766.295458) can0 38E#9126004011000000
(1786378766.305331) can0 38F#EC2BE25302000000
(1786378766.305687) can0 38E#CC27004011000000
(1786378766.315374) can0 38E#9028004011000000
(1786378766.325361) can0 38F#622CE25302000000
(1786378766.325850) can0 38E#CD29004011000000
(1786378766.335332) can0 38E#2A2A004011000000
(1786378766.345385) can0 38F#3F2DE25302000000
(1786378766.345798) can0 38E#772B004011000000
(1786378766.355362) can0 38E#F92C004011000000
(1786378766.365308) can0 38F#D82EE25302000000
(1786378766.365633) can0 38E#A42D004011000000
(1786378766.375395) can0 38E#432E004011000000
(1786378766.385288) can0 38F#852FE25302000000
(1786378766.385590) can0 38E#1E2F004011000000
(1786378766.395352) can0 38E#4220004011000000
(1786378766.405330) can0 38F#D920E25302000000
(1786378766.405692) can0 38E#1F21004011000000
(1786378766.415354) can0 38E#F822004011000000
(1786378766.425306) can0 38F#8421E25302000000
(1786378766.425546) can0 38E#A523004011000000
(1786378766.435324) can0 38E#2B24004011000000
(1786378766.445232) can0 38F#6322E25302000000
(1786378766.445552) can0 38E#7625004011000000
(1786378766.455276) can0 38E#9126004011000000
(1786378766.465307) can0 38F#3E23E25302000000
(1786378766.465630) can0 38E#CC27004011000000
(1786378766.475323) can0 38E#9028004011000000
(1786378766.485266) can0 38F#B024E25302000000
(1786378766.485585) can0 38E#CD29004011000000
(1786378766.495303) can0 38E#2A2A004011000000
(1786378766.505323) can0 38F#ED25E25302000000
(1786378766.505640) can0 38E#772B004011000000
(1786378766.515294) can0 38E#F92C004011000000
(1786378766.525230) can0 38F#0A26E25302000000
(1786378766.525542) can0 38E#A42D004011000000
(1786378766.535355) can0 38E#432E004011000000
(1786378766.545335) can0 38F#5727E25302000000
(1786378766.545605) can0 38E#1E2F004011000000
(1786378766.555330) can0 38E#4220004011000000
(1786378766.565258) can0 38F#0B28E25302000000
(1786378766.565519) can0 38E#1F21004011000000
(1786378766.575441) can0 38E#F822004011000000
(1786378766.585349) can0 38F#5629E25302000000
(1786378766.585641) can0 38E#A523004011000000
(1786378766.595341) can0 38E#2B24004011000000
(1786378766.605266) can0 38F#B12AE25302000000
(1786378766.605546) can0 38E#7625004011000000
(1786378766.615265) can0 38E#9126004011000000
(1786378766.625361) can0 38F#EC2BE25302000000
(1786378766.625611) can0 38E#CC27004011000000
(1786378766.635340) can0 38E#9028004011000000
(1786378766.645290) can0 38F#622CE25302000000
(1786378766.645588) can0 38E#CD29004011000000
(1786378766.655278) can0 38E#2A2A004011000000
(1786378766.665281) can0 38F#3F2DE25302000000
(1786378766.665540) can0 38E#772B004011000000
(1786378766.675330) can0 38E#F92C004011000000
(1786378766.685256) can0 38F#D82EE25302000000
(1786378766.685638) can0 38E#A42D004011000000
(1786378766.695444) can0 38E#432E004011000000
(1786378766.705275) can0 38F#852FE25302000000
(1786378766.705565) can0 38E#1E2F004011000000
(1786378766.715277) can0 38E#4220004011000000
(1786378766.725278) can0 38F#D920E25302000000
(1786378766.725567) can0 38E#1F21004011000000
(1786378766.735301) can0 38E#F822004011000000
(1786378766.745404) can0 38F#8421E25302000000
(1786378766.745673) can0 38E#A523004011000000
(1786378766.755366) can0 38E#2B24004011000000
(1786378766.765312) can0 38F#6322E25302000000
(1786378766.765648) can0 38E#7625004011000000
(1786378766.775263) can0 38E#9126004011000000
(1786378766.785353) can0 38F#3E23E25302000000
(1786378766.785690) can0 38E#CC27004011000000
(1786378766.795344) can0 38E#9028004011000000
(1786378766.805322) can0 38F#B024E25302000000
(1786378766.805551) can0 38E#CD29004011000000
(1786378766.815307) can0 38E#2A2A004011000000
(1786378766.825265) can0 38F#ED25E25302000000
(1786378766.825506) can0 38E#772B004011000000
(1786378766.835350) can0 38E#F92C004011000000
(1786378766.845322) can0 38F#0A26E25302000000
(1786378766.845676) can0 38E#A42D004011000000
(1786378766.855384) can0 38E#432E004011000000
(1786378766.865279) can0 38F#5727E25302000000
(1786378766.865584) can0 38E#1E2F004011000000
(1786378766.875255) can0 38E#4220004011000000
(1786378766.885275) can0 38F#0B28E25302000000
(1786378766.885628) can0 38E#1F21004011000000
(1786378766.895357) can0 38E#F822004011000000
(1786378766.905349) can0 38F#5629E25302000000
(1786378766.905630) can0 38E#A523004011000000
(1786378766.915323) can0 38E#2B24004011000000
(1786378766.925218) can0 38F#B12AE25302000000
(1786378766.925435) can0 38E#7625004011000000
(1786378766.935351) can0 38E#9126004011000000
(1786378766.945355) can0 38F#EC2BE25302000000
(1786378766.945626) can0 38E#CC27004011000000
(1786378766.955287) can0 38E#9028004011000000
(1786378766.965294) can0 38F#622CE25302000000
(1786378766.965586) can0 38E#CD29004011000000
(1786378766.975371) can0 38E#2A2A004011000000
(1786378766.985025) can0 38F#3F2DE25302000000
(1786378766.985292) can0 38E#772B004011000000
(1786378766.995274) can0 38E#F92C004011000000
(1786378767.005359) can0 38F#D82EE25302000000
(1786378767.005595) can0 38E#A42D004011000000
(1786378767.015336) can0 38E#432E004011000000
(1786378767.025326) can0 38F#852FE25302000000
(1786378767.025604) can0 38E#1E2F004011000000
(1786378767.035302) can0 38E#4220004011000000
(1786378767.045317) can0 38F#D920E25302000000
(1786378767.045683) can0 38E#1F21004011000000
(1786378767.055391) can0 38E#F822004011000000
(1786378767.065403) can0 38F#8421E25302000000
(1786378767.065675) can0 38E#A523004011000000
(1786378767.075332) can0 38E#2B24004011000000
(1786378767.085349) can0 38F#6322E25302000000
(1786378767.085699) can0 38E#7625004011000000
(1786378767.095440) can0 38E#9126004011000000
(1786378767.105363) can0 38F#3E23E25302000000
(1786378767.105622) can0 38E#CC27004011000000
(1786378767.115287) can0 38E#9028004011000000
(1786378767.125348) can0 38F#B024E25302000000
(1786378767.125649) can0 38E#CD29004011000000
(1786378767.135310) can0 38E#2A2A004011000000
(1786378767.145331) can0 38F#ED25E25302000000
(1786378767.145742) can0 38E#772B004011000000
(1786378767.155392) can0 38E#F92C004011000000
(1786378767.165278) can0 38F#0A26E25302000000
(1786378767.165606) can0 38E#A42D004011000000
(1786378767.175312) can0 38E#432E004011000000
(1786378767.185435) can0 38F#5727E25302000000
(1786378767.185737) can0 38E#1E2F004011000000
(1786378767.195411) can0 38E#4220004011000000
(1786378767.205300) can0 38F#0B28E25302000000
(1786378767.205557) can0 38E#1F21004011000000
(1786378767.215299) can0 38E#F822004011000000
(1786378767.225329) can0 38F#5629E25302000000
(1786378767.225638) can0 38E#A523004011000000
(1786378767.235431) can0 38E#2B24004011000000
(1786378767.245267) can0 38F#B12AE25302000000
(1786378767.245580) can0 38E#7625004011000000
(1786378767.255377) can0 38E#9126004011000000
(1786378767.265358) can0 38F#EC2BE25302000000
(1786378767.265608) can0 38E#CC27004011000000
(1786378767.275311) can0 38E#9028004011000000
(1786378767.285314) can0 38F#622CE25302000000
(1786378767.285577) can0 38E#CD29004011000000
(1786378767.295375) can0 38E#2A2A004011000000
(1786378767.305347) can0 38F#3F2DE25302000000
(1786378767.305627) can0 38E#772B004011000000
(1786378767.315369) can0 38E#F92C004011000000
(1786378767.325291) can0 38F#D82EE25302000000
(1786378767.325569) can0 38E#A42D004011000000
(1786378767.335446) can0 38E#432E004011000000
(1786378767.345415) can0 38F#852FE25302000000
(1786378767.345808) can0 38E#1E2F004011000000
(1786378767.355343) can0 38E#4220004011000000
(1786378767.365250) can0 38F#D920E25302000000
(1786378767.365538) can0 38E#1F21004011000000
(1786378767.375364) can0 38E#F822004011000000
(1786378767.385348) can0 38F#8421E25302000000
(1786378767.385657) can0 38E#A523004011000000
(1786378767.395335) can0 38E#2B24004011000000
(1786378767.405342) can0 38F#6322E25302000000
(1786378767.405633) can0 38E#7625004011000000
(1786378767.415317) can0 38E#9126004011000000
(1786378767.425363) can0 38F#3E23E25302000000
(1786378767.425669) can0 38E#CC27004011000000
(1786378767.435365) can0 38E#9028004011000000
(1786378767.445257) can0 38F#B024E25302000000
(1786378767.445568) can0 38E#CD29004011000000
(1786378767.455369) can0 38E#2A2A004011000000
(1786378767.465345) can0 38F#ED25E25302000000
(1786378767.465670) can0 38E#772B004011000000
(1786378767.475409) can0 38E#F92C004011000000
(1786378767.485366) can0 38F#0A26E25302000000
(1786378767.485722) can0 38E#A42D004011000000
(1786378767.495370) can0 38E#432E004011000000
(1786378767.505325) can0 38F#5727E25302000000
(1786378767.505616) can0 38E#1E2F004011000000
(1786378767.515348) can0 38E#4220004011000000
(1786378767.525303) can0 38F#0B28E25302000000
(1786378767.525659) can0 38E#1F21004011000000
(1786378767.535372) can0 38E#F822004011000000
(1786378767.545352) can0 38F#5629E25302000000
(1786378767.545667) can0 38E#A523004011000000
(1786378767.555354) can0 38E#2B24004011000000
(1786378767.564988) can0 38F#B12AE25302000000
(1786378767.565256) can0 38E#7625004011000000
(1786378767.575314) can0 38E#9126004011000000
(1786378767.585320) can0 38F#EC2BE25302000000
(1786378767.585607) can0 38E#CC27004011000000
(1786378767.595361) can0 38E#9028004011000000
(1786378767.605305) can0 38F#622CE25302000000
(1786378767.605658) can0 38E#CD29004011000000
(1786378767.615379) can0 38E#2A2A004011000000
(1786378767.625385) can0 38F#3F2DE25302000000
(1786378767.625763) can0 38E#772B004011000000
(1786378767.635318) can0 38E#F92C004011000000
(1786378767.645293) can0 38F#D82EE25302000000
(1786378767.645630) can0 38E#A42D004011000000
(1786378767.655346) can0 38E#432E004011000000
(1786378767.665342) can0 38F#852FE25302000000
(1786378767.665618) can0 38E#1E2F004011000000
(1786378767.675360) can0 38E#4220004011000000
(1786378767.685299) can0 38F#D920E25302000000
(1786378767.685602) can0 38E#1F21004011000000
(1786378767.695407) can0 38E#F822004011000000
(1786378767.705484) can0 38F#8421E25302000000
(1786378767.705898) can0 38E#A523004011000000
(1786378767.715386) can0 38E#2B24004011000000
(1786378767.725327) can0 38F#6322E25302000000
(1786378767.725683) can0 38E#7625004011000000
(1786378767.735397) can0 38E#9126004011000000
(1786378767.745412) can0 38F#3E23E25302000000
(1786378767.745890) can0 38E#CC27004011000000
(1786378767.755473) can0 38E#9028004011000000
(1786378767.765332) can0 38F#B024E25302000000
(1786378767.765686) can0 38E#CD29004011000000
(1786378767.775354) can0 38E#2A2A004011000000
(1786378767.785311) can0 38F#ED25E25302000000
(1786378767.785640) can0 38E#772B004011000000
(1786378767.795366) can0 38E#F92C004011000000
(1786378767.805348) can0 38F#0A26E25302000000
(1786378767.805674) can0 38E#A42D004011000000
(1786378767.815319) can0 38E#432E004011000000
(1786378767.825310) can0 38F#5727E25302000000
(1786378767.825604) can0 38E#1E2F004011000000
(1786378767.835417) can0 38E#4220004011000000
(1786378767.845328) can0 38F#0B28E25302000000
(1786378767.845770) can0 38E#1F21004011000000
(1786378767.855377) can0 38E#F822004011000000
(1786378767.865386) can0 38F#5629E25302000000
(1786378767.865687) can0 38E#A523004011000000
(1786378767.875406) can0 38E#2B24004011000000
(1786378767.885393) can0 38F#B12AE25302000000
(1786378767.885744) can0 38E#7625004011000000
(1786378767.895288) can0 38E#9126004011000000
(1786378767.905310) can0 38F#EC2BE25302000000
(1786378767.905598) can0 38E#CC27004011000000
(1786378767.915384) can0 38E#9028004011000000
(1786378767.925376) can0 38F#622CE25302000000
(1786378767.925824) can0 38E#CD29004011000000
(1786378767.935306) can0 38E#2A2A004011000000
(1786378767.945406) can0 38F#3F2DE25302000000
(1786378767.945744) can0 38E#772B004011000000
(1786378767.955296) can0 38E#F92C004011000000
(1786378767.965280) can0 38F#D82EE25302000000
(1786378767.965522) can0 38E#A42D004011000000
(1786378767.975289) can0 38E#432E004011000000
(1786378767.985415) can0 38F#852FE25302000000
(1786378767.985794) can0 38E#1E2F004011000000
(1786378767.995342) can0 38E#4220004011000000
(1786378768.005371) can0 38F#D920E25302000000
(1786378768.005783) can0 38E#1F21004011000000
(1786378768.015383) can0 38E#F822004011000000
(1786378768.025440) can0 38F#8421E25302000000
(1786378768.025854) can0 38E#A523004011000000
(1786378768.035407) can0 38E#2B24004011000000
(1786378768.045445) can0 38F#6322E25302000000
(1786378768.045800) can0 38E#7625004011000000
(1786378768.055415) can0 38E#9126004011000000
(1786378768.065308) can0 38F#3E23E25302000000
(1786378768.065671) can0 38E#CC27004011000000
(1786378768.075334) can0 38E#9028004011000000
(1786378768.085331) can0 38F#B024E25302000000
(1786378768.085605) can0 38E#CD29004011000000
(1786378768.095405) can0 38E#2A2A004011000000
(1786378768.105370) can0 38F#ED25E25302000000
(1786378768.105753) can0 38E#772B004011000000
(1786378768.115335) can0 38E#F92C004011000000
(1786378768.125341) can0 38F#0A26E25302000000
(1786378768.125716) can0 38E#A42D004011000000
(1786378768.135356) can0 38E#432E004011000000
(1786378768.145387) can0 38F#5727E25302000000
(1786378768.145752) can0 38E#1E2F004011000000
(1786378768.155359) can0 38E#4220004011000000
(1786378768.165282) can0 38F#0B28E25302000000
(1786378768.165656) can0 38E#1F21004011000000
(1786378768.175321) can0 38E#F822004011000000
(1786378768.185367) can0 38F#5629E25302000000
(1786378768.185660) can0 38E#A523004011000000
(1786378768.195393) can0 38E#2B24004011000000
(1786378768.205364) can0 38F#B12AE25302000000
(1786378768.205804) can0 38E#7625004011000000
(1786378768.215404) can0 38E#9126004011000000
(1786378768.225441) can0 38F#EC2BE25302000000
(1786378768.225761) can0 38E#CC27004011000000
(1786378768.235441) can0 38E#9028004011000000
(1786378768.245291) can0 38F#622CE25302000000
(1786378768.245658) can0 38E#CD29004011000000
(1786378768.255438) can0 38E#2A2A004011000000
(1786378768.265366) can0 38F#3F2DE25302000000
(1786378768.265696) can0 38E#772B004011000000
(1786378768.275391) can0 38E#F92C004011000000
(1786378768.285294) can0 38F#D82EE25302000000
(1786378768.285604) can0 38E#A42D004011000000
(1786378768.295444) can0 38E#432E004011000000
(1786378768.305433) can0 38F#852FE25302000000
(1786378768.305825) can0 38E#1E2F004011000000
(1786378768.315418) can0 38E#4220004011000000
(1786378768.325289) can0 38F#D920E25302000000
(1786378768.325700) can0 38E#1F21004011000000
(1786378768.335407) can0 38E#F822004011000000
(1786378768.345431) can0 38F#8421E25302000000
(1786378768.345767) can0 38E#A523004011000000
(1786378768.355355) can0 38E#2B24004011000000
(1786378768.365307) can0 38F#6322E25302000000
(1786378768.365628) can0 38E#7625004011000000
(1786378768.375442) can0 38E#9126004011000000
(1786378768.385368) can0 38F#3E23E25302000000
(1786378768.385677) can0 38E#CC27004011000000
(1786378768.395335) can0 38E#9028004011000000
(1786378768.405254) can0 38F#B024E25302000000
(1786378768.405483) can0 38E#CD29004011000000
(1786378768.415377) can0 38E#2A2A004011000000
(1786378768.424938) can0 38F#ED25E25302000000
(1786378768.425173) can0 38E#772B004011000000
(1786378768.435368) can0 38E#F92C004011000000
(1786378768.445459) can0 38F#0A26E25302000000
(1786378768.445843) can0 38E#A42D004011000000
(1786378768.455357) can0 38E#432E004011000000
(1786378768.465305) can0 38F#5727E25302000000
(1786378768.465555) can0 38E#1E2F004011000000
(1786378768.475469) can0 38E#4220004011000000
(1786378768.485392) can0 38F#0B28E25302000000
(1786378768.485735) can0 38E#1F21004011000000
(1786378768.495291) can0 38E#F822004011000000
(1786378768.505319) can0 38F#5629E25302000000
(1786378768.505586) can0 38E#A523004011000000
(1786378768.515330) can0 38E#2B24004011000000
(1786378768.525362) can0 38F#B12AE25302000000
(1786378768.525721) can0 38E#7625004011000000
(1786378768.535444) can0 38E#9126004011000000
(1786378768.545405) can0 38F#EC2BE25302000000
(1786378768.545754) can0 38E#CC27004011000000
(1786378768.555397) can0 38E#9028004011000000
(1786378768.565330) can0 38F#622CE25302000000
(1786378768.565615) can0 38E#CD29004011000000
(1786378768.575304) can0 38E#2A2A004011000000
(1786378768.585349) can0 38F#3F2DE25302000000
(1786378768.585633) can0 38E#772B004011000000
(1786378768.595373) can0 38E#F92C004011000000
(1786378768.605301) can0 38F#D82EE25302000000
(1786378768.605565) can0 38E#A42D004011000000
(1786378768.615333) can0 38E#432E004011000000
(1786378768.625324) can0 38F#852FE25302000000
(1786378768.625575) can0 38E#1E2F004011000000
(1786378768.635322) can0 38E#4220004011000000
(1786378768.645284) can0 38F#D920E25302000000
(1786378768.645652) can0 38E#1F21004011000000
(1786378768.655359) can0 38E#F822004011000000
(1786378768.665447) can0 38F#8421E25302000000
(1786378768.665861) can0 38E#A523004011000000
(1786378768.675424) can0 38E#2B24004011000000
(1786378768.685342) can0 38F#6322E25302000000
(1786378768.685763) can0 38E#7625004011000000
(1786378768.695372) can0 38E#9126004011000000
(1786378768.705350) can0 38F#3E23E25302000000
(1786378768.705764) can0 38E#CC27004011000000
(1786378768.715316) can0 38E#9028004011000000
(1786378768.725393) can0 38F#B024E25302000000
(1786378768.725774) can0 38E#CD29004011000000
(1786378768.735401) can0 38E#2A2A004011000000
(1786378768.745455) can0 38F#ED25E25302000000
(1786378768.745763) can0 38E#772B004011000000
(1786378768.755379) can0 38E#F92C004011000000
(1786378768.765289) can0 38F#0A26E25302000000
(1786378768.765564) can0 38E#A42D004011000000
(1786378768.775366) can0 38E#432E004011000000
(1786378768.785343) can0 38F#5727E25302000000
(1786378768.785594) can0 38E#1E2F004011000000
(1786378768.795331) can0 38E#4220004011000000
(1786378768.805269) can0 38F#0B28E25302000000
(1786378768.805592) can0 38E#1F21004011000000
(1786378768.815343) can0 38E#F822004011000000
(1786378768.825391) can0 38F#5629E25302000000
(1786378768.825692) can0 38E#A523004011000000
(1786378768.835312) can0 38E#2B24004011000000
(1786378768.845329) can0 38F#B12AE25302000000
(1786378768.845672) can0 38E#7625004011000000
(1786378768.855332) can0 38E#9126004011000000
(1786378768.865383) can0 38F#EC2BE25302000000
(1786378768.865670) can0 38E#CC27004011000000
(1786378768.875365) can0 38E#9028004011000000
(1786378768.885310) can0 38F#622CE25302000000
(1786378768.885576) can0 38E#CD29004011000000
(1786378768.895392) can0 38E#2A2A004011000000
(1786378768.905436) can0 38F#3F2DE25302000000
(1786378768.905707) can0 38E#772B004011000000
(1786378768.915432) can0 38E#F92C004011000000
(1786378768.925271) can0 38F#D82EE25302000000
(1786378768.925582) can0 38E#A42D004011000000
(1786378768.935344) can0 38E#432E004011000000
(1786378768.945445) can0 38F#852FE25302000000
(1786378768.945780) can0 38E#1E2F004011000000
(1786378768.955379) can0 38E#4220004011000000
(1786378768.965273) can0 38F#D920E25302000000
(1786378768.965561) can0 38E#1F21004011000000
(1786378768.975299) can0 38E#F822004011000000
(1786378768.985375) can0 38F#8421E25302000000
(1786378768.985713) can0 38E#A523004011000000
(1786378768.995401) can0 38E#2B24004011000000
(1786378769.005341) can0 38F#6322E25302000000
(1786378769.005671) can0 38E#7625004011000000
(1786378769.015352) can0 38E#9126004011000000
(1786378769.025380) can0 38F#3E23E25302000000
(1786378769.025775) can0 38E#CC27004011000000
(1786378769.035328) can0 38E#9028004011000000
(1786378769.045360) can0 38F#B024E25302000000
(1786378769.045712) can0 38E#CD29004011000000
(1786378769.055401) can0 38E#2A2A004011000000
(1786378769.065335) can0 38F#ED25E25302000000
(1786378769.065739) can0 38E#772B004011000000
(1786378769.075276) can0 38E#F92C004011000000
(1786378769.085275) can0 38F#0A26E25302000000
(1786378769.085576) can0 38E#A42D004011000000
(1786378769.095517) can0 38E#432E004011000000
(1786378769.105359) can0 38F#5727E25302000000
(1786378769.105699) can0 38E#1E2F004011000000
(1786378769.115418) can0 38E#4220004011000000
(1786378769.125301) can0 38F#0B28E25302000000
(1786378769.125581) can0 38E#1F21004011000000
(1786378769.135318) can0 38E#F822004011000000
(1786378769.145348) can0 38F#5629E25302000000
(1786378769.145673) can0 38E#A523004011000000
(1786378769.155372) can0 38E#2B24004011000000
(1786378769.165320) can0 38F#B12AE25302000000
(1786378769.165633) can0 38E#7625004011000000
(1786378769.175355) can0 38E#9126004011000000
(1786378769.185305) can0 38F#EC2BE25302000000
(1786378769.185618) can0 38E#CC27004011000000
(1786378769.195376) can0 38E#9028004011000000
(1786378769.205381) can0 38F#622CE25302000000
(1786378769.205642) can0 38E#CD29004011000000
(1786378769.215320) can0 38E#2A2A004011000000
(1786378769.225307) can0 38F#3F2DE25302000000
(1786378769.225561) can0 38E#772B004011000000
(1786378769.235384) can0 38E#F92C004011000000
(1786378769.245485) can0 38F#D82EE25302000000
(1786378769.245800) can0 38E#A42D004011000000
(1786378769.255439) can0 38E#432E004011000000
(1786378769.265334) can0 38F#852FE25302000000
(1786378769.265647) can0 38E#1E2F004011000000
(1786378769.275363) can0 38E#4220004011000000
(1786378769.285346) can0 38F#D920E25302000000
(1786378769.285676) can0 38E#1F21004011000000
(1786378769.295395) can0 38E#F822004011000000
(1786378769.305348) can0 38F#8421E25302000000
(1786378769.305684) can0 38E#A523004011000000
(1786378769.315388) can0 38E#2B24004011000000
(1786378769.325358) can0 38F#6322E25302000000
(1786378769.325733) can0 38E#7625004011000000
(1786378769.335439) can0 38E#9126004011000000
(1786378769.345473) can0 38F#3E23E25302000000
(1786378769.345876) can0 38E#CC27004011000000
(1786378769.355321) can0 38E#9028004011000000
(1786378769.365268) can0 38F#B024E25302000000
(1786378769.365612) can0 38E#CD29004011000000
(1786378769.375401) can0 38E#2A2A004011000000
(1786378769.385403) can0 38F#ED25E25302000000
(1786378769.385705) can0 38E#772B004011000000
(1786378769.395407) can0 38E#F92C004011000000
(1786378769.405293) can0 38F#0A26E25302000000
(1786378769.405569) can0 38E#A42D004011000000
(1786378769.415325) can0 38E#432E004011000000
(1786378769.425363) can0 38F#5727E25302000000
(1786378769.425600) can0 38E#1E2F004011000000
(1786378769.435360) can0 38E#4220004011000000
(1786378769.445261) can0 38F#0B28E25302000000
(1786378769.445594) can0 38E#1F21004011000000
(1786378769.455333) can0 38E#F822004011000000
(1786378769.465344) can0 38F#5629E25302000000
(1786378769.465594) can0 38E#A523004011000000
(1786378769.475319) can0 38E#2B24004011000000
(1786378769.485302) can0 38F#B12AE25302000000
(1786378769.485685) can0 38E#7625004011000000
(1786378769.495369) can0 38E#9126004011000000
(1786378769.505339) can0 38F#EC2BE25302000000
(1786378769.505661) can0 38E#CC27004011000000
(1786378769.515307) can0 38E#9028004011000000
(1786378769.525393) can0 38F#622CE25302000000
(1786378769.525742) can0 38E#CD29004011000000
(1786378769.535341) can0 38E#2A2A004011000000
(1786378769.545451) can0 38F#3F2DE25302000000
(1786378769.545859) can0 38E#772B004011000000
(1786378769.555406) can0 38E#F92C004011000000
(1786378769.565067) can0 38F#D82EE25302000000
(1786378769.565439) can0 38E#A42D004011000000
(1786378769.575291) can0 38E#432E004011000000
(1786378769.585343) can0 38F#852FE25302000000
(1786378769.585599) can0 38E#1E2F004011000000
(1786378769.595329) can0 38E#4220004011000000
(1786378769.605336) can0 38F#D920E25302000000
(1786378769.605618) can0 38E#1F21004011000000
(1786378769.615271) can0 38E#F822004011000000
(1786378769.625327) can0 38F#8421E25302000000
(1786378769.625592) can0 38E#A523004011000000
(1786378769.635386) can0 38E#2B24004011000000
(1786378769.645349) can0 38F#6322E25302000000
(1786378769.645686) can0 38E#7625004011000000
(1786378769.655324) can0 38E#9126004011000000
(1786378769.665382) can0 38F#3E23E25302000000
(1786378769.665619) can0 38E#CC27004011000000
(1786378769.675367) can0 38E#9028004011000000
(1786378769.685296) can0 38F#B024E25302000000
(1786378769.685564) can0 38E#CD29004011000000
(1786378769.695403) can0 38E#2A2A004011000000
(1786378769.705339) can0 38F#ED25E25302000000
(1786378769.705675) can0 38E#772B004011000000
(1786378769.715291) can0 38E#F92C004011000000
(1786378769.725318) can0 38F#0A26E25302000000
(1786378769.725696) can0 38E#A42D004011000000
(1786378769.735452) can0 38E#432E004011000000
(1786378769.745385) can0 38F#5727E25302000000
(1786378769.745753) can0 38E#1E2F004011000000
(1786378769.755438) can0 38E#4220004011000000
(1786378769.765398) can0 38F#0B28E25302000000
(1786378769.765785) can0 38E#1F21004011000000
(1786378769.775538) can0 38E#F822004011000000
(1786378769.785042) can0 38F#5629E25302000000
(1786378769.785353) can0 38E#A523004011000000
(1786378769.795385) can0 38E#2B24004011000000
(1786378769.805378) can0 38F#B12AE25302000000
(1786378769.805756) can0 38E#7625004011000000
(1786378769.815429) can0 38E#9126004011000000
(1786378769.825418) can0 38F#EC2BE25302000000
(1786378769.825773) can0 38E#CC27004011000000
(1786378769.835391) can0 38E#9028004011000000
(1786378769.845393) can0 38F#622CE25302000000
(1786378769.845712) can0 38E#CD29004011000000
(1786378769.855417) can0 38E#2A2A004011000000
(1786378769.865349) can0 38F#3F2DE25302000000
(1786378769.865606) can0 38E#772B004011000000
(1786378769.875313) can0 38E#F92C004011000000
(1786378769.885286) can0 38F#D82EE25302000000
(1786378769.885574) can0 38E#A42D004011000000
(1786378769.895432) can0 38E#432E004011000000
(1786378769.905364) can0 38F#852FE25302000000
(1786378769.905682) can0 38E#1E2F004011000000
(1786378769.915385) can0 38E#4220004011000000
(1786378769.925300) can0 38F#D920E25302000000
(1786378769.925650) can0 38E#1F21004011000000
(1786378769.935351) can0 38E#F822004011000000
(1786378769.945391) can0 38F#8421E25302000000
(1786378769.945695) can0 38E#A523004011000000
(1786378769.955371) can0 38E#2B24004011000000
(1786378769.965275) can0 38F#6322E25302000000
(1786378769.965522) can0 38E#7625004011000000
(1786378769.975424) can0 38E#9126004011000000
(1786378769.985436) can0 38F#3E23E25302000000
(1786378769.985758) can0 38E#CC27004011000000
(1786378769.995317) can0 38E#9028004011000000
(1786378770.005315) can0 38F#B024E25302000000
(1786378770.005615) can0 38E#CD29004011000000
(1786378770.015388) can0 38E#2A2A004011000000
(1786378770.025353) can0 38F#ED25E25302000000
(1786378770.025627) can0 38E#772B004011000000
(1786378770.035407) can0 38E#F92C004011000000
(1786378770.045328) can0 38F#0A26E25302000000
(1786378770.045708) can0 38E#A42D004011000000
(1786378770.055525) can0 38E#432E004011000000
(1786378770.065426) can0 38F#5727E25302000000
(1786378770.065729) can0 38E#1E2F004011000000
(1786378770.075452) can0 38E#4220004011000000
(1786378770.085301) can0 38F#0B28E25302000000
(1786378770.085640) can0 38E#1F21004011000000
(1786378770.095351) can0 38E#F822004011000000
(1786378770.105362) can0 38F#5629E25302000000
(1786378770.105626) can0 38E#A523004011000000
(1786378770.115348) can0 38E#2B24004011000000
(1786378770.125319) can0 38F#B12AE25302000000
(1786378770.125724) can0 38E#7625004011000000
(1786378770.135426) can0 38E#9126004011000000
(1786378770.145116) can0 38F#EC2BE25302000000
(1786378770.145449) can0 38E#CC27004011000000
(1786378770.155383) can0 38E#9028004011000000
(1786378770.165338) can0 38F#622CE25302000000
(1786378770.165559) can0 38E#CD29004011000000
(1786378770.175283) can0 38E#2A2A004011000000
(1786378770.185346) can0 38F#3F2DE25302000000
(1786378770.185641) can0 38E#772B004011000000
(1786378770.195399) can0 38E#F92C004011000000
(1786378770.205345) can0 38F#D82EE25302000000
(1786378770.205643) can0 38E#A42D004011000000
(1786378770.215321) can0 38E#432E004011000000
(1786378770.225345) can0 38F#852FE25302000000
(1786378770.225690) can0 38E#1E2F004011000000
(1786378770.235306) can0 38E#4220004011000000
(1786378770.245320) can0 38F#D920E25302000000
(1786378770.245635) can0 38E#1F21004011000000
(1786378770.255416) can0 38E#F822004011000000
(1786378770.265299) can0 38F#8421E25302000000
(1786378770.265547) can0 38E#A523004011000000
(1786378770.275325) can0 38E#2B24004011000000
(1786378770.285321) can0 38F#6322E25302000000
(1786378770.285558) can0 38E#7625004011000000
(1786378770.295411) can0 38E#9126004011000000
(1786378770.305325) can0 38F#3E23E25302000000
(1786378770.305648) can0 38E#CC27004011000000
(1786378770.315378) can0 38E#9028004011000000
(1786378770.325286) can0 38F#B024E25302000000
(1786378770.325585) can0 38E#CD29004011000000
(1786378770.335423) can0 38E#2A2A004011000000
(1786378770.345442) can0 38F#ED25E25302000000
(1786378770.345780) can0 38E#772B004011000000
(1786378770.355345) can0 38E#F92C004011000000
(1786378770.365262) can0 38F#0A26E25302000000
(1786378770.365525) can0 38E#A42D004011000000
(1786378770.375332) can0 38E#432E004011000000
(1786378770.385335) can0 38F#5727E25302000000
(1786378770.385589) can0 38E#1E2F004011000000
(1786378770.395351) can0 38E#4220004011000000
(1786378770.405307) can0 38F#0B28E25302000000
(1786378770.405617) can0 38E#1F21004011000000
(1786378770.415398) can0 38E#F822004011000000
(1786378770.425069) can0 38F#5629E25302000000
(1786378770.425464) can0 38E#A523004011000000
(1786378770.435338) can0 38E#2B24004011000000
(1786378770.445372) can0 38F#B12AE25302000000
(1786378770.445746) can0 38E#7625004011000000
(1786378770.455376) can0 38E#9126004011000000
(1786378770.465488) can0 38F#EC2BE25302000000
(1786378770.465811) can0 38E#CC27004011000000
(1786378770.475383) can0 38E#9028004011000000
(1786378770.485265) can0 38F#622CE25302000000
(1786378770.485592) can0 38E#CD29004011000000
(1786378770.495422) can0 38E#2A2A004011000000
(1786378770.505439) can0 38F#3F2DE25302000000
(1786378770.505843) can0 38E#772B004011000000
(1786378770.515346) can0 38E#F92C004011000000
(1786378770.525365) can0 38F#D82EE25302000000
(1786378770.525680) can0 38E#A42D004011000000
(1786378770.535377) can0 38E#432E004011000000
(1786378770.545412) can0 38F#852FE25302000000
(1786378770.545749) can0 38E#1E2F004011000000
(1786378770.555377) can0 38E#4220004011000000
(1786378770.565347) can0 38F#D920E25302000000
(1786378770.565612) can0 38E#1F21004011000000
(1786378770.575329) can0 38E#F822004011000000
(1786378770.585384) can0 38F#8421E25302000000
(1786378770.585666) can0 38E#A523004011000000
(1786378770.595348) can0 38E#2B24004011000000
(1786378770.605253) can0 38F#6322E25302000000
(1786378770.605553) can0 38E#7625004011000000
(1786378770.615356) can0 38E#9126004011000000
(1786378770.625348) can0 38F#3E23E25302000000
(1786378770.625618) can0 38E#CC27004011000000
(1786378770.635424) can0 38E#9028004011000000
(1786378770.645293) can0 38F#B024E25302000000
(1786378770.645779) can0 38E#CD29004011000000
(1786378770.655325) can0 38E#2A2A004011000000
(1786378770.665340) can0 38F#ED25E25302000000
(1786378770.665608) can0 38E#772B004011000000
(1786378770.675342) can0 38E#F92C004011000000
(1786378770.685364) can0 38F#0A26E25302000000
(1786378770.685696) can0 38E#A42D004011000000
(1786378770.695358) can0 38E#432E004011000000
(1786378770.705384) can0 38F#5727E25302000000
(1786378770.705654) can0 38E#1E2F004011000000
(1786378770.715399) can0 38E#4220004011000000
(1786378770.725291) can0 38F#0B28E25302000000
(1786378770.725591) can0 38E#1F21004011000000
(1786378770.735327) can0 38E#F822004011000000
(1786378770.745330) can0 38F#5629E25302000000
(1786378770.745643) can0 38E#A523004011000000
(1786378770.755301) can0 38E#2B24004011000000
(1786378770.765332) can0 38F#B12AE25302000000
(1786378770.765563) can0 38E#7625004011000000
(1786378770.775375) can0 38E#9126004011000000
(1786378770.785368) can0 38F#EC2BE25302000000
(1786378770.785696) can0 38E#CC27004011000000
(1786378770.795328) can0 38E#9028004011000000
(1786378770.805331) can0 38F#622CE25302000000
(1786378770.805643) can0 38E#CD29004011000000
(1786378770.815445) can0 38E#2A2A004011000000
(1786378770.825315) can0 38F#3F2DE25302000000
(1786378770.825614) can0 38E#772B004011000000
(1786378770.835444) can0 38E#F92C004011000000
(1786378770.845404) can0 38F#D82EE25302000000
(1786378770.845872) can0 38E#A42D004011000000
(1786378770.855359) can0 38E#432E004011000000
(1786378770.865374) can0 38F#852FE25302000000
(1786378770.865771) can0 38E#1E2F004011000000
(1786378770.875523) can0 38E#4220004011000000
(1786378770.885338) can0 38F#D920E25302000000
(1786378770.885691) can0 38E#1F21004011000000
(1786378770.895431) can0 38E#F822004011000000
(1786378770.905390) can0 38F#8421E25302000000
(1786378770.905728) can0 38E#A523004011000000
(1786378770.915326) can0 38E#2B24004011000000
(1786378770.925416) can0 38F#6322E25302000000
(1786378770.925792) can0 38E#7625004011000000
(1786378770.935454) can0 38E#9126004011000000
(1786378770.945451) can0 38F#3E23E25302000000
(1786378770.945866) can0 38E#CC27004011000000
(1786378770.955422) can0 38E#9028004011000000
(1786378770.965344) can0 38F#B024E25302000000
(1786378770.965677) can0 38E#CD29004011000000
(1786378770.975463) can0 38E#2A2A004011000000
(1786378770.985362) can0 38F#ED25E25302000000
(1786378770.985716) can0 38E#772B004011000000
(1786378770.995432) can0 38E#F92C004011000000
(1786378771.005345) can0 38F#0A26E25302000000
(1786378771.005696) can0 38E#A42D004011000000
(1786378771.015355) can0 38E#432E004011000000
(1786378771.025390) can0 38F#5727E25302000000
(1786378771.025694) can0 38E#1E2F004011000000
(1786378771.035405) can0 38E#4220004011000000
(1786378771.045333) can0 38F#0B28E25302000000
(1786378771.045704) can0 38E#1F21004011000000
(1786378771.055342) can0 38E#F822004011000000
(1786378771.065533) can0 38F#5629E25302000000
(1786378771.065794) can0 38E#A523004011000000
(1786378771.075322) can0 38E#2B24004011000000
(1786378771.085263) can0 38F#B12AE25302000000
(1786378771.085554) can0 38E#7625004011000000
(1786378771.095378) can0 38E#9126004011000000
(1786378771.105398) can0 38F#EC2BE25302000000
(1786378771.105698) can0 38E#CC27004011000000
(1786378771.115344) can0 38E#9028004011000000
(1786378771.125308) can0 38F#622CE25302000000
(1786378771.125587) can0 38E#CD29004011000000
(1786378771.135354) can0 38E#2A2A004011000000
(1786378771.145429) can0 38F#3F2DE25302000000
(1786378771.145730) can0 38E#772B004011000000
(1786378771.155409) can0 38E#F92C004011000000
(1786378771.165303) can0 38F#D82EE25302000000
(1786378771.165601) can0 38E#A42D004011000000
(1786378771.175279) can0 38E#432E004011000000
(1786378771.185322) can0 38F#852FE25302000000
(1786378771.185586) can0 38E#1E2F004011000000
(1786378771.195403) can0 38E#4220004011000000
(1786378771.205321) can0 38F#D920E25302000000
(1786378771.205608) can0 38E#1F21004011000000
(1786378771.215367) can0 38E#F822004011000000
(1786378771.225351) can0 38F#8421E25302000000
(1786378771.225594) can0 38E#A523004011000000
(1786378771.235405) can0 38E#2B24004011000000
(1786378771.245349) can0 38F#6322E25302000000
(1786378771.245611) can0 38E#7625004011000000
(1786378771.255410) can0 38E#9126004011000000
(1786378771.265385) can0 38F#3E23E25302000000
(1786378771.265673) can0 38E#CC27004011000000
(1786378771.275458) can0 38E#9028004011000000
(1786378771.285067) can0 38F#B024E25302000000
(1786378771.285395) can0 38E#CD29004011000000
(1786378771.295280) can0 38E#2A2A004011000000
(1786378771.305416) can0 38F#ED25E25302000000
(1786378771.305709) can0 38E#772B004011000000
(1786378771.315352) can0 38E#F92C004011000000
(1786378771.325328) can0 38F#0A26E25302000000
(1786378771.325583) can0 38E#A42D004011000000
(1786378771.335376) can0 38E#432E004011000000
(1786378771.345373) can0 38F#5727E25302000000
(1786378771.345737) can0 38E#1E2F004011000000
(1786378771.355431) can0 38E#4220004011000000
(1786378771.365326) can0 38F#0B28E25302000000
(1786378771.365634) can0 38E#1F21004011000000
(1786378771.375340) can0 38E#F822004011000000
(1786378771.385344) can0 38F#5629E25302000000
(1786378771.385638) can0 38E#A523004011000000
(1786378771.395401) can0 38E#2B24004011000000
(1786378771.405343) can0 38F#B12AE25302000000
(1786378771.405644) can0 38E#7625004011000000
(1786378771.415300) can0 38E#9126004011000000
(1786378771.425381) can0 38F#EC2BE25302000000
(1786378771.425668) can0 38E#CC27004011000000
(1786378771.435288) can0 38E#9028004011000000
(1786378771.445426) can0 38F#622CE25302000000
(1786378771.445857) can0 38E#CD29004011000000
(1786378771.455425) can0 38E#2A2A004011000000
(1786378771.465359) can0 38F#3F2DE25302000000
(1786378771.465719) can0 38E#772B004011000000
(1786378771.475286) can0 38E#F92C004011000000
(1786378771.485329) can0 38F#D82EE25302000000
(1786378771.485598) can0 38E#A42D004011000000
(1786378771.495430) can0 38E#432E004011000000
(1786378771.505337) can0 38F#852FE25302000000
(1786378771.505589) can0 38E#1E2F004011000000
(1786378771.515359) can0 38E#4220004011000000
(1786378771.525349) can0 38F#D920E25302000000
(1786378771.525605) can0 38E#1F21004011000000
(1786378771.535401) can0 38E#F822004011000000
(1786378771.545383) can0 38F#8421E25302000000
(1786378771.545751) can0 38E#A523004011000000
(1786378771.555370) can0 38E#2B24004011000000
(1786378771.565335) can0 38F#6322E25302000000
(1786378771.565563) can0 38E#7625004011000000
(1786378771.575433) can0 38E#9126004011000000
(1786378771.585427) can0 38F#3E23E25302000000
(1786378771.585775) can0 38E#CC27004011000000
(1786378771.595329) can0 38E#9028004011000000
(1786378771.605329) can0 38F#B024E25302000000
(1786378771.605750) can0 38E#CD29004011000000
(1786378771.615367) can0 38E#2A2A004011000000
(1786378771.625399) can0 38F#ED25E25302000000
(1786378771.625641) can0 38E#772B004011000000
(1786378771.635333) can0 38E#F92C004011000000
(1786378771.645293) can0 38F#0A26E25302000000
(1786378771.645581) can0 38E#A42D004011000000
(1786378771.655329) can0 38E#432E004011000000
(1786378771.665316) can0 38F#5727E25302000000
(1786378771.665574) can0 38E#1E2F004011000000
(1786378771.675443) can0 38E#4220004011000000
(1786378771.685293) can0 38F#0B28E25302000000
(1786378771.685599) can0 38E#1F21004011000000
(1786378771.695396) can0 38E#F822004011000000
(1786378771.705373) can0 38F#5629E25302000000
(1786378771.705664) can0 38E#A523004011000000
(1786378771.715291) can0 38E#2B24004011000000
(1786378771.725256) can0 38F#B12AE25302000000
(1786378771.725611) can0 38E#7625004011000000
(1786378771.735526) can0 38E#9126004011000000
(1786378771.745378) can0 38F#EC2BE25302000000
(1786378771.745718) can0 38E#CC27004011000000
(1786378771.755390) can0 38E#9028004011000000
(1786378771.765287) can0 38F#622CE25302000000
(1786378771.765573) can0 38E#CD29004011000000
(1786378771.775319) can0 38E#2A2A004011000000
(1786378771.785426) can0 38F#3F2DE25302000000
(1786378771.785697) can0 38E#772B004011000000
(1786378771.795387) can0 38E#F92C004011000000
(1786378771.805274) can0 38F#D82EE25302000000
(1786378771.805627) can0 38E#A42D004011000000
(1786378771.815343) can0 38E#432E004011000000
(1786378771.825308) can0 38F#852FE25302000000
(1786378771.825552) can0 38E#1E2F004011000000
(1786378771.835334) can0 38E#4220004011000000
(1786378771.845354) can0 38F#D920E25302000000
(1786378771.845748) can0 38E#1F21004011000000
(1786378771.855362) can0 38E#F822004011000000
(1786378771.865018) can0 38F#8421E25302000000
(1786378771.865276) can0 38E#A523004011000000
(1786378771.875308) can0 38E#2B24004011000000
(1786378771.885335) can0 38F#6322E25302000000
(1786378771.885560) can0 38E#7625004011000000
(1786378771.895333) can0 38E#9126004011000000
(1786378771.905373) can0 38F#3E23E25302000000
(1786378771.905672) can0 38E#CC27004011000000
(1786378771.915377) can0 38E#9028004011000000
(1786378771.925354) can0 38F#B024E25302000000
(1786378771.925681) can0 38E#CD29004011000000
(1786378771.935346) can0 38E#2A2A004011000000
(1786378771.945436) can0 38F#ED25E25302000000
(1786378771.945848) can0 38E#772B004011000000
(1786378771.955428) can0 38E#F92C004011000000
(1786378771.965393) can0 38F#0A26E25302000000
(1786378771.965720) can0 38E#A42D004011000000
(1786378771.975364) can0 38E#432E004011000000
(1786378771.985419) can0 38F#5727E25302000000
(1786378771.985739) can0 38E#1E2F004011000000
(1786378771.995385) can0 38E#4220004011000000
(1786378772.008147) can0 38F#0B28E25302000000
(1786378772.008493) can0 38E#1F21004011000000
(1786378772.015428) can0 38E#F822004011000000
(1786378772.025450) can0 38F#5629E25302000000
(1786378772.025813) can0 38E#A523004011000000
(1786378772.035386) can0 38E#2B24004011000000
(1786378772.045311) can0 38F#B12AE25302000000
(1786378772.045632) can0 38E#7625004011000000
(1786378772.055409) can0 38E#9126004011000000
(1786378772.065380) can0 38F#EC2BE25302000000
(1786378772.065620) can0 38E#CC27004011000000
(1786378772.075361) can0 38E#9028004011000000
(1786378772.085331) can0 38F#622CE25302000000
(1786378772.085700) can0 38E#CD29004011000000
(1786378772.095374) can0 38E#2A2A004011000000
(1786378772.105364) can0 38F#3F2DE25302000000
(1786378772.105642) can0 38E#772B004011000000
(1786378772.115314) can0 38E#F92C004011000000
(1786378772.125320) can0 38F#D82EE25302000000
(1786378772.125555) can0 38E#A42D004011000000
(1786378772.135437) can0 38E#432E004011000000
(1786378772.145049) can0 38F#852FE25302000000
(1786378772.145423) can0 38E#1E2F004011000000
(1786378772.155395) can0 38E#4220004011000000
(1786378772.165390) can0 38F#D920E25302000000
(1786378772.165713) can0 38E#1F21004011000000
(1786378772.175484) can0 38E#F822004011000000
(1786378772.185462) can0 38F#8421E25302000000
(1786378772.185823) can0 38E#A523004011000000
(1786378772.195350) can0 38E#2B24004011000000
(1786378772.205375) can0 38F#6322E25302000000
(1786378772.205740) can0 38E#7625004011000000
(1786378772.215402) can0 38E#9126004011000000
(1786378772.225415) can0 38F#3E23E25302000000
(1786378772.225782) can0 38E#CC27004011000000
(1786378772.235435) can0 38E#9028004011000000
(1786378772.245310) can0 38F#B024E25302000000
(1786378772.245693) can0 38E#CD29004011000000
(1786378772.255373) can0 38E#2A2A004011000000
(1786378772.265375) can0 38F#ED25E25302000000
(1786378772.265655) can0 38E#772B004011000000
(1786378772.275298) can0 38E#F92C004011000000
(1786378772.285338) can0 38F#0A26E25302000000
(1786378772.285605) can0 38E#A42D004011000000
(1786378772.295373) can0 38E#432E004011000000
(1786378772.305347) can0 38F#5727E25302000000
(1786378772.305693) can0 38E#1E2F004011000000
(1786378772.315309) can0 38E#4220004011000000
(1786378772.325285) can0 38F#0B28E25302000000
(1786378772.325623) can0 38E#1F21004011000000
(1786378772.335399) can0 38E#F822004011000000
(1786378772.345388) can0 38F#5629E25302000000
(1786378772.345796) can0 38E#A523004011000000
(1786378772.355410) can0 38E#2B24004011000000
(1786378772.365317) can0 38F#B12AE25302000000
(1786378772.365652) can0 38E#7625004011000000
(1786378772.375276) can0 38E#9126004011000000
(1786378772.385354) can0 38F#EC2BE25302000000
(1786378772.385677) can0 38E#CC27004011000000
(1786378772.395406) can0 38E#9028004011000000
(1786378772.405318) can0 38F#622CE25302000000
(1786378772.405722) can0 38E#CD29004011000000
(1786378772.415418) can0 38E#2A2A004011000000
(1786378772.425383) can0 38F#3F2DE25302000000
(1786378772.425661) can0 38E#772B004011000000
(1786378772.435377) can0 38E#F92C004011000000
(1786378772.445339) can0 38F#D82EE25302000000
(1786378772.445708) can0 38E#A42D004011000000
(1786378772.455322) can0 38E#432E004011000000
(1786378772.465268) can0 38F#852FE25302000000
(1786378772.465500) can0 38E#1E2F004011000000
(1786378772.475342) can0 38E#4220004011000000
(1786378772.485336) can0 38F#D920E25302000000
(1786378772.485583) can0 38E#1F21004011000000
(1786378772.495343) can0 38E#F822004011000000
(1786378772.505350) can0 38F#8421E25302000000
(1786378772.505608) can0 38E#A523004011000000
(1786378772.515339) can0 38E#2B24004011000000
(1786378772.525291) can0 38F#6322E25302000000
(1786378772.525607) can0 38E#7625004011000000
(1786378772.535432) can0 38E#9126004011000000
(1786378772.545399) can0 38F#3E23E25302000000
(1786378772.545739) can0 38E#CC27004011000000
(1786378772.555411) can0 38E#9028004011000000
(1786378772.565335) can0 38F#B024E25302000000
(1786378772.565611) can0 38E#CD29004011000000
(1786378772.574987) can0 38E#2A2A004011000000
(1786378772.585338) can0 38F#ED25E25302000000
(1786378772.585606) can0 38E#772B004011000000
(1786378772.595402) can0 38E#F92C004011000000
(1786378772.605338) can0 38F#0A26E25302000000
(1786378772.605688) can0 38E#A42D004011000000
(1786378772.615408) can0 38E#432E004011000000
(1786378772.625364) can0 38F#5727E25302000000
(1786378772.625858) can0 38E#1E2F004011000000
(1786378772.635427) can0 38E#4220004011000000
(1786378772.645504) can0 38F#0B28E25302000000
(1786378772.645936) can0 38E#1F21004011000000
(1786378772.655393) can0 38E#F822004011000000
(1786378772.665302) can0 38F#5629E25302000000
(1786378772.665580) can0 38E#A523004011000000
(1786378772.675440) can0 38E#2B24004011000000
(1786378772.685346) can0 38F#B12AE25302000000
(1786378772.685745) can0 38E#7625004011000000
(1786378772.695368) can0 38E#9126004011000000
(1786378772.705458) can0 38F#EC2BE25302000000
(1786378772.705838) can0 38E#CC27004011000000
(1786378772.715435) can0 38E#9028004011000000
(1786378772.725325) can0 38F#622CE25302000000
(1786378772.725762) can0 38E#CD29004011000000
(1786378772.735374) can0 38E#2A2A004011000000
(1786378772.745480) can0 38F#3F2DE25302000000
(1786378772.745793) can0 38E#772B004011000000
(1786378772.755474) can0 38E#F92C004011000000
(1786378772.765324) can0 38F#D82EE25302000000
(1786378772.765649) can0 38E#A42D004011000000
(1786378772.775445) can0 38E#432E004011000000
(1786378772.785430) can0 38F#852FE25302000000
(1786378772.785737) can0 38E#1E2F004011000000
(1786378772.795406) can0 38E#4220004011000000
(1786378772.805312) can0 38F#D920E25302000000
(1786378772.805704) can0 38E#1F21004011000000
(1786378772.815396) can0 38E#F822004011000000
(1786378772.825342) can0 38F#8421E25302000000
(1786378772.825616) can0 38E#A523004011000000
(1786378772.835378) can0 38E#2B24004011000000
(1786378772.845324) can0 38F#6322E25302000000
(1786378772.845627) can0 38E#7625004011000000
(1786378772.855392) can0 38E#9126004011000000
(1786378772.865428) can0 38F#3E23E25302000000
(1786378772.865696) can0 38E#CC27004011000000
(1786378772.875355) can0 38E#9028004011000000
(1786378772.885301) can0 38F#B024E25302000000
(1786378772.885585) can0 38E#CD29004011000000
(1786378772.895334) can0 38E#2A2A004011000000
(1786378772.905437) can0 38F#ED25E25302000000
(1786378772.905821) can0 38E#772B004011000000
(1786378772.915421) can0 38E#F92C004011000000
(1786378772.925307) can0 38F#0A26E25302000000
(1786378772.925636) can0 38E#A42D004011000000
(1786378772.935399) can0 38E#432E004011000000
(1786378772.945420) can0 38F#5727E25302000000
(1786378772.945807) can0 38E#1E2F004011000000
(1786378772.955403) can0 38E#4220004011000000
(1786378772.965347) can0 38F#0B28E25302000000
(1786378772.965663) can0 38E#1F21004011000000
(1786378772.975360) can0 38E#F822004011000000
(1786378772.985387) can0 38F#5629E25302000000
(1786378772.985702) can0 38E#A523004011000000
(1786378772.995374) can0 38E#2B24004011000000
(1786378773.005318) can0 38F#B12AE25302000000
(1786378773.005808) can0 38E#7625004011000000
(1786378773.015349) can0 38E#9126004011000000
(1786378773.025412) can0 38F#EC2BE25302000000
(1786378773.025673) can0 38E#CC27004011000000
(1786378773.035361) can0 38E#9028004011000000
(1786378773.045385) can0 38F#622CE25302000000
(1786378773.045726) can0 38E#CD29004011000000
(1786378773.055308) can0 38E#2A2A004011000000
(1786378773.065362) can0 38F#3F2DE25302000000
(1786378773.065695) can0 38E#772B004011000000
(1786378773.075412) can0 38E#F92C004011000000
(1786378773.085348) can0 38F#D82EE25302000000
(1786378773.085795) can0 38E#A42D004011000000
(1786378773.095453) can0 38E#432E004011000000
(1786378773.105485) can0 38F#852FE25302000000
(1786378773.105893) can0 38E#1E2F004011000000
(1786378773.115372) can0 38E#4220004011000000
(1786378773.125341) can0 38F#D920E25302000000
(1786378773.125643) can0 38E#1F21004011000000
(1786378773.135354) can0 38E#F822004011000000
(1786378773.145447) can0 38F#8421E25302000000
(1786378773.145803) can0 38E#A523004011000000
(1786378773.155323) can0 38E#2B24004011000000
(1786378773.165310) can0 38F#6322E25302000000
(1786378773.165571) can0 38E#7625004011000000
(1786378773.175369) can0 38E#9126004011000000
(1786378773.185327) can0 38F#3E23E25302000000
(1786378773.185673) can0 38E#CC27004011000000
(1786378773.195363) can0 38E#9028004011000000
(1786378773.205331) can0 38F#B024E25302000000
(1786378773.205615) can0 38E#CD29004011000000
(1786378773.215413) can0 38E#2A2A004011000000
(1786378773.225285) can0 38F#ED25E25302000000
(1786378773.225542) can0 38E#772B004011000000
(1786378773.235318) can0 38E#F92C004011000000
(1786378773.245332) can0 38F#0A26E25302000000
(1786378773.245631) can0 38E#A42D004011000000
(1786378773.255435) can0 38E#432E004011000000
(1786378773.265402) can0 38F#5727E25302000000
(1786378773.265702) can0 38E#1E2F004011000000
(1786378773.275438) can0 38E#4220004011000000
(1786378773.285311) can0 38F#0B28E25302000000
(1786378773.285599) can0 38E#1F21004011000000
(1786378773.295432) can0 38E#F822004011000000
(1786378773.305441) can0 38F#5629E25302000000
(1786378773.305847) can0 38E#A523004011000000
(1786378773.315415) can0 38E#2B24004011000000
(1786378773.325407) can0 38F#B12AE25302000000
(1786378773.325794) can0 38E#7625004011000000
(1786378773.335417) can0 38E#9126004011000000
(1786378773.345470) can0 38F#EC2BE25302000000
(1786378773.345855) can0 38E#CC27004011000000
(1786378773.355437) can0 38E#9028004011000000
(1786378773.365408) can0 38F#622CE25302000000
(1786378773.365752) can0 38E#CD29004011000000
(1786378773.375328) can0 38E#2A2A004011000000
(1786378773.385350) can0 38F#3F2DE25302000000
(1786378773.385650) can0 38E#772B004011000000
(1786378773.395430) can0 38E#F92C004011000000
(1786378773.405351) can0 38F#D82EE25302000000
(1786378773.405626) can0 38E#A42D004011000000
(1786378773.415349) can0 38E#432E004011000000
(1786378773.425342) can0 38F#852FE25302000000
(1786378773.425620) can0 38E#1E2F004011000000
(1786378773.435321) can0 38E#4220004011000000
(1786378773.445319) can0 38F#D920E25302000000
(1786378773.445619) can0 38E#1F21004011000000
(1786378773.455389) can0 38E#F822004011000000
(1786378773.465375) can0 38F#8421E25302000000
(1786378773.465715) can0 38E#A523004011000000
(1786378773.475557) can0 38E#2B24004011000000
(1786378773.485478) can0 38F#6322E25302000000
(1786378773.485867) can0 38E#7625004011000000
(1786378773.495409) can0 38E#9126004011000000
(1786378773.505515) can0 38F#3E23E25302000000
(1786378773.505894) can0 38E#CC27004011000000
(1786378773.515420) can0 38E#9028004011000000
(1786378773.525415) can0 38F#B024E25302000000
(1786378773.525782) can0 38E#CD29004011000000
(1786378773.535507) can0 38E#2A2A004011000000
(1786378773.545406) can0 38F#ED25E25302000000
(1786378773.545735) can0 38E#772B004011000000
(1786378773.555417) can0 38E#F92C004011000000
(1786378773.565331) can0 38F#0A26E25302000000
(1786378773.565645) can0 38E#A42D004011000000
(1786378773.575437) can0 38E#432E004011000000
(1786378773.585379) can0 38F#5727E25302000000
(1786378773.585747) can0 38E#1E2F004011000000
(1786378773.595343) can0 38E#4220004011000000
(1786378773.605386) can0 38F#0B28E25302000000
(1786378773.605736) can0 38E#1F21004011000000
(1786378773.615353) can0 38E#F822004011000000
(1786378773.625361) can0 38F#5629E25302000000
(1786378773.625637) can0 38E#A523004011000000
(1786378773.635360) can0 38E#2B24004011000000
(1786378773.645407) can0 38F#B12AE25302000000
(1786378773.645786) can0 38E#7625004011000000
(1786378773.655351) can0 38E#9126004011000000
(1786378773.665309) can0 38F#EC2BE25302000000
(1786378773.665553) can0 38E#CC27004011000000
(1786378773.675350) can0 38E#9028004011000000
(1786378773.685350) can0 38F#622CE25302000000
(1786378773.685655) can0 38E#CD29004011000000
(1786378773.695377) can0 38E#2A2A004011000000
(1786378773.705387) can0 38F#3F2DE25302000000
(1786378773.705704) can0 38E#772B004011000000
(1786378773.715391) can0 38E#F92C004011000000
(1786378773.725394) can0 38F#D82EE25302000000
(1786378773.725743) can0 38E#A42D004011000000
(1786378773.735366) can0 38E#432E004011000000
(1786378773.745369) can0 38F#852FE25302000000
(1786378773.745650) can0 38E#1E2F004011000000
(1786378773.755396) can0 38E#4220004011000000
(1786378773.765311) can0 38F#D920E25302000000
(1786378773.765645) can0 38E#1F21004011000000
(1786378773.775387) can0 38E#F822004011000000
(1786378773.785397) can0 38F#8421E25302000000
(1786378773.785713) can0 38E#A523004011000000
(1786378773.795340) can0 38E#2B24004011000000
(1786378773.805357) can0 38F#6322E25302000000
(1786378773.805740) can0 38E#7625004011000000
(1786378773.815492) can0 38E#9126004011000000
(1786378773.825390) can0 38F#3E23E25302000000
(1786378773.825733) can0 38E#CC27004011000000
(1786378773.835325) can0 38E#9028004011000000
(1786378773.845354) can0 38F#B024E25302000000
(1786378773.845716) can0 38E#CD29004011000000
(1786378773.855409) can0 38E#2A2A004011000000
(1786378773.865088) can0 38F#ED25E25302000000
(1786378773.865382) can0 38E#772B004011000000
(1786378773.875280) can0 38E#F92C004011000000
(1786378773.885372) can0 38F#0A26E25302000000
(1786378773.885658) can0 38E#A42D004011000000
(1786378773.895409) can0 38E#432E004011000000
(1786378773.905368) can0 38F#5727E25302000000
(1786378773.905632) can0 38E#1E2F004011000000
(1786378773.915322) can0 38E#4220004011000000
(1786378773.925327) can0 38F#0B28E25302000000
(1786378773.925550) can0 38E#1F21004011000000
(1786378773.935410) can0 38E#F822004011000000
(1786378773.945426) can0 38F#5629E25302000000
(1786378773.945827) can0 38E#A523004011000000
(1786378773.955391) can0 38E#2B24004011000000
(1786378773.965337) can0 38F#B12AE25302000000
(1786378773.965648) can0 38E#7625004011000000
(1786378773.975353) can0 38E#9126004011000000
(1786378773.985377) can0 38F#EC2BE25302000000
(1786378773.985697) can0 38E#CC27004011000000
(1786378773.995353) can0 38E#9028004011000000
(1786378774.005390) can0 38F#622CE25302000000
(1786378774.005755) can0 38E#CD29004011000000
(1786378774.015360) can0 38E#2A2A004011000000
(1786378774.025352) can0 38F#3F2DE25302000000
(1786378774.025659) can0 38E#772B004011000000
(1786378774.035362) can0 38E#F92C004011000000
(1786378774.045348) can0 38F#D82EE25302000000
(1786378774.045771) can0 38E#A42D004011000000
(1786378774.055407) can0 38E#432E004011000000
(1786378774.065343) can0 38F#852FE25302000000
(1786378774.065630) can0 38E#1E2F004011000000
(1786378774.075596) can0 38E#4220004011000000
(1786378774.085325) can0 38F#D920E25302000000
(1786378774.085608) can0 38E#1F21004011000000
(1786378774.095381) can0 38E#F822004011000000
(1786378774.105435) can0 38F#8421E25302000000
(1786378774.105692) can0 38E#A523004011000000
(1786378774.115457) can0 38E#2B24004011000000
(1786378774.125340) can0 38F#6322E25302000000
(1786378774.125627) can0 38E#7625004011000000
(1786378774.135415) can0 38E#9126004011000000
(1786378774.145411) can0 38F#3E23E25302000000
(1786378774.145718) can0 38E#CC27004011000000
(1786378774.155415) can0 38E#9028004011000000
(1786378774.165348) can0 38F#B024E25302000000
(1786378774.165635) can0 38E#CD29004011000000
(1786378774.175360) can0 38E#2A2A004011000000
(1786378774.185369) can0 38F#ED25E25302000000
(1786378774.185674) can0 38E#772B004011000000
(1786378774.195395) can0 38E#F92C004011000000
(1786378774.205405) can0 38F#0A26E25302000000
(1786378774.205687) can0 38E#A42D004011000000
(1786378774.215349) can0 38E#432E004011000000
(1786378774.225324) can0 38F#5727E25302000000
(1786378774.225640) can0 38E#1E2F004011000000
(1786378774.235367) can0 38E#4220004011000000
(1786378774.245430) can0 38F#0B28E25302000000
(1786378774.245821) can0 38E#1F21004011000000
(1786378774.255469) can0 38E#F822004011000000
(1786378774.265341) can0 38F#5629E25302000000
(1786378774.265609) can0 38E#A523004011000000
(1786378774.275385) can0 38E#2B24004011000000
(1786378774.285362) can0 38F#B12AE25302000000
(1786378774.285612) can0 38E#7625004011000000
(1786378774.295335) can0 38E#9126004011000000
(1786378774.305334) can0 38F#EC2BE25302000000
(1786378774.305660) can0 38E#CC27004011000000
(1786378774.315410) can0 38E#9028004011000000
(1786378774.325328) can0 38F#622CE25302000000
(1786378774.325633) can0 38E#CD29004011000000
(1786378774.335394) can0 38E#2A2A004011000000
(1786378774.345320) can0 38F#3F2DE25302000000
(1786378774.345623) can0 38E#772B004011000000
(1786378774.355366) can0 38E#F92C004011000000
(1786378774.365365) can0 38F#D82EE25302000000
(1786378774.365679) can0 38E#A42D004011000000
(1786378774.375353) can0 38E#432E004011000000
(1786378774.385316) can0 38F#852FE25302000000
(1786378774.385595) can0 38E#1E2F004011000000
(1786378774.395368) can0 38E#4220004011000000
(1786378774.405345) can0 38F#D920E25302000000
(1786378774.405703) can0 38E#1F21004011000000
(1786378774.415425) can0 38E#F822004011000000
(1786378774.425411) can0 38F#8421E25302000000
(1786378774.425792) can0 38E#A523004011000000
(1786378774.435439) can0 38E#2B24004011000000
(1786378774.445330) can0 38F#6322E25302000000
(1786378774.445783) can0 38E#7625004011000000
(1786378774.455370) can0 38E#9126004011000000
(1786378774.465384) can0 38F#3E23E25302000000
(1786378774.465677) can0 38E#CC27004011000000
(1786378774.475326) can0 38E#9028004011000000
(1786378774.485360) can0 38F#B024E25302000000
(1786378774.485651) can0 38E#CD29004011000000
(1786378774.495423) can0 38E#2A2A004011000000
(1786378774.505444) can0 38F#ED25E25302000000
(1786378774.505751) can0 38E#772B004011000000
(1786378774.515319) can0 38E#F92C004011000000
(1786378774.525343) can0 38F#0A26E25302000000
(1786378774.525628) can0 38E#A42D004011000000
(1786378774.535459) can0 38E#432E004011000000
(1786378774.545466) can0 38F#5727E25302000000
(1786378774.545831) can0 38E#1E2F004011000000
(1786378774.555444) can0 38E#4220004011000000
(1786378774.565339) can0 38F#0B28E25302000000
(1786378774.565660) can0 38E#1F21004011000000
(1786378774.575460) can0 38E#F822004011000000
(1786378774.585437) can0 38F#5629E25302000000
(1786378774.585752) can0 38E#A523004011000000
(1786378774.595408) can0 38E#2B24004011000000
(1786378774.605359) can0 38F#B12AE25302000000
(1786378774.605629) can0 38E#7625004011000000
(1786378774.615363) can0 38E#9126004011000000
(1786378774.625405) can0 38F#EC2BE25302000000
(1786378774.625739) can0 38E#CC27004011000000
(1786378774.635445) can0 38E#9028004011000000
(1786378774.645381) can0 38F#622CE25302000000
(1786378774.645833) can0 38E#CD29004011000000
(1786378774.655427) can0 38E#2A2A004011000000
(1786378774.665357) can0 38F#3F2DE25302000000
(1786378774.665647) can0 38E#772B004011000000
(1786378774.675358) can0 38E#F92C004011000000
(1786378774.685346) can0 38F#D82EE25302000000
(1786378774.685708) can0 38E#A42D004011000000
(1786378774.695411) can0 38E#432E004011000000
(1786378774.705376) can0 38F#852FE25302000000
(1786378774.705633) can0 38E#1E2F004011000000
(1786378774.715371) can0 38E#4220004011000000
(1786378774.725281) can0 38F#D920E25302000000
(1786378774.725607) can0 38E#1F21004011000000
(1786378774.735350) can0 38E#F822004011000000
(1786378774.745507) can0 38F#8421E25302000000
(1786378774.745856) can0 38E#A523004011000000
(1786378774.755429) can0 38E#2B24004011000000
(1786378774.765393) can0 38F#6322E25302000000
(1786378774.765644) can0 38E#7625004011000000
(1786378774.775409) can0 38E#9126004011000000
(1786378774.785459) can0 38F#3E23E25302000000
(1786378774.785844) can0 38E#CC27004011000000
(1786378774.795456) can0 38E#9028004011000000
(1786378774.805381) can0 38F#B024E25302000000
(1786378774.805761) can0 38E#CD29004011000000
(1786378774.815323) can0 38E#2A2A004011000000
(1786378774.825345) can0 38F#ED25E25302000000
(1786378774.825645) can0 38E#772B004011000000
(1786378774.835378) can0 38E#F92C004011000000
(1786378774.845349) can0 38F#0A26E25302000000
(1786378774.845749) can0 38E#A42D004011000000
(1786378774.855387) can0 38E#432E004011000000
(1786378774.865378) can0 38F#5727E25302000000
(1786378774.865719) can0 38E#1E2F004011000000
(1786378774.875433) can0 38E#4220004011000000
(1786378774.885407) can0 38F#0B28E25302000000
(1786378774.885780) can0 38E#1F21004011000000
(1786378774.895407) can0 38E#F822004011000000
(1786378774.905425) can0 38F#5629E25302000000
(1786378774.905726) can0 38E#A523004011000000
(1786378774.915447) can0 38E#2B24004011000000
(1786378774.925436) can0 38F#B12AE25302000000
(1786378774.925782) can0 38E#7625004011000000
(1786378774.935481) can0 38E#9126004011000000
(1786378774.945430) can0 38F#EC2BE25302000000
(1786378774.945814) can0 38E#CC27004011000000
(1786378774.955415) can0 38E#9028004011000000
(1786378774.965409) can0 38F#622CE25302000000
(1786378774.965779) can0 38E#CD29004011000000
(1786378774.975486) can0 38E#2A2A004011000000
(1786378774.985452) can0 38F#3F2DE25302000000
(1786378774.985801) can0 38E#772B004011000000
(1786378774.995417) can0 38E#F92C004011000000
(1786378775.005437) can0 38F#D82EE25302000000
(1786378775.005848) can0 38E#A42D004011000000
(1786378775.015485) can0 38E#432E004011000000
(1786378775.025470) can0 38F#852FE25302000000
(1786378775.025783) can0 38E#1E2F004011000000
(1786378775.035383) can0 38E#4220004011000000
(1786378775.045310) can0 38F#D920E25302000000
(1786378775.045628) can0 38E#1F21004011000000
(1786378775.055418) can0 38E#F822004011000000
(1786378775.065416) can0 38F#8421E25302000000
(1786378775.065690) can0 38E#A523004011000000
(1786378775.075443) can0 38E#2B24004011000000
(1786378775.085387) can0 38F#6322E25302000000
(1786378775.085698) can0 38E#7625004011000000
(1786378775.095381) can0 38E#9126004011000000
(1786378775.105325) can0 38F#3E23E25302000000
(1786378775.105587) can0 38E#CC27004011000000
(1786378775.115368) can0 38E#9028004011000000
(1786378775.125329) can0 38F#B024E25302000000
(1786378775.125634) can0 38E#CD29004011000000
(1786378775.135452) can0 38E#2A2A004011000000
(1786378775.145507) can0 38F#ED25E25302000000
(1786378775.145907) can0 38E#772B004011000000
(1786378775.155378) can0 38E#F92C004011000000
(1786378775.165347) can0 38F#0A26E25302000000
(1786378775.165713) can0 38E#A42D004011000000
(1786378775.175440) can0 38E#432E004011000000
(1786378775.185432) can0 38F#5727E25302000000
(1786378775.185779) can0 38E#1E2F004011000000
(1786378775.195403) can0 38E#4220004011000000
(1786378775.205334) can0 38F#0B28E25302000000
(1786378775.205774) can0 38E#1F21004011000000
(1786378775.215380) can0 38E#F822004011000000
(1786378775.225477) can0 38F#5629E25302000000
(1786378775.225924) can0 38E#A523004011000000
(1786378775.235485) can0 38E#2B24004011000000
(1786378775.245404) can0 38F#B12AE25302000000
(1786378775.245841) can0 38E#7625004011000000
(1786378775.255481) can0 38E#9126004011000000
(1786378775.265398) can0 38F#EC2BE25302000000
(1786378775.265752) can0 38E#CC27004011000000
(1786378775.275443) can0 38E#9028004011000000
(1786378775.285335) can0 38F#622CE25302000000
(1786378775.285671) can0 38E#CD29004011000000
(1786378775.295458) can0 38E#2A2A004011000000
(1786378775.305446) can0 38F#3F2DE25302000000
(1786378775.305827) can0 38E#772B004011000000
(1786378775.315392) can0 38E#F92C004011000000
(1786378775.325372) can0 38F#D82EE25302000000
(1786378775.325802) can0 38E#A42D004011000000
(1786378775.335475) can0 38E#432E004011000000
(1786378775.345430) can0 38F#852FE25302000000
(1786378775.345847) can0 38E#1E2F004011000000
(1786378775.355471) can0 38E#4220004011000000
(1786378775.365411) can0 38F#D920E25302000000
(1786378775.365806) can0 38E#1F21004011000000
(1786378775.375417) can0 38E#F822004011000000
(1786378775.385477) can0 38F#8421E25302000000
(1786378775.385854) can0 38E#A523004011000000
(1786378775.395359) can0 38E#2B24004011000000
(1786378775.405415) can0 38F#6322E25302000000
(1786378775.405750) can0 38E#7625004011000000
(1786378775.415408) can0 38E#9126004011000000
(1786378775.425428) can0 38F#3E23E25302000000
(1786378775.425837) can0 38E#CC27004011000000
(1786378775.435453) can0 38E#9028004011000000
(1786378775.445458) can0 38F#B024E25302000000
(1786378775.445879) can0 38E#CD29004011000000
(1786378775.455492) can0 38E#2A2A004011000000
(1786378775.465419) can0 38F#ED25E25302000000
(1786378775.465828) can0 38E#772B004011000000
(1786378775.475423) can0 38E#F92C004011000000
(1786378775.485397) can0 38F#0A26E25302000000
(1786378775.485898) can0 38E#A42D004011000000
(1786378775.495500) can0 38E#432E004011000000
(1786378775.505595) can0 38F#5727E25302000000
(1786378775.506039) can0 38E#1E2F004011000000
(1786378775.515460) can0 38E#4220004011000000
(1786378775.525402) can0 38F#0B28E25302000000
(1786378775.525747) can0 38E#1F21004011000000
(1786378775.535473) can0 38E#F822004011000000
(1786378775.545515) can0 38F#5629E25302000000
(1786378775.545941) can0 38E#A523004011000000
(1786378775.555468) can0 38E#2B24004011000000
(1786378775.565384) can0 38F#B12AE25302000000
(1786378775.565749) can0 38E#7625004011000000
(1786378775.575482) can0 38E#9126004011000000
(1786378775.585064) can0 38F#EC2BE25302000000
(1786378775.585390) can0 38E#CC27004011000000
(1786378775.595406) can0 38E#9028004011000000
(1786378775.605451) can0 38F#622CE25302000000
(1786378775.605805) can0 38E#CD29004011000000
(1786378775.615411) can0 38E#2A2A004011000000
(1786378775.625570) can0 38F#3F2DE25302000000
(1786378775.625915) can0 38E#772B004011000000
(1786378775.635513) can0 38E#F92C004011000000
(1786378775.645398) can0 38F#D82EE25302000000
(1786378775.645844) can0 38E#A42D004011000000
(1786378775.658796) can0 38E#432E004011000000
(1786378775.686877) can0 38F#852FE25302000000
(1786378775.742714) can0 38E#1E2F004011000000
(1786378775.751301) can0 38E#4220004011000000
(1786378775.751680) can0 38F#D920E25302000000
(1786378775.751999) can0 38E#1F21004011000000
(1786378775.752313) can0 38E#F822004011000000
(1786378775.752653) can0 38F#8421E25302000000
(1786378775.752956) can0 38E#A523004011000000
(1786378775.753983) can0 38E#2B24004011000000
(1786378775.754447) can0 38F#6322E25302000000
(1786378775.754729) can0 38E#7625004011000000
(1786378775.754991) can0 38E#9126004011000000
(1786378775.755296) can0 38F#3E23E25302000000
(1786378775.755550) can0 38E#CC27004011000000
(1786378775.755793) can0 38E#9028004011000000
(1786378775.765326) can0 38F#B024E25302000000
(1786378775.765667) can0 38E#CD29004011000000
(1786378775.775470) can0 38E#2A2A004011000000
(1786378775.785430) can0 38F#ED25E25302000000
(1786378775.785829) can0 38E#772B004011000000
(1786378775.795503) can0 38E#F92C004011000000
(1786378775.805335) can0 38F#0A26E25302000000
(1786378775.805697) can0 38E#A42D004011000000
(1786378775.815426) can0 38E#432E004011000000
(1786378775.825545) can0 38F#5727E25302000000
(1786378775.825896) can0 38E#1E2F004011000000
(1786378775.835523) can0 38E#4220004011000000
(1786378775.845424) can0 38F#0B28E25302000000
(1786378775.845865) can0 38E#1F21004011000000
(1786378775.855573) can0 38E#F822004011000000
(1786378775.865466) can0 38F#5629E25302000000
(1786378775.865785) can0 38E#A523004011000000
(1786378775.875463) can0 38E#2B24004011000000
(1786378775.885474) can0 38F#B12AE25302000000
(1786378775.885759) can0 38E#7625004011000000
(1786378775.895455) can0 38E#9126004011000000
(1786378775.905569) can0 38F#EC2BE25302000000
(1786378775.906034) can0 38E#CC27004011000000
(1786378775.915409) can0 38E#9028004011000000
(1786378775.925432) can0 38F#622CE25302000000
(1786378775.925890) can0 38E#CD29004011000000
(1786378775.935469) can0 38E#2A2A004011000000
(1786378775.945483) can0 38F#3F2DE25302000000
(1786378775.945832) can0 38E#772B004011000000
(1786378775.955494) can0 38E#F92C004011000000
(1786378775.965354) can0 38F#D82EE25302000000
(1786378775.965655) can0 38E#A42D004011000000
(1786378775.975505) can0 38E#432E004011000000
(1786378775.985524) can0 38F#852FE25302000000
(1786378775.985856) can0 38E#1E2F004011000000
(1786378775.995527) can0 38E#4220004011000000
(1786378776.005386) can0 38F#D920E25302000000
(1786378776.005689) can0 38E#1F21004011000000
(1786378776.015363) can0 38E#F822004011000000
(1786378776.025044) can0 38F#8421E25302000000
(1786378776.025334) can0 38E#A523004011000000
(1786378776.035473) can0 38E#2B24004011000000
(1786378776.045510) can0 38F#6322E25302000000
(1786378776.045846) can0 38E#7625004011000000
(1786378776.055454) can0 38E#9126004011000000
(1786378776.065363) can0 38F#3E23E25302000000
(1786378776.065673) can0 38E#CC27004011000000
(1786378776.075387) can0 38E#9028004011000000
(1786378776.085585) can0 38F#B024E25302000000
(1786378776.085925) can0 38E#CD29004011000000
(1786378776.095486) can0 38E#2A2A004011000000
(1786378776.105456) can0 38F#ED25E25302000000
(1786378776.105754) can0 38E#772B004011000000
(1786378776.115335) can0 38E#F92C004011000000
(1786378776.125377) can0 38F#0A26E25302000000
(1786378776.125855) can0 38E#A42D004011000000
(1786378776.135467) can0 38E#432E004011000000
(1786378776.145437) can0 38F#5727E25302000000
(1786378776.145838) can0 38E#1E2F004011000000
(1786378776.155461) can0 38E#4220004011000000
(1786378776.165362) can0 38F#0B28E25302000000
(1786378776.165738) can0 38E#1F21004011000000
(1786378776.175474) can0 38E#F822004011000000
(1786378776.185494) can0 38F#5629E25302000000
(1786378776.186052) can0 38E#A523004011000000
(1786378776.195460) can0 38E#2B24004011000000
(1786378776.205520) can0 38F#B12AE25302000000
(1786378776.205895) can0 38E#7625004011000000
(1786378776.215437) can0 38E#9126004011000000
(1786378776.225540) can0 38F#EC2BE25302000000
(1786378776.225936) can0 38E#CC27004011000000
(1786378776.235443) can0 38E#9028004011000000
(1786378776.245500) can0 38F#622CE25302000000
(1786378776.245984) can0 38E#CD29004011000000
(1786378776.255493) can0 38E#2A2A004011000000
(1786378776.265409) can0 38F#3F2DE25302000000
(1786378776.265747) can0 38E#772B004011000000
(1786378776.275401) can0 38E#F92C004011000000
(1786378776.285419) can0 38F#D82EE25302000000
(1786378776.285896) can0 38E#A42D004011000000
(1786378776.295528) can0 38E#432E004011000000
(1786378776.305482) can0 38F#852FE25302000000
(1786378776.305850) can0 38E#1E2F004011000000
(1786378776.315399) can0 38E#4220004011000000
(1786378776.325328) can0 38F#D920E25302000000
(1786378776.325723) can0 38E#1F21004011000000
(1786378776.335466) can0 38E#F822004011000000
(1786378776.345458) can0 38F#8421E25302000000
(1786378776.345903) can0 38E#A523004011000000
(1786378776.355440) can0 38E#2B24004011000000
(1786378776.365410) can0 38F#6322E25302000000
(1786378776.365881) can0 38E#7625004011000000
(1786378776.375547) can0 38E#9126004011000000
(1786378776.385458) can0 38F#3E23E25302000000
(1786378776.385858) can0 38E#CC27004011000000
(1786378776.395497) can0 38E#9028004011000000
(1786378776.405506) can0 38F#B024E25302000000
(1786378776.405869) can0 38E#CD29004011000000
(1786378776.415441) can0 38E#2A2A004011000000
(1786378776.425470) can0 38F#ED25E25302000000
(1786378776.425930) can0 38E#772B004011000000
(1786378776.435567) can0 38E#F92C004011000000
(1786378776.445151) can0 38F#0A26E25302000000
(1786378776.445682) can0 38E#A42D004011000000
(1786378776.455654) can0 38E#432E004011000000
(1786378776.465477) can0 38F#5727E25302000000
(1786378776.465876) can0 38E#1E2F004011000000
(1786378776.475462) can0 38E#4220004011000000
(1786378776.485414) can0 38F#0B28E25302000000
(1786378776.485789) can0 38E#1F21004011000000
(1786378776.495391) can0 38E#F822004011000000
(1786378776.505408) can0 38F#5629E25302000000
(1786378776.505723) can0 38E#A523004011000000
(1786378776.515438) can0 38E#2B24004011000000
(1786378776.525389) can0 38F#B12AE25302000000
(1786378776.525734) can0 38E#7625004011000000
(1786378776.535479) can0 38E#9126004011000000
(1786378776.545534) can0 38F#EC2BE25302000000
(1786378776.546069) can0 38E#CC27004011000000
(1786378776.555500) can0 38E#9028004011000000
(1786378776.565417) can0 38F#622CE25302000000
(1786378776.565782) can0 38E#CD29004011000000
(1786378776.575430) can0 38E#2A2A004011000000
(1786378776.585477) can0 38F#3F2DE25302000000
(1786378776.585917) can0 38E#772B004011000000
(1786378776.595419) can0 38E#F92C004011000000
(1786378776.605429) can0 38F#D82EE25302000000
(1786378776.605809) can0 38E#A42D004011000000
(1786378776.615531) can0 38E#432E004011000000
(1786378776.625409) can0 38F#852FE25302000000
(1786378776.625779) can0 38E#1E2F004011000000
(1786378776.635442) can0 38E#4220004011000000
(1786378776.645500) can0 38F#D920E25302000000
(1786378776.645836) can0 38E#1F21004011000000
(1786378776.655562) can0 38E#F822004011000000
(1786378776.665423) can0 38F#8421E25302000000
(1786378776.665813) can0 38E#A523004011000000
(1786378776.675548) can0 38E#2B24004011000000
(1786378776.685384) can0 38F#6322E25302000000
(1786378776.685771) can0 38E#7625004011000000
(1786378776.695476) can0 38E#9126004011000000
(1786378776.705424) can0 38F#3E23E25302000000
(1786378776.705761) can0 38E#CC27004011000000
(1786378776.715427) can0 38E#9028004011000000
(1786378776.725590) can0 38F#B024E25302000000
(1786378776.725977) can0 38E#CD29004011000000
(1786378776.735514) can0 38E#2A2A004011000000
(1786378776.745482) can0 38F#ED25E25302000000
(1786378776.745902) can0 38E#772B004011000000
(1786378776.755407) can0 38E#F92C004011000000
(1786378776.765362) can0 38F#0A26E25302000000
(1786378776.765703) can0 38E#A42D004011000000
(1786378776.775432) can0 38E#432E004011000000
(1786378776.785526) can0 38F#5727E25302000000
(1786378776.785939) can0 38E#1E2F004011000000
(1786378776.795436) can0 38E#4220004011000000
(1786378776.805483) can0 38F#0B28E25302000000
(1786378776.805889) can0 38E#1F21004011000000
(1786378776.815404) can0 38E#F822004011000000
(1786378776.825434) can0 38F#5629E25302000000
(1786378776.825837) can0 38E#A523004011000000
(1786378776.835476) can0 38E#2B24004011000000
(1786378776.845492) can0 38F#B12AE25302000000
(1786378776.846030) can0 38E#7625004011000000
(1786378776.855488) can0 38E#9126004011000000
(1786378776.865428) can0 38F#EC2BE25302000000
(1786378776.865782) can0 38E#CC27004011000000
(1786378776.875545) can0 38E#9028004011000000
(1786378776.885432) can0 38F#622CE25302000000
(1786378776.885842) can0 38E#CD29004011000000
(1786378776.895560) can0 38E#2A2A004011000000
(1786378776.905514) can0 38F#3F2DE25302000000
(1786378776.905896) can0 38E#772B004011000000
(1786378776.915448) can0 38E#F92C004011000000
(1786378776.925402) can0 38F#D82EE25302000000
(1786378776.925846) can0 38E#A42D004011000000
(1786378776.935475) can0 38E#432E004011000000
(1786378776.945507) can0 38F#852FE25302000000
(1786378776.945959) can0 38E#1E2F004011000000
(1786378776.955516) can0 38E#4220004011000000
(1786378776.965391) can0 38F#D920E25302000000
(1786378776.965769) can0 38E#1F21004011000000
(1786378776.975469) can0 38E#F822004011000000
(1786378776.985564) can0 38F#8421E25302000000
(1786378776.985956) can0 38E#A523004011000000
(1786378776.995516) can0 38E#2B24004011000000
(1786378777.005380) can0 38F#6322E25302000000
(1786378777.005766) can0 38E#7625004011000000
(1786378777.015434) can0 38E#9126004011000000
(1786378777.025426) can0 38F#3E23E25302000000
(1786378777.025787) can0 38E#CC27004011000000
(1786378777.035500) can0 38E#9028004011000000
(1786378777.045391) can0 38F#B024E25302000000
(1786378777.045734) can0 38E#CD29004011000000
(1786378777.055407) can0 38E#2A2A004011000000
(1786378777.065444) can0 38F#ED25E25302000000
(1786378777.065789) can0 38E#772B004011000000
(1786378777.075444) can0 38E#F92C004011000000
(1786378777.085548) can0 38F#0A26E25302000000
(1786378777.085955) can0 38E#A42D004011000000
(1786378777.095484) can0 38E#432E004011000000
(1786378777.105475) can0 38F#5727E25302000000
(1786378777.105884) can0 38E#1E2F004011000000
(1786378777.115404) can0 38E#4220004011000000
(1786378777.125454) can0 38F#0B28E25302000000
(1786378777.125865) can0 38E#1F21004011000000
(1786378777.135538) can0 38E#F822004011000000
(1786378777.145554) can0 38F#5629E25302000000
(1786378777.146052) can0 38E#A523004011000000
(1786378777.155482) can0 38E#2B24004011000000
(1786378777.165431) can0 38F#B12AE25302000000
(1786378777.165832) can0 38E#7625004011000000
(1786378777.175414) can0 38E#9126004011000000
(1786378777.185439) can0 38F#EC2BE25302000000
(1786378777.185748) can0 38E#CC27004011000000
(1786378777.195435) can0 38E#9028004011000000
(1786378777.205456) can0 38F#622CE25302000000
(1786378777.205825) can0 38E#CD29004011000000
(1786378777.215524) can0 38E#2A2A004011000000
(1786378777.225502) can0 38F#3F2DE25302000000
(1786378777.225882) can0 38E#772B004011000000
(1786378777.235513) can0 38E#F92C004011000000
(1786378777.245442) can0 38F#D82EE25302000000
(1786378777.245930) can0 38E#A42D004011000000
(1786378777.255519) can0 38E#432E004011000000
(1786378777.265429) can0 38F#852FE25302000000
(1786378777.265760) can0 38E#1E2F004011000000
(1786378777.275448) can0 38E#4220004011000000
(1786378777.285508) can0 38F#D920E25302000000
(1786378777.285909) can0 38E#1F21004011000000
(1786378777.295477) can0 38E#F822004011000000
(1786378777.305433) can0 38F#8421E25302000000
(1786378777.305809) can0 38E#A523004011000000
(1786378777.315395) can0 38E#2B24004011000000
(1786378777.325405) can0 38F#6322E25302000000
(1786378777.325864) can0 38E#7625004011000000
(1786378777.335514) can0 38E#9126004011000000
(1786378777.345521) can0 38F#3E23E25302000000
(1786378777.345842) can0 38E#CC27004011000000
(1786378777.355435) can0 38E#9028004011000000
(1786378777.365396) can0 38F#B024E25302000000
(1786378777.365857) can0 38E#CD29004011000000
(1786378777.375583) can0 38E#2A2A004011000000
(1786378777.385430) can0 38F#ED25E25302000000
(1786378777.385750) can0 38E#772B004011000000
(1786378777.395502) can0 38E#F92C004011000000
(1786378777.405372) can0 38F#0A26E25302000000
(1786378777.405666) can0 38E#A42D004011000000
(1786378777.415414) can0 38E#432E004011000000
(1786378777.425402) can0 38F#5727E25302000000
(1786378777.425696) can0 38E#1E2F004011000000
(1786378777.435461) can0 38E#4220004011000000
(1786378777.445588) can0 38F#0B28E25302000000
(1786378777.446018) can0 38E#1F21004011000000
(1786378777.455544) can0 38E#F822004011000000
(1786378777.465456) can0 38F#5629E25302000000
(1786378777.465786) can0 38E#A523004011000000
(1786378777.475448) can0 38E#2B24004011000000
(1786378777.485409) can0 38F#B12AE25302000000
(1786378777.485750) can0 38E#7625004011000000
(1786378777.495499) can0 38E#9126004011000000
(1786378777.505498) can0 38F#EC2BE25302000000
(1786378777.505999) can0 38E#CC27004011000000
(1786378777.515440) can0 38E#9028004011000000
(1786378777.525472) can0 38F#622CE25302000000
(1786378777.525916) can0 38E#CD29004011000000
(1786378777.535468) can0 38E#2A2A004011000000
(1786378777.545531) can0 38F#3F2DE25302000000
(1786378777.545912) can0 38E#772B004011000000
(1786378777.555541) can0 38E#F92C004011000000
(1786378777.565379) can0 38F#D82EE25302000000
(1786378777.565728) can0 38E#A42D004011000000
(1786378777.575586) can0 38E#432E004011000000
(1786378777.585481) can0 38F#852FE25302000000
(1786378777.585844) can0 38E#1E2F004011000000
(1786378777.595482) can0 38E#4220004011000000
(1786378777.605412) can0 38F#D920E25302000000
(1786378777.605760) can0 38E#1F21004011000000
(1786378777.615475) can0 38E#F822004011000000
(1786378777.625485) can0 38F#8421E25302000000
(1786378777.625817) can0 38E#A523004011000000
(1786378777.635554) can0 38E#2B24004011000000
(1786378777.645544) can0 38F#6322E25302000000
(1786378777.645981) can0 38E#7625004011000000
(1786378777.655509) can0 38E#9126004011000000
(1786378777.665429) can0 38F#3E23E25302000000
(1786378777.665734) can0 38E#CC27004011000000
(1786378777.675465) can0 38E#9028004011000000
(1786378777.685382) can0 38F#B024E25302000000
(1786378777.685711) can0 38E#CD29004011000000
(1786378777.695433) can0 38E#2A2A004011000000
(1786378777.705453) can0 38F#ED25E25302000000
(1786378777.705873) can0 38E#772B004011000000
(1786378777.715423) can0 38E#F92C004011000000
(1786378777.725419) can0 38F#0A26E25302000000
(1786378777.725717) can0 38E#A42D004011000000
(1786378777.735441) can0 38E#432E004011000000
(1786378777.745512) can0 38F#5727E25302000000
(1786378777.745877) can0 38E#1E2F004011000000
(1786378777.755494) can0 38E#4220004011000000
(1786378777.765394) can0 38F#0B28E25302000000
(1786378777.765692) can0 38E#1F21004011000000
(1786378777.775632) can0 38E#F822004011000000
(1786378777.785495) can0 38F#5629E25302000000
(1786378777.785854) can0 38E#A523004011000000
(1786378777.795534) can0 38E#2B24004011000000
(1786378777.805535) can0 38F#B12AE25302000000
(1786378777.806019) can0 38E#7625004011000000
(1786378777.815471) can0 38E#9126004011000000
(1786378777.825540) can0 38F#EC2BE25302000000
(1786378777.825952) can0 38E#CC27004011000000
(1786378777.835508) can0 38E#9028004011000000
(1786378777.845492) can0 38F#622CE25302000000
(1786378777.846006) can0 38E#CD29004011000000
(1786378777.855482) can0 38E#2A2A004011000000
(1786378777.865427) can0 38F#3F2DE25302000000
(1786378777.865773) can0 38E#772B004011000000
(1786378777.875510) can0 38E#F92C004011000000
(1786378777.885160) can0 38F#D82EE25302000000
(1786378777.885498) can0 38E#A42D004011000000
(1786378777.895505) can0 38E#432E004011000000
(1786378777.905530) can0 38F#852FE25302000000
(1786378777.905902) can0 38E#1E2F004011000000
(1786378777.915462) can0 38E#4220004011000000
(1786378777.925412) can0 38F#D920E25302000000
(1786378777.925832) can0 38E#1F21004011000000
(1786378777.935472) can0 38E#F822004011000000
(1786378777.945566) can0 38F#8421E25302000000
(1786378777.945981) can0 38E#A523004011000000
(1786378777.955565) can0 38E#2B24004011000000
(1786378777.965376) can0 38F#6322E25302000000
(1786378777.965720) can0 38E#7625004011000000
(1786378777.975585) can0 38E#9126004011000000
(1786378777.985570) can0 38F#3E23E25302000000
(1786378777.986016) can0 38E#CC27004011000000
(1786378777.995538) can0 38E#9028004011000000
(1786378778.005509) can0 38F#B024E25302000000
(1786378778.005963) can0 38E#CD29004011000000
(1786378778.015442) can0 38E#2A2A004011000000
(1786378778.025513) can0 38F#ED25E25302000000
(1786378778.025949) can0 38E#772B004011000000
(1786378778.035464) can0 38E#F92C004011000000
(1786378778.045467) can0 38F#0A26E25302000000
(1786378778.046073) can0 38E#A42D004011000000
(1786378778.055601) can0 38E#432E004011000000
(1786378778.065460) can0 38F#5727E25302000000
(1786378778.065812) can0 38E#1E2F004011000000
(1786378778.075617) can0 38E#4220004011000000
(1786378778.085513) can0 38F#0B28E25302000000
(1786378778.085827) can0 38E#1F21004011000000
(1786378778.095510) can0 38E#F822004011000000
(1786378778.105510) can0 38F#5629E25302000000
(1786378778.105931) can0 38E#A523004011000000
(1786378778.115489) can0 38E#2B24004011000000
(1786378778.125436) can0 38F#B12AE25302000000
(1786378778.125983) can0 38E#7625004011000000
(1786378778.135501) can0 38E#9126004011000000
(1786378778.145594) can0 38F#EC2BE25302000000
(1786378778.146001) can0 38E#CC27004011000000
(1786378778.155444) can0 38E#9028004011000000
(1786378778.165368) can0 38F#622CE25302000000
(1786378778.165685) can0 38E#CD29004011000000
(1786378778.175674) can0 38E#2A2A004011000000
(1786378778.185504) can0 38F#3F2DE25302000000
(1786378778.185883) can0 38E#772B004011000000
(1786378778.195486) can0 38E#F92C004011000000
(1786378778.205417) can0 38F#D82EE25302000000
(1786378778.205790) can0 38E#A42D004011000000
(1786378778.215456) can0 38E#432E004011000000
(1786378778.225585) can0 38F#852FE25302000000
(1786378778.226036) can0 38E#1E2F004011000000
(1786378778.235578) can0 38E#4220004011000000
(1786378778.245419) can0 38F#D920E25302000000
(1786378778.245957) can0 38E#1F21004011000000
(1786378778.255515) can0 38E#F822004011000000
(1786378778.265510) can0 38F#8421E25302000000
(1786378778.265906) can0 38E#A523004011000000
(1786378778.275471) can0 38E#2B24004011000000
(1786378778.285415) can0 38F#6322E25302000000
(1786378778.285726) can0 38E#7625004011000000
(1786378778.295495) can0 38E#9126004011000000
(1786378778.305519) can0 38F#3E23E25302000000
(1786378778.305909) can0 38E#CC27004011000000
(1786378778.315613) can0 38E#9028004011000000
(1786378778.325483) can0 38F#B024E25302000000
(1786378778.325890) can0 38E#CD29004011000000
(1786378778.335583) can0 38E#2A2A004011000000
(1786378778.345492) can0 38F#ED25E25302000000
(1786378778.345900) can0 38E#772B004011000000
(1786378778.355604) can0 38E#F92C004011000000
(1786378778.365379) can0 38F#0A26E25302000000
(1786378778.365696) can0 38E#A42D004011000000
(1786378778.375421) can0 38E#432E004011000000
(1786378778.385340) can0 38F#5727E25302000000
(1786378778.385597) can0 38E#1E2F004011000000
(1786378778.395446) can0 38E#4220004011000000
(1786378778.405353) can0 38F#0B28E25302000000
(1786378778.405654) can0 38E#1F21004011000000
(1786378778.415443) can0 38E#F822004011000000
(1786378778.425426) can0 38F#5629E25302000000
(1786378778.425719) can0 38E#A523004011000000
(1786378778.435459) can0 38E#2B24004011000000
(1786378778.445424) can0 38F#B12AE25302000000
(1786378778.445761) can0 38E#7625004011000000
(1786378778.455476) can0 38E#9126004011000000
(1786378778.465429) can0 38F#EC2BE25302000000
(1786378778.465838) can0 38E#CC27004011000000
(1786378778.475407) can0 38E#9028004011000000
(1786378778.485381) can0 38F#622CE25302000000
(1786378778.485674) can0 38E#CD29004011000000
(1786378778.495604) can0 38E#2A2A004011000000
(1786378778.505454) can0 38F#3F2DE25302000000
(1786378778.505751) can0 38E#772B004011000000
(1786378778.515442) can0 38E#F92C004011000000
(1786378778.525376) can0 38F#D82EE25302000000
(1786378778.525688) can0 38E#A42D004011000000
(1786378778.535512) can0 38E#432E004011000000
(1786378778.545470) can0 38F#852FE25302000000
(1786378778.545881) can0 38E#1E2F004011000000
(1786378778.555471) can0 38E#4220004011000000
(1786378778.565436) can0 38F#D920E25302000000
(1786378778.565758) can0 38E#1F21004011000000
(1786378778.575427) can0 38E#F822004011000000
(1786378778.585426) can0 38F#8421E25302000000
(1786378778.585769) can0 38E#A523004011000000
(1786378778.595368) can0 38E#2B24004011000000
(1786378778.605343) can0 38F#6322E25302000000
(1786378778.605682) can0 38E#7625004011000000
(1786378778.615446) can0 38E#9126004011000000
(1786378778.625412) can0 38F#3E23E25302000000
(1786378778.625679) can0 38E#CC27004011000000
(1786378778.635474) can0 38E#9028004011000000
(1786378778.645401) can0 38F#B024E25302000000
(1786378778.645751) can0 38E#CD29004011000000
(1786378778.655441) can0 38E#2A2A004011000000
(1786378778.665437) can0 38F#ED25E25302000000
(1786378778.665751) can0 38E#772B004011000000
(1786378778.675441) can0 38E#F92C004011000000
(1786378778.685395) can0 38F#0A26E25302000000
(1786378778.685713) can0 38E#A42D004011000000
(1786378778.695445) can0 38E#432E004011000000
(1786378778.705449) can0 38F#5727E25302000000
(1786378778.705769) can0 38E#1E2F004011000000
(1786378778.715409) can0 38E#4220004011000000
(1786378778.725367) can0 38F#0B28E25302000000
(1786378778.725703) can0 38E#1F21004011000000
(1786378778.735482) can0 38E#F822004011000000
(1786378778.745411) can0 38F#5629E25302000000
(1786378778.745734) can0 38E#A523004011000000
(1786378778.755462) can0 38E#2B24004011000000
(1786378778.765376) can0 38F#B12AE25302000000
(1786378778.765678) can0 38E#7625004011000000
(1786378778.775434) can0 38E#9126004011000000
(1786378778.785463) can0 38F#EC2BE25302000000
(1786378778.785798) can0 38E#CC27004011000000
(1786378778.795397) can0 38E#9028004011000000
(1786378778.805447) can0 38F#622CE25302000000
(1786378778.805774) can0 38E#CD29004011000000
(1786378778.815465) can0 38E#2A2A004011000000
(1786378778.825366) can0 38F#3F2DE25302000000
(1786378778.825675) can0 38E#772B004011000000
(1786378778.835478) can0 38E#F92C004011000000
(1786378778.845429) can0 38F#D82EE25302000000
(1786378778.845763) can0 38E#A42D004011000000
(1786378778.855460) can0 38E#432E004011000000
(1786378778.865449) can0 38F#852FE25302000000
(1786378778.865772) can0 38E#1E2F004011000000
(1786378778.875448) can0 38E#4220004011000000
(1786378778.885461) can0 38F#D920E25302000000
(1786378778.885804) can0 38E#1F21004011000000
(1786378778.895411) can0 38E#F822004011000000
(1786378778.905441) can0 38F#8421E25302000000
(1786378778.905774) can0 38E#A523004011000000
(1786378778.915324) can0 38E#2B24004011000000
(1786378778.925350) can0 38F#6322E25302000000
(1786378778.925659) can0 38E#7625004011000000
(1786378778.935474) can0 38E#9126004011000000
(1786378778.945506) can0 38F#3E23E25302000000
(1786378778.945922) can0 38E#CC27004011000000
(1786378778.955489) can0 38E#9028004011000000
(1786378778.965299) can0 38F#B024E25302000000
(1786378778.965685) can0 38E#CD29004011000000
(1786378778.975450) can0 38E#2A2A004011000000
(1786378778.985497) can0 38F#ED25E25302000000
(1786378778.985860) can0 38E#772B004011000000
(1786378778.995441) can0 38E#F92C004011000000
(1786378779.005378) can0 38F#0A26E25302000000
(1786378779.005710) can0 38E#A42D004011000000
(1786378779.015405) can0 38E#432E004011000000
(1786378779.025377) can0 38F#5727E25302000000
(1786378779.025685) can0 38E#1E2F004011000000
(1786378779.035479) can0 38E#4220004011000000
(1786378779.045479) can0 38F#0B28E25302000000
(1786378779.045793) can0 38E#1F21004011000000
(1786378779.055464) can0 38E#F822004011000000
(1786378779.065466) can0 38F#5629E25302000000
(1786378779.065774) can0 38E#A523004011000000
(1786378779.075377) can0 38E#2B24004011000000
(1786378779.085411) can0 38F#B12AE25302000000
(1786378779.085853) can0 38E#7625004011000000
(1786378779.095433) can0 38E#9126004011000000
(1786378779.105456) can0 38F#EC2BE25302000000
(1786378779.105817) can0 38E#CC27004011000000
(1786378779.115461) can0 38E#9028004011000000
(1786378779.125422) can0 38F#622CE25302000000
(1786378779.125775) can0 38E#CD29004011000000
(1786378779.135489) can0 38E#2A2A004011000000
(1786378779.145473) can0 38F#3F2DE25302000000
(1786378779.145848) can0 38E#772B004011000000
(1786378779.155458) can0 38E#F92C004011000000
(1786378779.165371) can0 38F#D82EE25302000000
(1786378779.165696) can0 38E#A42D004011000000
(1786378779.175387) can0 38E#432E004011000000
(1786378779.185477) can0 38F#852FE25302000000
(1786378779.185771) can0 38E#1E2F004011000000
(1786378779.195450) can0 38E#4220004011000000
(1786378779.205375) can0 38F#D920E25302000000
(1786378779.205708) can0 38E#1F21004011000000
(1786378779.215454) can0 38E#F822004011000000
(1786378779.225440) can0 38F#8421E25302000000
(1786378779.225749) can0 38E#A523004011000000
(1786378779.235473) can0 38E#2B24004011000000
(1786378779.245377) can0 38F#6322E25302000000
(1786378779.245793) can0 38E#7625004011000000
(1786378779.255467) can0 38E#9126004011000000
(1786378779.265440) can0 38F#3E23E25302000000
(1786378779.265748) can0 38E#CC27004011000000
(1786378779.275446) can0 38E#9028004011000000
(1786378779.285415) can0 38F#B024E25302000000
(1786378779.285776) can0 38E#CD29004011000000
(1786378779.295439) can0 38E#2A2A004011000000
(1786378779.305404) can0 38F#ED25E25302000000
(1786378779.305727) can0 38E#772B004011000000
(1786378779.315455) can0 38E#F92C004011000000
(1786378779.325372) can0 38F#0A26E25302000000
(1786378779.325691) can0 38E#A42D004011000000
(1786378779.335518) can0 38E#432E004011000000
(1786378779.345442) can0 38F#5727E25302000000
(1786378779.345767) can0 38E#1E2F004011000000
(1786378779.355470) can0 38E#4220004011000000
(1786378779.365387) can0 38F#0B28E25302000000
(1786378779.365720) can0 38E#1F21004011000000
(1786378779.375449) can0 38E#F822004011000000
(1786378779.385476) can0 38F#5629E25302000000
(1786378779.385835) can0 38E#A523004011000000
(1786378779.395385) can0 38E#2B24004011000000
(1786378779.405423) can0 38F#B12AE25302000000
(1786378779.405735) can0 38E#7625004011000000
(1786378779.415448) can0 38E#9126004011000000
(1786378779.425434) can0 38F#EC2BE25302000000
(1786378779.425743) can0 38E#CC27004011000000
(1786378779.435491) can0 38E#9028004011000000
(1786378779.445495) can0 38F#622CE25302000000
(1786378779.445823) can0 38E#CD29004011000000
(1786378779.455362) can0 38E#2A2A004011000000
(1786378779.465466) can0 38F#3F2DE25302000000
(1786378779.465785) can0 38E#772B004011000000
(1786378779.475448) can0 38E#F92C004011000000
(1786378779.485458) can0 38F#D82EE25302000000
(1786378779.485845) can0 38E#A42D004011000000
(1786378779.495469) can0 38E#432E004011000000
(1786378779.505456) can0 38F#852FE25302000000
(1786378779.505743) can0 38E#1E2F004011000000
(1786378779.515436) can0 38E#4220004011000000
(1786378779.525458) can0 38F#D920E25302000000
(1786378779.525789) can0 38E#1F21004011000000
(1786378779.535461) can0 38E#F822004011000000
(1786378779.545480) can0 38F#8421E25302000000
(1786378779.545827) can0 38E#A523004011000000
(1786378779.555467) can0 38E#2B24004011000000
(1786378779.565373) can0 38F#6322E25302000000
(1786378779.565668) can0 38E#7625004011000000
(1786378779.575450) can0 38E#9126004011000000
(1786378779.585414) can0 38F#3E23E25302000000
(1786378779.585773) can0 38E#CC27004011000000
(1786378779.595597) can0 38E#9028004011000000
(1786378779.605375) can0 38F#B024E25302000000
(1786378779.605674) can0 38E#CD29004011000000
(1786378779.615462) can0 38E#2A2A004011000000
(1786378779.625449) can0 38F#ED25E25302000000
(1786378779.625731) can0 38E#772B004011000000
(1786378779.635416) can0 38E#F92C004011000000
(1786378779.645418) can0 38F#0A26E25302000000
(1786378779.645823) can0 38E#A42D004011000000
(1786378779.655439) can0 38E#432E004011000000
(1786378779.665450) can0 38F#5727E25302000000
(1786378779.665775) can0 38E#1E2F004011000000
(1786378779.675380) can0 38E#4220004011000000
(1786378779.685389) can0 38F#0B28E25302000000
(1786378779.685754) can0 38E#1F21004011000000
(1786378779.695494) can0 38E#F822004011000000
(1786378779.705469) can0 38F#5629E25302000000
(1786378779.705793) can0 38E#A523004011000000
(1786378779.715474) can0 38E#2B24004011000000
(1786378779.725386) can0 38F#B12AE25302000000
(1786378779.725733) can0 38E#7625004011000000
(1786378779.735498) can0 38E#9126004011000000
(1786378779.745565) can0 38F#EC2BE25302000000
(1786378779.745986) can0 38E#CC27004011000000
(1786378779.755474) can0 38E#9028004011000000
(1786378779.765428) can0 38F#622CE25302000000
(1786378779.765782) can0 38E#CD29004011000000
(1786378779.775448) can0 38E#2A2A004011000000
(1786378779.785447) can0 38F#3F2DE25302000000
(1786378779.785746) can0 38E#772B004011000000
(1786378779.795510) can0 38E#F92C004011000000
(1786378779.805385) can0 38F#D82EE25302000000
(1786378779.805642) can0 38E#A42D004011000000
(1786378779.815543) can0 38E#432E004011000000
(1786378779.825506) can0 38F#852FE25302000000
(1786378779.825916) can0 38E#1E2F004011000000
(1786378779.835548) can0 38E#4220004011000000
(1786378779.845527) can0 38F#D920E25302000000
(1786378779.845966) can0 38E#1F21004011000000
(1786378779.855589) can0 38E#F822004011000000
(1786378779.865466) can0 38F#8421E25302000000
(1786378779.865842) can0 38E#A523004011000000
(1786378779.875688) can0 38E#2B24004011000000
(1786378779.885157) can0 38F#6322E25302000000
(1786378779.885520) can0 38E#7625004011000000
(1786378779.895458) can0 38E#9126004011000000
(1786378779.905524) can0 38F#3E23E25302000000
(1786378779.905891) can0 38E#CC27004011000000
(1786378779.915515) can0 38E#9028004011000000
(1786378779.925437) can0 38F#B024E25302000000
(1786378779.925791) can0 38E#CD29004011000000
(1786378779.935438) can0 38E#2A2A004011000000
(1786378779.945519) can0 38F#ED25E25302000000
(1786378779.945966) can0 38E#772B004011000000
(1786378779.955572) can0 38E#F92C004011000000
(1786378779.965447) can0 38F#0A26E25302000000
(1786378779.965793) can0 38E#A42D004011000000
(1786378779.975504) can0 38E#432E004011000000
(1786378779.985484) can0 38F#5727E25302000000
(1786378779.985963) can0 38E#1E2F004011000000
(1786378779.995504) can0 38E#4220004011000000
(1786378780.005423) can0 38F#0B28E25302000000
(1786378780.005726) can0 38E#1F21004011000000
(1786378780.015409) can0 38E#F822004011000000
(1786378780.025414) can0 38F#5629E25302000000
(1786378780.025718) can0 38E#A523004011000000
(1786378780.035406) can0 38E#2B24004011000000
(1786378780.045481) can0 38F#B12AE25302000000
(1786378780.045945) can0 38E#7625004011000000
(1786378780.055583) can0 38E#9126004011000000
(1786378780.065379) can0 38F#EC2BE25302000000
(1786378780.065694) can0 38E#CC27004011000000
(1786378780.075508) can0 38E#9028004011000000
(1786378780.085449) can0 38F#622CE25302000000
(1786378780.085934) can0 38E#CD29004011000000
(1786378780.095522) can0 38E#2A2A004011000000
(1786378780.105453) can0 38F#3F2DE25302000000
(1786378780.105824) can0 38E#772B004011000000
(1786378780.115390) can0 38E#F92C004011000000
(1786378780.125386) can0 38F#D82EE25302000000
(1786378780.125692) can0 38E#A42D004011000000
(1786378780.135495) can0 38E#432E004011000000
(1786378780.145471) can0 38F#852FE25302000000
(1786378780.145803) can0 38E#1E2F004011000000
(1786378780.155421) can0 38E#4220004011000000
(1786378780.165478) can0 38F#D920E25302000000
(1786378780.165977) can0 38E#1F21004011000000
(1786378780.175476) can0 38E#F822004011000000
(1786378780.185505) can0 38F#8421E25302000000
(1786378780.185861) can0 38E#A523004011000000
(1786378780.195557) can0 38E#2B24004011000000
(1786378780.205403) can0 38F#6322E25302000000
(1786378780.205744) can0 38E#7625004011000000
(1786378780.215442) can0 38E#9126004011000000
(1786378780.225483) can0 38F#3E23E25302000000
(1786378780.225760) can0 38E#CC27004011000000
(1786378780.235526) can0 38E#9028004011000000
(1786378780.245418) can0 38F#B024E25302000000
(1786378780.245921) can0 38E#CD29004011000000
(1786378780.255545) can0 38E#2A2A004011000000
(1786378780.265480) can0 38F#ED25E25302000000
(1786378780.265876) can0 38E#772B004011000000
(1786378780.275494) can0 38E#F92C004011000000
(1786378780.285443) can0 38F#0A26E25302000000
(1786378780.285792) can0 38E#A42D004011000000
(1786378780.295593) can0 38E#432E004011000000
(1786378780.305550) can0 38F#5727E25302000000
(1786378780.305939) can0 38E#1E2F004011000000
(1786378780.315391) can0 38E#4220004011000000
(1786378780.325347) can0 38F#0B28E25302000000
(1786378780.325720) can0 38E#1F21004011000000
(1786378780.335542) can0 38E#F822004011000000
(1786378780.345532) can0 38F#5629E25302000000
(1786378780.345851) can0 38E#A523004011000000
(1786378780.355572) can0 38E#2B24004011000000
(1786378780.365381) can0 38F#B12AE25302000000
(1786378780.365715) can0 38E#7625004011000000
(1786378780.375515) can0 38E#9126004011000000
(1786378780.385563) can0 38F#EC2BE25302000000
(1786378780.386001) can0 38E#CC27004011000000
(1786378780.395527) can0 38E#9028004011000000
(1786378780.405480) can0 38F#622CE25302000000
(1786378780.405923) can0 38E#CD29004011000000
(1786378780.415506) can0 38E#2A2A004011000000
(1786378780.425523) can0 38F#3F2DE25302000000
(1786378780.425952) can0 38E#772B004011000000
(1786378780.435526) can0 38E#F92C004011000000
(1786378780.445539) can0 38F#D82EE25302000000
(1786378780.445958) can0 38E#A42D004011000000
(1786378780.455705) can0 38E#432E004011000000
(1786378780.465102) can0 38F#852FE25302000000
(1786378780.465442) can0 38E#1E2F004011000000
(1786378780.475619) can0 38E#4220004011000000
(1786378780.485442) can0 38F#D920E25302000000
(1786378780.485795) can0 38E#1F21004011000000
(1786378780.495494) can0 38E#F822004011000000
(1786378780.505583) can0 38F#8421E25302000000
(1786378780.505969) can0 38E#A523004011000000
(1786378780.515491) can0 38E#2B24004011000000
(1786378780.525472) can0 38F#6322E25302000000
(1786378780.525914) can0 38E#7625004011000000
(1786378780.535488) can0 38E#9126004011000000
(1786378780.545482) can0 38F#3E23E25302000000
(1786378780.545861) can0 38E#CC27004011000000
(1786378780.555520) can0 38E#9028004011000000
(1786378780.565426) can0 38F#B024E25302000000
(1786378780.565799) can0 38E#CD29004011000000
(1786378780.575557) can0 38E#2A2A004011000000
(1786378780.585463) can0 38F#ED25E25302000000
(1786378780.585798) can0 38E#772B004011000000
(1786378780.595565) can0 38E#F92C004011000000
(1786378780.605555) can0 38F#0A26E25302000000
(1786378780.605951) can0 38E#A42D004011000000
(1786378780.615468) can0 38E#432E004011000000
(1786378780.625668) can0 38F#5727E25302000000
(1786378780.626030) can0 38E#1E2F004011000000
(1786378780.635465) can0 38E#4220004011000000
(1786378780.645383) can0 38F#0B28E25302000000
(1786378780.645760) can0 38E#1F21004011000000
(1786378780.655570) can0 38E#F822004011000000
(1786378780.665494) can0 38F#5629E25302000000
(1786378780.665820) can0 38E#A523004011000000
(1786378780.675525) can0 38E#2B24004011000000
(1786378780.685363) can0 38F#B12AE25302000000
(1786378780.685638) can0 38E#7625004011000000
(1786378780.695365) can0 38E#9126004011000000
(1786378780.705424) can0 38F#EC2BE25302000000
(1786378780.705669) can0 38E#CC27004011000000
(1786378780.715380) can0 38E#9028004011000000
(1786378780.725440) can0 38F#622CE25302000000
(1786378780.725736) can0 38E#CD29004011000000
(1786378780.735555) can0 38E#2A2A004011000000
(1786378780.745376) can0 38F#3F2DE25302000000
(1786378780.745791) can0 38E#772B004011000000
(1786378780.755385) can0 38E#F92C004011000000
(1786378780.765413) can0 38F#D82EE25302000000
(1786378780.765664) can0 38E#A42D004011000000
(1786378780.775435) can0 38E#432E004011000000
(1786378780.785477) can0 38F#852FE25302000000
(1786378780.785795) can0 38E#1E2F004011000000
(1786378780.795378) can0 38E#4220004011000000
(1786378780.805347) can0 38F#D920E25302000000
(1786378780.805599) can0 38E#1F21004011000000
(1786378780.815469) can0 38E#F822004011000000
(1786378780.825428) can0 38F#8421E25302000000
(1786378780.825689) can0 38E#A523004011000000
(1786378780.835383) can0 38E#2B24004011000000
(1786378780.845352) can0 38F#6322E25302000000
(1786378780.845710) can0 38E#7625004011000000
(1786378780.855453) can0 38E#9126004011000000
(1786378780.865420) can0 38F#3E23E25302000000
(1786378780.865697) can0 38E#CC27004011000000
(1786378780.875431) can0 38E#9028004011000000
(1786378780.885407) can0 38F#B024E25302000000
(1786378780.885662) can0 38E#CD29004011000000
(1786378780.895368) can0 38E#2A2A004011000000
(1786378780.905471) can0 38F#ED25E25302000000
(1786378780.905742) can0 38E#772B004011000000
(1786378780.915432) can0 38E#F92C004011000000
(1786378780.925310) can0 38F#0A26E25302000000
(1786378780.925597) can0 38E#A42D004011000000
(1786378780.935571) can0 38E#432E004011000000
(1786378780.945506) can0 38F#5727E25302000000
(1786378780.945789) can0 38E#1E2F004011000000
(1786378780.955473) can0 38E#4220004011000000
(1786378780.965310) can0 38F#0B28E25302000000
(1786378780.965618) can0 38E#1F21004011000000
(1786378780.975394) can0 38E#F822004011000000
(1786378780.985504) can0 38F#5629E25302000000
(1786378780.985842) can0 38E#A523004011000000
(1786378780.995432) can0 38E#2B24004011000000
(1786378781.005406) can0 38F#B12AE25302000000
(1786378781.005657) can0 38E#7625004011000000
(1786378781.015454) can0 38E#9126004011000000
(1786378781.025401) can0 38F#EC2BE25302000000
(1786378781.025629) can0 38E#CC27004011000000
(1786378781.035430) can0 38E#9028004011000000
(1786378781.045434) can0 38F#622CE25302000000
(1786378781.045949) can0 38E#CD29004011000000
(1786378781.055449) can0 38E#2A2A004011000000
(1786378781.065410) can0 38F#3F2DE25302000000
(1786378781.065769) can0 38E#772B004011000000
(1786378781.075621) can0 38E#F92C004011000000
(1786378781.085509) can0 38F#D82EE25302000000
(1786378781.085916) can0 38E#A42D004011000000
(1786378781.095649) can0 38E#432E004011000000
(1786378781.105566) can0 38F#852FE25302000000
(1786378781.106079) can0 38E#1E2F004011000000
(1786378781.115508) can0 38E#4220004011000000
(1786378781.125481) can0 38F#D920E25302000000
(1786378781.125946) can0 38E#1F21004011000000
(1786378781.135555) can0 38E#F822004011000000
(1786378781.145519) can0 38F#8421E25302000000
(1786378781.145930) can0 38E#A523004011000000
(1786378781.155518) can0 38E#2B24004011000000
(1786378781.165463) can0 38F#6322E25302000000
(1786378781.165850) can0 38E#7625004011000000
(1786378781.175661) can0 38E#9126004011000000
(1786378781.185480) can0 38F#3E23E25302000000
(1786378781.185958) can0 38E#CC27004011000000
(1786378781.195534) can0 38E#9028004011000000
(1786378781.205519) can0 38F#B024E25302000000
(1786378781.205912) can0 38E#CD29004011000000
(1786378781.215512) can0 38E#2A2A004011000000
(1786378781.225614) can0 38F#ED25E25302000000
(1786378781.226126) can0 38E#772B004011000000
(1786378781.235465) can0 38E#F92C004011000000
(1786378781.245487) can0 38F#0A26E25302000000
(1786378781.245892) can0 38E#A42D004011000000
(1786378781.255509) can0 38E#432E004011000000
(1786378781.265491) can0 38F#5727E25302000000
(1786378781.265929) can0 38E#1E2F004011000000
(1786378781.275597) can0 38E#4220004011000000
(1786378781.285408) can0 38F#0B28E25302000000
(1786378781.285764) can0 38E#1F21004011000000
(1786378781.295597) can0 38E#F822004011000000
(1786378781.305443) can0 38F#5629E25302000000
(1786378781.305743) can0 38E#A523004011000000
(1786378781.315520) can0 38E#2B24004011000000
(1786378781.325413) can0 38F#B12AE25302000000
(1786378781.325834) can0 38E#7625004011000000
(1786378781.335587) can0 38E#9126004011000000
(1786378781.345578) can0 38F#EC2BE25302000000
(1786378781.345967) can0 38E#CC27004011000000
(1786378781.355418) can0 38E#9028004011000000
(1786378781.365348) can0 38F#622CE25302000000
(1786378781.365618) can0 38E#CD29004011000000
(1786378781.375419) can0 38E#2A2A004011000000
(1786378781.385452) can0 38F#3F2DE25302000000
(1786378781.385736) can0 38E#772B004011000000
(1786378781.395402) can0 38E#F92C004011000000
(1786378781.405376) can0 38F#D82EE25302000000
(1786378781.405623) can0 38E#A42D004011000000
(1786378781.415363) can0 38E#432E004011000000
(1786378781.425501) can0 38F#852FE25302000000
(1786378781.425788) can0 38E#1E2F004011000000
(1786378781.435576) can0 38E#4220004011000000
(1786378781.445380) can0 38F#D920E25302000000
(1786378781.445859) can0 38E#1F21004011000000
(1786378781.455469) can0 38E#F822004011000000
(1786378781.465522) can0 38F#8421E25302000000
(1786378781.465830) can0 38E#A523004011000000
(1786378781.475569) can0 38E#2B24004011000000
(1786378781.485422) can0 38F#6322E25302000000
(1786378781.485801) can0 38E#7625004011000000
(1786378781.495529) can0 38E#9126004011000000
(1786378781.505494) can0 38F#3E23E25302000000
(1786378781.505881) can0 38E#CC27004011000000
(1786378781.515532) can0 38E#9028004011000000
(1786378781.525489) can0 38F#B024E25302000000
(1786378781.525916) can0 38E#CD29004011000000
(1786378781.535462) can0 38E#2A2A004011000000
(1786378781.545486) can0 38F#ED25E25302000000
(1786378781.545978) can0 38E#772B004011000000
(1786378781.555448) can0 38E#F92C004011000000
(1786378781.565476) can0 38F#0A26E25302000000
(1786378781.565854) can0 38E#A42D004011000000
(1786378781.575506) can0 38E#432E004011000000
(1786378781.585519) can0 38F#5727E25302000000
(1786378781.585974) can0 38E#1E2F004011000000
(1786378781.595479) can0 38E#4220004011000000
(1786378781.605436) can0 38F#0B28E25302000000
(1786378781.605778) can0 38E#1F21004011000000
(1786378781.615552) can0 38E#F822004011000000
(1786378781.625521) can0 38F#5629E25302000000
(1786378781.625871) can0 38E#A523004011000000
(1786378781.635637) can0 38E#2B24004011000000
(1786378781.645484) can0 38F#B12AE25302000000
(1786378781.645981) can0 38E#7625004011000000
(1786378781.655471) can0 38E#9126004011000000
(1786378781.665411) can0 38F#EC2BE25302000000
(1786378781.665796) can0 38E#CC27004011000000
(1786378781.675549) can0 38E#9028004011000000
(1786378781.685479) can0 38F#622CE25302000000
(1786378781.685903) can0 38E#CD29004011000000
(1786378781.695532) can0 38E#2A2A004011000000
(1786378781.705445) can0 38F#3F2DE25302000000
(1786378781.705794) can0 38E#772B004011000000
(1786378781.715574) can0 38E#F92C004011000000
(1786378781.725473) can0 38F#D82EE25302000000
(1786378781.725958) can0 38E#A42D004011000000
(1786378781.735613) can0 38E#432E004011000000
(1786378781.745521) can0 38F#852FE25302000000
(1786378781.745897) can0 38E#1E2F004011000000
(1786378781.755414) can0 38E#4220004011000000
(1786378781.765383) can0 38F#D920E25302000000
(1786378781.765727) can0 38E#1F21004011000000
(1786378781.775524) can0 38E#F822004011000000
(1786378781.785495) can0 38F#8421E25302000000
(1786378781.785902) can0 38E#A523004011000000
(1786378781.795512) can0 38E#2B24004011000000
(1786378781.805459) can0 38F#6322E25302000000
(1786378781.805819) can0 38E#7625004011000000
(1786378781.815545) can0 38E#9126004011000000
(1786378781.825200) can0 38F#3E23E25302000000
(1786378781.825608) can0 38E#CC27004011000000
(1786378781.835434) can0 38E#9028004011000000
(1786378781.845398) can0 38F#B024E25302000000
(1786378781.845723) can0 38E#CD29004011000000
(1786378781.855456) can0 38E#2A2A004011000000
(1786378781.865421) can0 38F#ED25E25302000000
(1786378781.865736) can0 38E#772B004011000000
(1786378781.875406) can0 38E#F92C004011000000
(1786378781.885411) can0 38F#0A26E25302000000
(1786378781.885740) can0 38E#A42D004011000000
(1786378781.895498) can0 38E#432E004011000000
(1786378781.905504) can0 38F#5727E25302000000
(1786378781.905797) can0 38E#1E2F004011000000
(1786378781.915381) can0 38E#4220004011000000
(1786378781.925374) can0 38F#0B28E25302000000
(1786378781.925593) can0 38E#1F21004011000000
(1786378781.935398) can0 38E#F822004011000000
(1786378781.945477) can0 38F#5629E25302000000
(1786378781.945735) can0 38E#A523004011000000
(1786378781.955386) can0 38E#2B24004011000000
(1786378781.965377) can0 38F#B12AE25302000000
(1786378781.965694) can0 38E#7625004011000000
(1786378781.975407) can0 38E#9126004011000000
(1786378781.985440) can0 38F#EC2BE25302000000
(1786378781.985771) can0 38E#CC27004011000000
(1786378781.995502) can0 38E#9028004011000000
(1786378782.005434) can0 38F#622CE25302000000
(1786378782.005794) can0 38E#CD29004011000000
(1786378782.015530) can0 38E#2A2A004011000000
(1786378782.025450) can0 38F#3F2DE25302000000
(1786378782.025837) can0 38E#772B004011000000
(1786378782.035450) can0 38E#F92C004011000000
(1786378782.045430) can0 38F#D82EE25302000000
(1786378782.045962) can0 38E#A42D004011000000
(1786378782.055527) can0 38E#432E004011000000
(1786378782.065458) can0 38F#852FE25302000000
(1786378782.065775) can0 38E#1E2F004011000000
(1786378782.075533) can0 38E#4220004011000000
(1786378782.085459) can0 38F#D920E25302000000
(1786378782.085811) can0 38E#1F21004011000000
(1786378782.095693) can0 38E#F822004011000000
(1786378782.105608) can0 38F#8421E25302000000
(1786378782.106068) can0 38E#A523004011000000
(1786378782.115508) can0 38E#2B24004011000000
(1786378782.125463) can0 38F#6322E25302000000
(1786378782.125741) can0 38E#7625004011000000
(1786378782.135443) can0 38E#9126004011000000
(1786378782.145473) can0 38F#3E23E25302000000
(1786378782.145953) can0 38E#CC27004011000000
(1786378782.155503) can0 38E#9028004011000000
(1786378782.165423) can0 38F#B024E25302000000
(1786378782.165762) can0 38E#CD29004011000000
(1786378782.175525) can0 38E#2A2A004011000000
(1786378782.185434) can0 38F#ED25E25302000000
(1786378782.185797) can0 38E#772B004011000000
(1786378782.195519) can0 38E#F92C004011000000
(1786378782.205518) can0 38F#0A26E25302000000
(1786378782.205862) can0 38E#A42D004011000000
(1786378782.215462) can0 38E#432E004011000000
(1786378782.225554) can0 38F#5727E25302000000
(1786378782.225922) can0 38E#1E2F004011000000
(1786378782.235563) can0 38E#4220004011000000
(1786378782.245522) can0 38F#0B28E25302000000
(1786378782.245992) can0 38E#1F21004011000000
(1786378782.255503) can0 38E#F822004011000000
(1786378782.265421) can0 38F#5629E25302000000
(1786378782.265790) can0 38E#A523004011000000
(1786378782.275426) can0 38E#2B24004011000000
(1786378782.285518) can0 38F#B12AE25302000000
(1786378782.285870) can0 38E#7625004011000000
(1786378782.295532) can0 38E#9126004011000000
(1786378782.305409) can0 38F#EC2BE25302000000
(1786378782.305719) can0 38E#CC27004011000000
(1786378782.315573) can0 38E#9028004011000000
(1786378782.325612) can0 38F#622CE25302000000
(1786378782.326071) can0 38E#CD29004011000000
(1786378782.335595) can0 38E#2A2A004011000000
(1786378782.345409) can0 38F#3F2DE25302000000
(1786378782.345787) can0 38E#772B004011000000
(1786378782.355511) can0 38E#F92C004011000000
(1786378782.365441) can0 38F#D82EE25302000000
(1786378782.365775) can0 38E#A42D004011000000
(1786378782.375505) can0 38E#432E004011000000
(1786378782.385524) can0 38F#852FE25302000000
(1786378782.385992) can0 38E#1E2F004011000000
(1786378782.395483) can0 38E#4220004011000000
(1786378782.405475) can0 38F#D920E25302000000
(1786378782.405852) can0 38E#1F21004011000000
(1786378782.415543) can0 38E#F822004011000000
(1786378782.425548) can0 38F#8421E25302000000
(1786378782.425913) can0 38E#A523004011000000
(1786378782.435588) can0 38E#2B24004011000000
(1786378782.445481) can0 38F#6322E25302000000
(1786378782.445835) can0 38E#7625004011000000
(1786378782.455625) can0 38E#9126004011000000
(1786378782.465149) can0 38F#3E23E25302000000
(1786378782.465582) can0 38E#CC27004011000000
(1786378782.475432) can0 38E#9028004011000000
(1786378782.485526) can0 38F#B024E25302000000
(1786378782.486005) can0 38E#CD29004011000000
(1786378782.495585) can0 38E#2A2A004011000000
(1786378782.505604) can0 38F#ED25E25302000000
(1786378782.506058) can0 38E#772B004011000000
(1786378782.515470) can0 38E#F92C004011000000
(1786378782.525336) can0 38F#0A26E25302000000
(1786378782.525590) can0 38E#A42D004011000000
(1786378782.535487) can0 38E#432E004011000000
(1786378782.545415) can0 38F#5727E25302000000
(1786378782.545747) can0 38E#1E2F004011000000
(1786378782.555394) can0 38E#4220004011000000
(1786378782.565371) can0 38F#0B28E25302000000
(1786378782.565644) can0 38E#1F21004011000000
(1786378782.575388) can0 38E#F822004011000000
(1786378782.585450) can0 38F#5629E25302000000
(1786378782.585753) can0 38E#A523004011000000
(1786378782.595552) can0 38E#2B24004011000000
(1786378782.605494) can0 38F#B12AE25302000000
(1786378782.605842) can0 38E#7625004011000000
(1786378782.615417) can0 38E#9126004011000000
(1786378782.625608) can0 38F#EC2BE25302000000
(1786378782.626180) can0 38E#CC27004011000000
(1786378782.635486) can0 38E#9028004011000000
(1786378782.645465) can0 38F#622CE25302000000
(1786378782.645930) can0 38E#CD29004011000000
(1786378782.655580) can0 38E#2A2A004011000000
(1786378782.665467) can0 38F#3F2DE25302000000
(1786378782.665904) can0 38E#772B004011000000
(1786378782.675689) can0 38E#F92C004011000000
(1786378782.685434) can0 38F#D82EE25302000000
(1786378782.685783) can0 38E#A42D004011000000
(1786378782.695506) can0 38E#432E004011000000
(1786378782.705569) can0 38F#852FE25302000000
(1786378782.706072) can0 38E#1E2F004011000000
(1786378782.715506) can0 38E#4220004011000000
(1786378782.725416) can0 38F#D920E25302000000
(1786378782.725847) can0 38E#1F21004011000000
(1786378782.735460) can0 38E#F822004011000000
(1786378782.745593) can0 38F#8421E25302000000
(1786378782.745989) can0 38E#A523004011000000
(1786378782.755585) can0 38E#2B24004011000000
(1786378782.765533) can0 38F#6322E25302000000
(1786378782.765880) can0 38E#7625004011000000
(1786378782.775474) can0 38E#9126004011000000
(1786378782.785482) can0 38F#3E23E25302000000
(1786378782.785876) can0 38E#CC27004011000000
(1786378782.795527) can0 38E#9028004011000000
(1786378782.805505) can0 38F#B024E25302000000
(1786378782.805874) can0 38E#CD29004011000000
(1786378782.815471) can0 38E#2A2A004011000000
(1786378782.825584) can0 38F#ED25E25302000000
(1786378782.826089) can0 38E#772B004011000000
(1786378782.835484) can0 38E#F92C004011000000
(1786378782.845488) can0 38F#0A26E25302000000
(1786378782.846028) can0 38E#A42D004011000000
(1786378782.855557) can0 38E#432E004011000000
(1786378782.865449) can0 38F#5727E25302000000
(1786378782.865794) can0 38E#1E2F004011000000
(1786378782.875634) can0 38E#4220004011000000
(1786378782.885486) can0 38F#0B28E25302000000
(1786378782.885860) can0 38E#1F21004011000000
(1786378782.895449) can0 38E#F822004011000000
(1786378782.905580) can0 38F#5629E25302000000
(1786378782.906082) can0 38E#A523004011000000
(1786378782.915549) can0 38E#2B24004011000000
(1786378782.925464) can0 38F#B12AE25302000000
(1786378782.925918) can0 38E#7625004011000000
(1786378782.935587) can0 38E#9126004011000000
(1786378782.945520) can0 38F#EC2BE25302000000
(1786378782.945930) can0 38E#CC27004011000000
(1786378782.955599) can0 38E#9028004011000000
(1786378782.965486) can0 38F#622CE25302000000
(1786378782.965868) can0 38E#CD29004011000000
(1786378782.975589) can0 38E#2A2A004011000000
(1786378782.985520) can0 38F#3F2DE25302000000
(1786378782.985957) can0 38E#772B004011000000
(1786378782.995566) can0 38E#F92C004011000000
(1786378783.005431) can0 38F#D82EE25302000000
(1786378783.005885) can0 38E#A42D004011000000
(1786378783.015536) can0 38E#432E004011000000
(1786378783.025546) can0 38F#852FE25302000000
(1786378783.026217) can0 38E#1E2F004011000000
(1786378783.035472) can0 38E#4220004011000000
(1786378783.045432) can0 38F#D920E25302000000
(1786378783.045869) can0 38E#1F21004011000000
(1786378783.055462) can0 38E#F822004011000000
(1786378783.065518) can0 38F#8421E25302000000
(1786378783.065855) can0 38E#A523004011000000
(1786378783.075476) can0 38E#2B24004011000000
(1786378783.085486) can0 38F#6322E25302000000
(1786378783.085863) can0 38E#7625004011000000
(1786378783.095602) can0 38E#9126004011000000
(1786378783.105582) can0 38F#3E23E25302000000
(1786378783.105960) can0 38E#CC27004011000000
(1786378783.115458) can0 38E#9028004011000000
(1786378783.125364) can0 38F#B024E25302000000
(1786378783.125747) can0 38E#CD29004011000000
(1786378783.135558) can0 38E#2A2A004011000000
(1786378783.145568) can0 38F#ED25E25302000000
(1786378783.146002) can0 38E#772B004011000000
(1786378783.155520) can0 38E#F92C004011000000
(1786378783.165431) can0 38F#0A26E25302000000
(1786378783.165773) can0 38E#A42D004011000000
(1786378783.175548) can0 38E#432E004011000000
(1786378783.185582) can0 38F#5727E25302000000
(1786378783.186015) can0 38E#1E2F004011000000
(1786378783.195575) can0 38E#4220004011000000
(1786378783.205445) can0 38F#0B28E25302000000
(1786378783.205879) can0 38E#1F21004011000000
(1786378783.215439) can0 38E#F822004011000000
(1786378783.225494) can0 38F#5629E25302000000
(1786378783.225863) can0 38E#A523004011000000
(1786378783.235516) can0 38E#2B24004011000000
(1786378783.245433) can0 38F#B12AE25302000000
(1786378783.245842) can0 38E#7625004011000000
(1786378783.255609) can0 38E#9126004011000000
(1786378783.265439) can0 38F#EC2BE25302000000
(1786378783.265862) can0 38E#CC27004011000000
(1786378783.275504) can0 38E#9028004011000000
(1786378783.285536) can0 38F#622CE25302000000
(1786378783.285900) can0 38E#CD29004011000000
(1786378783.295568) can0 38E#2A2A004011000000
(1786378783.305602) can0 38F#3F2DE25302000000
(1786378783.306124) can0 38E#772B004011000000
(1786378783.315463) can0 38E#F92C004011000000
(1786378783.325234) can0 38F#D82EE25302000000
(1786378783.325656) can0 38E#A42D004011000000
(1786378783.335422) can0 38E#432E004011000000
(1786378783.345885) can0 38F#852FE25302000000
(1786378783.346312) can0 38E#1E2F004011000000
(1786378783.355440) can0 38E#4220004011000000
(1786378783.365418) can0 38F#D920E25302000000
(1786378783.365745) can0 38E#1F21004011000000
(1786378783.375512) can0 38E#F822004011000000
(1786378783.385517) can0 38F#8421E25302000000
(1786378783.385885) can0 38E#A523004011000000
(1786378783.395534) can0 38E#2B24004011000000
(1786378783.405475) can0 38F#6322E25302000000
(1786378783.405788) can0 38E#7625004011000000
(1786378783.415436) can0 38E#9126004011000000
(1786378783.425503) can0 38F#3E23E25302000000
(1786378783.425855) can0 38E#CC27004011000000
(1786378783.435546) can0 38E#9028004011000000
(1786378783.445407) can0 38F#B024E25302000000
(1786378783.445856) can0 38E#CD29004011000000
(1786378783.455544) can0 38E#2A2A004011000000
(1786378783.465493) can0 38F#ED25E25302000000
(1786378783.465856) can0 38E#772B004011000000
(1786378783.475637) can0 38E#F92C004011000000
(1786378783.485411) can0 38F#0A26E25302000000
(1786378783.485757) can0 38E#A42D004011000000
(1786378783.495622) can0 38E#432E004011000000
(1786378783.505458) can0 38F#5727E25302000000
(1786378783.505840) can0 38E#1E2F004011000000
(1786378783.515570) can0 38E#4220004011000000
(1786378783.525488) can0 38F#0B28E25302000000
(1786378783.525845) can0 38E#1F21004011000000
(1786378783.535550) can0 38E#F822004011000000
(1786378783.545434) can0 38F#5629E25302000000
(1786378783.545793) can0 38E#A523004011000000
(1786378783.555530) can0 38E#2B24004011000000
(1786378783.565469) can0 38F#B12AE25302000000
(1786378783.565862) can0 38E#7625004011000000
(1786378783.575714) can0 38E#9126004011000000
(1786378783.585657) can0 38F#EC2BE25302000000
(1786378783.586093) can0 38E#CC27004011000000
(1786378783.595526) can0 38E#9028004011000000
(1786378783.605447) can0 38F#622CE25302000000
(1786378783.606019) can0 38E#CD29004011000000
(1786378783.615533) can0 38E#2A2A004011000000
(1786378783.625565) can0 38F#3F2DE25302000000
(1786378783.626032) can0 38E#772B004011000000
(1786378783.635513) can0 38E#F92C004011000000
(1786378783.645424) can0 38F#D82EE25302000000
(1786378783.645963) can0 38E#A42D004011000000
(1786378783.655547) can0 38E#432E004011000000
(1786378783.665482) can0 38F#852FE25302000000
(1786378783.665830) can0 38E#1E2F004011000000
(1786378783.675632) can0 38E#4220004011000000
(1786378783.685437) can0 38F#D920E25302000000
(1786378783.685832) can0 38E#1F21004011000000
(1786378783.695524) can0 38E#F822004011000000
(1786378783.705492) can0 38F#8421E25302000000
(1786378783.705952) can0 38E#A523004011000000
(1786378783.715589) can0 38E#2B24004011000000
(1786378783.725471) can0 38F#6322E25302000000
(1786378783.725899) can0 38E#7625004011000000
(1786378783.735591) can0 38E#9126004011000000
(1786378783.745622) can0 38F#3E23E25302000000
(1786378783.745992) can0 38E#CC27004011000000
(1786378783.755447) can0 38E#9028004011000000
(1786378783.765355) can0 38F#B024E25302000000
(1786378783.765674) can0 38E#CD29004011000000
(1786378783.775566) can0 38E#2A2A004011000000
(1786378783.785579) can0 38F#ED25E25302000000
(1786378783.785934) can0 38E#772B004011000000
(1786378783.795608) can0 38E#F92C004011000000
(1786378783.805444) can0 38F#0A26E25302000000
(1786378783.805801) can0 38E#A42D004011000000
(1786378783.815570) can0 38E#432E004011000000
(1786378783.825666) can0 38F#5727E25302000000
(1786378783.826123) can0 38E#1E2F004011000000
(1786378783.835513) can0 38E#4220004011000000
(1786378783.845500) can0 38F#0B28E25302000000
(1786378783.846017) can0 38E#1F21004011000000
(1786378783.855696) can0 38E#F822004011000000
(1786378783.865458) can0 38F#5629E25302000000
(1786378783.865823) can0 38E#A523004011000000
(1786378783.875537) can0 38E#2B24004011000000
(1786378783.885401) can0 38F#B12AE25302000000
(1786378783.885864) can0 38E#7625004011000000
(1786378783.895606) can0 38E#9126004011000000
(1786378783.905453) can0 38F#EC2BE25302000000
(1786378783.905788) can0 38E#CC27004011000000
(1786378783.915479) can0 38E#9028004011000000
(1786378783.925594) can0 38F#622CE25302000000
(1786378783.925940) can0 38E#CD29004011000000
(1786378783.935561) can0 38E#2A2A004011000000
(1786378783.945641) can0 38F#3F2DE25302000000
(1786378783.946108) can0 38E#772B004011000000
(1786378783.955668) can0 38E#F92C004011000000
(1786378783.965481) can0 38F#D82EE25302000000
(1786378783.965880) can0 38E#A42D004011000000
(1786378783.975533) can0 38E#432E004011000000
(1786378783.985432) can0 38F#852FE25302000000
(1786378783.985737) can0 38E#1E2F004011000000
(1786378783.995480) can0 38E#4220004011000000
(1786378784.005480) can0 38F#D920E25302000000
(1786378784.005936) can0 38E#1F21004011000000
(1786378784.015533) can0 38E#F822004011000000
(1786378784.025511) can0 38F#8421E25302000000
(1786378784.025835) can0 38E#A523004011000000
(1786378784.035530) can0 38E#2B24004011000000
(1786378784.045497) can0 38F#6322E25302000000
(1786378784.046083) can0 38E#7625004011000000
(1786378784.055723) can0 38E#9126004011000000
(1786378784.065459) can0 38F#3E23E25302000000
(1786378784.065832) can0 38E#CC27004011000000
(1786378784.075524) can0 38E#9028004011000000
(1786378784.085408) can0 38F#B024E25302000000
(1786378784.085924) can0 38E#CD29004011000000
(1786378784.095702) can0 38E#2A2A004011000000
(1786378784.105582) can0 38F#ED25E25302000000
(1786378784.106085) can0 38E#772B004011000000
(1786378784.115446) can0 38E#F92C004011000000
(1786378784.125563) can0 38F#0A26E25302000000
(1786378784.126133) can0 38E#A42D004011000000
(1786378784.135632) can0 38E#432E004011000000
(1786378784.145559) can0 38F#5727E25302000000
(1786378784.146016) can0 38E#1E2F004011000000
(1786378784.155623) can0 38E#4220004011000000
(1786378784.165406) can0 38F#0B28E25302000000
(1786378784.165780) can0 38E#1F21004011000000
(1786378784.175511) can0 38E#F822004011000000
(1786378784.185133) can0 38F#5629E25302000000
(1786378784.185447) can0 38E#A523004011000000
(1786378784.195429) can0 38E#2B24004011000000
(1786378784.205520) can0 38F#B12AE25302000000
(1786378784.205872) can0 38E#7625004011000000
(1786378784.215463) can0 38E#9126004011000000
(1786378784.225545) can0 38F#EC2BE25302000000
(1786378784.225859) can0 38E#CC27004011000000
(1786378784.235416) can0 38E#9028004011000000
(1786378784.245479) can0 38F#622CE25302000000
(1786378784.245868) can0 38E#CD29004011000000
(1786378784.255536) can0 38E#2A2A004011000000
(1786378784.265415) can0 38F#3F2DE25302000000
(1786378784.265696) can0 38E#772B004011000000
(1786378784.275364) can0 38E#F92C004011000000
(1786378784.285342) can0 38F#D82EE25302000000
(1786378784.285618) can0 38E#A42D004011000000
(1786378784.295438) can0 38E#432E004011000000
(1786378784.305419) can0 38F#852FE25302000000
(1786378784.305671) can0 38E#1E2F004011000000
(1786378784.315483) can0 38E#4220004011000000
(1786378784.325428) can0 38F#D920E25302000000
(1786378784.325759) can0 38E#1F21004011000000
(1786378784.335415) can0 38E#F822004011000000
(1786378784.345466) can0 38F#8421E25302000000
(1786378784.345786) can0 38E#A523004011000000
(1786378784.355489) can0 38E#2B24004011000000
(1786378784.365384) can0 38F#6322E25302000000
(1786378784.365706) can0 38E#7625004011000000
(1786378784.375520) can0 38E#9126004011000000
(1786378784.385551) can0 38F#3E23E25302000000
(1786378784.385947) can0 38E#CC27004011000000
(1786378784.395525) can0 38E#9028004011000000
(1786378784.405460) can0 38F#B024E25302000000
(1786378784.405807) can0 38E#CD29004011000000
(1786378784.415483) can0 38E#2A2A004011000000
(1786378784.425532) can0 38F#ED25E25302000000
(1786378784.425892) can0 38E#772B004011000000
(1786378784.435617) can0 38E#F92C004011000000
(1786378784.445483) can0 38F#0A26E25302000000
(1786378784.445899) can0 38E#A42D004011000000
(1786378784.455546) can0 38E#432E004011000000
(1786378784.465492) can0 38F#5727E25302000000
(1786378784.465823) can0 38E#1E2F004011000000
(1786378784.475530) can0 38E#4220004011000000
(1786378784.485424) can0 38F#0B28E25302000000
(1786378784.485849) can0 38E#1F21004011000000
(1786378784.495617) can0 38E#F822004011000000
(1786378784.505567) can0 38F#5629E25302000000
(1786378784.506032) can0 38E#A523004011000000
(1786378784.515506) can0 38E#2B24004011000000
(1786378784.525498) can0 38F#B12AE25302000000
(1786378784.525863) can0 38E#7625004011000000
(1786378784.535570) can0 38E#9126004011000000
(1786378784.545534) can0 38F#EC2BE25302000000
(1786378784.546075) can0 38E#CC27004011000000
(1786378784.555541) can0 38E#9028004011000000
(1786378784.565384) can0 38F#622CE25302000000
(1786378784.565718) can0 38E#CD29004011000000
(1786378784.575458) can0 38E#2A2A004011000000
(1786378784.585523) can0 38F#3F2DE25302000000
(1786378784.585898) can0 38E#772B004011000000
(1786378784.595617) can0 38E#F92C004011000000
(1786378784.605634) can0 38F#D82EE25302000000
(1786378784.606032) can0 38E#A42D004011000000
(1786378784.615407) can0 38E#432E004011000000
(1786378784.625521) can0 38F#852FE25302000000
(1786378784.625928) can0 38E#1E2F004011000000
(1786378784.635648) can0 38E#4220004011000000
(1786378784.645515) can0 38F#D920E25302000000
(1786378784.645985) can0 38E#1F21004011000000
(1786378784.655598) can0 38E#F822004011000000
(1786378784.665489) can0 38F#8421E25302000000
(1786378784.665824) can0 38E#A523004011000000
(1786378784.675677) can0 38E#2B24004011000000
(1786378784.685499) can0 38F#6322E25302000000
(1786378784.685888) can0 38E#7625004011000000
(1786378784.695542) can0 38E#9126004011000000
(1786378784.705595) can0 38F#3E23E25302000000
(1786378784.706026) can0 38E#CC27004011000000
(1786378784.715475) can0 38E#9028004011000000
(1786378784.725480) can0 38F#B024E25302000000
(1786378784.725937) can0 38E#CD29004011000000
(1786378784.735454) can0 38E#2A2A004011000000
(1786378784.745523) can0 38F#ED25E25302000000
(1786378784.745937) can0 38E#772B004011000000
(1786378784.755682) can0 38E#F92C004011000000
(1786378784.765385) can0 38F#0A26E25302000000
(1786378784.765780) can0 38E#A42D004011000000
(1786378784.775612) can0 38E#432E004011000000
(1786378784.785574) can0 38F#5727E25302000000
(1786378784.785970) can0 38E#1E2F004011000000
(1786378784.795485) can0 38E#4220004011000000
(1786378784.805432) can0 38F#0B28E25302000000
(1786378784.805800) can0 38E#1F21004011000000
(1786378784.815595) can0 38E#F822004011000000
(1786378784.825555) can0 38F#5629E25302000000
(1786378784.825877) can0 38E#A523004011000000
(1786378784.835492) can0 38E#2B24004011000000
(1786378784.845428) can0 38F#B12AE25302000000
(1786378784.845875) can0 38E#7625004011000000
(1786378784.855585) can0 38E#9126004011000000
(1786378784.865529) can0 38F#EC2BE25302000000
(1786378784.865881) can0 38E#CC27004011000000
(1786378784.875496) can0 38E#9028004011000000
(1786378784.885474) can0 38F#622CE25302000000
(1786378784.885825) can0 38E#CD29004011000000
(1786378784.895642) can0 38E#2A2A004011000000
(1786378784.905616) can0 38F#3F2DE25302000000
(1786378784.906093) can0 38E#772B004011000000
(1786378784.915516) can0 38E#F92C004011000000
(1786378784.925481) can0 38F#D82EE25302000000
(1786378784.925837) can0 38E#A42D004011000000
(1786378784.935514) can0 38E#432E004011000000
(1786378784.945526) can0 38F#852FE25302000000
(1786378784.945992) can0 38E#1E2F004011000000
(1786378784.955541) can0 38E#4220004011000000
(1786378784.965475) can0 38F#D920E25302000000
(1786378784.965807) can0 38E#1F21004011000000
(1786378784.975580) can0 38E#F822004011000000
(1786378784.985522) can0 38F#8421E25302000000
(1786378784.985868) can0 38E#A523004011000000
(1786378784.995497) can0 38E#2B24004011000000
(1786378785.005537) can0 38F#6322E25302000000
(1786378785.006034) can0 38E#7625004011000000
(1786378785.015449) can0 38E#9126004011000000
(1786378785.025772) can0 38F#3E23E25302000000
(1786378785.026244) can0 38E#CC27004011000000
(1786378785.035551) can0 38E#9028004011000000
(1786378785.045123) can0 38F#B024E25302000000
(1786378785.045567) can0 38E#CD29004011000000
(1786378785.055546) can0 38E#2A2A004011000000
(1786378785.065505) can0 38F#ED25E25302000000
(1786378785.065865) can0 38E#772B004011000000
(1786378785.075476) can0 38E#F92C004011000000
(1786378785.085512) can0 38F#0A26E25302000000
(1786378785.085906) can0 38E#A42D004011000000
(1786378785.095466) can0 38E#432E004011000000
(1786378785.105563) can0 38F#5727E25302000000
(1786378785.105885) can0 38E#1E2F004011000000
(1786378785.115567) can0 38E#4220004011000000
(1786378785.125439) can0 38F#0B28E25302000000
(1786378785.125793) can0 38E#1F21004011000000
(1786378785.135464) can0 38E#F822004011000000
(1786378785.145506) can0 38F#5629E25302000000
(1786378785.145796) can0 38E#A523004011000000
(1786378785.155432) can0 38E#2B24004011000000
(1786378785.165365) can0 38F#B12AE25302000000
(1786378785.165697) can0 38E#7625004011000000
(1786378785.175408) can0 38E#9126004011000000
(1786378785.185500) can0 38F#EC2BE25302000000
(1786378785.185834) can0 38E#CC27004011000000
(1786378785.195397) can0 38E#9028004011000000
(1786378785.205449) can0 38F#622CE25302000000
(1786378785.205748) can0 38E#CD29004011000000
(1786378785.215479) can0 38E#2A2A004011000000
(1786378785.225444) can0 38F#3F2DE25302000000
(1786378785.225721) can0 38E#772B004011000000
(1786378785.235455) can0 38E#F92C004011000000
(1786378785.245444) can0 38F#D82EE25302000000
(1786378785.245812) can0 38E#A42D004011000000
(1786378785.255565) can0 38E#432E004011000000
(1786378785.265437) can0 38F#852FE25302000000
(1786378785.265719) can0 38E#1E2F004011000000
(1786378785.275398) can0 38E#4220004011000000
(1786378785.285380) can0 38F#D920E25302000000
(1786378785.285681) can0 38E#1F21004011000000
(1786378785.295627) can0 38E#F822004011000000
(1786378785.305476) can0 38F#8421E25302000000
(1786378785.305749) can0 38E#A523004011000000
(1786378785.315434) can0 38E#2B24004011000000
(1786378785.325359) can0 38F#6322E25302000000
(1786378785.325619) can0 38E#7625004011000000
(1786378785.335563) can0 38E#9126004011000000
(1786378785.345505) can0 38F#3E23E25302000000
(1786378785.345900) can0 38E#CC27004011000000
(1786378785.355457) can0 38E#9028004011000000
(1786378785.365357) can0 38F#B024E25302000000
(1786378785.365703) can0 38E#CD29004011000000
(1786378785.375391) can0 38E#2A2A004011000000
(1786378785.385499) can0 38F#ED25E25302000000
(1786378785.385789) can0 38E#772B004011000000
(1786378785.395432) can0 38E#F92C004011000000
(1786378785.405505) can0 38F#0A26E25302000000
(1786378785.405916) can0 38E#A42D004011000000
(1786378785.415444) can0 38E#432E004011000000
(1786378785.425447) can0 38F#5727E25302000000
(1786378785.425763) can0 38E#1E2F004011000000
(1786378785.435533) can0 38E#4220004011000000
(1786378785.445421) can0 38F#0B28E25302000000
(1786378785.445817) can0 38E#1F21004011000000
(1786378785.455536) can0 38E#F822004011000000
(1786378785.465462) can0 38F#5629E25302000000
(1786378785.465726) can0 38E#A523004011000000
(1786378785.475397) can0 38E#2B24004011000000
(1786378785.485096) can0 38F#B12AE25302000000
(1786378785.485414) can0 38E#7625004011000000
(1786378785.495592) can0 38E#9126004011000000
(1786378785.505523) can0 38F#EC2BE25302000000
(1786378785.505860) can0 38E#CC27004011000000
(1786378785.515628) can0 38E#9028004011000000
(1786378785.525409) can0 38F#622CE25302000000
(1786378785.525718) can0 38E#CD29004011000000
(1786378785.535446) can0 38E#2A2A004011000000
(1786378785.545584) can0 38F#3F2DE25302000000
(1786378785.545949) can0 38E#772B004011000000
(1786378785.555531) can0 38E#F92C004011000000
(1786378785.565379) can0 38F#D82EE25302000000
(1786378785.565639) can0 38E#A42D004011000000
(1786378785.575400) can0 38E#432E004011000000
(1786378785.585460) can0 38F#852FE25302000000
(1786378785.585726) can0 38E#1E2F004011000000
(1786378785.595437) can0 38E#4220004011000000
(1786378785.605440) can0 38F#D920E25302000000
(1786378785.605756) can0 38E#1F21004011000000
(1786378785.615532) can0 38E#F822004011000000
(1786378785.625426) can0 38F#8421E25302000000
(1786378785.625702) can0 38E#A523004011000000
(1786378785.635418) can0 38E#2B24004011000000
(1786378785.645477) can0 38F#6322E25302000000
(1786378785.645941) can0 38E#7625004011000000
(1786378785.655511) can0 38E#9126004011000000
(1786378785.665437) can0 38F#3E23E25302000000
(1786378785.665753) can0 38E#CC27004011000000
(1786378785.675402) can0 38E#9028004011000000
(1786378785.685520) can0 38F#B024E25302000000
(1786378785.685806) can0 38E#CD29004011000000
(1786378785.695565) can0 38E#2A2A004011000000
(1786378785.705427) can0 38F#ED25E25302000000
(1786378785.705716) can0 38E#772B004011000000
(1786378785.715426) can0 38E#F92C004011000000
(1786378785.725385) can0 38F#0A26E25302000000
(1786378785.725641) can0 38E#A42D004011000000
(1786378785.735510) can0 38E#432E004011000000
(1786378785.745519) can0 38F#5727E25302000000
(1786378785.745893) can0 38E#1E2F004011000000
(1786378785.755510) can0 38E#4220004011000000
(1786378785.765538) can0 38F#0B28E25302000000
(1786378785.765871) can0 38E#1F21004011000000
(1786378785.775513) can0 38E#F822004011000000
(1786378785.785499) can0 38F#5629E25302000000
(1786378785.785805) can0 38E#A523004011000000
(1786378785.795456) can0 38E#2B24004011000000
(1786378785.805398) can0 38F#B12AE25302000000
(1786378785.805703) can0 38E#7625004011000000
(1786378785.815505) can0 38E#9126004011000000
(1786378785.825392) can0 38F#EC2BE25302000000
(1786378785.825657) can0 38E#CC27004011000000
(1786378785.835442) can0 38E#9028004011000000
(1786378785.845386) can0 38F#622CE25302000000
(1786378785.845692) can0 38E#CD29004011000000
(1786378785.855457) can0 38E#2A2A004011000000
(1786378785.865503) can0 38F#3F2DE25302000000
(1786378785.865853) can0 38E#772B004011000000
(1786378785.875464) can0 38E#F92C004011000000
(1786378785.885461) can0 38F#D82EE25302000000
(1786378785.885776) can0 38E#A42D004011000000
(1786378785.895576) can0 38E#432E004011000000
(1786378785.905463) can0 38F#852FE25302000000
(1786378785.905846) can0 38E#1E2F004011000000
(1786378785.915371) can0 38E#4220004011000000
(1786378785.925479) can0 38F#D920E25302000000
(1786378785.925864) can0 38E#1F21004011000000
(1786378785.935517) can0 38E#F822004011000000
(1786378785.945529) can0 38F#8421E25302000000
(1786378785.945881) can0 38E#A523004011000000
(1786378785.955407) can0 38E#2B24004011000000
(1786378785.965393) can0 38F#6322E25302000000
(1786378785.965676) can0 38E#7625004011000000
(1786378785.975524) can0 38E#9126004011000000
(1786378785.985513) can0 38F#3E23E25302000000
(1786378785.985831) can0 38E#CC27004011000000
(1786378785.995463) can0 38E#9028004011000000
(1786378786.005449) can0 38F#B024E25302000000
(1786378786.005880) can0 38E#CD29004011000000
(1786378786.015449) can0 38E#2A2A004011000000
(1786378786.025436) can0 38F#ED25E25302000000
(1786378786.025763) can0 38E#772B004011000000
(1786378786.035466) can0 38E#F92C004011000000
(1786378786.045505) can0 38F#0A26E25302000000
(1786378786.045812) can0 38E#A42D004011000000
(1786378786.055379) can0 38E#432E004011000000
(1786378786.065477) can0 38F#5727E25302000000
(1786378786.065821) can0 38E#1E2F004011000000
(1786378786.075480) can0 38E#4220004011000000
(1786378786.085407) can0 38F#0B28E25302000000
(1786378786.085747) can0 38E#1F21004011000000
(1786378786.095475) can0 38E#F822004011000000
(1786378786.105588) can0 38F#5629E25302000000
(1786378786.105903) can0 38E#A523004011000000
(1786378786.115454) can0 38E#2B24004011000000
(1786378786.125453) can0 38F#B12AE25302000000
(1786378786.125813) can0 38E#7625004011000000
(1786378786.135508) can0 38E#9126004011000000
(1786378786.145610) can0 38F#EC2BE25302000000
(1786378786.145970) can0 38E#CC27004011000000
(1786378786.155548) can0 38E#9028004011000000
(1786378786.165402) can0 38F#622CE25302000000
(1786378786.165767) can0 38E#CD29004011000000
(1786378786.175506) can0 38E#2A2A004011000000
(1786378786.185516) can0 38F#3F2DE25302000000
(1786378786.185869) can0 38E#772B004011000000
(1786378786.195630) can0 38E#F92C004011000000
(1786378786.205481) can0 38F#D82EE25302000000
(1786378786.205860) can0 38E#A42D004011000000
(1786378786.215480) can0 38E#432E004011000000
(1786378786.225512) can0 38F#852FE25302000000
(1786378786.225886) can0 38E#1E2F004011000000
(1786378786.235556) can0 38E#4220004011000000
(1786378786.245492) can0 38F#D920E25302000000
(1786378786.245894) can0 38E#1F21004011000000
(1786378786.255435) can0 38E#F822004011000000
(1786378786.265498) can0 38F#8421E25302000000
(1786378786.265840) can0 38E#A523004011000000
(1786378786.275411) can0 38E#2B24004011000000
(1786378786.285405) can0 38F#6322E25302000000
(1786378786.285764) can0 38E#7625004011000000
(1786378786.295468) can0 38E#9126004011000000
(1786378786.305428) can0 38F#3E23E25302000000
(1786378786.305702) can0 38E#CC27004011000000
(1786378786.315445) can0 38E#9028004011000000
(1786378786.325371) can0 38F#B024E25302000000
(1786378786.325631) can0 38E#CD29004011000000
(1786378786.335446) can0 38E#2A2A004011000000
(1786378786.345113) can0 38F#ED25E25302000000
(1786378786.345526) can0 38E#772B004011000000
(1786378786.355601) can0 38E#F92C004011000000
(1786378786.365402) can0 38F#0A26E25302000000
(1786378786.365620) can0 38E#A42D004011000000
(1786378786.375438) can0 38E#432E004011000000
(1786378786.385428) can0 38F#5727E25302000000
(1786378786.385762) can0 38E#1E2F004011000000
(1786378786.395432) can0 38E#4220004011000000
(1786378786.405480) can0 38F#0B28E25302000000
(1786378786.405786) can0 38E#1F21004011000000
(1786378786.415448) can0 38E#F822004011000000
(1786378786.425761) can0 38F#5629E25302000000
(1786378786.426100) can0 38E#A523004011000000
(1786378786.435510) can0 38E#2B24004011000000
(1786378786.445431) can0 38F#B12AE25302000000
(1786378786.445894) can0 38E#7625004011000000
(1786378786.455458) can0 38E#9126004011000000
(1786378786.465427) can0 38F#EC2BE25302000000
(1786378786.465695) can0 38E#CC27004011000000
(1786378786.475399) can0 38E#9028004011000000
(1786378786.485381) can0 38F#622CE25302000000
(1786378786.485744) can0 38E#CD29004011000000
(1786378786.495447) can0 38E#2A2A004011000000
(1786378786.505474) can0 38F#3F2DE25302000000
(1786378786.505806) can0 38E#772B004011000000
(1786378786.515496) can0 38E#F92C004011000000
(1786378786.525408) can0 38F#D82EE25302000000
(1786378786.525722) can0 38E#A42D004011000000
(1786378786.535464) can0 38E#432E004011000000
(1786378786.545505) can0 38F#852FE25302000000
(1786378786.545869) can0 38E#1E2F004011000000
(1786378786.555452) can0 38E#4220004011000000
(1786378786.565401) can0 38F#D920E25302000000
(1786378786.565753) can0 38E#1F21004011000000
(1786378786.575449) can0 38E#F822004011000000
(1786378786.585484) can0 38F#8421E25302000000
(1786378786.585755) can0 38E#A523004011000000
(1786378786.595532) can0 38E#2B24004011000000
(1786378786.605414) can0 38F#6322E25302000000
(1786378786.605692) can0 38E#7625004011000000
(1786378786.615451) can0 38E#9126004011000000
(1786378786.625521) can0 38F#3E23E25302000000
(1786378786.625761) can0 38E#CC27004011000000
(1786378786.635489) can0 38E#9028004011000000
(1786378786.645443) can0 38F#B024E25302000000
(1786378786.645737) can0 38E#CD29004011000000
(1786378786.655445) can0 38E#2A2A004011000000
(1786378786.665432) can0 38F#ED25E25302000000
(1786378786.665727) can0 38E#772B004011000000
(1786378786.675484) can0 38E#F92C004011000000
(1786378786.685431) can0 38F#0A26E25302000000
(1786378786.685697) can0 38E#A42D004011000000
(1786378786.695444) can0 38E#432E004011000000
(1786378786.705438) can0 38F#5727E25302000000
(1786378786.705702) can0 38E#1E2F004011000000
(1786378786.715435) can0 38E#4220004011000000
(1786378786.725383) can0 38F#0B28E25302000000
(1786378786.725636) can0 38E#1F21004011000000
(1786378786.735529) can0 38E#F822004011000000
(1786378786.745459) can0 38F#5629E25302000000
(1786378786.745790) can0 38E#A523004011000000
(1786378786.755479) can0 38E#2B24004011000000
(1786378786.765080) can0 38F#B12AE25302000000
(1786378786.765384) can0 38E#7625004011000000
(1786378786.775384) can0 38E#9126004011000000
(1786378786.785464) can0 38F#EC2BE25302000000
(1786378786.785783) can0 38E#CC27004011000000
(1786378786.795509) can0 38E#9028004011000000
(1786378786.805428) can0 38F#622CE25302000000
(1786378786.805706) can0 38E#CD29004011000000
(1786378786.815439) can0 38E#2A2A004011000000
(1786378786.825457) can0 38F#3F2DE25302000000
(1786378786.825768) can0 38E#772B004011000000
(1786378786.835609) can0 38E#F92C004011000000
(1786378786.845431) can0 38F#D82EE25302000000
(1786378786.845748) can0 38E#A42D004011000000
(1786378786.855466) can0 38E#432E004011000000
(1786378786.865477) can0 38F#852FE25302000000
(1786378786.865881) can0 38E#1E2F004011000000
(1786378786.875451) can0 38E#4220004011000000
(1786378786.885468) can0 38F#D920E25302000000
(1786378786.885872) can0 38E#1F21004011000000
(1786378786.895435) can0 38E#F822004011000000
(1786378786.905435) can0 38F#8421E25302000000
(1786378786.905783) can0 38E#A523004011000000
(1786378786.915413) can0 38E#2B24004011000000
(1786378786.925388) can0 38F#6322E25302000000
(1786378786.925719) can0 38E#7625004011000000
(1786378786.935514) can0 38E#9126004011000000
(1786378786.945411) can0 38F#3E23E25302000000
(1786378786.945660) can0 38E#CC27004011000000
(1786378786.955463) can0 38E#9028004011000000
(1786378786.965468) can0 38F#B024E25302000000
(1786378786.965733) can0 38E#CD29004011000000
(1786378786.975458) can0 38E#2A2A004011000000
(1786378786.985393) can0 38F#ED25E25302000000
(1786378786.985699) can0 38E#772B004011000000
(1786378786.995436) can0 38E#F92C004011000000
(1786378787.005445) can0 38F#0A26E25302000000
(1786378787.005743) can0 38E#A42D004011000000
(1786378787.015497) can0 38E#432E004011000000
(1786378787.025432) can0 38F#5727E25302000000
(1786378787.025696) can0 38E#1E2F004011000000
(1786378787.035431) can0 38E#4220004011000000
(1786378787.045436) can0 38F#0B28E25302000000
(1786378787.045848) can0 38E#1F21004011000000
(1786378787.055604) can0 38E#F822004011000000
(1786378787.065461) can0 38F#5629E25302000000
(1786378787.065769) can0 38E#A523004011000000
(1786378787.075421) can0 38E#2B24004011000000
(1786378787.085361) can0 38F#B12AE25302000000
(1786378787.085669) can0 38E#7625004011000000
(1786378787.095439) can0 38E#9126004011000000
(1786378787.105477) can0 38F#EC2BE25302000000
(1786378787.105810) can0 38E#CC27004011000000
(1786378787.115446) can0 38E#9028004011000000
(1786378787.125360) can0 38F#622CE25302000000
(1786378787.125639) can0 38E#CD29004011000000
(1786378787.135454) can0 38E#2A2A004011000000
(1786378787.145460) can0 38F#3F2DE25302000000
(1786378787.145775) can0 38E#772B004011000000
(1786378787.155450) can0 38E#F92C004011000000
(1786378787.165439) can0 38F#D82EE25302000000
(1786378787.165704) can0 38E#A42D004011000000
(1786378787.175476) can0 38E#432E004011000000
(1786378787.185444) can0 38F#852FE25302000000
(1786378787.185714) can0 38E#1E2F004011000000
(1786378787.195416) can0 38E#4220004011000000
(1786378787.205341) can0 38F#D920E25302000000
(1786378787.205642) can0 38E#1F21004011000000
(1786378787.215513) can0 38E#F822004011000000
(1786378787.225560) can0 38F#8421E25302000000
(1786378787.225999) can0 38E#A523004011000000
(1786378787.235579) can0 38E#2B24004011000000
(1786378787.245377) can0 38F#6322E25302000000
(1786378787.245678) can0 38E#7625004011000000
(1786378787.255437) can0 38E#9126004011000000
(1786378787.265535) can0 38F#3E23E25302000000
(1786378787.265829) can0 38E#CC27004011000000
(1786378787.275472) can0 38E#9028004011000000
(1786378787.285393) can0 38F#B024E25302000000
(1786378787.285740) can0 38E#CD29004011000000
(1786378787.295481) can0 38E#2A2A004011000000
(1786378787.305445) can0 38F#ED25E25302000000
(1786378787.305760) can0 38E#772B004011000000
(1786378787.315447) can0 38E#F92C004011000000
(1786378787.325379) can0 38F#0A26E25302000000
(1786378787.325659) can0 38E#A42D004011000000
(1786378787.335450) can0 38E#432E004011000000
(1786378787.345401) can0 38F#5727E25302000000
(1786378787.345666) can0 38E#1E2F004011000000
(1786378787.355436) can0 38E#4220004011000000
(1786378787.365412) can0 38F#0B28E25302000000
(1786378787.365685) can0 38E#1F21004011000000
(1786378787.375504) can0 38E#F822004011000000
(1786378787.385460) can0 38F#5629E25302000000
(1786378787.385782) can0 38E#A523004011000000
(1786378787.395508) can0 38E#2B24004011000000
(1786378787.405441) can0 38F#B12AE25302000000
(1786378787.405752) can0 38E#7625004011000000
(1786378787.415390) can0 38E#9126004011000000
(1786378787.425424) can0 38F#EC2BE25302000000
(1786378787.425735) can0 38E#CC27004011000000
(1786378787.435469) can0 38E#9028004011000000
(1786378787.445467) can0 38F#622CE25302000000
(1786378787.445761) can0 38E#CD29004011000000
(1786378787.455452) can0 38E#2A2A004011000000
(1786378787.465418) can0 38F#3F2DE25302000000
(1786378787.465744) can0 38E#772B004011000000
(1786378787.475420) can0 38E#F92C004011000000
(1786378787.485466) can0 38F#D82EE25302000000
(1786378787.485750) can0 38E#A42D004011000000
(1786378787.495469) can0 38E#432E004011000000
(1786378787.505468) can0 38F#852FE25302000000
(1786378787.505763) can0 38E#1E2F004011000000
(1786378787.515390) can0 38E#4220004011000000
(1786378787.525390) can0 38F#D920E25302000000
(1786378787.525631) can0 38E#1F21004011000000
(1786378787.535490) can0 38E#F822004011000000
(1786378787.545455) can0 38F#8421E25302000000
(1786378787.545748) can0 38E#A523004011000000
(1786378787.555490) can0 38E#2B24004011000000
(1786378787.565340) can0 38F#6322E25302000000
(1786378787.565657) can0 38E#7625004011000000
(1786378787.575475) can0 38E#9126004011000000
(1786378787.585470) can0 38F#3E23E25302000000
(1786378787.585787) can0 38E#CC27004011000000
(1786378787.595428) can0 38E#9028004011000000
(1786378787.605420) can0 38F#B024E25302000000
(1786378787.605697) can0 38E#CD29004011000000
(1786378787.615457) can0 38E#2A2A004011000000
(1786378787.625101) can0 38F#ED25E25302000000
(1786378787.625375) can0 38E#772B004011000000
(1786378787.635406) can0 38E#F92C004011000000
(1786378787.645505) can0 38F#0A26E25302000000
(1786378787.645872) can0 38E#A42D004011000000
(1786378787.655497) can0 38E#432E004011000000
(1786378787.665498) can0 38F#5727E25302000000
(1786378787.665811) can0 38E#1E2F004011000000
(1786378787.675411) can0 38E#4220004011000000
(1786378787.685408) can0 38F#0B28E25302000000
(1786378787.685718) can0 38E#1F21004011000000
(1786378787.695579) can0 38E#F822004011000000
(1786378787.705500) can0 38F#5629E25302000000
(1786378787.705782) can0 38E#A523004011000000
(1786378787.715482) can0 38E#2B24004011000000
(1786378787.725414) can0 38F#B12AE25302000000
(1786378787.725705) can0 38E#7625004011000000
(1786378787.735501) can0 38E#9126004011000000
(1786378787.745501) can0 38F#EC2BE25302000000
(1786378787.745806) can0 38E#CC27004011000000
(1786378787.755509) can0 38E#9028004011000000
(1786378787.765460) can0 38F#622CE25302000000
(1786378787.765823) can0 38E#CD29004011000000
(1786378787.775379) can0 38E#2A2A004011000000
(1786378787.785397) can0 38F#3F2DE25302000000
(1786378787.785655) can0 38E#772B004011000000
(1786378787.795531) can0 38E#F92C004011000000
(1786378787.805373) can0 38F#D82EE25302000000
(1786378787.805653) can0 38E#A42D004011000000
(1786378787.815483) can0 38E#432E004011000000
(1786378787.825503) can0 38F#852FE25302000000
(1786378787.825823) can0 38E#1E2F004011000000
(1786378787.835515) can0 38E#4220004011000000
(1786378787.845404) can0 38F#D920E25302000000
(1786378787.845742) can0 38E#1F21004011000000
(1786378787.855440) can0 38E#F822004011000000
(1786378787.865530) can0 38F#8421E25302000000
(1786378787.865879) can0 38E#A523004011000000
(1786378787.875512) can0 38E#2B24004011000000
(1786378787.885428) can0 38F#6322E25302000000
(1786378787.885722) can0 38E#7625004011000000
(1786378787.895411) can0 38E#9126004011000000
(1786378787.905476) can0 38F#3E23E25302000000
(1786378787.905816) can0 38E#CC27004011000000
(1786378787.915537) can0 38E#9028004011000000
(1786378787.925452) can0 38F#B024E25302000000
(1786378787.925765) can0 38E#CD29004011000000
(1786378787.935479) can0 38E#2A2A004011000000
(1786378787.945432) can0 38F#ED25E25302000000
(1786378787.945771) can0 38E#772B004011000000
(1786378787.955450) can0 38E#F92C004011000000
(1786378787.965468) can0 38F#0A26E25302000000
(1786378787.965841) can0 38E#A42D004011000000
(1786378787.975543) can0 38E#432E004011000000
(1786378787.985472) can0 38F#5727E25302000000
(1786378787.985806) can0 38E#1E2F004011000000
(1786378787.995407) can0 38E#4220004011000000
(1786378788.005438) can0 38F#0B28E25302000000
(1786378788.005843) can0 38E#1F21004011000000
(1786378788.015480) can0 38E#F822004011000000
(1786378788.025516) can0 38F#5629E25302000000
(1786378788.025843) can0 38E#A523004011000000
(1786378788.035488) can0 38E#2B24004011000000
(1786378788.045469) can0 38F#B12AE25302000000
(1786378788.045778) can0 38E#7625004011000000
(1786378788.055470) can0 38E#9126004011000000
(1786378788.065424) can0 38F#EC2BE25302000000
(1786378788.065713) can0 38E#CC27004011000000
(1786378788.075504) can0 38E#9028004011000000
(1786378788.085424) can0 38F#622CE25302000000
(1786378788.085730) can0 38E#CD29004011000000
(1786378788.095473) can0 38E#2A2A004011000000
(1786378788.105485) can0 38F#3F2DE25302000000
(1786378788.105883) can0 38E#772B004011000000
(1786378788.115516) can0 38E#F92C004011000000
(1786378788.125438) can0 38F#D82EE25302000000
(1786378788.125681) can0 38E#A42D004011000000
(1786378788.135498) can0 38E#432E004011000000
(1786378788.145416) can0 38F#852FE25302000000
(1786378788.145802) can0 38E#1E2F004011000000
(1786378788.155459) can0 38E#4220004011000000
(1786378788.165468) can0 38F#D920E25302000000
(1786378788.165790) can0 38E#1F21004011000000
(1786378788.175475) can0 38E#F822004011000000
(1786378788.185416) can0 38F#8421E25302000000
(1786378788.185717) can0 38E#A523004011000000
(1786378788.195504) can0 38E#2B24004011000000
(1786378788.205406) can0 38F#6322E25302000000
(1786378788.205732) can0 38E#7625004011000000
(1786378788.215469) can0 38E#9126004011000000
(1786378788.225398) can0 38F#3E23E25302000000
(1786378788.225642) can0 38E#CC27004011000000
(1786378788.235413) can0 38E#9028004011000000
(1786378788.245463) can0 38F#B024E25302000000
(1786378788.245741) can0 38E#CD29004011000000
(1786378788.255510) can0 38E#2A2A004011000000
(1786378788.265519) can0 38F#ED25E25302000000
(1786378788.265841) can0 38E#772B004011000000
(1786378788.275403) can0 38E#F92C004011000000
(1786378788.285449) can0 38F#0A26E25302000000
(1786378788.285770) can0 38E#A42D004011000000
(1786378788.295466) can0 38E#432E004011000000
(1786378788.305504) can0 38F#5727E25302000000
(1786378788.305822) can0 38E#1E2F004011000000
(1786378788.315611) can0 38E#4220004011000000
(1786378788.325411) can0 38F#0B28E25302000000
(1786378788.325682) can0 38E#1F21004011000000
(1786378788.335466) can0 38E#F822004011000000
(1786378788.345533) can0 38F#5629E25302000000
(1786378788.345903) can0 38E#A523004011000000
(1786378788.355508) can0 38E#2B24004011000000
(1786378788.365465) can0 38F#B12AE25302000000
(1786378788.365796) can0 38E#7625004011000000
(1786378788.375476) can0 38E#9126004011000000
(1786378788.385470) can0 38F#EC2BE25302000000
(1786378788.385827) can0 38E#CC27004011000000
(1786378788.395488) can0 38E#9028004011000000
(1786378788.405464) can0 38F#622CE25302000000
(1786378788.405795) can0 38E#CD29004011000000
(1786378788.415505) can0 38E#2A2A004011000000
(1786378788.425400) can0 38F#3F2DE25302000000
(1786378788.425651) can0 38E#772B004011000000
(1786378788.435488) can0 38E#F92C004011000000
(1786378788.445525) can0 38F#D82EE25302000000
(1786378788.445911) can0 38E#A42D004011000000
(1786378788.455467) can0 38E#432E004011000000
(1786378788.465552) can0 38F#852FE25302000000
(1786378788.465909) can0 38E#1E2F004011000000
(1786378788.475468) can0 38E#4220004011000000
(1786378788.485410) can0 38F#D920E25302000000
(1786378788.485781) can0 38E#1F21004011000000
(1786378788.495512) can0 38E#F822004011000000
(1786378788.505503) can0 38F#8421E25302000000
(1786378788.505761) can0 38E#A523004011000000
(1786378788.515490) can0 38E#2B24004011000000
(1786378788.525434) can0 38F#6322E25302000000
(1786378788.525679) can0 38E#7625004011000000
(1786378788.535448) can0 38E#9126004011000000
(1786378788.545512) can0 38F#3E23E25302000000
(1786378788.545825) can0 38E#CC27004011000000
(1786378788.555495) can0 38E#9028004011000000
(1786378788.565456) can0 38F#B024E25302000000
(1786378788.565769) can0 38E#CD29004011000000
(1786378788.575388) can0 38E#2A2A004011000000
(1786378788.585420) can0 38F#ED25E25302000000
(1786378788.585712) can0 38E#772B004011000000
(1786378788.595493) can0 38E#F92C004011000000
(1786378788.605434) can0 38F#0A26E25302000000
(1786378788.605676) can0 38E#A42D004011000000
(1786378788.615399) can0 38E#432E004011000000
(1786378788.625385) can0 38F#5727E25302000000
(1786378788.625617) can0 38E#1E2F004011000000
(1786378788.635438) can0 38E#4220004011000000
(1786378788.645408) can0 38F#0B28E25302000000
(1786378788.645712) can0 38E#1F21004011000000
(1786378788.655466) can0 38E#F822004011000000
(1786378788.665423) can0 38F#5629E25302000000
(1786378788.665729) can0 38E#A523004011000000
(1786378788.675460) can0 38E#2B24004011000000
(1786378788.685464) can0 38F#B12AE25302000000
(1786378788.685735) can0 38E#7625004011000000
(1786378788.695522) can0 38E#9126004011000000
(1786378788.705427) can0 38F#EC2BE25302000000
(1786378788.705702) can0 38E#CC27004011000000
(1786378788.715471) can0 38E#9028004011000000
(1786378788.725491) can0 38F#622CE25302000000
(1786378788.725978) can0 38E#CD29004011000000
(1786378788.735504) can0 38E#2A2A004011000000
(1786378788.745506) can0 38F#3F2DE25302000000
(1786378788.745834) can0 38E#772B004011000000
(1786378788.755495) can0 38E#F92C004011000000
(1786378788.765478) can0 38F#D82EE25302000000
(1786378788.765872) can0 38E#A42D004011000000
(1786378788.775555) can0 38E#432E004011000000
(1786378788.785472) can0 38F#852FE25302000000
(1786378788.785830) can0 38E#1E2F004011000000
(1786378788.795419) can0 38E#4220004011000000
(1786378788.805421) can0 38F#D920E25302000000
(1786378788.805733) can0 38E#1F21004011000000
(1786378788.815450) can0 38E#F822004011000000
(1786378788.825499) can0 38F#8421E25302000000
(1786378788.825780) can0 38E#A523004011000000
(1786378788.835495) can0 38E#2B24004011000000
(1786378788.845397) can0 38F#6322E25302000000
(1786378788.845700) can0 38E#7625004011000000
(1786378788.855423) can0 38E#9126004011000000
(1786378788.865447) can0 38F#3E23E25302000000
(1786378788.865714) can0 38E#CC27004011000000
(1786378788.875503) can0 38E#9028004011000000
(1786378788.885395) can0 38F#B024E25302000000
(1786378788.885669) can0 38E#CD29004011000000
(1786378788.895493) can0 38E#2A2A004011000000
(1786378788.905450) can0 38F#ED25E25302000000
(1786378788.905700) can0 38E#772B004011000000
(1786378788.915448) can0 38E#F92C004011000000
(1786378788.925379) can0 38F#0A26E25302000000
(1786378788.925678) can0 38E#A42D004011000000
(1786378788.935526) can0 38E#432E004011000000
(1786378788.945494) can0 38F#5727E25302000000
(1786378788.945836) can0 38E#1E2F004011000000
(1786378788.955493) can0 38E#4220004011000000
(1786378788.965468) can0 38F#0B28E25302000000
(1786378788.965819) can0 38E#1F21004011000000
(1786378788.975548) can0 38E#F822004011000000
(1786378788.985533) can0 38F#5629E25302000000
(1786378788.985926) can0 38E#A523004011000000
(1786378788.995473) can0 38E#2B24004011000000
(1786378789.005421) can0 38F#B12AE25302000000
(1786378789.005740) can0 38E#7625004011000000
(1786378789.015451) can0 38E#9126004011000000
(1786378789.025531) can0 38F#EC2BE25302000000
(1786378789.025878) can0 38E#CC27004011000000
(1786378789.035534) can0 38E#9028004011000000
(1786378789.045392) can0 38F#622CE25302000000
(1786378789.045758) can0 38E#CD29004011000000
(1786378789.055535) can0 38E#2A2A004011000000
(1786378789.065448) can0 38F#3F2DE25302000000
(1786378789.065752) can0 38E#772B004011000000
(1786378789.075463) can0 38E#F92C004011000000
(1786378789.085473) can0 38F#D82EE25302000000
(1786378789.085745) can0 38E#A42D004011000000
(1786378789.095451) can0 38E#432E004011000000
(1786378789.105504) can0 38F#852FE25302000000
(1786378789.105921) can0 38E#1E2F004011000000
(1786378789.115578) can0 38E#4220004011000000
(1786378789.125511) can0 38F#D920E25302000000
(1786378789.125864) can0 38E#1F21004011000000
(1786378789.135421) can0 38E#F822004011000000
(1786378789.145418) can0 38F#8421E25302000000
(1786378789.145707) can0 38E#A523004011000000
(1786378789.155492) can0 38E#2B24004011000000
(1786378789.165438) can0 38F#6322E25302000000
(1786378789.165692) can0 38E#7625004011000000
(1786378789.175439) can0 38E#9126004011000000
(1786378789.185448) can0 38F#3E23E25302000000
(1786378789.185713) can0 38E#CC27004011000000
(1786378789.195476) can0 38E#9028004011000000
(1786378789.205470) can0 38F#B024E25302000000
(1786378789.205825) can0 38E#CD29004011000000
(1786378789.215481) can0 38E#2A2A004011000000
(1786378789.225460) can0 38F#ED25E25302000000
(1786378789.225787) can0 38E#772B004011000000
(1786378789.235486) can0 38E#F92C004011000000
(1786378789.245455) can0 38F#0A26E25302000000
(1786378789.245793) can0 38E#A42D004011000000
(1786378789.255594) can0 38E#432E004011000000
(1786378789.265491) can0 38F#5727E25302000000
(1786378789.265817) can0 38E#1E2F004011000000
(1786378789.275554) can0 38E#4220004011000000
(1786378789.285435) can0 38F#0B28E25302000000
(1786378789.285809) can0 38E#1F21004011000000
(1786378789.295531) can0 38E#F822004011000000
(1786378789.305494) can0 38F#5629E25302000000
(1786378789.305806) can0 38E#A523004011000000
(1786378789.315462) can0 38E#2B24004011000000
(1786378789.325412) can0 38F#B12AE25302000000
(1786378789.325683) can0 38E#7625004011000000
(1786378789.335544) can0 38E#9126004011000000
(1786378789.345505) can0 38F#EC2BE25302000000
(1786378789.345864) can0 38E#CC27004011000000
(1786378789.355456) can0 38E#9028004011000000
(1786378789.365529) can0 38F#622CE25302000000
(1786378789.365961) can0 38E#CD29004011000000
(1786378789.375553) can0 38E#2A2A004011000000
(1786378789.385533) can0 38F#3F2DE25302000000
(1786378789.385873) can0 38E#772B004011000000
(1786378789.395509) can0 38E#F92C004011000000
(1786378789.405498) can0 38F#D82EE25302000000
(1786378789.405833) can0 38E#A42D004011000000
(1786378789.415661) can0 38E#432E004011000000
(1786378789.425415) can0 38F#852FE25302000000
(1786378789.425665) can0 38E#1E2F004011000000
(1786378789.435450) can0 38E#4220004011000000
(1786378789.445452) can0 38F#D920E25302000000
(1786378789.445924) can0 38E#1F21004011000000
(1786378789.455575) can0 38E#F822004011000000
(1786378789.465514) can0 38F#8421E25302000000
(1786378789.465907) can0 38E#A523004011000000
(1786378789.475500) can0 38E#2B24004011000000
(1786378789.485444) can0 38F#6322E25302000000
(1786378789.485767) can0 38E#7625004011000000
(1786378789.495422) can0 38E#9126004011000000
(1786378789.505453) can0 38F#3E23E25302000000
(1786378789.505734) can0 38E#CC27004011000000
(1786378789.515497) can0 38E#9028004011000000
(1786378789.525415) can0 38F#B024E25302000000
(1786378789.525741) can0 38E#CD29004011000000
(1786378789.535506) can0 38E#2A2A004011000000
(1786378789.545562) can0 38F#ED25E25302000000
(1786378789.545913) can0 38E#772B004011000000
(1786378789.555529) can0 38E#F92C004011000000
(1786378789.565147) can0 38F#0A26E25302000000
(1786378789.565588) can0 38E#A42D004011000000
(1786378789.575430) can0 38E#432E004011000000
(1786378789.585490) can0 38F#5727E25302000000
(1786378789.585798) can0 38E#1E2F004011000000
(1786378789.595511) can0 38E#4220004011000000
(1786378789.605487) can0 38F#0B28E25302000000
(1786378789.605903) can0 38E#1F21004011000000
(1786378789.615534) can0 38E#F822004011000000
(1786378789.625476) can0 38F#5629E25302000000
(1786378789.625716) can0 38E#A523004011000000
(1786378789.635491) can0 38E#2B24004011000000
(1786378789.645437) can0 38F#B12AE25302000000
(1786378789.645752) can0 38E#7625004011000000
(1786378789.655478) can0 38E#9126004011000000
(1786378789.665463) can0 38F#EC2BE25302000000
(1786378789.665747) can0 38E#CC27004011000000
(1786378789.675414) can0 38E#9028004011000000
(1786378789.685477) can0 38F#622CE25302000000
(1786378789.685764) can0 38E#CD29004011000000
(1786378789.695523) can0 38E#2A2A004011000000
(1786378789.705435) can0 38F#3F2DE25302000000
(1786378789.705683) can0 38E#772B004011000000
(1786378789.715496) can0 38E#F92C004011000000
(1786378789.725437) can0 38F#D82EE25302000000
(1786378789.725653) can0 38E#A42D004011000000
(1786378789.735534) can0 38E#432E004011000000
(1786378789.745460) can0 38F#852FE25302000000
(1786378789.745765) can0 38E#1E2F004011000000
(1786378789.755523) can0 38E#4220004011000000
(1786378789.765496) can0 38F#D920E25302000000
(1786378789.765831) can0 38E#1F21004011000000
(1786378789.775446) can0 38E#F822004011000000
(1786378789.785386) can0 38F#8421E25302000000
(1786378789.785640) can0 38E#A523004011000000
(1786378789.795495) can0 38E#2B24004011000000
(1786378789.805466) can0 38F#6322E25302000000
(1786378789.805810) can0 38E#7625004011000000
(1786378789.815578) can0 38E#9126004011000000
(1786378789.825113) can0 38F#3E23E25302000000
(1786378789.825375) can0 38E#CC27004011000000
(1786378789.835474) can0 38E#9028004011000000
(1786378789.845513) can0 38F#B024E25302000000
(1786378789.845955) can0 38E#CD29004011000000
(1786378789.855613) can0 38E#2A2A004011000000
(1786378789.865460) can0 38F#ED25E25302000000
(1786378789.865771) can0 38E#772B004011000000
(1786378789.875483) can0 38E#F92C004011000000
(1786378789.885482) can0 38F#0A26E25302000000
(1786378789.885806) can0 38E#A42D004011000000
(1786378789.895506) can0 38E#432E004011000000
(1786378789.905493) can0 38F#5727E25302000000
(1786378789.905812) can0 38E#1E2F004011000000
(1786378789.915493) can0 38E#4220004011000000
(1786378789.925320) can0 38F#0B28E25302000000
(1786378789.925569) can0 38E#1F21004011000000
(1786378789.935482) can0 38E#F822004011000000
(1786378789.945456) can0 38F#5629E25302000000
(1786378789.945817) can0 38E#A523004011000000
(1786378789.955492) can0 38E#2B24004011000000
(1786378789.965447) can0 38F#B12AE25302000000
(1786378789.965799) can0 38E#7625004011000000
(1786378789.975526) can0 38E#9126004011000000
(1786378789.985569) can0 38F#EC2BE25302000000
(1786378789.985973) can0 38E#CC27004011000000
(1786378789.995426) can0 38E#9028004011000000
(1786378790.005364) can0 38F#622CE25302000000
(1786378790.005703) can0 38E#CD29004011000000
(1786378790.015431) can0 38E#2A2A004011000000
(1786378790.025479) can0 38F#3F2DE25302000000
(1786378790.025775) can0 38E#772B004011000000
(1786378790.035457) can0 38E#F92C004011000000
(1786378790.045413) can0 38F#D82EE25302000000
(1786378790.045708) can0 38E#A42D004011000000
(1786378790.055567) can0 38E#432E004011000000
(1786378790.065552) can0 38F#852FE25302000000
(1786378790.065887) can0 38E#1E2F004011000000
(1786378790.075462) can0 38E#4220004011000000
(1786378790.085451) can0 38F#D920E25302000000
(1786378790.085778) can0 38E#1F21004011000000
(1786378790.095449) can0 38E#F822004011000000
(1786378790.105450) can0 38F#8421E25302000000
(1786378790.105730) can0 38E#A523004011000000
(1786378790.115539) can0 38E#2B24004011000000
(1786378790.125433) can0 38F#6322E25302000000
(1786378790.125710) can0 38E#7625004011000000
(1786378790.135536) can0 38E#9126004011000000
(1786378790.145443) can0 38F#3E23E25302000000
(1786378790.145785) can0 38E#CC27004011000000
(1786378790.155496) can0 38E#9028004011000000
(1786378790.165432) can0 38F#B024E25302000000
(1786378790.165744) can0 38E#CD29004011000000
(1786378790.175506) can0 38E#2A2A004011000000
(1786378790.185530) can0 38F#ED25E25302000000
(1786378790.185860) can0 38E#772B004011000000
(1786378790.195492) can0 38E#F92C004011000000
(1786378790.205423) can0 38F#0A26E25302000000
(1786378790.205693) can0 38E#A42D004011000000
(1786378790.215412) can0 38E#432E004011000000
(1786378790.225493) can0 38F#5727E25302000000
(1786378790.225804) can0 38E#1E2F004011000000
(1786378790.235459) can0 38E#4220004011000000
(1786378790.245510) can0 38F#0B28E25302000000
(1786378790.245822) can0 38E#1F21004011000000
(1786378790.255495) can0 38E#F822004011000000
(1786378790.265478) can0 38F#5629E25302000000
(1786378790.265782) can0 38E#A523004011000000
(1786378790.275485) can0 38E#2B24004011000000
(1786378790.285443) can0 38F#B12AE25302000000
(1786378790.285751) can0 38E#7625004011000000
(1786378790.295490) can0 38E#9126004011000000
(1786378790.305491) can0 38F#EC2BE25302000000
(1786378790.305817) can0 38E#CC27004011000000
(1786378790.315495) can0 38E#9028004011000000
(1786378790.325433) can0 38F#622CE25302000000
(1786378790.325738) can0 38E#CD29004011000000
(1786378790.335477) can0 38E#2A2A004011000000
(1786378790.345520) can0 38F#3F2DE25302000000
(1786378790.345908) can0 38E#772B004011000000
(1786378790.355407) can0 38E#F92C004011000000
(1786378790.365435) can0 38F#D82EE25302000000
(1786378790.365760) can0 38E#A42D004011000000
(1786378790.375499) can0 38E#432E004011000000
(1786378790.385460) can0 38F#852FE25302000000
(1786378790.385814) can0 38E#1E2F004011000000
(1786378790.395472) can0 38E#4220004011000000
(1786378790.405519) can0 38F#D920E25302000000
(1786378790.405811) can0 38E#1F21004011000000
(1786378790.415489) can0 38E#F822004011000000
(1786378790.425108) can0 38F#8421E25302000000
(1786378790.425455) can0 38E#A523004011000000
(1786378790.435431) can0 38E#2B24004011000000
(1786378790.445508) can0 38F#6322E25302000000
(1786378790.445874) can0 38E#7625004011000000
(1786378790.455598) can0 38E#9126004011000000
(1786378790.465496) can0 38F#3E23E25302000000
(1786378790.465951) can0 38E#CC27004011000000
(1786378790.475462) can0 38E#9028004011000000
(1786378790.485468) can0 38F#B024E25302000000
(1786378790.485768) can0 38E#CD29004011000000
(1786378790.495564) can0 38E#2A2A004011000000
(1786378790.505505) can0 38F#ED25E25302000000
(1786378790.505828) can0 38E#772B004011000000
(1786378790.515430) can0 38E#F92C004011000000
(1786378790.525401) can0 38F#0A26E25302000000
(1786378790.525680) can0 38E#A42D004011000000
(1786378790.535502) can0 38E#432E004011000000
(1786378790.545452) can0 38F#5727E25302000000
(1786378790.545849) can0 38E#1E2F004011000000
(1786378790.555526) can0 38E#4220004011000000
(1786378790.565464) can0 38F#0B28E25302000000
(1786378790.565772) can0 38E#1F21004011000000
(1786378790.575441) can0 38E#F822004011000000
(1786378790.585461) can0 38F#5629E25302000000
(1786378790.585778) can0 38E#A523004011000000
(1786378790.595557) can0 38E#2B24004011000000
(1786378790.605501) can0 38F#B12AE25302000000
(1786378790.605798) can0 38E#7625004011000000
(1786378790.615567) can0 38E#9126004011000000
(1786378790.625472) can0 38F#EC2BE25302000000
(1786378790.625783) can0 38E#CC27004011000000
(1786378790.635175) can0 38E#9028004011000000
(1786378790.645478) can0 38F#622CE25302000000
(1786378790.645901) can0 38E#CD29004011000000
(1786378790.655599) can0 38E#2A2A004011000000
(1786378790.665508) can0 38F#3F2DE25302000000
(1786378790.665874) can0 38E#772B004011000000
(1786378790.675452) can0 38E#F92C004011000000
(1786378790.685383) can0 38F#D82EE25302000000
(1786378790.685752) can0 38E#A42D004011000000
(1786378790.695446) can0 38E#432E004011000000
(1786378790.705554) can0 38F#852FE25302000000
(1786378790.705891) can0 38E#1E2F004011000000
(1786378790.715530) can0 38E#4220004011000000
(1786378790.725478) can0 38F#D920E25302000000
(1786378790.725858) can0 38E#1F21004011000000
(1786378790.735455) can0 38E#F822004011000000
(1786378790.745492) can0 38F#8421E25302000000
(1786378790.745829) can0 38E#A523004011000000
(1786378790.755498) can0 38E#2B24004011000000
(1786378790.765419) can0 38F#6322E25302000000
(1786378790.765752) can0 38E#7625004011000000
(1786378790.775468) can0 38E#9126004011000000
(1786378790.785424) can0 38F#3E23E25302000000
(1786378790.785706) can0 38E#CC27004011000000
(1786378790.795528) can0 38E#9028004011000000
(1786378790.805473) can0 38F#B024E25302000000
(1786378790.805728) can0 38E#CD29004011000000
(1786378790.815470) can0 38E#2A2A004011000000
(1786378790.825480) can0 38F#ED25E25302000000
(1786378790.825741) can0 38E#772B004011000000
(1786378790.835564) can0 38E#F92C004011000000
(1786378790.845477) can0 38F#0A26E25302000000
(1786378790.845776) can0 38E#A42D004011000000
(1786378790.855405) can0 38E#432E004011000000
(1786378790.865448) can0 38F#5727E25302000000
(1786378790.865747) can0 38E#1E2F004011000000
(1786378790.875427) can0 38E#4220004011000000
(1786378790.885504) can0 38F#0B28E25302000000
(1786378790.885753) can0 38E#1F21004011000000
(1786378790.895494) can0 38E#F822004011000000
(1786378790.905472) can0 38F#5629E25302000000
(1786378790.905757) can0 38E#A523004011000000
(1786378790.915543) can0 38E#2B24004011000000
(1786378790.925466) can0 38F#B12AE25302000000
(1786378790.925721) can0 38E#7625004011000000
(1786378790.935473) can0 38E#9126004011000000
(1786378790.945442) can0 38F#EC2BE25302000000
(1786378790.945735) can0 38E#CC27004011000000
(1786378790.955426) can0 38E#9028004011000000
(1786378790.965449) can0 38F#622CE25302000000
(1786378790.965789) can0 38E#CD29004011000000
(1786378790.975545) can0 38E#2A2A004011000000
(1786378790.985471) can0 38F#3F2DE25302000000
(1786378790.985766) can0 38E#772B004011000000
(1786378790.995585) can0 38E#F92C004011000000
(1786378791.005447) can0 38F#D82EE25302000000
(1786378791.005836) can0 38E#A42D004011000000
(1786378791.015526) can0 38E#432E004011000000
(1786378791.025538) can0 38F#852FE25302000000
(1786378791.025910) can0 38E#1E2F004011000000
(1786378791.035480) can0 38E#4220004011000000
(1786378791.045483) can0 38F#D920E25302000000
(1786378791.045787) can0 38E#1F21004011000000
(1786378791.055562) can0 38E#F822004011000000
(1786378791.065453) can0 38F#8421E25302000000
(1786378791.065811) can0 38E#A523004011000000
(1786378791.075436) can0 38E#2B24004011000000
(1786378791.085502) can0 38F#6322E25302000000
(1786378791.085803) can0 38E#7625004011000000
(1786378791.095495) can0 38E#9126004011000000
(1786378791.105612) can0 38F#3E23E25302000000
(1786378791.105944) can0 38E#CC27004011000000
(1786378791.115536) can0 38E#9028004011000000
(1786378791.125430) can0 38F#B024E25302000000
(1786378791.125716) can0 38E#CD29004011000000
(1786378791.135551) can0 38E#2A2A004011000000
(1786378791.145516) can0 38F#ED25E25302000000
(1786378791.145958) can0 38E#772B004011000000
(1786378791.155526) can0 38E#F92C004011000000
(1786378791.165451) can0 38F#0A26E25302000000
(1786378791.165770) can0 38E#A42D004011000000
(1786378791.175525) can0 38E#432E004011000000
(1786378791.185523) can0 38F#5727E25302000000
(1786378791.185813) can0 38E#1E2F004011000000
(1786378791.195497) can0 38E#4220004011000000
(1786378791.205445) can0 38F#0B28E25302000000
(1786378791.205786) can0 38E#1F21004011000000
(1786378791.215473) can0 38E#F822004011000000
(1786378791.225472) can0 38F#5629E25302000000
(1786378791.225738) can0 38E#A523004011000000
(1786378791.235465) can0 38E#2B24004011000000
(1786378791.245416) can0 38F#B12AE25302000000
(1786378791.245714) can0 38E#7625004011000000
(1786378791.255461) can0 38E#9126004011000000
(1786378791.265521) can0 38F#EC2BE25302000000
(1786378791.265817) can0 38E#CC27004011000000
(1786378791.275574) can0 38E#9028004011000000
(1786378791.285257) can0 38F#622CE25302000000
(1786378791.285626) can0 38E#CD29004011000000
(1786378791.295520) can0 38E#2A2A004011000000
(1786378791.305599) can0 38F#3F2DE25302000000
(1786378791.305970) can0 38E#772B004011000000
(1786378791.315571) can0 38E#F92C004011000000
(1786378791.325531) can0 38F#D82EE25302000000
(1786378791.326012) can0 38E#A42D004011000000
(1786378791.335541) can0 38E#432E004011000000
(1786378791.345528) can0 38F#852FE25302000000
(1786378791.345843) can0 38E#1E2F004011000000
(1786378791.355618) can0 38E#4220004011000000
(1786378791.365498) can0 38F#D920E25302000000
(1786378791.365848) can0 38E#1F21004011000000
(1786378791.375529) can0 38E#F822004011000000
(1786378791.385525) can0 38F#8421E25302000000
(1786378791.385854) can0 38E#A523004011000000
(1786378791.395562) can0 38E#2B24004011000000
(1786378791.405489) can0 38F#6322E25302000000
(1786378791.405848) can0 38E#7625004011000000
(1786378791.415589) can0 38E#9126004011000000
(1786378791.425509) can0 38F#3E23E25302000000
(1786378791.425889) can0 38E#CC27004011000000
(1786378791.435463) can0 38E#9028004011000000
(1786378791.445459) can0 38F#B024E25302000000
(1786378791.445813) can0 38E#CD29004011000000
(1786378791.455612) can0 38E#2A2A004011000000
(1786378791.465542) can0 38F#ED25E25302000000
(1786378791.465885) can0 38E#772B004011000000
(1786378791.475543) can0 38E#F92C004011000000
(1786378791.485503) can0 38F#0A26E25302000000
(1786378791.485847) can0 38E#A42D004011000000
(1786378791.495467) can0 38E#432E004011000000
(1786378791.505435) can0 38F#5727E25302000000
(1786378791.505696) can0 38E#1E2F004011000000
(1786378791.515568) can0 38E#4220004011000000
(1786378791.525422) can0 38F#0B28E25302000000
(1786378791.525657) can0 38E#1F21004011000000
(1786378791.535541) can0 38E#F822004011000000
(1786378791.545418) can0 38F#5629E25302000000
(1786378791.545724) can0 38E#A523004011000000
(1786378791.555454) can0 38E#2B24004011000000
(1786378791.565494) can0 38F#B12AE25302000000
(1786378791.565813) can0 38E#7625004011000000
(1786378791.575465) can0 38E#9126004011000000
(1786378791.585435) can0 38F#EC2BE25302000000
(1786378791.585700) can0 38E#CC27004011000000
(1786378791.595480) can0 38E#9028004011000000
(1786378791.605417) can0 38F#622CE25302000000
(1786378791.605695) can0 38E#CD29004011000000
(1786378791.615584) can0 38E#2A2A004011000000
(1786378791.625409) can0 38F#3F2DE25302000000
(1786378791.625681) can0 38E#772B004011000000
(1786378791.635489) can0 38E#F92C004011000000
(1786378791.645195) can0 38F#D82EE25302000000
(1786378791.645572) can0 38E#A42D004011000000
(1786378791.655456) can0 38E#432E004011000000
(1786378791.665519) can0 38F#852FE25302000000
(1786378791.665874) can0 38E#1E2F004011000000
(1786378791.675501) can0 38E#4220004011000000
(1786378791.685443) can0 38F#D920E25302000000
(1786378791.685753) can0 38E#1F21004011000000
(1786378791.695520) can0 38E#F822004011000000
(1786378791.705530) can0 38F#8421E25302000000
(1786378791.705867) can0 38E#A523004011000000
(1786378791.715390) can0 38E#2B24004011000000
(1786378791.725393) can0 38F#6322E25302000000
(1786378791.725674) can0 38E#7625004011000000
(1786378791.735510) can0 38E#9126004011000000
(1786378791.745577) can0 38F#3E23E25302000000
(1786378791.745947) can0 38E#CC27004011000000
(1786378791.755485) can0 38E#9028004011000000
(1786378791.765457) can0 38F#B024E25302000000
(1786378791.765819) can0 38E#CD29004011000000
(1786378791.775513) can0 38E#2A2A004011000000
(1786378791.785580) can0 38F#ED25E25302000000
(1786378791.785940) can0 38E#772B004011000000
(1786378791.795510) can0 38E#F92C004011000000
(1786378791.805381) can0 38F#0A26E25302000000
(1786378791.805667) can0 38E#A42D004011000000
(1786378791.815479) can0 38E#432E004011000000
(1786378791.825484) can0 38F#5727E25302000000
(1786378791.825746) can0 38E#1E2F004011000000
(1786378791.835557) can0 38E#4220004011000000
(1786378791.845462) can0 38F#0B28E25302000000
(1786378791.845747) can0 38E#1F21004011000000
(1786378791.855493) can0 38E#F822004011000000
(1786378791.865488) can0 38F#5629E25302000000
(1786378791.865779) can0 38E#A523004011000000
(1786378791.875494) can0 38E#2B24004011000000
(1786378791.885458) can0 38F#B12AE25302000000
(1786378791.885744) can0 38E#7625004011000000
(1786378791.895532) can0 38E#9126004011000000
(1786378791.905597) can0 38F#EC2BE25302000000
(1786378791.906005) can0 38E#CC27004011000000
(1786378791.915523) can0 38E#9028004011000000
(1786378791.925243) can0 38F#622CE25302000000
(1786378791.925676) can0 38E#CD29004011000000
(1786378791.935514) can0 38E#2A2A004011000000
(1786378791.945606) can0 38F#3F2DE25302000000
(1786378791.945978) can0 38E#772B004011000000
(1786378791.955495) can0 38E#F92C004011000000
(1786378791.965459) can0 38F#D82EE25302000000
(1786378791.965837) can0 38E#A42D004011000000
(1786378791.975603) can0 38E#432E004011000000
(1786378791.985502) can0 38F#852FE25302000000
(1786378791.985865) can0 38E#1E2F004011000000
(1786378791.995598) can0 38E#4220004011000000
(1786378792.005542) can0 38F#D920E25302000000
(1786378792.005924) can0 38E#1F21004011000000
(1786378792.015498) can0 38E#F822004011000000
(1786378792.025444) can0 38F#8421E25302000000
(1786378792.025684) can0 38E#A523004011000000
(1786378792.035582) can0 38E#2B24004011000000
(1786378792.045536) can0 38F#6322E25302000000
(1786378792.045952) can0 38E#7625004011000000
(1786378792.055511) can0 38E#9126004011000000
(1786378792.065547) can0 38F#3E23E25302000000
(1786378792.065849) can0 38E#CC27004011000000
(1786378792.075499) can0 38E#9028004011000000
(1786378792.085452) can0 38F#B024E25302000000
(1786378792.085812) can0 38E#CD29004011000000
(1786378792.095463) can0 38E#2A2A004011000000
(1786378792.105450) can0 38F#ED25E25302000000
(1786378792.105710) can0 38E#772B004011000000
(1786378792.115550) can0 38E#F92C004011000000
(1786378792.125519) can0 38F#0A26E25302000000
(1786378792.125779) can0 38E#A42D004011000000
(1786378792.135506) can0 38E#432E004011000000
(1786378792.145455) can0 38F#5727E25302000000
(1786378792.145768) can0 38E#1E2F004011000000
(1786378792.155455) can0 38E#4220004011000000
(1786378792.165486) can0 38F#0B28E25302000000
(1786378792.165757) can0 38E#1F21004011000000
(1786378792.175572) can0 38E#F822004011000000
(1786378792.185571) can0 38F#5629E25302000000
(1786378792.185956) can0 38E#A523004011000000
(1786378792.195514) can0 38E#2B24004011000000
(1786378792.205520) can0 38F#B12AE25302000000
(1786378792.205902) can0 38E#7625004011000000
(1786378792.215581) can0 38E#9126004011000000
(1786378792.225543) can0 38F#EC2BE25302000000
(1786378792.225832) can0 38E#CC27004011000000
(1786378792.235448) can0 38E#9028004011000000
(1786378792.245470) can0 38F#622CE25302000000
(1786378792.245875) can0 38E#CD29004011000000
(1786378792.255491) can0 38E#2A2A004011000000
(1786378792.265574) can0 38F#3F2DE25302000000
(1786378792.265904) can0 38E#772B004011000000
(1786378792.275581) can0 38E#F92C004011000000
(1786378792.285456) can0 38F#D82EE25302000000
(1786378792.285820) can0 38E#A42D004011000000
(1786378792.295505) can0 38E#432E004011000000
(1786378792.305596) can0 38F#852FE25302000000
(1786378792.305939) can0 38E#1E2F004011000000
(1786378792.315506) can0 38E#4220004011000000
(1786378792.325499) can0 38F#D920E25302000000
(1786378792.325956) can0 38E#1F21004011000000
(1786378792.335553) can0 38E#F822004011000000
(1786378792.345576) can0 38F#8421E25302000000
(1786378792.345886) can0 38E#A523004011000000
(1786378792.355548) can0 38E#2B24004011000000
(1786378792.365476) can0 38F#6322E25302000000
(1786378792.365818) can0 38E#7625004011000000
(1786378792.375595) can0 38E#9126004011000000
(1786378792.385493) can0 38F#3E23E25302000000
(1786378792.385827) can0 38E#CC27004011000000
(1786378792.395489) can0 38E#9028004011000000
(1786378792.405386) can0 38F#B024E25302000000
(1786378792.405661) can0 38E#CD29004011000000
(1786378792.415491) can0 38E#2A2A004011000000
(1786378792.425549) can0 38F#ED25E25302000000
(1786378792.425859) can0 38E#772B004011000000
(1786378792.435535) can0 38E#F92C004011000000
(1786378792.445496) can0 38F#0A26E25302000000
(1786378792.445893) can0 38E#A42D004011000000
(1786378792.455562) can0 38E#432E004011000000
(1786378792.465473) can0 38F#5727E25302000000
(1786378792.465815) can0 38E#1E2F004011000000
(1786378792.475607) can0 38E#4220004011000000
(1786378792.485443) can0 38F#0B28E25302000000
(1786378792.485885) can0 38E#1F21004011000000
(1786378792.495520) can0 38E#F822004011000000
(1786378792.505598) can0 38F#5629E25302000000
(1786378792.505965) can0 38E#A523004011000000
(1786378792.515465) can0 38E#2B24004011000000
(1786378792.525486) can0 38F#B12AE25302000000
(1786378792.525892) can0 38E#7625004011000000
(1786378792.535529) can0 38E#9126004011000000
(1786378792.545492) can0 38F#EC2BE25302000000
(1786378792.545807) can0 38E#CC27004011000000
(1786378792.555585) can0 38E#9028004011000000
(1786378792.565508) can0 38F#622CE25302000000
(1786378792.565849) can0 38E#CD29004011000000
(1786378792.575497) can0 38E#2A2A004011000000
(1786378792.585430) can0 38F#3F2DE25302000000
(1786378792.585709) can0 38E#772B004011000000
(1786378792.595527) can0 38E#F92C004011000000
(1786378792.605547) can0 38F#D82EE25302000000
(1786378792.605970) can0 38E#A42D004011000000
(1786378792.615511) can0 38E#432E004011000000
(1786378792.625486) can0 38F#852FE25302000000
(1786378792.625825) can0 38E#1E2F004011000000
(1786378792.635524) can0 38E#4220004011000000
(1786378792.645520) can0 38F#D920E25302000000
(1786378792.645878) can0 38E#1F21004011000000
(1786378792.655579) can0 38E#F822004011000000
(1786378792.665492) can0 38F#8421E25302000000
(1786378792.665794) can0 38E#A523004011000000
(1786378792.675519) can0 38E#2B24004011000000
(1786378792.685432) can0 38F#6322E25302000000
(1786378792.685797) can0 38E#7625004011000000
(1786378792.695542) can0 38E#9126004011000000
(1786378792.705524) can0 38F#3E23E25302000000
(1786378792.705818) can0 38E#CC27004011000000
(1786378792.715445) can0 38E#9028004011000000
(1786378792.725437) can0 38F#B024E25302000000
(1786378792.725665) can0 38E#CD29004011000000
(1786378792.735533) can0 38E#2A2A004011000000
(1786378792.745522) can0 38F#ED25E25302000000
(1786378792.745797) can0 38E#772B004011000000
(1786378792.755536) can0 38E#F92C004011000000
(1786378792.765486) can0 38F#0A26E25302000000
(1786378792.765795) can0 38E#A42D004011000000
(1786378792.775522) can0 38E#432E004011000000
(1786378792.785471) can0 38F#5727E25302000000
(1786378792.785769) can0 38E#1E2F004011000000
(1786378792.795531) can0 38E#4220004011000000
(1786378792.805588) can0 38F#0B28E25302000000
(1786378792.805894) can0 38E#1F21004011000000
(1786378792.815585) can0 38E#F822004011000000
(1786378792.825565) can0 38F#5629E25302000000
(1786378792.825911) can0 38E#A523004011000000
(1786378792.835520) can0 38E#2B24004011000000
(1786378792.845429) can0 38F#B12AE25302000000
(1786378792.845760) can0 38E#7625004011000000
(1786378792.855582) can0 38E#9126004011000000
(1786378792.865507) can0 38F#EC2BE25302000000
(1786378792.865841) can0 38E#CC27004011000000
(1786378792.875447) can0 38E#9028004011000000
(1786378792.885507) can0 38F#622CE25302000000
(1786378792.885814) can0 38E#CD29004011000000
(1786378792.895543) can0 38E#2A2A004011000000
(1786378792.905505) can0 38F#3F2DE25302000000
(1786378792.905791) can0 38E#772B004011000000
(1786378792.915479) can0 38E#F92C004011000000
(1786378792.925430) can0 38F#D82EE25302000000
(1786378792.925746) can0 38E#A42D004011000000
(1786378792.935392) can0 38E#432E004011000000
(1786378792.985502) can0 38F#852FE25302000000
(1786378793.011781) can0 38E#1E2F004011000000
(1786378793.016894) can0 38E#4220004011000000
(1786378793.017314) can0 38F#D920E25302000000
(1786378793.018169) can0 38E#1F21004011000000
(1786378793.018531) can0 38E#F822004011000000
(1786378793.018840) can0 38F#8421E25302000000
(1786378793.019153) can0 38E#A523004011000000
(1786378793.019420) can0 38E#2B24004011000000
(1786378793.019676) can0 38F#6322E25302000000
(1786378793.019950) can0 38E#7625004011000000
(1786378793.020231) can0 38E#9126004011000000
(1786378793.025488) can0 38F#3E23E25302000000
(1786378793.025887) can0 38E#CC27004011000000
(1786378793.035590) can0 38E#9028004011000000
(1786378793.045407) can0 38F#B024E25302000000
(1786378793.045868) can0 38E#CD29004011000000
(1786378793.055540) can0 38E#2A2A004011000000
(1786378793.066197) can0 38F#ED25E25302000000
(1786378793.066838) can0 38E#772B004011000000
(1786378793.075613) can0 38E#F92C004011000000
(1786378793.085470) can0 38F#0A26E25302000000
(1786378793.085881) can0 38E#A42D004011000000
(1786378793.095541) can0 38E#432E004011000000
(1786378793.105484) can0 38F#5727E25302000000
(1786378793.105770) can0 38E#1E2F004011000000
(1786378793.115508) can0 38E#4220004011000000
(1786378793.125535) can0 38F#0B28E25302000000
(1786378793.125956) can0 38E#1F21004011000000
(1786378793.135542) can0 38E#F822004011000000
(1786378793.145550) can0 38F#5629E25302000000
(1786378793.145905) can0 38E#A523004011000000
(1786378793.155443) can0 38E#2B24004011000000
(1786378793.165483) can0 38F#B12AE25302000000
(1786378793.165880) can0 38E#7625004011000000
(1786378793.175503) can0 38E#9126004011000000
(1786378793.185520) can0 38F#EC2BE25302000000
(1786378793.185840) can0 38E#CC27004011000000
(1786378793.195554) can0 38E#9028004011000000
(1786378793.205460) can0 38F#622CE25302000000
(1786378793.205741) can0 38E#CD29004011000000
(1786378793.215537) can0 38E#2A2A004011000000
(1786378793.225476) can0 38F#3F2DE25302000000
(1786378793.225736) can0 38E#772B004011000000
(1786378793.235605) can0 38E#F92C004011000000
(1786378793.245525) can0 38F#D82EE25302000000
(1786378793.245912) can0 38E#A42D004011000000
(1786378793.255617) can0 38E#432E004011000000
(1786378793.265471) can0 38F#852FE25302000000
(1786378793.265761) can0 38E#1E2F004011000000
(1786378793.275464) can0 38E#4220004011000000
(1786378793.285531) can0 38F#D920E25302000000
(1786378793.285868) can0 38E#1F21004011000000
(1786378793.295597) can0 38E#F822004011000000
(1786378793.305604) can0 38F#8421E25302000000
(1786378793.305900) can0 38E#A523004011000000
(1786378793.315467) can0 38E#2B24004011000000
(1786378793.325453) can0 38F#6322E25302000000
(1786378793.325721) can0 38E#7625004011000000
(1786378793.335567) can0 38E#9126004011000000
(1786378793.345565) can0 38F#3E23E25302000000
(1786378793.345912) can0 38E#CC27004011000000
(1786378793.355588) can0 38E#9028004011000000
(1786378793.365192) can0 38F#B024E25302000000
(1786378793.365534) can0 38E#CD29004011000000
(1786378793.375535) can0 38E#2A2A004011000000
(1786378793.385516) can0 38F#ED25E25302000000
(1786378793.385863) can0 38E#772B004011000000
(1786378793.395491) can0 38E#F92C004011000000
(1786378793.405473) can0 38F#0A26E25302000000
(1786378793.405787) can0 38E#A42D004011000000
(1786378793.415471) can0 38E#432E004011000000
(1786378793.425472) can0 38F#5727E25302000000
(1786378793.425727) can0 38E#1E2F004011000000
(1786378793.435427) can0 38E#4220004011000000
(1786378793.445419) can0 38F#0B28E25302000000
(1786378793.445751) can0 38E#1F21004011000000
(1786378793.455555) can0 38E#F822004011000000
(1786378793.465570) can0 38F#5629E25302000000
(1786378793.465859) can0 38E#A523004011000000
(1786378793.475482) can0 38E#2B24004011000000
(1786378793.485459) can0 38F#B12AE25302000000
(1786378793.485777) can0 38E#7625004011000000
(1786378793.495608) can0 38E#9126004011000000
(1786378793.505641) can0 38F#EC2BE25302000000
(1786378793.505995) can0 38E#CC27004011000000
(1786378793.515486) can0 38E#9028004011000000
(1786378793.525460) can0 38F#622CE25302000000
(1786378793.525782) can0 38E#CD29004011000000
(1786378793.535519) can0 38E#2A2A004011000000
(1786378793.545588) can0 38F#3F2DE25302000000
(1786378793.545949) can0 38E#772B004011000000
(1786378793.555558) can0 38E#F92C004011000000
(1786378793.565441) can0 38F#D82EE25302000000
(1786378793.565740) can0 38E#A42D004011000000
(1786378793.575553) can0 38E#432E004011000000
(1786378793.585579) can0 38F#852FE25302000000
(1786378793.585885) can0 38E#1E2F004011000000
(1786378793.595479) can0 38E#4220004011000000
(1786378793.605446) can0 38F#D920E25302000000
(1786378793.605713) can0 38E#1F21004011000000
(1786378793.615511) can0 38E#F822004011000000
(1786378793.625462) can0 38F#8421E25302000000
(1786378793.625730) can0 38E#A523004011000000
(1786378793.635504) can0 38E#2B24004011000000
(1786378793.645146) can0 38F#6322E25302000000
(1786378793.645404) can0 38E#7625004011000000
(1786378793.655490) can0 38E#9126004011000000
(1786378793.665619) can0 38F#3E23E25302000000
(1786378793.665937) can0 38E#CC27004011000000
(1786378793.675483) can0 38E#9028004011000000
(1786378793.685461) can0 38F#B024E25302000000
(1786378793.685786) can0 38E#CD29004011000000
(1786378793.695404) can0 38E#2A2A004011000000
(1786378793.705504) can0 38F#ED25E25302000000
(1786378793.705782) can0 38E#772B004011000000
(1786378793.715508) can0 38E#F92C004011000000
(1786378793.725434) can0 38F#0A26E25302000000
(1786378793.725745) can0 38E#A42D004011000000
(1786378793.735525) can0 38E#432E004011000000
(1786378793.745537) can0 38F#5727E25302000000
(1786378793.745824) can0 38E#1E2F004011000000
(1786378793.755523) can0 38E#4220004011000000
(1786378793.765450) can0 38F#0B28E25302000000
(1786378793.765830) can0 38E#1F21004011000000
(1786378793.775562) can0 38E#F822004011000000
(1786378793.785550) can0 38F#5629E25302000000
(1786378793.785887) can0 38E#A523004011000000
(1786378793.795431) can0 38E#2B24004011000000
(1786378793.805493) can0 38F#B12AE25302000000
(1786378793.805874) can0 38E#7625004011000000
(1786378793.815514) can0 38E#9126004011000000
(1786378793.825503) can0 38F#EC2BE25302000000
(1786378793.825774) can0 38E#CC27004011000000
(1786378793.835556) can0 38E#9028004011000000
(1786378793.845547) can0 38F#622CE25302000000
(1786378793.845942) can0 38E#CD29004011000000
(1786378793.855604) can0 38E#2A2A004011000000
(1786378793.865481) can0 38F#3F2DE25302000000
(1786378793.865769) can0 38E#772B004011000000
(1786378793.875495) can0 38E#F92C004011000000
(1786378793.885468) can0 38F#D82EE25302000000
(1786378793.885812) can0 38E#A42D004011000000
(1786378793.895595) can0 38E#432E004011000000
(1786378793.905509) can0 38F#852FE25302000000
(1786378793.905809) can0 38E#1E2F004011000000
(1786378793.915458) can0 38E#4220004011000000
(1786378793.925572) can0 38F#D920E25302000000
(1786378793.926055) can0 38E#1F21004011000000
(1786378793.935594) can0 38E#F822004011000000
(1786378793.945519) can0 38F#8421E25302000000
(1786378793.945922) can0 38E#A523004011000000
(1786378793.955532) can0 38E#2B24004011000000
(1786378793.965434) can0 38F#6322E25302000000
(1786378793.965778) can0 38E#7625004011000000
(1786378793.975502) can0 38E#9126004011000000
(1786378793.985517) can0 38F#3E23E25302000000
(1786378793.985862) can0 38E#CC27004011000000
(1786378793.995452) can0 38E#9028004011000000
(1786378794.005473) can0 38F#B024E25302000000
(1786378794.005781) can0 38E#CD29004011000000
(1786378794.015543) can0 38E#2A2A004011000000
(1786378794.025437) can0 38F#ED25E25302000000
(1786378794.025707) can0 38E#772B004011000000
(1786378794.035556) can0 38E#F92C004011000000
(1786378794.045456) can0 38F#0A26E25302000000
(1786378794.045774) can0 38E#A42D004011000000
(1786378794.055510) can0 38E#432E004011000000
(1786378794.065475) can0 38F#5727E25302000000
(1786378794.065825) can0 38E#1E2F004011000000
(1786378794.075426) can0 38E#4220004011000000
(1786378794.085417) can0 38F#0B28E25302000000
(1786378794.085673) can0 38E#1F21004011000000
(1786378794.095509) can0 38E#F822004011000000
(1786378794.105499) can0 38F#5629E25302000000
(1786378794.105781) can0 38E#A523004011000000
(1786378794.115553) can0 38E#2B24004011000000
(1786378794.125438) can0 38F#B12AE25302000000
(1786378794.125751) can0 38E#7625004011000000
(1786378794.135554) can0 38E#9126004011000000
(1786378794.145564) can0 38F#EC2BE25302000000
(1786378794.145929) can0 38E#CC27004011000000
(1786378794.155500) can0 38E#9028004011000000
(1786378794.165425) can0 38F#622CE25302000000
(1786378794.165680) can0 38E#CD29004011000000
(1786378794.175523) can0 38E#2A2A004011000000
(1786378794.185456) can0 38F#3F2DE25302000000
(1786378794.185716) can0 38E#772B004011000000
(1786378794.195524) can0 38E#F92C004011000000
(1786378794.205443) can0 38F#D82EE25302000000
(1786378794.205713) can0 38E#A42D004011000000
(1786378794.215527) can0 38E#432E004011000000
(1786378794.225508) can0 38F#852FE25302000000
(1786378794.225819) can0 38E#1E2F004011000000
(1786378794.235505) can0 38E#4220004011000000
(1786378794.245497) can0 38F#D920E25302000000
(1786378794.245890) can0 38E#1F21004011000000
(1786378794.255509) can0 38E#F822004011000000
(1786378794.265497) can0 38F#8421E25302000000
(1786378794.265791) can0 38E#A523004011000000
(1786378794.275491) can0 38E#2B24004011000000
(1786378794.285539) can0 38F#6322E25302000000
(1786378794.285889) can0 38E#7625004011000000
(1786378794.295488) can0 38E#9126004011000000
(1786378794.305498) can0 38F#3E23E25302000000
(1786378794.305875) can0 38E#CC27004011000000
(1786378794.315534) can0 38E#9028004011000000
(1786378794.325590) can0 38F#B024E25302000000
(1786378794.326019) can0 38E#CD29004011000000
(1786378794.335520) can0 38E#2A2A004011000000
(1786378794.345521) can0 38F#ED25E25302000000
(1786378794.345910) can0 38E#772B004011000000
(1786378794.355559) can0 38E#F92C004011000000
(1786378794.365567) can0 38F#0A26E25302000000
(1786378794.365895) can0 38E#A42D004011000000
(1786378794.375668) can0 38E#432E004011000000
(1786378794.385491) can0 38F#5727E25302000000
(1786378794.385803) can0 38E#1E2F004011000000
(1786378794.395531) can0 38E#4220004011000000
(1786378794.405493) can0 38F#0B28E25302000000
(1786378794.405878) can0 38E#1F21004011000000
(1786378794.415582) can0 38E#F822004011000000
(1786378794.425565) can0 38F#5629E25302000000
(1786378794.425972) can0 38E#A523004011000000
(1786378794.435545) can0 38E#2B24004011000000
(1786378794.445450) can0 38F#B12AE25302000000
(1786378794.445843) can0 38E#7625004011000000
(1786378794.455579) can0 38E#9126004011000000
(1786378794.465539) can0 38F#EC2BE25302000000
(1786378794.465891) can0 38E#CC27004011000000
(1786378794.475579) can0 38E#9028004011000000
(1786378794.485514) can0 38F#622CE25302000000
(1786378794.485862) can0 38E#CD29004011000000
(1786378794.495620) can0 38E#2A2A004011000000
(1786378794.505467) can0 38F#3F2DE25302000000
(1786378794.505771) can0 38E#772B004011000000
(1786378794.515477) can0 38E#F92C004011000000
(1786378794.525587) can0 38F#D82EE25302000000
(1786378794.526094) can0 38E#A42D004011000000
(1786378794.535592) can0 38E#432E004011000000
(1786378794.545638) can0 38F#852FE25302000000
(1786378794.546026) can0 38E#1E2F004011000000
(1786378794.555541) can0 38E#4220004011000000
(1786378794.565523) can0 38F#D920E25302000000
(1786378794.565943) can0 38E#1F21004011000000
(1786378794.575626) can0 38E#F822004011000000
(1786378794.585544) can0 38F#8421E25302000000
(1786378794.585877) can0 38E#A523004011000000
(1786378794.595490) can0 38E#2B24004011000000
(1786378794.605486) can0 38F#6322E25302000000
(1786378794.605802) can0 38E#7625004011000000
(1786378794.615488) can0 38E#9126004011000000
(1786378794.625499) can0 38F#3E23E25302000000
(1786378794.625816) can0 38E#CC27004011000000
(1786378794.635514) can0 38E#9028004011000000
(1786378794.645454) can0 38F#B024E25302000000
(1786378794.645789) can0 38E#CD29004011000000
(1786378794.655532) can0 38E#2A2A004011000000
(1786378794.665525) can0 38F#ED25E25302000000
(1786378794.665978) can0 38E#772B004011000000
(1786378794.675479) can0 38E#F92C004011000000
(1786378794.685495) can0 38F#0A26E25302000000
(1786378794.685804) can0 38E#A42D004011000000
(1786378794.695495) can0 38E#432E004011000000
(1786378794.705544) can0 38F#5727E25302000000
(1786378794.705818) can0 38E#1E2F004011000000
(1786378794.715600) can0 38E#4220004011000000
(1786378794.725381) can0 38F#0B28E25302000000
(1786378794.725654) can0 38E#1F21004011000000
(1786378794.735465) can0 38E#F822004011000000
(1786378794.745512) can0 38F#5629E25302000000
(1786378794.745813) can0 38E#A523004011000000
(1786378794.755526) can0 38E#2B24004011000000
(1786378794.765490) can0 38F#B12AE25302000000
(1786378794.765790) can0 38E#7625004011000000
(1786378794.775572) can0 38E#9126004011000000
(1786378794.785537) can0 38F#EC2BE25302000000
(1786378794.785835) can0 38E#CC27004011000000
(1786378794.795529) can0 38E#9028004011000000
(1786378794.805452) can0 38F#622CE25302000000
(1786378794.805721) can0 38E#CD29004011000000
(1786378794.815470) can0 38E#2A2A004011000000
(1786378794.825450) can0 38F#3F2DE25302000000
(1786378794.825717) can0 38E#772B004011000000
(1786378794.835574) can0 38E#F92C004011000000
(1786378794.845475) can0 38F#D82EE25302000000
(1786378794.845789) can0 38E#A42D004011000000
(1786378794.855513) can0 38E#432E004011000000
(1786378794.865527) can0 38F#852FE25302000000
(1786378794.865925) can0 38E#1E2F004011000000
(1786378794.875520) can0 38E#4220004011000000
(1786378794.885513) can0 38F#D920E25302000000
(1786378794.885882) can0 38E#1F21004011000000
(1786378794.895627) can0 38E#F822004011000000
(1786378794.905465) can0 38F#8421E25302000000
(1786378794.905764) can0 38E#A523004011000000
(1786378794.915527) can0 38E#2B24004011000000
(1786378794.925526) can0 38F#6322E25302000000
(1786378794.925819) can0 38E#7625004011000000
(1786378794.935485) can0 38E#9126004011000000
(1786378794.945488) can0 38F#3E23E25302000000
(1786378794.945806) can0 38E#CC27004011000000
(1786378794.955634) can0 38E#9028004011000000
(1786378794.965514) can0 38F#B024E25302000000
(1786378794.965944) can0 38E#CD29004011000000
(1786378794.975568) can0 38E#2A2A004011000000
(1786378794.985493) can0 38F#ED25E25302000000
(1786378794.985823) can0 38E#772B004011000000
(1786378794.995486) can0 38E#F92C004011000000
(1786378795.005554) can0 38F#0A26E25302000000
(1786378795.005864) can0 38E#A42D004011000000
(1786378795.015529) can0 38E#432E004011000000
(1786378795.025559) can0 38F#5727E25302000000
(1786378795.025879) can0 38E#1E2F004011000000
(1786378795.035499) can0 38E#4220004011000000
(1786378795.045460) can0 38F#0B28E25302000000
(1786378795.045820) can0 38E#1F21004011000000
(1786378795.055578) can0 38E#F822004011000000
(1786378795.065518) can0 38F#5629E25302000000
(1786378795.065880) can0 38E#A523004011000000
(1786378795.075533) can0 38E#2B24004011000000
(1786378795.085220) can0 38F#B12AE25302000000
(1786378795.085539) can0 38E#7625004011000000
(1786378795.095467) can0 38E#9126004011000000
(1786378795.105590) can0 38F#EC2BE25302000000
(1786378795.106087) can0 38E#CC27004011000000
(1786378795.115540) can0 38E#9028004011000000
(1786378795.125465) can0 38F#622CE25302000000
(1786378795.125930) can0 38E#CD29004011000000
(1786378795.135589) can0 38E#2A2A004011000000
(1786378795.145599) can0 38F#3F2DE25302000000
(1786378795.145964) can0 38E#772B004011000000
(1786378795.155585) can0 38E#F92C004011000000
(1786378795.165528) can0 38F#D82EE25302000000
(1786378795.165911) can0 38E#A42D004011000000
(1786378795.175673) can0 38E#432E004011000000
(1786378795.185574) can0 38F#852FE25302000000
(1786378795.185947) can0 38E#1E2F004011000000
(1786378795.195488) can0 38E#4220004011000000
(1786378795.205471) can0 38F#D920E25302000000
(1786378795.205772) can0 38E#1F21004011000000
(1786378795.215549) can0 38E#F822004011000000
(1786378795.225593) can0 38F#8421E25302000000
(1786378795.226046) can0 38E#A523004011000000
(1786378795.235625) can0 38E#2B24004011000000
(1786378795.245511) can0 38F#6322E25302000000
(1786378795.245914) can0 38E#7625004011000000
(1786378795.255586) can0 38E#9126004011000000
(1786378795.265512) can0 38F#3E23E25302000000
(1786378795.265862) can0 38E#CC27004011000000
(1786378795.275643) can0 38E#9028004011000000
(1786378795.285535) can0 38F#B024E25302000000
(1786378795.285879) can0 38E#CD29004011000000
(1786378795.295558) can0 38E#2A2A004011000000
(1786378795.305642) can0 38F#ED25E25302000000
(1786378795.305947) can0 38E#772B004011000000
(1786378795.315564) can0 38E#F92C004011000000
(1786378795.325520) can0 38F#0A26E25302000000
(1786378795.325978) can0 38E#A42D004011000000
(1786378795.335550) can0 38E#432E004011000000
(1786378795.345623) can0 38F#5727E25302000000
(1786378795.346089) can0 38E#1E2F004011000000
(1786378795.355596) can0 38E#4220004011000000
(1786378795.365209) can0 38F#0B28E25302000000
(1786378795.365595) can0 38E#1F21004011000000
(1786378795.375494) can0 38E#F822004011000000
(1786378795.385651) can0 38F#5629E25302000000
(1786378795.385988) can0 38E#A523004011000000
(1786378795.395570) can0 38E#2B24004011000000
(1786378795.405515) can0 38F#B12AE25302000000
(1786378795.405894) can0 38E#7625004011000000
(1786378795.415510) can0 38E#9126004011000000
(1786378795.425634) can0 38F#EC2BE25302000000
(1786378795.426048) can0 38E#CC27004011000000
(1786378795.435626) can0 38E#9028004011000000
(1786378795.445548) can0 38F#622CE25302000000
(1786378795.446020) can0 38E#CD29004011000000
(1786378795.455584) can0 38E#2A2A004011000000
(1786378795.465546) can0 38F#3F2DE25302000000
(1786378795.465896) can0 38E#772B004011000000
(1786378795.475606) can0 38E#F92C004011000000
(1786378795.485489) can0 38F#D82EE25302000000
(1786378795.485994) can0 38E#A42D004011000000
(1786378795.495560) can0 38E#432E004011000000
(1786378795.505614) can0 38F#852FE25302000000
(1786378795.505978) can0 38E#1E2F004011000000
(1786378795.515507) can0 38E#4220004011000000
(1786378795.525519) can0 38F#D920E25302000000
(1786378795.525935) can0 38E#1F21004011000000
(1786378795.535574) can0 38E#F822004011000000
(1786378795.545589) can0 38F#8421E25302000000
(1786378795.545937) can0 38E#A523004011000000
(1786378795.555664) can0 38E#2B24004011000000
(1786378795.565474) can0 38F#6322E25302000000
(1786378795.565814) can0 38E#7625004011000000
(1786378795.575664) can0 38E#9126004011000000
(1786378795.585511) can0 38F#3E23E25302000000
(1786378795.585847) can0 38E#CC27004011000000
(1786378795.595543) can0 38E#9028004011000000
(1786378795.605570) can0 38F#B024E25302000000
(1786378795.606102) can0 38E#CD29004011000000
(1786378795.615603) can0 38E#2A2A004011000000
(1786378795.625612) can0 38F#ED25E25302000000
(1786378795.626062) can0 38E#772B004011000000
(1786378795.635588) can0 38E#F92C004011000000
(1786378795.645559) can0 38F#0A26E25302000000
(1786378795.646010) can0 38E#A42D004011000000
(1786378795.655625) can0 38E#432E004011000000
(1786378795.665561) can0 38F#5727E25302000000
(1786378795.665867) can0 38E#1E2F004011000000
(1786378795.675575) can0 38E#4220004011000000
(1786378795.685469) can0 38F#0B28E25302000000
(1786378795.685815) can0 38E#1F21004011000000
(1786378795.695588) can0 38E#F822004011000000
(1786378795.705687) can0 38F#5629E25302000000
(1786378795.706131) can0 38E#A523004011000000
(1786378795.715553) can0 38E#2B24004011000000
(1786378795.725503) can0 38F#B12AE25302000000
(1786378795.725973) can0 38E#7625004011000000
(1786378795.735566) can0 38E#9126004011000000
(1786378795.745587) can0 38F#EC2BE25302000000
(1786378795.746025) can0 38E#CC27004011000000
(1786378795.755678) can0 38E#9028004011000000
(1786378795.765440) can0 38F#622CE25302000000
(1786378795.765822) can0 38E#CD29004011000000
(1786378795.775617) can0 38E#2A2A004011000000
(1786378795.785559) can0 38F#3F2DE25302000000
(1786378795.785944) can0 38E#772B004011000000
(1786378795.795189) can0 38E#F92C004011000000
(1786378795.805619) can0 38F#D82EE25302000000
(1786378795.806010) can0 38E#A42D004011000000
(1786378795.815646) can0 38E#432E004011000000
(1786378795.825677) can0 38F#852FE25302000000
(1786378795.826164) can0 38E#1E2F004011000000
(1786378795.835545) can0 38E#4220004011000000
(1786378795.845508) can0 38F#D920E25302000000
(1786378795.845910) can0 38E#1F21004011000000
(1786378795.855664) can0 38E#F822004011000000
(1786378795.865613) can0 38F#8421E25302000000
(1786378795.866010) can0 38E#A523004011000000
(1786378795.875637) can0 38E#2B24004011000000
(1786378795.885477) can0 38F#6322E25302000000
(1786378795.885840) can0 38E#7625004011000000
(1786378795.895622) can0 38E#9126004011000000
(1786378795.905542) can0 38F#3E23E25302000000
(1786378795.905961) can0 38E#CC27004011000000
(1786378795.915519) can0 38E#9028004011000000
(1786378795.925537) can0 38F#B024E25302000000
(1786378795.925981) can0 38E#CD29004011000000
(1786378795.935575) can0 38E#2A2A004011000000
(1786378795.945532) can0 38F#ED25E25302000000
(1786378795.945906) can0 38E#772B004011000000
(1786378795.955525) can0 38E#F92C004011000000
(1786378795.965481) can0 38F#0A26E25302000000
(1786378795.965805) can0 38E#A42D004011000000
(1786378795.975588) can0 38E#432E004011000000
(1786378795.985580) can0 38F#5727E25302000000
(1786378795.985853) can0 38E#1E2F004011000000
(1786378795.995543) can0 38E#4220004011000000
(1786378796.005577) can0 38F#0B28E25302000000
(1786378796.005979) can0 38E#1F21004011000000
(1786378796.015523) can0 38E#F822004011000000
(1786378796.025688) can0 38F#5629E25302000000
(1786378796.026128) can0 38E#A523004011000000
(1786378796.035599) can0 38E#2B24004011000000
(1786378796.045568) can0 38F#B12AE25302000000
(1786378796.046026) can0 38E#7625004011000000
(1786378796.055652) can0 38E#9126004011000000
(1786378796.065528) can0 38F#EC2BE25302000000
(1786378796.065858) can0 38E#CC27004011000000
(1786378796.075685) can0 38E#9028004011000000
(1786378796.085612) can0 38F#622CE25302000000
(1786378796.086005) can0 38E#CD29004011000000
(1786378796.095559) can0 38E#2A2A004011000000
(1786378796.105531) can0 38F#3F2DE25302000000
(1786378796.105942) can0 38E#772B004011000000
(1786378796.115492) can0 38E#F92C004011000000
(1786378796.125465) can0 38F#D82EE25302000000
(1786378796.125890) can0 38E#A42D004011000000
(1786378796.135660) can0 38E#432E004011000000
(1786378796.145694) can0 38F#852FE25302000000
(1786378796.146071) can0 38E#1E2F004011000000
(1786378796.155511) can0 38E#4220004011000000
(1786378796.165441) can0 38F#D920E25302000000
(1786378796.165748) can0 38E#1F21004011000000
(1786378796.175568) can0 38E#F822004011000000
(1786378796.185660) can0 38F#8421E25302000000
(1786378796.186106) can0 38E#A523004011000000
(1786378796.195549) can0 38E#2B24004011000000
(1786378796.205517) can0 38F#6322E25302000000
(1786378796.205879) can0 38E#7625004011000000
(1786378796.215573) can0 38E#9126004011000000
(1786378796.225305) can0 38F#3E23E25302000000
(1786378796.225786) can0 38E#CC27004011000000
(1786378796.235529) can0 38E#9028004011000000
(1786378796.245498) can0 38F#B024E25302000000
(1786378796.245815) can0 38E#CD29004011000000
(1786378796.255568) can0 38E#2A2A004011000000
(1786378796.265516) can0 38F#ED25E25302000000
(1786378796.265814) can0 38E#772B004011000000
(1786378796.275554) can0 38E#F92C004011000000
(1786378796.285473) can0 38F#0A26E25302000000
(1786378796.285825) can0 38E#A42D004011000000
(1786378796.295678) can0 38E#432E004011000000
(1786378796.305697) can0 38F#5727E25302000000
(1786378796.306211) can0 38E#1E2F004011000000
(1786378796.315590) can0 38E#4220004011000000
(1786378796.325561) can0 38F#0B28E25302000000
(1786378796.326014) can0 38E#1F21004011000000
(1786378796.335581) can0 38E#F822004011000000
(1786378796.345583) can0 38F#5629E25302000000
(1786378796.346027) can0 38E#A523004011000000
(1786378796.355572) can0 38E#2B24004011000000
(1786378796.365597) can0 38F#B12AE25302000000
(1786378796.365959) can0 38E#7625004011000000
(1786378796.375576) can0 38E#9126004011000000
(1786378796.385554) can0 38F#EC2BE25302000000
(1786378796.385944) can0 38E#CC27004011000000
(1786378796.395617) can0 38E#9028004011000000
(1786378796.405525) can0 38F#622CE25302000000
(1786378796.405934) can0 38E#CD29004011000000
(1786378796.415556) can0 38E#2A2A004011000000
(1786378796.425609) can0 38F#3F2DE25302000000
(1786378796.426034) can0 38E#772B004011000000
(1786378796.435626) can0 38E#F92C004011000000
(1786378796.445565) can0 38F#D82EE25302000000
(1786378796.446075) can0 38E#A42D004011000000
(1786378796.455681) can0 38E#432E004011000000
(1786378796.465571) can0 38F#852FE25302000000
(1786378796.465937) can0 38E#1E2F004011000000
(1786378796.475708) can0 38E#4220004011000000
(1786378796.485530) can0 38F#D920E25302000000
(1786378796.485914) can0 38E#1F21004011000000
(1786378796.495600) can0 38E#F822004011000000
(1786378796.505594) can0 38F#8421E25302000000
(1786378796.505927) can0 38E#A523004011000000
(1786378796.515617) can0 38E#2B24004011000000
(1786378796.525540) can0 38F#6322E25302000000
(1786378796.525860) can0 38E#7625004011000000
(1786378796.535564) can0 38E#9126004011000000
(1786378796.545589) can0 38F#3E23E25302000000
(1786378796.545964) can0 38E#CC27004011000000
(1786378796.555659) can0 38E#9028004011000000
(1786378796.565509) can0 38F#B024E25302000000
(1786378796.565962) can0 38E#CD29004011000000
(1786378796.575551) can0 38E#2A2A004011000000
(1786378796.585580) can0 38F#ED25E25302000000
(1786378796.586031) can0 38E#772B004011000000
(1786378796.595548) can0 38E#F92C004011000000
(1786378796.605600) can0 38F#0A26E25302000000
(1786378796.606026) can0 38E#A42D004011000000
(1786378796.615572) can0 38E#432E004011000000
(1786378796.625536) can0 38F#5727E25302000000
(1786378796.625827) can0 38E#1E2F004011000000
(1786378796.635585) can0 38E#4220004011000000
(1786378796.645519) can0 38F#0B28E25302000000
(1786378796.645917) can0 38E#1F21004011000000
(1786378796.655518) can0 38E#F822004011000000
(1786378796.665450) can0 38F#5629E25302000000
(1786378796.665760) can0 38E#A523004011000000
(1786378796.675564) can0 38E#2B24004011000000
(1786378796.685541) can0 38F#B12AE25302000000
(1786378796.685801) can0 38E#7625004011000000
(1786378796.695570) can0 38E#9126004011000000
(1786378796.705542) can0 38F#EC2BE25302000000
(1786378796.705886) can0 38E#CC27004011000000
(1786378796.715497) can0 38E#9028004011000000
(1786378796.725532) can0 38F#622CE25302000000
(1786378796.725857) can0 38E#CD29004011000000
(1786378796.735574) can0 38E#2A2A004011000000
(1786378796.745543) can0 38F#3F2DE25302000000
(1786378796.745862) can0 38E#772B004011000000
(1786378796.755484) can0 38E#F92C004011000000
(1786378796.765460) can0 38F#D82EE25302000000
(1786378796.765774) can0 38E#A42D004011000000
(1786378796.775521) can0 38E#432E004011000000
(1786378796.785512) can0 38F#852FE25302000000
(1786378796.785832) can0 38E#1E2F004011000000
(1786378796.795573) can0 38E#4220004011000000
(1786378796.805557) can0 38F#D920E25302000000
(1786378796.805844) can0 38E#1F21004011000000
(1786378796.815564) can0 38E#F822004011000000
(1786378796.825497) can0 38F#8421E25302000000
(1786378796.825823) can0 38E#A523004011000000
(1786378796.835496) can0 38E#2B24004011000000
(1786378796.845471) can0 38F#6322E25302000000
(1786378796.845784) can0 38E#7625004011000000
(1786378796.855535) can0 38E#9126004011000000
(1786378796.865569) can0 38F#3E23E25302000000
(1786378796.865859) can0 38E#CC27004011000000
(1786378796.875461) can0 38E#9028004011000000
(1786378796.885463) can0 38F#B024E25302000000
(1786378796.885733) can0 38E#CD29004011000000
(1786378796.895545) can0 38E#2A2A004011000000
(1786378796.905553) can0 38F#ED25E25302000000
(1786378796.905861) can0 38E#772B004011000000
(1786378796.915536) can0 38E#F92C004011000000
(1786378796.925468) can0 38F#0A26E25302000000
(1786378796.925828) can0 38E#A42D004011000000
(1786378796.935667) can0 38E#432E004011000000
(1786378796.945595) can0 38F#5727E25302000000
(1786378796.945852) can0 38E#1E2F004011000000
(1786378796.955525) can0 38E#4220004011000000
(1786378796.965439) can0 38F#0B28E25302000000
(1786378796.965703) can0 38E#1F21004011000000
(1786378796.975494) can0 38E#F822004011000000
(1786378796.985674) can0 38F#5629E25302000000
(1786378796.986122) can0 38E#A523004011000000
(1786378796.995532) can0 38E#2B24004011000000
(1786378797.005461) can0 38F#B12AE25302000000
(1786378797.005751) can0 38E#7625004011000000
(1786378797.015639) can0 38E#9126004011000000
(1786378797.025493) can0 38F#EC2BE25302000000
(1786378797.025834) can0 38E#CC27004011000000
(1786378797.035569) can0 38E#9028004011000000
(1786378797.045549) can0 38F#622CE25302000000
(1786378797.045958) can0 38E#CD29004011000000
(1786378797.055548) can0 38E#2A2A004011000000
(1786378797.065554) can0 38F#3F2DE25302000000
(1786378797.065864) can0 38E#772B004011000000
(1786378797.075549) can0 38E#F92C004011000000
(1786378797.085599) can0 38F#D82EE25302000000
(1786378797.086104) can0 38E#A42D004011000000
(1786378797.095672) can0 38E#432E004011000000
(1786378797.105579) can0 38F#852FE25302000000
(1786378797.105886) can0 38E#1E2F004011000000
(1786378797.115513) can0 38E#4220004011000000
(1786378797.125473) can0 38F#D920E25302000000
(1786378797.125802) can0 38E#1F21004011000000
(1786378797.135600) can0 38E#F822004011000000
(1786378797.145459) can0 38F#8421E25302000000
(1786378797.145790) can0 38E#A523004011000000
(1786378797.155501) can0 38E#2B24004011000000
(1786378797.165460) can0 38F#6322E25302000000
(1786378797.165737) can0 38E#7625004011000000
(1786378797.175461) can0 38E#9126004011000000
(1786378797.185528) can0 38F#3E23E25302000000
(1786378797.185833) can0 38E#CC27004011000000
(1786378797.195525) can0 38E#9028004011000000
(1786378797.205514) can0 38F#B024E25302000000
(1786378797.205862) can0 38E#CD29004011000000
(1786378797.215491) can0 38E#2A2A004011000000
(1786378797.225604) can0 38F#ED25E25302000000
(1786378797.225957) can0 38E#772B004011000000
(1786378797.235418) can0 38E#F92C004011000000
(1786378797.245585) can0 38F#0A26E25302000000
(1786378797.245908) can0 38E#A42D004011000000
(1786378797.255517) can0 38E#432E004011000000
(1786378797.265493) can0 38F#5727E25302000000
(1786378797.265779) can0 38E#1E2F004011000000
(1786378797.275475) can0 38E#4220004011000000
(1786378797.285470) can0 38F#0B28E25302000000
(1786378797.285814) can0 38E#1F21004011000000
(1786378797.295462) can0 38E#F822004011000000
(1786378797.305486) can0 38F#5629E25302000000
(1786378797.305871) can0 38E#A523004011000000
(1786378797.315561) can0 38E#2B24004011000000
(1786378797.325448) can0 38F#B12AE25302000000
(1786378797.325737) can0 38E#7625004011000000
(1786378797.335570) can0 38E#9126004011000000
(1786378797.345589) can0 38F#EC2BE25302000000
(1786378797.345933) can0 38E#CC27004011000000
(1786378797.355506) can0 38E#9028004011000000
(1786378797.365451) can0 38F#622CE25302000000
(1786378797.365676) can0 38E#CD29004011000000
(1786378797.375494) can0 38E#2A2A004011000000
(1786378797.385492) can0 38F#3F2DE25302000000
(1786378797.385725) can0 38E#772B004011000000
(1786378797.395451) can0 38E#F92C004011000000
(1786378797.405453) can0 38F#D82EE25302000000
(1786378797.405734) can0 38E#A42D004011000000
(1786378797.415505) can0 38E#432E004011000000
(1786378797.425492) can0 38F#852FE25302000000
(1786378797.425729) can0 38E#1E2F004011000000
(1786378797.435480) can0 38E#4220004011000000
(1786378797.445463) can0 38F#D920E25302000000
(1786378797.445801) can0 38E#1F21004011000000
(1786378797.455516) can0 38E#F822004011000000
(1786378797.465503) can0 38F#8421E25302000000
(1786378797.465753) can0 38E#A523004011000000
(1786378797.475431) can0 38E#2B24004011000000
(1786378797.485525) can0 38F#6322E25302000000
(1786378797.485775) can0 38E#7625004011000000
(1786378797.495477) can0 38E#9126004011000000
(1786378797.505634) can0 38F#3E23E25302000000
(1786378797.506009) can0 38E#CC27004011000000
(1786378797.515513) can0 38E#9028004011000000
(1786378797.525507) can0 38F#B024E25302000000
(1786378797.525900) can0 38E#CD29004011000000
(1786378797.535601) can0 38E#2A2A004011000000
(1786378797.545575) can0 38F#ED25E25302000000
(1786378797.546080) can0 38E#772B004011000000
(1786378797.555573) can0 38E#F92C004011000000
(1786378797.565410) can0 38F#0A26E25302000000
(1786378797.565768) can0 38E#A42D004011000000
(1786378797.575389) can0 38E#432E004011000000
(1786378797.585515) can0 38F#5727E25302000000
(1786378797.585815) can0 38E#1E2F004011000000
(1786378797.595509) can0 38E#4220004011000000
(1786378797.605462) can0 38F#0B28E25302000000
(1786378797.605712) can0 38E#1F21004011000000
(1786378797.615473) can0 38E#F822004011000000
(1786378797.625449) can0 38F#5629E25302000000
(1786378797.625659) can0 38E#A523004011000000
(1786378797.635478) can0 38E#2B24004011000000
(1786378797.645412) can0 38F#B12AE25302000000
(1786378797.645740) can0 38E#7625004011000000
(1786378797.655519) can0 38E#9126004011000000
(1786378797.665442) can0 38F#EC2BE25302000000
(1786378797.665691) can0 38E#CC27004011000000
(1786378797.675433) can0 38E#9028004011000000
(1786378797.685436) can0 38F#622CE25302000000
(1786378797.685685) can0 38E#CD29004011000000
(1786378797.695437) can0 38E#2A2A004011000000
(1786378797.705534) can0 38F#3F2DE25302000000
(1786378797.705822) can0 38E#772B004011000000
(1786378797.715569) can0 38E#F92C004011000000
(1786378797.725519) can0 38F#D82EE25302000000
(1786378797.725797) can0 38E#A42D004011000000
(1786378797.735454) can0 38E#432E004011000000
(1786378797.745473) can0 38F#852FE25302000000
(1786378797.745850) can0 38E#1E2F004011000000
(1786378797.755495) can0 38E#4220004011000000
(1786378797.765503) can0 38F#D920E25302000000
(1786378797.765791) can0 38E#1F21004011000000
(1786378797.775402) can0 38E#F822004011000000
(1786378797.785514) can0 38F#8421E25302000000
(1786378797.785787) can0 38E#A523004011000000
(1786378797.795532) can0 38E#2B24004011000000
(1786378797.805528) can0 38F#6322E25302000000
(1786378797.805772) can0 38E#7625004011000000
(1786378797.815504) can0 38E#9126004011000000
(1786378797.825426) can0 38F#3E23E25302000000
(1786378797.825652) can0 38E#CC27004011000000
(1786378797.835469) can0 38E#9028004011000000
(1786378797.845500) can0 38F#B024E25302000000
(1786378797.845825) can0 38E#CD29004011000000
(1786378797.855498) can0 38E#2A2A004011000000
(1786378797.865480) can0 38F#ED25E25302000000
(1786378797.865770) can0 38E#772B004011000000
(1786378797.875413) can0 38E#F92C004011000000
(1786378797.885520) can0 38F#0A26E25302000000
(1786378797.885814) can0 38E#A42D004011000000
(1786378797.895551) can0 38E#432E004011000000
(1786378797.905568) can0 38F#5727E25302000000
(1786378797.905859) can0 38E#1E2F004011000000
(1786378797.915486) can0 38E#4220004011000000
(1786378797.925477) can0 38F#0B28E25302000000
(1786378797.925718) can0 38E#1F21004011000000
(1786378797.935524) can0 38E#F822004011000000
(1786378797.945150) can0 38F#5629E25302000000
(1786378797.945525) can0 38E#A523004011000000
(1786378797.955458) can0 38E#2B24004011000000
(1786378797.965563) can0 38F#B12AE25302000000
(1786378797.965896) can0 38E#7625004011000000
(1786378797.975540) can0 38E#9126004011000000
(1786378797.985619) can0 38F#EC2BE25302000000
(1786378797.985930) can0 38E#CC27004011000000
(1786378797.995450) can0 38E#9028004011000000
(1786378798.005535) can0 38F#622CE25302000000
(1786378798.005878) can0 38E#CD29004011000000
(1786378798.015580) can0 38E#2A2A004011000000
(1786378798.025464) can0 38F#3F2DE25302000000
(1786378798.025765) can0 38E#772B004011000000
(1786378798.035596) can0 38E#F92C004011000000
(1786378798.045483) can0 38F#D82EE25302000000
(1786378798.045858) can0 38E#A42D004011000000
(1786378798.055527) can0 38E#432E004011000000
(1786378798.065505) can0 38F#852FE25302000000
(1786378798.065806) can0 38E#1E2F004011000000
(1786378798.075393) can0 38E#4220004011000000
(1786378798.085470) can0 38F#D920E25302000000
(1786378798.085742) can0 38E#1F21004011000000
(1786378798.095463) can0 38E#F822004011000000
(1786378798.105592) can0 38F#8421E25302000000
(1786378798.105881) can0 38E#A523004011000000
(1786378798.115501) can0 38E#2B24004011000000
(1786378798.125435) can0 38F#6322E25302000000
(1786378798.125678) can0 38E#7625004011000000
(1786378798.135509) can0 38E#9126004011000000
(1786378798.145595) can0 38F#3E23E25302000000
(1786378798.145992) can0 38E#CC27004011000000
(1786378798.155534) can0 38E#9028004011000000
(1786378798.165235) can0 38F#B024E25302000000
(1786378798.165650) can0 38E#CD29004011000000
(1786378798.175436) can0 38E#2A2A004011000000
(1786378798.185504) can0 38F#ED25E25302000000
(1786378798.185747) can0 38E#772B004011000000
(1786378798.195547) can0 38E#F92C004011000000
(1786378798.205454) can0 38F#0A26E25302000000
(1786378798.205720) can0 38E#A42D004011000000
(1786378798.215490) can0 38E#432E004011000000
(1786378798.225463) can0 38F#5727E25302000000
(1786378798.225734) can0 38E#1E2F004011000000
(1786378798.235642) can0 38E#4220004011000000
(1786378798.245564) can0 38F#0B28E25302000000
(1786378798.245994) can0 38E#1F21004011000000
(1786378798.255553) can0 38E#F822004011000000
(1786378798.265532) can0 38F#5629E25302000000
(1786378798.265864) can0 38E#A523004011000000
(1786378798.275443) can0 38E#2B24004011000000
(1786378798.285527) can0 38F#B12AE25302000000
(1786378798.285818) can0 38E#7625004011000000
(1786378798.295516) can0 38E#9126004011000000
(1786378798.305486) can0 38F#EC2BE25302000000
(1786378798.305745) can0 38E#CC27004011000000
(1786378798.315453) can0 38E#9028004011000000
(1786378798.325438) can0 38F#622CE25302000000
(1786378798.325648) can0 38E#CD29004011000000
(1786378798.335524) can0 38E#2A2A004011000000
(1786378798.345543) can0 38F#3F2DE25302000000
(1786378798.346013) can0 38E#772B004011000000
(1786378798.355621) can0 38E#F92C004011000000
(1786378798.365574) can0 38F#D82EE25302000000
(1786378798.365906) can0 38E#A42D004011000000
(1786378798.375388) can0 38E#432E004011000000
(1786378798.385166) can0 38F#852FE25302000000
(1786378798.385455) can0 38E#1E2F004011000000
(1786378798.395667) can0 38E#4220004011000000
(1786378798.405512) can0 38F#D920E25302000000
(1786378798.405811) can0 38E#1F21004011000000
(1786378798.415529) can0 38E#F822004011000000
(1786378798.425435) can0 38F#8421E25302000000
(1786378798.425723) can0 38E#A523004011000000
(1786378798.435552) can0 38E#2B24004011000000
(1786378798.445548) can0 38F#6322E25302000000
(1786378798.445938) can0 38E#7625004011000000
(1786378798.455553) can0 38E#9126004011000000
(1786378798.465514) can0 38F#3E23E25302000000
(1786378798.465881) can0 38E#CC27004011000000
(1786378798.475434) can0 38E#9028004011000000
(1786378798.485499) can0 38F#B024E25302000000
(1786378798.485756) can0 38E#CD29004011000000
(1786378798.495542) can0 38E#2A2A004011000000
(1786378798.505488) can0 38F#ED25E25302000000
(1786378798.505740) can0 38E#772B004011000000
(1786378798.515478) can0 38E#F92C004011000000
(1786378798.525443) can0 38F#0A26E25302000000
(1786378798.525768) can0 38E#A42D004011000000
(1786378798.535557) can0 38E#432E004011000000
(1786378798.545537) can0 38F#5727E25302000000
(1786378798.545916) can0 38E#1E2F004011000000
(1786378798.555532) can0 38E#4220004011000000
(1786378798.565478) can0 38F#0B28E25302000000
(1786378798.565823) can0 38E#1F21004011000000
(1786378798.575467) can0 38E#F822004011000000
(1786378798.585518) can0 38F#5629E25302000000
(1786378798.585762) can0 38E#A523004011000000
(1786378798.595468) can0 38E#2B24004011000000
(1786378798.605484) can0 38F#B12AE25302000000
(1786378798.605728) can0 38E#7625004011000000
(1786378798.615496) can0 38E#9126004011000000
(1786378798.625452) can0 38F#EC2BE25302000000
(1786378798.625704) can0 38E#CC27004011000000
(1786378798.635480) can0 38E#9028004011000000
(1786378798.645527) can0 38F#622CE25302000000
(1786378798.645829) can0 38E#CD29004011000000
(1786378798.655544) can0 38E#2A2A004011000000
(1786378798.665548) can0 38F#3F2DE25302000000
(1786378798.665785) can0 38E#772B004011000000
(1786378798.675426) can0 38E#F92C004011000000
(1786378798.685440) can0 38F#D82EE25302000000
(1786378798.685874) can0 38E#A42D004011000000
(1786378798.695512) can0 38E#432E004011000000
(1786378798.705496) can0 38F#852FE25302000000
(1786378798.705815) can0 38E#1E2F004011000000
(1786378798.715597) can0 38E#4220004011000000
(1786378798.725420) can0 38F#D920E25302000000
(1786378798.725717) can0 38E#1F21004011000000
(1786378798.735524) can0 38E#F822004011000000
(1786378798.745414) can0 38F#8421E25302000000
(1786378798.745713) can0 38E#A523004011000000
(1786378798.755492) can0 38E#2B24004011000000
(1786378798.765526) can0 38F#6322E25302000000
(1786378798.765750) can0 38E#7625004011000000
(1786378798.775410) can0 38E#9126004011000000
(1786378798.785516) can0 38F#3E23E25302000000
(1786378798.785860) can0 38E#CC27004011000000
(1786378798.795521) can0 38E#9028004011000000
(1786378798.805435) can0 38F#B024E25302000000
(1786378798.805749) can0 38E#CD29004011000000
(1786378798.815415) can0 38E#2A2A004011000000
(1786378798.825475) can0 38F#ED25E25302000000
(1786378798.825684) can0 38E#772B004011000000
(1786378798.835469) can0 38E#F92C004011000000
(1786378798.845503) can0 38F#0A26E25302000000
(1786378798.845844) can0 38E#A42D004011000000
(1786378798.855491) can0 38E#432E004011000000
(1786378798.865494) can0 38F#5727E25302000000
(1786378798.865748) can0 38E#1E2F004011000000
(1786378798.875523) can0 38E#4220004011000000
(1786378798.885524) can0 38F#0B28E25302000000
(1786378798.885828) can0 38E#1F21004011000000
(1786378798.895515) can0 38E#F822004011000000
(1786378798.905539) can0 38F#5629E25302000000
(1786378798.905843) can0 38E#A523004011000000
(1786378798.915486) can0 38E#2B24004011000000
(1786378798.925450) can0 38F#B12AE25302000000
(1786378798.925743) can0 38E#7625004011000000
(1786378798.935473) can0 38E#9126004011000000
(1786378798.945492) can0 38F#EC2BE25302000000
(1786378798.945814) can0 38E#CC27004011000000
(1786378798.955455) can0 38E#9028004011000000
(1786378798.965446) can0 38F#622CE25302000000
(1786378798.965793) can0 38E#CD29004011000000
(1786378798.975425) can0 38E#2A2A004011000000
(1786378798.985458) can0 38F#3F2DE25302000000
(1786378798.985732) can0 38E#772B004011000000
(1786378798.995522) can0 38E#F92C004011000000
(1786378799.005501) can0 38F#D82EE25302000000
(1786378799.005811) can0 38E#A42D004011000000
(1786378799.015612) can0 38E#432E004011000000
(1786378799.025145) can0 38F#852FE25302000000
(1786378799.025435) can0 38E#1E2F004011000000
(1786378799.035519) can0 38E#4220004011000000
(1786378799.045489) can0 38F#D920E25302000000
(1786378799.045993) can0 38E#1F21004011000000
(1786378799.055653) can0 38E#F822004011000000
(1786378799.065567) can0 38F#8421E25302000000
(1786378799.065904) can0 38E#A523004011000000
(1786378799.075449) can0 38E#2B24004011000000
(1786378799.085462) can0 38F#6322E25302000000
(1786378799.085708) can0 38E#7625004011000000
(1786378799.095613) can0 38E#9126004011000000
(1786378799.105559) can0 38F#3E23E25302000000
(1786378799.105881) can0 38E#CC27004011000000
(1786378799.115462) can0 38E#9028004011000000
(1786378799.125448) can0 38F#B024E25302000000
(1786378799.125680) can0 38E#CD29004011000000
(1786378799.135500) can0 38E#2A2A004011000000
(1786378799.145578) can0 38F#ED25E25302000000
(1786378799.145891) can0 38E#772B004011000000
(1786378799.155590) can0 38E#F92C004011000000
(1786378799.165465) can0 38F#0A26E25302000000
(1786378799.165798) can0 38E#A42D004011000000
(1786378799.175418) can0 38E#432E004011000000
(1786378799.185452) can0 38F#5727E25302000000
(1786378799.185683) can0 38E#1E2F004011000000
(1786378799.195548) can0 38E#4220004011000000
(1786378799.205462) can0 38F#0B28E25302000000
(1786378799.205767) can0 38E#1F21004011000000
(1786378799.215516) can0 38E#F822004011000000
