(1786376126.496498) can0 38E#F822004011000000
(1786376126.571860) can0 38F#5629E25302000000
(1786376126.572179) can0 38E#A523004011000000
(1786376126.581793) can0 38E#2B24004011000000
(1786376126.591699) can0 38F#B12AE25302000000
(1786376126.592010) can0 38E#7625004011000000
(1786376126.601926) can0 38E#9126004011000000
(1786376126.611896) can0 38F#EC2BE25302000000
(1786376126.612237) can0 38E#CC27004011000000
(1786376126.621826) can0 38E#9028004011000000
(1786376126.631956) can0 38F#622CE25302000000
(1786376126.632647) can0 38E#CD29004011000000
(1786376126.641825) can0 38E#2A2A004011000000
(1786376126.651883) can0 38F#3F2DE25302000000
(1786376126.652262) can0 38E#772B004011000000
(1786376126.661825) can0 38E#F92C004011000000
(1786376126.671825) can0 38F#D82EE25302000000
(1786376126.672236) can0 38E#A42D004011000000
(1786376126.681782) can0 38E#432E004011000000
(1786376126.691831) can0 38F#852FE25302000000
(1786376126.692112) can0 38E#1E2F004011000000
(1786376126.701783) can0 38E#4220004011000000
(1786376126.711758) can0 38F#D920E25302000000
(1786376126.712090) can0 38E#1F21004011000000
(1786376126.721871) can0 38E#F822004011000000
(1786376126.731815) can0 38F#8421E25302000000
(1786376126.732143) can0 38E#A523004011000000
(1786376126.741863) can0 38E#2B24004011000000
(1786376126.751755) can0 38F#6322E25302000000
(1786376126.752135) can0 38E#7625004011000000
(1786376126.761849) can0 38E#9126004011000000
(1786376126.771849) can0 38F#3E23E25302000000
(1786376126.772123) can0 38E#CC27004011000000
(1786376126.781734) can0 38E#9028004011000000
(1786376126.791767) can0 38F#B024E25302000000
(1786376126.792011) can0 38E#CD29004011000000
(1786376126.801765) can0 38E#2A2A004011000000
(1786376126.811781) can0 38F#ED25E25302000000
(1786376126.812057) can0 38E#772B004011000000
(1786376126.821762) can0 38E#F92C004011000000
(1786376126.831709) can0 38F#0A26E25302000000
(1786376126.832054) can0 38E#A42D004011000000
(1786376126.841814) can0 38E#432E004011000000
(1786376126.851406) can0 38F#5727E25302000000
(1786376126.851706) can0 38E#1E2F004011000000
(1786376126.861726) can0 38E#4220004011000000
(1786376126.871778) can0 38F#0B28E25302000000
(1786376126.872065) can0 38E#1F21004011000000
(1786376126.881733) can0 38E#F822004011000000
(1786376126.891746) can0 38F#5629E25302000000
(1786376126.892085) can0 38E#A523004011000000
(1786376126.901778) can0 38E#2B24004011000000
(1786376126.911798) can0 38F#B12AE25302000000
(1786376126.912096) can0 38E#7625004011000000
(1786376126.921722) can0 38E#9126004011000000
(1786376126.931701) can0 38F#EC2BE25302000000
(1786376126.931927) can0 38E#CC27004011000000
(1786376126.941726) can0 38E#9028004011000000
(1786376126.951729) can0 38F#622CE25302000000
(1786376126.951998) can0 38E#CD29004011000000
(1786376126.961712) can0 38E#2A2A004011000000
(1786376126.971735) can0 38F#3F2DE25302000000
(1786376126.971982) can0 38E#772B004011000000
(1786376126.981701) can0 38E#F92C004011000000
(1786376126.991838) can0 38F#D82EE25302000000
(1786376126.992074) can0 38E#A42D004011000000
(1786376127.001817) can0 38E#432E004011000000
(1786376127.011726) can0 38F#852FE25302000000
(1786376127.012023) can0 38E#1E2F004011000000
(1786376127.021779) can0 38E#4220004011000000
(1786376127.031710) can0 38F#D920E25302000000
(1786376127.031977) can0 38E#1F21004011000000
(1786376127.041796) can0 38E#F822004011000000
(1786376127.051761) can0 38F#8421E25302000000
(1786376127.052033) can0 38E#A523004011000000
(1786376127.061704) can0 38E#2B24004011000000
(1786376127.071749) can0 38F#6322E25302000000
(1786376127.072002) can0 38E#7625004011000000
(1786376127.081778) can0 38E#9126004011000000
(1786376127.091820) can0 38F#3E23E25302000000
(1786376127.092169) can0 38E#CC27004011000000
(1786376127.101800) can0 38E#9028004011000000
(1786376127.111765) can0 38F#B024E25302000000
(1786376127.112095) can0 38E#CD29004011000000
(1786376127.121867) can0 38E#2A2A004011000000
(1786376127.131837) can0 38F#ED25E25302000000
(1786376127.132239) can0 38E#772B004011000000
(1786376127.141805) can0 38E#F92C004011000000
(1786376127.151831) can0 38F#0A26E25302000000
(1786376127.152137) can0 38E#A42D004011000000
(1786376127.161854) can0 38E#432E004011000000
(1786376127.171879) can0 38F#5727E25302000000
(1786376127.172175) can0 38E#1E2F004011000000
(1786376127.181774) can0 38E#4220004011000000
(1786376127.191763) can0 38F#0B28E25302000000
(1786376127.192035) can0 38E#1F21004011000000
(1786376127.201868) can0 38E#F822004011000000
(1786376127.211768) can0 38F#5629E25302000000
(1786376127.212012) can0 38E#A523004011000000
(1786376127.221758) can0 38E#2B24004011000000
(1786376127.231731) can0 38F#B12AE25302000000
(1786376127.231976) can0 38E#7625004011000000
(1786376127.241751) can0 38E#9126004011000000
(1786376127.251786) can0 38F#EC2BE25302000000
(1786376127.252054) can0 38E#CC27004011000000
(1786376127.261823) can0 38E#9028004011000000
(1786376127.271771) can0 38F#622CE25302000000
(1786376127.272014) can0 38E#CD29004011000000
(1786376127.281737) can0 38E#2A2A004011000000
(1786376127.291721) can0 38F#3F2DE25302000000
(1786376127.291975) can0 38E#772B004011000000
(1786376127.301810) can0 38E#F92C004011000000
(1786376127.311788) can0 38F#D82EE25302000000
(1786376127.312171) can0 38E#A42D004011000000
(1786376127.321871) can0 38E#432E004011000000
(1786376127.331835) can0 38F#852FE25302000000
(1786376127.332179) can0 38E#1E2F004011000000
(1786376127.341947) can0 38E#4220004011000000
(1786376127.351754) can0 38F#D920E25302000000
(1786376127.352087) can0 38E#1F21004011000000
(1786376127.361723) can0 38E#F822004011000000
(1786376127.371893) can0 38F#8421E25302000000
(1786376127.372283) can0 38E#A523004011000000
(1786376127.381854) can0 38E#2B24004011000000
(1786376127.391770) can0 38F#6322E25302000000
(1786376127.392193) can0 38E#7625004011000000
(1786376127.401820) can0 38E#9126004011000000
(1786376127.411886) can0 38F#3E23E25302000000
(1786376127.412233) can0 38E#CC27004011000000
(1786376127.421878) can0 38E#9028004011000000
(1786376127.431898) can0 38F#B024E25302000000
(1786376127.432328) can0 38E#CD29004011000000
(1786376127.441761) can0 38E#2A2A004011000000
(1786376127.451752) can0 38F#ED25E25302000000
(1786376127.452041) can0 38E#772B004011000000
(1786376127.461745) can0 38E#F92C004011000000
(1786376127.471769) can0 38F#0A26E25302000000
(1786376127.472007) can0 38E#A42D004011000000
(1786376127.481709) can0 38E#432E004011000000
(1786376127.491772) can0 38F#5727E25302000000
(1786376127.492026) can0 38E#1E2F004011000000
(1786376127.501738) can0 38E#4220004011000000
(1786376127.511879) can0 38F#0B28E25302000000
(1786376127.512117) can0 38E#1F21004011000000
(1786376127.521765) can0 38E#F822004011000000
(1786376127.531950) can0 38F#5629E25302000000
(1786376127.532434) can0 38E#A523004011000000
(1786376127.541863) can0 38E#2B24004011000000
(1786376127.551859) can0 38F#B12AE25302000000
(1786376127.552199) can0 38E#7625004011000000
(1786376127.561512) can0 38E#9126004011000000
(1786376127.571649) can0 38F#EC2BE25302000000
(1786376127.572115) can0 38E#CC27004011000000
(1786376127.582005) can0 38E#9028004011000000
(1786376127.591959) can0 38F#622CE25302000000
(1786376127.592457) can0 38E#CD29004011000000
(1786376127.601859) can0 38E#2A2A004011000000
(1786376127.611809) can0 38F#3F2DE25302000000
(1786376127.612210) can0 38E#772B004011000000
(1786376127.621788) can0 38E#F92C004011000000
(1786376127.631934) can0 38F#D82EE25302000000
(1786376127.632415) can0 38E#A42D004011000000
(1786376127.641833) can0 38E#432E004011000000
(1786376127.651793) can0 38F#852FE25302000000
(1786376127.652133) can0 38E#1E2F004011000000
(1786376127.661820) can0 38E#4220004011000000
(1786376127.671796) can0 38F#D920E25302000000
(1786376127.672099) can0 38E#1F21004011000000
(1786376127.681883) can0 38E#F822004011000000
(1786376127.691912) can0 38F#8421E25302000000
(1786376127.692322) can0 38E#A523004011000000
(1786376127.701873) can0 38E#2B24004011000000
(1786376127.711517) can0 38F#6322E25302000000
(1786376127.711885) can0 38E#7625004011000000
(1786376127.721808) can0 38E#9126004011000000
(1786376127.731824) can0 38F#3E23E25302000000
(1786376127.732188) can0 38E#CC27004011000000
(1786376127.741771) can0 38E#9028004011000000
(1786376127.751782) can0 38F#B024E25302000000
(1786376127.752452) can0 38E#CD29004011000000
(1786376127.761822) can0 38E#2A2A004011000000
(1786376127.771986) can0 38F#ED25E25302000000
(1786376127.772342) can0 38E#772B004011000000
(1786376127.781884) can0 38E#F92C004011000000
(1786376127.791848) can0 38F#0A26E25302000000
(1786376127.792180) can0 38E#A42D004011000000
(1786376127.801839) can0 38E#432E004011000000
(1786376127.811874) can0 38F#5727E25302000000
(1786376127.812229) can0 38E#1E2F004011000000
(1786376127.821840) can0 38E#4220004011000000
(1786376127.831710) can0 38F#0B28E25302000000
(1786376127.832025) can0 38E#1F21004011000000
(1786376127.841828) can0 38E#F822004011000000
(1786376127.851829) can0 38F#5629E25302000000
(1786376127.852105) can0 38E#A523004011000000
(1786376127.861906) can0 38E#2B24004011000000
(1786376127.871722) can0 38F#B12AE25302000000
(1786376127.872086) can0 38E#7625004011000000
(1786376127.881835) can0 38E#9126004011000000
(1786376127.891834) can0 38F#EC2BE25302000000
(1786376127.892139) can0 38E#CC27004011000000
(1786376127.901860) can0 38E#9028004011000000
(1786376127.911757) can0 38F#622CE25302000000
(1786376127.912172) can0 38E#CD29004011000000
(1786376127.921791) can0 38E#2A2A004011000000
(1786376127.931736) can0 38F#3F2DE25302000000
(1786376127.931982) can0 38E#772B004011000000
(1786376127.941768) can0 38E#F92C004011000000
(1786376127.951752) can0 38F#D82EE25302000000
(1786376127.952053) can0 38E#A42D004011000000
(1786376127.961699) can0 38E#432E004011000000
(1786376127.971892) can0 38F#852FE25302000000
(1786376127.972162) can0 38E#1E2F004011000000
(1786376127.981855) can0 38E#4220004011000000
(1786376127.991452) can0 38F#D920E25302000000
(1786376127.991730) can0 38E#1F21004011000000
(1786376128.001736) can0 38E#F822004011000000
(1786376128.011750) can0 38F#8421E25302000000
(1786376128.011969) can0 38E#A523004011000000
(1786376128.021738) can0 38E#2B24004011000000
(1786376128.031780) can0 38F#6322E25302000000
(1786376128.031988) can0 38E#7625004011000000
(1786376128.041759) can0 38E#9126004011000000
(1786376128.051723) can0 38F#3E23E25302000000
(1786376128.051956) can0 38E#CC27004011000000
(1786376128.061723) can0 38E#9028004011000000
(1786376128.071837) can0 38F#B024E25302000000
(1786376128.072232) can0 38E#CD29004011000000
(1786376128.081846) can0 38E#2A2A004011000000
(1786376128.091961) can0 38F#ED25E25302000000
(1786376128.092510) can0 38E#772B004011000000
(1786376128.101791) can0 38E#F92C004011000000
(1786376128.111802) can0 38F#0A26E25302000000
(1786376128.112216) can0 38E#A42D004011000000
(1786376128.121851) can0 38E#432E004011000000
(1786376128.131992) can0 38F#5727E25302000000
(1786376128.132472) can0 38E#1E2F004011000000
(1786376128.141540) can0 38E#4220004011000000
(1786376128.151771) can0 38F#0B28E25302000000
(1786376128.152067) can0 38E#1F21004011000000
(1786376128.161903) can0 38E#F822004011000000
(1786376128.171912) can0 38F#5629E25302000000
(1786376128.172245) can0 38E#A523004011000000
(1786376128.181851) can0 38E#2B24004011000000
(1786376128.191843) can0 38F#B12AE25302000000
(1786376128.192109) can0 38E#7625004011000000
(1786376128.201847) can0 38E#9126004011000000
(1786376128.211716) can0 38F#EC2BE25302000000
(1786376128.212084) can0 38E#CC27004011000000
(1786376128.221838) can0 38E#9028004011000000
(1786376128.231824) can0 38F#622CE25302000000
(1786376128.232279) can0 38E#CD29004011000000
(1786376128.241834) can0 38E#2A2A004011000000
(1786376128.251768) can0 38F#3F2DE25302000000
(1786376128.252048) can0 38E#772B004011000000
(1786376128.261724) can0 38E#F92C004011000000
(1786376128.271923) can0 38F#D82EE25302000000
(1786376128.272307) can0 38E#A42D004011000000
(1786376128.281937) can0 38E#432E004011000000
(1786376128.291862) can0 38F#852FE25302000000
(1786376128.292225) can0 38E#1E2F004011000000
(1786376128.301793) can0 38E#4220004011000000
(1786376128.311714) can0 38F#D920E25302000000
(1786376128.312028) can0 38E#1F21004011000000
(1786376128.321847) can0 38E#F822004011000000
(1786376128.331930) can0 38F#8421E25302000000
(1786376128.332403) can0 38E#A523004011000000
(1786376128.341794) can0 38E#2B24004011000000
(1786376128.351756) can0 38F#6322E25302000000
(1786376128.352011) can0 38E#7625004011000000
(1786376128.361714) can0 38E#9126004011000000
(1786376128.371768) can0 38F#3E23E25302000000
(1786376128.372065) can0 38E#CC27004011000000
(1786376128.381738) can0 38E#9028004011000000
(1786376128.391760) can0 38F#B024E25302000000
(1786376128.392014) can0 38E#CD29004011000000
(1786376128.401828) can0 38E#2A2A004011000000
(1786376128.411842) can0 38F#ED25E25302000000
(1786376128.412156) can0 38E#772B004011000000
(1786376128.421410) can0 38E#F92C004011000000
(1786376128.431740) can0 38F#0A26E25302000000
(1786376128.431962) can0 38E#A42D004011000000
(1786376128.441787) can0 38E#432E004011000000
(1786376128.451745) can0 38F#5727E25302000000
(1786376128.451968) can0 38E#1E2F004011000000
(1786376128.461882) can0 38E#4220004011000000
(1786376128.471717) can0 38F#0B28E25302000000
(1786376128.472066) can0 38E#1F21004011000000
(1786376128.481804) can0 38E#F822004011000000
(1786376128.491849) can0 38F#5629E25302000000
(1786376128.492157) can0 38E#A523004011000000
(1786376128.501776) can0 38E#2B24004011000000
(1786376128.511895) can0 38F#B12AE25302000000
(1786376128.512260) can0 38E#7625004011000000
(1786376128.521881) can0 38E#9126004011000000
(1786376128.532016) can0 38F#EC2BE25302000000
(1786376128.532486) can0 38E#CC27004011000000
(1786376128.541833) can0 38E#9028004011000000
(1786376128.551803) can0 38F#622CE25302000000
(1786376128.552165) can0 38E#CD29004011000000
(1786376128.561880) can0 38E#2A2A004011000000
(1786376128.571432) can0 38F#3F2DE25302000000
(1786376128.571704) can0 38E#772B004011000000
(1786376128.581743) can0 38E#F92C004011000000
(1786376128.591748) can0 38F#D82EE25302000000
(1786376128.591961) can0 38E#A42D004011000000
(1786376128.601746) can0 38E#432E004011000000
(1786376128.611722) can0 38F#852FE25302000000
(1786376128.611977) can0 38E#1E2F004011000000
(1786376128.621764) can0 38E#4220004011000000
(1786376128.631769) can0 38F#D920E25302000000
(1786376128.631981) can0 38E#1F21004011000000
(1786376128.641773) can0 38E#F822004011000000
(1786376128.651469) can0 38F#8421E25302000000
(1786376128.651749) can0 38E#A523004011000000
(1786376128.661769) can0 38E#2B24004011000000
(1786376128.671994) can0 38F#6322E25302000000
(1786376128.672372) can0 38E#7625004011000000
(1786376128.681903) can0 38E#9126004011000000
(1786376128.691851) can0 38F#3E23E25302000000
(1786376128.692237) can0 38E#CC27004011000000
(1786376128.701811) can0 38E#9028004011000000
(1786376128.711818) can0 38F#B024E25302000000
(1786376128.712154) can0 38E#CD29004011000000
(1786376128.721930) can0 38E#2A2A004011000000
(1786376128.731986) can0 38F#ED25E25302000000
(1786376128.732419) can0 38E#772B004011000000
(1786376128.741857) can0 38E#F92C004011000000
(1786376128.751834) can0 38F#0A26E25302000000
(1786376128.752132) can0 38E#A42D004011000000
(1786376128.761863) can0 38E#432E004011000000
(1786376128.771812) can0 38F#5727E25302000000
(1786376128.772105) can0 38E#1E2F004011000000
(1786376128.781771) can0 38E#4220004011000000
(1786376128.791707) can0 38F#0B28E25302000000
(1786376128.791960) can0 38E#1F21004011000000
(1786376128.801829) can0 38E#F822004011000000
(1786376128.811794) can0 38F#5629E25302000000
(1786376128.812015) can0 38E#A523004011000000
(1786376128.821714) can0 38E#2B24004011000000
(1786376128.831788) can0 38F#B12AE25302000000
(1786376128.832023) can0 38E#7625004011000000
(1786376128.841770) can0 38E#9126004011000000
(1786376128.851424) can0 38F#EC2BE25302000000
(1786376128.851675) can0 38E#CC27004011000000
(1786376128.861716) can0 38E#9028004011000000
(1786376128.871751) can0 38F#622CE25302000000
(1786376128.871995) can0 38E#CD29004011000000
(1786376128.881733) can0 38E#2A2A004011000000
(1786376128.891758) can0 38F#3F2DE25302000000
(1786376128.891996) can0 38E#772B004011000000
(1786376128.901720) can0 38E#F92C004011000000
(1786376128.911719) can0 38F#D82EE25302000000
(1786376128.912003) can0 38E#A42D004011000000
(1786376128.921790) can0 38E#432E004011000000
(1786376128.931729) can0 38F#852FE25302000000
(1786376128.931949) can0 38E#1E2F004011000000
(1786376128.941804) can0 38E#4220004011000000
(1786376128.951740) can0 38F#D920E25302000000
(1786376128.951964) can0 38E#1F21004011000000
(1786376128.961724) can0 38E#F822004011000000
(1786376128.971769) can0 38F#8421E25302000000
(1786376128.972015) can0 38E#A523004011000000
(1786376128.981712) can0 38E#2B24004011000000
(1786376128.991755) can0 38F#6322E25302000000
(1786376128.992032) can0 38E#7625004011000000
(1786376129.001741) can0 38E#9126004011000000
(1786376129.011749) can0 38F#3E23E25302000000
(1786376129.012018) can0 38E#CC27004011000000
(1786376129.021797) can0 38E#9028004011000000
(1786376129.031751) can0 38F#B024E25302000000
(1786376129.032007) can0 38E#CD29004011000000
(1786376129.041747) can0 38E#2A2A004011000000
(1786376129.051768) can0 38F#ED25E25302000000
(1786376129.052020) can0 38E#772B004011000000
(1786376129.061808) can0 38E#F92C004011000000
(1786376129.071709) can0 38F#0A26E25302000000
(1786376129.072010) can0 38E#A42D004011000000
(1786376129.081763) can0 38E#432E004011000000
(1786376129.091776) can0 38F#5727E25302000000
(1786376129.092025) can0 38E#1E2F004011000000
(1786376129.101768) can0 38E#4220004011000000
(1786376129.111756) can0 38F#0B28E25302000000
(1786376129.111992) can0 38E#1F21004011000000
(1786376129.121747) can0 38E#F822004011000000
(1786376129.131772) can0 38F#5629E25302000000
(1786376129.132026) can0 38E#A523004011000000
(1786376129.141815) can0 38E#2B24004011000000
(1786376129.151717) can0 38F#B12AE25302000000
(1786376129.151965) can0 38E#7625004011000000
(1786376129.161755) can0 38E#9126004011000000
(1786376129.171712) can0 38F#EC2BE25302000000
(1786376129.171958) can0 38E#CC27004011000000
(1786376129.181725) can0 38E#9028004011000000
(1786376129.191805) can0 38F#622CE25302000000
(1786376129.192071) can0 38E#CD29004011000000
(1786376129.201747) can0 38E#2A2A004011000000
(1786376129.211816) can0 38F#3F2DE25302000000
(1786376129.212091) can0 38E#772B004011000000
(1786376129.221742) can0 38E#F92C004011000000
(1786376129.231765) can0 38F#D82EE25302000000
(1786376129.232025) can0 38E#A42D004011000000
(1786376129.241805) can0 38E#432E004011000000
(1786376129.251763) can0 38F#852FE25302000000
(1786376129.252073) can0 38E#1E2F004011000000
(1786376129.261785) can0 38E#4220004011000000
(1786376129.271800) can0 38F#D920E25302000000
(1786376129.272119) can0 38E#1F21004011000000
(1786376129.281433) can0 38E#F822004011000000
(1786376129.291769) can0 38F#8421E25302000000
(1786376129.292067) can0 38E#A523004011000000
(1786376129.301851) can0 38E#2B24004011000000
(1786376129.311793) can0 38F#6322E25302000000
(1786376129.312055) can0 38E#7625004011000000
(1786376129.321782) can0 38E#9126004011000000
(1786376129.331739) can0 38F#3E23E25302000000
(1786376129.332078) can0 38E#CC27004011000000
(1786376129.341738) can0 38E#9028004011000000
(1786376129.351770) can0 38F#B024E25302000000
(1786376129.352041) can0 38E#CD29004011000000
(1786376129.361801) can0 38E#2A2A004011000000
(1786376129.371791) can0 38F#ED25E25302000000
(1786376129.372048) can0 38E#772B004011000000
(1786376129.381979) can0 38E#F92C004011000000
(1786376129.392062) can0 38F#0A26E25302000000
(1786376129.392573) can0 38E#A42D004011000000
(1786376129.401832) can0 38E#432E004011000000
(1786376129.411749) can0 38F#5727E25302000000
(1786376129.412047) can0 38E#1E2F004011000000
(1786376129.421936) can0 38E#4220004011000000
(1786376129.431734) can0 38F#0B28E25302000000
(1786376129.432096) can0 38E#1F21004011000000
(1786376129.441858) can0 38E#F822004011000000
(1786376129.451850) can0 38F#5629E25302000000
(1786376129.452153) can0 38E#A523004011000000
(1786376129.461805) can0 38E#2B24004011000000
(1786376129.471788) can0 38F#B12AE25302000000
(1786376129.472081) can0 38E#7625004011000000
(1786376129.481764) can0 38E#9126004011000000
(1786376129.491819) can0 38F#EC2BE25302000000
(1786376129.492109) can0 38E#CC27004011000000
(1786376129.501755) can0 38E#9028004011000000
(1786376129.511741) can0 38F#622CE25302000000
(1786376129.512030) can0 38E#CD29004011000000
(1786376129.521762) can0 38E#2A2A004011000000
(1786376129.531800) can0 38F#3F2DE25302000000
(1786376129.532029) can0 38E#772B004011000000
(1786376129.541772) can0 38E#F92C004011000000
(1786376129.551774) can0 38F#D82EE25302000000
(1786376129.552063) can0 38E#A42D004011000000
(1786376129.561754) can0 38E#432E004011000000
(1786376129.571829) can0 38F#852FE25302000000
(1786376129.572095) can0 38E#1E2F004011000000
(1786376129.581797) can0 38E#4220004011000000
(1786376129.591730) can0 38F#D920E25302000000
(1786376129.591994) can0 38E#1F21004011000000
(1786376129.601793) can0 38E#F822004011000000
(1786376129.611751) can0 38F#8421E25302000000
(1786376129.612023) can0 38E#A523004011000000
(1786376129.621822) can0 38E#2B24004011000000
(1786376129.631764) can0 38F#6322E25302000000
(1786376129.632022) can0 38E#7625004011000000
(1786376129.641866) can0 38E#9126004011000000
(1786376129.651843) can0 38F#3E23E25302000000
(1786376129.652152) can0 38E#CC27004011000000
(1786376129.661794) can0 38E#9028004011000000
(1786376129.671805) can0 38F#B024E25302000000
(1786376129.672181) can0 38E#CD29004011000000
(1786376129.681800) can0 38E#2A2A004011000000
(1786376129.691826) can0 38F#ED25E25302000000
(1786376129.692171) can0 38E#772B004011000000
(1786376129.701802) can0 38E#F92C004011000000
(1786376129.711528) can0 38F#0A26E25302000000
(1786376129.711972) can0 38E#A42D004011000000
(1786376129.721955) can0 38E#432E004011000000
(1786376129.731949) can0 38F#5727E25302000000
(1786376129.732286) can0 38E#1E2F004011000000
(1786376129.741845) can0 38E#4220004011000000
(1786376129.751848) can0 38F#0B28E25302000000
(1786376129.752172) can0 38E#1F21004011000000
(1786376129.761820) can0 38E#F822004011000000
(1786376129.771774) can0 38F#5629E25302000000
(1786376129.772045) can0 38E#A523004011000000
(1786376129.781839) can0 38E#2B24004011000000
(1786376129.791817) can0 38F#B12AE25302000000
(1786376129.792318) can0 38E#7625004011000000
(1786376129.801822) can0 38E#9126004011000000
(1786376129.811790) can0 38F#EC2BE25302000000
(1786376129.812080) can0 38E#CC27004011000000
(1786376129.821824) can0 38E#9028004011000000
(1786376129.831804) can0 38F#622CE25302000000
(1786376129.832053) can0 38E#CD29004011000000
(1786376129.841726) can0 38E#2A2A004011000000
(1786376129.851791) can0 38F#3F2DE25302000000
(1786376129.852062) can0 38E#772B004011000000
(1786376129.861748) can0 38E#F92C004011000000
(1786376129.871715) can0 38F#D82EE25302000000
(1786376129.872037) can0 38E#A42D004011000000
(1786376129.881814) can0 38E#432E004011000000
(1786376129.891720) can0 38F#852FE25302000000
(1786376129.891968) can0 38E#1E2F004011000000
(1786376129.901753) can0 38E#4220004011000000
(1786376129.911847) can0 38F#D920E25302000000
(1786376129.912405) can0 38E#1F21004011000000
(1786376129.921924) can0 38E#F822004011000000
(1786376129.931771) can0 38F#8421E25302000000
(1786376129.932077) can0 38E#A523004011000000
(1786376129.941882) can0 38E#2B24004011000000
(1786376129.951870) can0 38F#6322E25302000000
(1786376129.952241) can0 38E#7625004011000000
(1786376129.961901) can0 38E#9126004011000000
(1786376129.971844) can0 38F#3E23E25302000000
(1786376129.972195) can0 38E#CC27004011000000
(1786376129.981806) can0 38E#9028004011000000
(1786376129.991774) can0 38F#B024E25302000000
(1786376129.992083) can0 38E#CD29004011000000
(1786376130.001819) can0 38E#2A2A004011000000
(1786376130.011737) can0 38F#ED25E25302000000
(1786376130.012018) can0 38E#772B004011000000
(1786376130.021800) can0 38E#F92C004011000000
(1786376130.031771) can0 38F#0A26E25302000000
(1786376130.032145) can0 38E#A42D004011000000
(1786376130.041800) can0 38E#432E004011000000
(1786376130.051849) can0 38F#5727E25302000000
(1786376130.052158) can0 38E#1E2F004011000000
(1786376130.061759) can0 38E#4220004011000000
(1786376130.071718) can0 38F#0B28E25302000000
(1786376130.071956) can0 38E#1F21004011000000
(1786376130.081727) can0 38E#F822004011000000
(1786376130.091754) can0 38F#5629E25302000000
(1786376130.092010) can0 38E#A523004011000000
(1786376130.101776) can0 38E#2B24004011000000
(1786376130.111722) can0 38F#B12AE25302000000
(1786376130.111956) can0 38E#7625004011000000
(1786376130.121810) can0 38E#9126004011000000
(1786376130.131787) can0 38F#EC2BE25302000000
(1786376130.132002) can0 38E#CC27004011000000
(1786376130.141696) can0 38E#9028004011000000
(1786376130.151678) can0 38F#622CE25302000000
(1786376130.151932) can0 38E#CD29004011000000
(1786376130.161811) can0 38E#2A2A004011000000
(1786376130.171838) can0 38F#3F2DE25302000000
(1786376130.172164) can0 38E#772B004011000000
(1786376130.182017) can0 38E#F92C004011000000
(1786376130.191816) can0 38F#D82EE25302000000
(1786376130.192173) can0 38E#A42D004011000000
(1786376130.201851) can0 38E#432E004011000000
(1786376130.211934) can0 38F#852FE25302000000
(1786376130.212373) can0 38E#1E2F004011000000
(1786376130.221861) can0 38E#4220004011000000
(1786376130.231835) can0 38F#D920E25302000000
(1786376130.232112) can0 38E#1F21004011000000
(1786376130.241829) can0 38E#F822004011000000
(1786376130.251797) can0 38F#8421E25302000000
(1786376130.252138) can0 38E#A523004011000000
(1786376130.261712) can0 38E#2B24004011000000
(1786376130.271718) can0 38F#6322E25302000000
(1786376130.272024) can0 38E#7625004011000000
(1786376130.281755) can0 38E#9126004011000000
(1786376130.291716) can0 38F#3E23E25302000000
(1786376130.292007) can0 38E#CC27004011000000
(1786376130.301729) can0 38E#9028004011000000
(1786376130.311745) can0 38F#B024E25302000000
(1786376130.312101) can0 38E#CD29004011000000
(1786376130.321722) can0 38E#2A2A004011000000
(1786376130.331770) can0 38F#ED25E25302000000
(1786376130.332018) can0 38E#772B004011000000
(1786376130.341789) can0 38E#F92C004011000000
(1786376130.351749) can0 38F#0A26E25302000000
(1786376130.351997) can0 38E#A42D004011000000
(1786376130.361732) can0 38E#432E004011000000
(1786376130.371730) can0 38F#5727E25302000000
(1786376130.371979) can0 38E#1E2F004011000000
(1786376130.381760) can0 38E#4220004011000000
(1786376130.391781) can0 38F#0B28E25302000000
(1786376130.392176) can0 38E#1F21004011000000
(1786376130.401827) can0 38E#F822004011000000
(1786376130.411767) can0 38F#5629E25302000000
(1786376130.412017) can0 38E#A523004011000000
(1786376130.421845) can0 38E#2B24004011000000
(1786376130.431819) can0 38F#B12AE25302000000
(1786376130.432041) can0 38E#7625004011000000
(1786376130.441775) can0 38E#9126004011000000
(1786376130.451716) can0 38F#EC2BE25302000000
(1786376130.451963) can0 38E#CC27004011000000
(1786376130.461692) can0 38E#9028004011000000
(1786376130.471735) can0 38F#622CE25302000000
(1786376130.471973) can0 38E#CD29004011000000
(1786376130.481758) can0 38E#2A2A004011000000
(1786376130.491783) can0 38F#3F2DE25302000000
(1786376130.492056) can0 38E#772B004011000000
(1786376130.501751) can0 38E#F92C004011000000
(1786376130.511718) can0 38F#D82EE25302000000
(1786376130.511989) can0 38E#A42D004011000000
(1786376130.521842) can0 38E#432E004011000000
(1786376130.531854) can0 38F#852FE25302000000
(1786376130.532140) can0 38E#1E2F004011000000
(1786376130.541816) can0 38E#4220004011000000
(1786376130.551794) can0 38F#D920E25302000000
(1786376130.552090) can0 38E#1F21004011000000
(1786376130.561838) can0 38E#F822004011000000
(1786376130.571491) can0 38F#8421E25302000000
(1786376130.571796) can0 38E#A523004011000000
(1786376130.581813) can0 38E#2B24004011000000
(1786376130.591835) can0 38F#6322E25302000000
(1786376130.592171) can0 38E#7625004011000000
(1786376130.601852) can0 38E#9126004011000000
(1786376130.611889) can0 38F#3E23E25302000000
(1786376130.612281) can0 38E#CC27004011000000
(1786376130.621802) can0 38E#9028004011000000
(1786376130.631802) can0 38F#B024E25302000000
(1786376130.632182) can0 38E#CD29004011000000
(1786376130.641973) can0 38E#2A2A004011000000
(1786376130.651899) can0 38F#ED25E25302000000
(1786376130.652290) can0 38E#772B004011000000
(1786376130.661798) can0 38E#F92C004011000000
(1786376130.671734) can0 38F#0A26E25302000000
(1786376130.671981) can0 38E#A42D004011000000
(1786376130.681772) can0 38E#432E004011000000
(1786376130.691741) can0 38F#5727E25302000000
(1786376130.691976) can0 38E#1E2F004011000000
(1786376130.701772) can0 38E#4220004011000000
(1786376130.711806) can0 38F#0B28E25302000000
(1786376130.712149) can0 38E#1F21004011000000
(1786376130.721725) can0 38E#F822004011000000
(1786376130.731745) can0 38F#5629E25302000000
(1786376130.731990) can0 38E#A523004011000000
(1786376130.741847) can0 38E#2B24004011000000
(1786376130.751815) can0 38F#B12AE25302000000
(1786376130.752120) can0 38E#7625004011000000
(1786376130.761870) can0 38E#9126004011000000
(1786376130.771811) can0 38F#EC2BE25302000000
(1786376130.772145) can0 38E#CC27004011000000
(1786376130.781810) can0 38E#9028004011000000
(1786376130.791736) can0 38F#622CE25302000000
(1786376130.791985) can0 38E#CD29004011000000
(1786376130.801739) can0 38E#2A2A004011000000
(1786376130.811788) can0 38F#3F2DE25302000000
(1786376130.812086) can0 38E#772B004011000000
(1786376130.821793) can0 38E#F92C004011000000
(1786376130.831749) can0 38F#D82EE25302000000
(1786376130.832033) can0 38E#A42D004011000000
(1786376130.841802) can0 38E#432E004011000000
(1786376130.851809) can0 38F#852FE25302000000
(1786376130.852136) can0 38E#1E2F004011000000
(1786376130.861843) can0 38E#4220004011000000
(1786376130.871780) can0 38F#D920E25302000000
(1786376130.872083) can0 38E#1F21004011000000
(1786376130.881753) can0 38E#F822004011000000
(1786376130.891752) can0 38F#8421E25302000000
(1786376130.892053) can0 38E#A523004011000000
(1786376130.901834) can0 38E#2B24004011000000
(1786376130.911872) can0 38F#6322E25302000000
(1786376130.912232) can0 38E#7625004011000000
(1786376130.921973) can0 38E#9126004011000000
(1786376130.931936) can0 38F#3E23E25302000000
(1786376130.932265) can0 38E#CC27004011000000
(1786376130.941972) can0 38E#9028004011000000
(1786376130.951783) can0 38F#B024E25302000000
(1786376130.952195) can0 38E#CD29004011000000
(1786376130.961782) can0 38E#2A2A004011000000
(1786376130.971881) can0 38F#ED25E25302000000
(1786376130.972204) can0 38E#772B004011000000
(1786376130.981957) can0 38E#F92C004011000000
(1786376130.991810) can0 38F#0A26E25302000000
(1786376130.992071) can0 38E#A42D004011000000
(1786376131.001405) can0 38E#432E004011000000
(1786376131.011725) can0 38F#5727E25302000000
(1786376131.011984) can0 38E#1E2F004011000000
(1786376131.021832) can0 38E#4220004011000000
(1786376131.031810) can0 38F#0B28E25302000000
(1786376131.032044) can0 38E#1F21004011000000
(1786376131.041801) can0 38E#F822004011000000
(1786376131.051758) can0 38F#5629E25302000000
(1786376131.052020) can0 38E#A523004011000000
(1786376131.061716) can0 38E#2B24004011000000
(1786376131.071805) can0 38F#B12AE25302000000
(1786376131.072049) can0 38E#7625004011000000
(1786376131.082012) can0 38E#9126004011000000
(1786376131.091823) can0 38F#EC2BE25302000000
(1786376131.092293) can0 38E#CC27004011000000
(1786376131.101857) can0 38E#9028004011000000
(1786376131.111830) can0 38F#622CE25302000000
(1786376131.112211) can0 38E#CD29004011000000
(1786376131.121818) can0 38E#2A2A004011000000
(1786376131.131810) can0 38F#3F2DE25302000000
(1786376131.132207) can0 38E#772B004011000000
(1786376131.141956) can0 38E#F92C004011000000
(1786376131.151798) can0 38F#D82EE25302000000
(1786376131.152170) can0 38E#A42D004011000000
(1786376131.161834) can0 38E#432E004011000000
(1786376131.171898) can0 38F#852FE25302000000
(1786376131.172280) can0 38E#1E2F004011000000
(1786376131.182013) can0 38E#4220004011000000
(1786376131.191805) can0 38F#D920E25302000000
(1786376131.192212) can0 38E#1F21004011000000
(1786376131.201874) can0 38E#F822004011000000
(1786376131.211911) can0 38F#8421E25302000000
(1786376131.212367) can0 38E#A523004011000000
(1786376131.221798) can0 38E#2B24004011000000
(1786376131.231756) can0 38F#6322E25302000000
(1786376131.232055) can0 38E#7625004011000000
(1786376131.241886) can0 38E#9126004011000000
(1786376131.251849) can0 38F#3E23E25302000000
(1786376131.252157) can0 38E#CC27004011000000
(1786376131.261864) can0 38E#9028004011000000
(1786376131.271982) can0 38F#B024E25302000000
(1786376131.272440) can0 38E#CD29004011000000
(1786376131.281875) can0 38E#2A2A004011000000
(1786376131.292025) can0 38F#ED25E25302000000
(1786376131.292459) can0 38E#772B004011000000
(1786376131.301838) can0 38E#F92C004011000000
(1786376131.311796) can0 38F#0A26E25302000000
(1786376131.312574) can0 38E#A42D004011000000
(1786376131.321875) can0 38E#432E004011000000
(1786376131.331918) can0 38F#5727E25302000000
(1786376131.332317) can0 38E#1E2F004011000000
(1786376131.342117) can0 38E#4220004011000000
(1786376131.351767) can0 38F#0B28E25302000000
(1786376131.352163) can0 38E#1F21004011000000
(1786376131.361792) can0 38E#F822004011000000
(1786376131.371837) can0 38F#5629E25302000000
(1786376131.372232) can0 38E#A523004011000000
(1786376131.381901) can0 38E#2B24004011000000
(1786376131.391874) can0 38F#B12AE25302000000
(1786376131.392289) can0 38E#7625004011000000
(1786376131.401765) can0 38E#9126004011000000
(1786376131.411927) can0 38F#EC2BE25302000000
(1786376131.412350) can0 38E#CC27004011000000
(1786376131.421952) can0 38E#9028004011000000
(1786376131.431864) can0 38F#622CE25302000000
(1786376131.432241) can0 38E#CD29004011000000
(1786376131.441938) can0 38E#2A2A004011000000
(1786376131.451901) can0 38F#3F2DE25302000000
(1786376131.452227) can0 38E#772B004011000000
(1786376131.461833) can0 38E#F92C004011000000
(1786376131.472093) can0 38F#D82EE25302000000
(1786376131.472606) can0 38E#A42D004011000000
(1786376131.481914) can0 38E#432E004011000000
(1786376131.491866) can0 38F#852FE25302000000
(1786376131.492277) can0 38E#1E2F004011000000
(1786376131.501890) can0 38E#4220004011000000
(1786376131.511767) can0 38F#D920E25302000000
(1786376131.512134) can0 38E#1F21004011000000
(1786376131.521931) can0 38E#F822004011000000
(1786376131.531802) can0 38F#8421E25302000000
(1786376131.532216) can0 38E#A523004011000000
(1786376131.541818) can0 38E#2B24004011000000
(1786376131.551793) can0 38F#6322E25302000000
(1786376131.552181) can0 38E#7625004011000000
(1786376131.561771) can0 38E#9126004011000000
(1786376131.571921) can0 38F#3E23E25302000000
(1786376131.572291) can0 38E#CC27004011000000
(1786376131.582022) can0 38E#9028004011000000
(1786376131.591902) can0 38F#B024E25302000000
(1786376131.592329) can0 38E#CD29004011000000
(1786376131.601843) can0 38E#2A2A004011000000
(1786376131.611846) can0 38F#ED25E25302000000
(1786376131.612218) can0 38E#772B004011000000
(1786376131.621869) can0 38E#F92C004011000000
(1786376131.631987) can0 38F#0A26E25302000000
(1786376131.632485) can0 38E#A42D004011000000
(1786376131.642088) can0 38E#432E004011000000
(1786376131.651476) can0 38F#5727E25302000000
(1786376131.651828) can0 38E#1E2F004011000000
(1786376131.661849) can0 38E#4220004011000000
(1786376131.671824) can0 38F#0B28E25302000000
(1786376131.672226) can0 38E#1F21004011000000
(1786376131.681928) can0 38E#F822004011000000
(1786376131.691998) can0 38F#5629E25302000000
(1786376131.692601) can0 38E#A523004011000000
(1786376131.701849) can0 38E#2B24004011000000
(1786376131.711829) can0 38F#B12AE25302000000
(1786376131.712256) can0 38E#7625004011000000
(1786376131.721937) can0 38E#9126004011000000
(1786376131.731851) can0 38F#EC2BE25302000000
(1786376131.732153) can0 38E#CC27004011000000
(1786376131.741969) can0 38E#9028004011000000
(1786376131.751758) can0 38F#622CE25302000000
(1786376131.752135) can0 38E#CD29004011000000
(1786376131.761808) can0 38E#2A2A004011000000
(1786376131.771872) can0 38F#3F2DE25302000000
(1786376131.772204) can0 38E#772B004011000000
(1786376131.782021) can0 38E#F92C004011000000
(1786376131.791824) can0 38F#D82EE25302000000
(1786376131.792276) can0 38E#A42D004011000000
(1786376131.801894) can0 38E#432E004011000000
(1786376131.811870) can0 38F#852FE25302000000
(1786376131.812340) can0 38E#1E2F004011000000
(1786376131.822048) can0 38E#4220004011000000
(1786376131.831810) can0 38F#D920E25302000000
(1786376131.832235) can0 38E#1F21004011000000
(1786376131.842051) can0 38E#F822004011000000
(1786376131.851822) can0 38F#8421E25302000000
(1786376131.852203) can0 38E#A523004011000000
(1786376131.861503) can0 38E#2B24004011000000
(1786376131.871504) can0 38F#6322E25302000000
(1786376131.871858) can0 38E#7625004011000000
(1786376131.882071) can0 38E#9126004011000000
(1786376131.891880) can0 38F#3E23E25302000000
(1786376131.892279) can0 38E#CC27004011000000
(1786376131.901970) can0 38E#9028004011000000
(1786376131.911541) can0 38F#B024E25302000000
(1786376131.911952) can0 38E#CD29004011000000
(1786376131.922004) can0 38E#2A2A004011000000
(1786376131.932123) can0 38F#ED25E25302000000
(1786376131.932630) can0 38E#772B004011000000
(1786376131.941845) can0 38E#F92C004011000000
(1786376131.951834) can0 38F#0A26E25302000000
(1786376131.952212) can0 38E#A42D004011000000
(1786376131.961829) can0 38E#432E004011000000
(1786376131.971924) can0 38F#5727E25302000000
(1786376131.972350) can0 38E#1E2F004011000000
(1786376131.981928) can0 38E#4220004011000000
(1786376131.991909) can0 38F#0B28E25302000000
(1786376131.992318) can0 38E#1F21004011000000
(1786376132.001910) can0 38E#F822004011000000
(1786376132.011839) can0 38F#5629E25302000000
(1786376132.012291) can0 38E#A523004011000000
(1786376132.021870) can0 38E#2B24004011000000
(1786376132.031842) can0 38F#B12AE25302000000
(1786376132.032250) can0 38E#7625004011000000
(1786376132.041790) can0 38E#9126004011000000
(1786376132.051780) can0 38F#EC2BE25302000000
(1786376132.052050) can0 38E#CC27004011000000
(1786376132.061766) can0 38E#9028004011000000
(1786376132.071750) can0 38F#622CE25302000000
(1786376132.071980) can0 38E#CD29004011000000
(1786376132.081669) can0 38E#2A2A004011000000
(1786376132.091776) can0 38F#3F2DE25302000000
(1786376132.092145) can0 38E#772B004011000000
(1786376132.101835) can0 38E#F92C004011000000
(1786376132.111881) can0 38F#D82EE25302000000
(1786376132.112308) can0 38E#A42D004011000000
(1786376132.121903) can0 38E#432E004011000000
(1786376132.131981) can0 38F#852FE25302000000
(1786376132.132405) can0 38E#1E2F004011000000
(1786376132.142033) can0 38E#4220004011000000
(1786376132.151824) can0 38F#D920E25302000000
(1786376132.152145) can0 38E#1F21004011000000
(1786376132.161821) can0 38E#F822004011000000
(1786376132.171860) can0 38F#8421E25302000000
(1786376132.172307) can0 38E#A523004011000000
(1786376132.181935) can0 38E#2B24004011000000
(1786376132.191888) can0 38F#6322E25302000000
(1786376132.192347) can0 38E#7625004011000000
(1786376132.201862) can0 38E#9126004011000000
(1786376132.211875) can0 38F#3E23E25302000000
(1786376132.212287) can0 38E#CC27004011000000
(1786376132.221927) can0 38E#9028004011000000
(1786376132.231833) can0 38F#B024E25302000000
(1786376132.232211) can0 38E#CD29004011000000
(1786376132.241769) can0 38E#2A2A004011000000
(1786376132.251826) can0 38F#ED25E25302000000
(1786376132.252130) can0 38E#772B004011000000
(1786376132.261764) can0 38E#F92C004011000000
(1786376132.271761) can0 38F#0A26E25302000000
(1786376132.272040) can0 38E#A42D004011000000
(1786376132.281835) can0 38E#432E004011000000
(1786376132.291724) can0 38F#5727E25302000000
(1786376132.292011) can0 38E#1E2F004011000000
(1786376132.301723) can0 38E#4220004011000000
(1786376132.311830) can0 38F#0B28E25302000000
(1786376132.312095) can0 38E#1F21004011000000
(1786376132.321832) can0 38E#F822004011000000
(1786376132.331833) can0 38F#5629E25302000000
(1786376132.332109) can0 38E#A523004011000000
(1786376132.341710) can0 38E#2B24004011000000
(1786376132.351775) can0 38F#B12AE25302000000
(1786376132.352056) can0 38E#7625004011000000
(1786376132.361869) can0 38E#9126004011000000
(1786376132.371745) can0 38F#EC2BE25302000000
(1786376132.371973) can0 38E#CC27004011000000
(1786376132.381789) can0 38E#9028004011000000
(1786376132.391721) can0 38F#622CE25302000000
(1786376132.391997) can0 38E#CD29004011000000
(1786376132.401748) can0 38E#2A2A004011000000
(1786376132.411780) can0 38F#3F2DE25302000000
(1786376132.412026) can0 38E#772B004011000000
(1786376132.421754) can0 38E#F92C004011000000
(1786376132.431827) can0 38F#D82EE25302000000
(1786376132.432088) can0 38E#A42D004011000000
(1786376132.441733) can0 38E#432E004011000000
(1786376132.451777) can0 38F#852FE25302000000
(1786376132.452031) can0 38E#1E2F004011000000
(1786376132.461736) can0 38E#4220004011000000
(1786376132.471814) can0 38F#D920E25302000000
(1786376132.472109) can0 38E#1F21004011000000
(1786376132.481878) can0 38E#F822004011000000
(1786376132.491985) can0 38F#8421E25302000000
(1786376132.492503) can0 38E#A523004011000000
(1786376132.502108) can0 38E#2B24004011000000
(1786376132.511790) can0 38F#6322E25302000000
(1786376132.512147) can0 38E#7625004011000000
(1786376132.521956) can0 38E#9126004011000000
(1786376132.531917) can0 38F#3E23E25302000000
(1786376132.532249) can0 38E#CC27004011000000
(1786376132.541945) can0 38E#9028004011000000
(1786376132.551806) can0 38F#B024E25302000000
(1786376132.552160) can0 38E#CD29004011000000
(1786376132.561916) can0 38E#2A2A004011000000
(1786376132.571992) can0 38F#ED25E25302000000
(1786376132.572367) can0 38E#772B004011000000
(1786376132.581930) can0 38E#F92C004011000000
(1786376132.591844) can0 38F#0A26E25302000000
(1786376132.592265) can0 38E#A42D004011000000
(1786376132.601841) can0 38E#432E004011000000
(1786376132.611739) can0 38F#5727E25302000000
(1786376132.612055) can0 38E#1E2F004011000000
(1786376132.621750) can0 38E#4220004011000000
(1786376132.631828) can0 38F#0B28E25302000000
(1786376132.632069) can0 38E#1F21004011000000
(1786376132.641840) can0 38E#F822004011000000
(1786376132.651805) can0 38F#5629E25302000000
(1786376132.652117) can0 38E#A523004011000000
(1786376132.661752) can0 38E#2B24004011000000
(1786376132.671784) can0 38F#B12AE25302000000
(1786376132.672080) can0 38E#7625004011000000
(1786376132.681864) can0 38E#9126004011000000
(1786376132.691794) can0 38F#EC2BE25302000000
(1786376132.692109) can0 38E#CC27004011000000
(1786376132.701900) can0 38E#9028004011000000
(1786376132.711791) can0 38F#622CE25302000000
(1786376132.712136) can0 38E#CD29004011000000
(1786376132.721448) can0 38E#2A2A004011000000
(1786376132.731691) can0 38F#3F2DE25302000000
(1786376132.732002) can0 38E#772B004011000000
(1786376132.741840) can0 38E#F92C004011000000
(1786376132.751811) can0 38F#D82EE25302000000
(1786376132.752123) can0 38E#A42D004011000000
(1786376132.761909) can0 38E#432E004011000000
(1786376132.771492) can0 38F#852FE25302000000
(1786376132.771787) can0 38E#1E2F004011000000
(1786376132.781815) can0 38E#4220004011000000
(1786376132.791797) can0 38F#D920E25302000000
(1786376132.792069) can0 38E#1F21004011000000
(1786376132.801788) can0 38E#F822004011000000
(1786376132.811829) can0 38F#8421E25302000000
(1786376132.812109) can0 38E#A523004011000000
(1786376132.821768) can0 38E#2B24004011000000
(1786376132.831724) can0 38F#6322E25302000000
(1786376132.832000) can0 38E#7625004011000000
(1786376132.841829) can0 38E#9126004011000000
(1786376132.851815) can0 38F#3E23E25302000000
(1786376132.852150) can0 38E#CC27004011000000
(1786376132.861829) can0 38E#9028004011000000
(1786376132.871902) can0 38F#B024E25302000000
(1786376132.872363) can0 38E#CD29004011000000
(1786376132.881983) can0 38E#2A2A004011000000
(1786376132.892063) can0 38F#ED25E25302000000
(1786376132.892523) can0 38E#772B004011000000
(1786376132.901886) can0 38E#F92C004011000000
(1786376132.911849) can0 38F#0A26E25302000000
(1786376132.912216) can0 38E#A42D004011000000
(1786376132.921995) can0 38E#432E004011000000
(1786376132.931960) can0 38F#5727E25302000000
(1786376132.932399) can0 38E#1E2F004011000000
(1786376132.941765) can0 38E#4220004011000000
(1786376132.951723) can0 38F#0B28E25302000000
(1786376132.952013) can0 38E#1F21004011000000
(1786376132.961780) can0 38E#F822004011000000
(1786376132.971808) can0 38F#5629E25302000000
(1786376132.972068) can0 38E#A523004011000000
(1786376132.981768) can0 38E#2B24004011000000
(1786376132.991750) can0 38F#B12AE25302000000
(1786376132.991993) can0 38E#7625004011000000
(1786376133.001784) can0 38E#9126004011000000
(1786376133.011866) can0 38F#EC2BE25302000000
(1786376133.012132) can0 38E#CC27004011000000
(1786376133.021907) can0 38E#9028004011000000
(1786376133.031889) can0 38F#622CE25302000000
(1786376133.032240) can0 38E#CD29004011000000
(1786376133.041922) can0 38E#2A2A004011000000
(1786376133.051802) can0 38F#3F2DE25302000000
(1786376133.052189) can0 38E#772B004011000000
(1786376133.061881) can0 38E#F92C004011000000
(1786376133.071942) can0 38F#D82EE25302000000
(1786376133.072496) can0 38E#A42D004011000000
(1786376133.081871) can0 38E#432E004011000000
(1786376133.091798) can0 38F#852FE25302000000
(1786376133.092206) can0 38E#1E2F004011000000
(1786376133.101798) can0 38E#4220004011000000
(1786376133.111794) can0 38F#D920E25302000000
(1786376133.112144) can0 38E#1F21004011000000
(1786376133.121981) can0 38E#F822004011000000
(1786376133.131878) can0 38F#8421E25302000000
(1786376133.132271) can0 38E#A523004011000000
(1786376133.141931) can0 38E#2B24004011000000
(1786376133.151505) can0 38F#6322E25302000000
(1786376133.151810) can0 38E#7625004011000000
(1786376133.161859) can0 38E#9126004011000000
(1786376133.171899) can0 38F#3E23E25302000000
(1786376133.172244) can0 38E#CC27004011000000
(1786376133.181821) can0 38E#9028004011000000
(1786376133.191881) can0 38F#B024E25302000000
(1786376133.192351) can0 38E#CD29004011000000
(1786376133.201755) can0 38E#2A2A004011000000
(1786376133.211840) can0 38F#ED25E25302000000
(1786376133.212245) can0 38E#772B004011000000
(1786376133.221942) can0 38E#F92C004011000000
(1786376133.231899) can0 38F#0A26E25302000000
(1786376133.232385) can0 38E#A42D004011000000
(1786376133.241939) can0 38E#432E004011000000
(1786376133.251862) can0 38F#5727E25302000000
(1786376133.252205) can0 38E#1E2F004011000000
(1786376133.261822) can0 38E#4220004011000000
(1786376133.271761) can0 38F#0B28E25302000000
(1786376133.272016) can0 38E#1F21004011000000
(1786376133.281833) can0 38E#F822004011000000
(1786376133.291868) can0 38F#5629E25302000000
(1786376133.292169) can0 38E#A523004011000000
(1786376133.301775) can0 38E#2B24004011000000
(1786376133.311770) can0 38F#B12AE25302000000
(1786376133.312275) can0 38E#7625004011000000
(1786376133.322018) can0 38E#9126004011000000
(1786376133.331915) can0 38F#EC2BE25302000000
(1786376133.332219) can0 38E#CC27004011000000
(1786376133.342018) can0 38E#9028004011000000
(1786376133.351806) can0 38F#622CE25302000000
(1786376133.352129) can0 38E#CD29004011000000
(1786376133.361881) can0 38E#2A2A004011000000
(1786376133.371872) can0 38F#3F2DE25302000000
(1786376133.372284) can0 38E#772B004011000000
(1786376133.381863) can0 38E#F92C004011000000
(1786376133.391911) can0 38F#D82EE25302000000
(1786376133.392435) can0 38E#A42D004011000000
(1786376133.401835) can0 38E#432E004011000000
(1786376133.411807) can0 38F#852FE25302000000
(1786376133.412121) can0 38E#1E2F004011000000
(1786376133.421895) can0 38E#4220004011000000
(1786376133.431786) can0 38F#D920E25302000000
(1786376133.432107) can0 38E#1F21004011000000
(1786376133.441889) can0 38E#F822004011000000
(1786376133.451836) can0 38F#8421E25302000000
(1786376133.452146) can0 38E#A523004011000000
(1786376133.461765) can0 38E#2B24004011000000
(1786376133.471725) can0 38F#6322E25302000000
(1786376133.472076) can0 38E#7625004011000000
(1786376133.481897) can0 38E#9126004011000000
(1786376133.491862) can0 38F#3E23E25302000000
(1786376133.492253) can0 38E#CC27004011000000
(1786376133.501885) can0 38E#9028004011000000
(1786376133.511754) can0 38F#B024E25302000000
(1786376133.512082) can0 38E#CD29004011000000
(1786376133.521913) can0 38E#2A2A004011000000
(1786376133.531857) can0 38F#ED25E25302000000
(1786376133.532196) can0 38E#772B004011000000
(1786376133.541903) can0 38E#F92C004011000000
(1786376133.551802) can0 38F#0A26E25302000000
(1786376133.552187) can0 38E#A42D004011000000
(1786376133.561849) can0 38E#432E004011000000
(1786376133.571914) can0 38F#5727E25302000000
(1786376133.572313) can0 38E#1E2F004011000000
(1786376133.581915) can0 38E#4220004011000000
(1786376133.591788) can0 38F#0B28E25302000000
(1786376133.592186) can0 38E#1F21004011000000
(1786376133.601864) can0 38E#F822004011000000
(1786376133.611910) can0 38F#5629E25302000000
(1786376133.612344) can0 38E#A523004011000000
(1786376133.621815) can0 38E#2B24004011000000
(1786376133.631744) can0 38F#B12AE25302000000
(1786376133.632081) can0 38E#7625004011000000
(1786376133.642021) can0 38E#9126004011000000
(1786376133.651927) can0 38F#EC2BE25302000000
(1786376133.652284) can0 38E#CC27004011000000
(1786376133.661857) can0 38E#9028004011000000
(1786376133.671839) can0 38F#622CE25302000000
(1786376133.672269) can0 38E#CD29004011000000
(1786376133.681832) can0 38E#2A2A004011000000
(1786376133.692217) can0 38F#3F2DE25302000000
(1786376133.692746) can0 38E#772B004011000000
(1786376133.701907) can0 38E#F92C004011000000
(1786376133.711697) can0 38F#D82EE25302000000
(1786376133.712046) can0 38E#A42D004011000000
(1786376133.721864) can0 38E#432E004011000000
(1786376133.732011) can0 38F#852FE25302000000
(1786376133.732508) can0 38E#1E2F004011000000
(1786376133.742093) can0 38E#4220004011000000
(1786376133.751820) can0 38F#D920E25302000000
(1786376133.752144) can0 38E#1F21004011000000
(1786376133.761802) can0 38E#F822004011000000
(1786376133.771771) can0 38F#8421E25302000000
(1786376133.772012) can0 38E#A523004011000000
(1786376133.781758) can0 38E#2B24004011000000
(1786376133.791763) can0 38F#6322E25302000000
(1786376133.792038) can0 38E#7625004011000000
(1786376133.801787) can0 38E#9126004011000000
(1786376133.811796) can0 38F#3E23E25302000000
(1786376133.812114) can0 38E#CC27004011000000
(1786376133.821829) can0 38E#9028004011000000
(1786376133.831810) can0 38F#B024E25302000000
(1786376133.832079) can0 38E#CD29004011000000
(1786376133.841817) can0 38E#2A2A004011000000
(1786376133.851830) can0 38F#ED25E25302000000
(1786376133.852168) can0 38E#772B004011000000
(1786376133.861727) can0 38E#F92C004011000000
(1786376133.871894) can0 38F#0A26E25302000000
(1786376133.872339) can0 38E#A42D004011000000
(1786376133.881849) can0 38E#432E004011000000
(1786376133.891865) can0 38F#5727E25302000000
(1786376133.892264) can0 38E#1E2F004011000000
(1786376133.901764) can0 38E#4220004011000000
(1786376133.911726) can0 38F#0B28E25302000000
(1786376133.912059) can0 38E#1F21004011000000
(1786376133.921882) can0 38E#F822004011000000
(1786376133.931846) can0 38F#5629E25302000000
(1786376133.932218) can0 38E#A523004011000000
(1786376133.941909) can0 38E#2B24004011000000
(1786376133.951696) can0 38F#B12AE25302000000
(1786376133.951969) can0 38E#7625004011000000
(1786376133.961804) can0 38E#9126004011000000
(1786376133.971782) can0 38F#EC2BE25302000000
(1786376133.972013) can0 38E#CC27004011000000
(1786376133.982051) can0 38E#9028004011000000
(1786376133.991859) can0 38F#622CE25302000000
(1786376133.992279) can0 38E#CD29004011000000
(1786376134.001871) can0 38E#2A2A004011000000
(1786376134.011523) can0 38F#3F2DE25302000000
(1786376134.011911) can0 38E#772B004011000000
(1786376134.021967) can0 38E#F92C004011000000
(1786376134.031873) can0 38F#D82EE25302000000
(1786376134.032402) can0 38E#A42D004011000000
(1786376134.042103) can0 38E#432E004011000000
(1786376134.051866) can0 38F#852FE25302000000
(1786376134.052184) can0 38E#1E2F004011000000
(1786376134.061811) can0 38E#4220004011000000
(1786376134.072018) can0 38F#D920E25302000000
(1786376134.072523) can0 38E#1F21004011000000
(1786376134.082058) can0 38E#F822004011000000
(1786376134.091850) can0 38F#8421E25302000000
(1786376134.092253) can0 38E#A523004011000000
(1786376134.101793) can0 38E#2B24004011000000
(1786376134.111815) can0 38F#6322E25302000000
(1786376134.112202) can0 38E#7625004011000000
(1786376134.122005) can0 38E#9126004011000000
(1786376134.131860) can0 38F#3E23E25302000000
(1786376134.132244) can0 38E#CC27004011000000
(1786376134.142059) can0 38E#9028004011000000
(1786376134.151763) can0 38F#B024E25302000000
(1786376134.152127) can0 38E#CD29004011000000
(1786376134.161793) can0 38E#2A2A004011000000
(1786376134.171796) can0 38F#ED25E25302000000
(1786376134.172041) can0 38E#772B004011000000
(1786376134.181838) can0 38E#F92C004011000000
(1786376134.191722) can0 38F#0A26E25302000000
(1786376134.192071) can0 38E#A42D004011000000
(1786376134.201778) can0 38E#432E004011000000
(1786376134.211843) can0 38F#5727E25302000000
(1786376134.212105) can0 38E#1E2F004011000000
(1786376134.221827) can0 38E#4220004011000000
(1786376134.231688) can0 38F#0B28E25302000000
(1786376134.231904) can0 38E#1F21004011000000
(1786376134.241728) can0 38E#F822004011000000
(1786376134.251814) can0 38F#5629E25302000000
(1786376134.252093) can0 38E#A523004011000000
(1786376134.261794) can0 38E#2B24004011000000
(1786376134.271779) can0 38F#B12AE25302000000
(1786376134.272108) can0 38E#7625004011000000
(1786376134.281801) can0 38E#9126004011000000
(1786376134.291791) can0 38F#EC2BE25302000000
(1786376134.292069) can0 38E#CC27004011000000
(1786376134.301837) can0 38E#9028004011000000
(1786376134.311815) can0 38F#622CE25302000000
(1786376134.312104) can0 38E#CD29004011000000
(1786376134.321815) can0 38E#2A2A004011000000
(1786376134.331724) can0 38F#3F2DE25302000000
(1786376134.332014) can0 38E#772B004011000000
(1786376134.341823) can0 38E#F92C004011000000
(1786376134.351870) can0 38F#D82EE25302000000
(1786376134.352255) can0 38E#A42D004011000000
(1786376134.361872) can0 38E#432E004011000000
(1786376134.371908) can0 38F#852FE25302000000
(1786376134.372313) can0 38E#1E2F004011000000
(1786376134.381894) can0 38E#4220004011000000
(1786376134.391787) can0 38F#D920E25302000000
(1786376134.392213) can0 38E#1F21004011000000
(1786376134.401877) can0 38E#F822004011000000
(1786376134.411865) can0 38F#8421E25302000000
(1786376134.412280) can0 38E#A523004011000000
(1786376134.421944) can0 38E#2B24004011000000
(1786376134.431838) can0 38F#6322E25302000000
(1786376134.432260) can0 38E#7625004011000000
(1786376134.441980) can0 38E#9126004011000000
(1786376134.451783) can0 38F#3E23E25302000000
(1786376134.452146) can0 38E#CC27004011000000
(1786376134.462012) can0 38E#9028004011000000
(1786376134.471851) can0 38F#B024E25302000000
(1786376134.472211) can0 38E#CD29004011000000
(1786376134.481948) can0 38E#2A2A004011000000
(1786376134.491896) can0 38F#ED25E25302000000
(1786376134.492328) can0 38E#772B004011000000
(1786376134.501815) can0 38E#F92C004011000000
(1786376134.511783) can0 38F#0A26E25302000000
(1786376134.512116) can0 38E#A42D004011000000
(1786376134.522021) can0 38E#432E004011000000
(1786376134.532144) can0 38F#5727E25302000000
(1786376134.532557) can0 38E#1E2F004011000000
(1786376134.541866) can0 38E#4220004011000000
(1786376134.551795) can0 38F#0B28E25302000000
(1786376134.552152) can0 38E#1F21004011000000
(1786376134.561867) can0 38E#F822004011000000
(1786376134.571852) can0 38F#5629E25302000000
(1786376134.572294) can0 38E#A523004011000000
(1786376134.581911) can0 38E#2B24004011000000
(1786376134.591659) can0 38F#B12AE25302000000
(1786376134.592016) can0 38E#7625004011000000
(1786376134.601898) can0 38E#9126004011000000
(1786376134.611867) can0 38F#EC2BE25302000000
(1786376134.612225) can0 38E#CC27004011000000
(1786376134.621833) can0 38E#9028004011000000
(1786376134.631834) can0 38F#622CE25302000000
(1786376134.632135) can0 38E#CD29004011000000
(1786376134.642048) can0 38E#2A2A004011000000
(1786376134.651863) can0 38F#3F2DE25302000000
(1786376134.652239) can0 38E#772B004011000000
(1786376134.661919) can0 38E#F92C004011000000
(1786376134.671801) can0 38F#D82EE25302000000
(1786376134.672233) can0 38E#A42D004011000000
(1786376134.681879) can0 38E#432E004011000000
(1786376134.691988) can0 38F#852FE25302000000
(1786376134.692398) can0 38E#1E2F004011000000
(1786376134.701827) can0 38E#4220004011000000
(1786376134.711823) can0 38F#D920E25302000000
(1786376134.712257) can0 38E#1F21004011000000
(1786376134.721967) can0 38E#F822004011000000
(1786376134.731981) can0 38F#8421E25302000000
(1786376134.732385) can0 38E#A523004011000000
(1786376134.741822) can0 38E#2B24004011000000
(1786376134.751712) can0 38F#6322E25302000000
(1786376134.751964) can0 38E#7625004011000000
(1786376134.761767) can0 38E#9126004011000000
(1786376134.771827) can0 38F#3E23E25302000000
(1786376134.772164) can0 38E#CC27004011000000
(1786376134.781818) can0 38E#9028004011000000
(1786376134.791769) can0 38F#B024E25302000000
(1786376134.792095) can0 38E#CD29004011000000
(1786376134.801863) can0 38E#2A2A004011000000
(1786376134.811794) can0 38F#ED25E25302000000
(1786376134.812118) can0 38E#772B004011000000
(1786376134.821756) can0 38E#F92C004011000000
(1786376134.831747) can0 38F#0A26E25302000000
(1786376134.832068) can0 38E#A42D004011000000
(1786376134.841804) can0 38E#432E004011000000
(1786376134.851750) can0 38F#5727E25302000000
(1786376134.852009) can0 38E#1E2F004011000000
(1786376134.861813) can0 38E#4220004011000000
(1786376134.871487) can0 38F#0B28E25302000000
(1786376134.871867) can0 38E#1F21004011000000
(1786376134.881808) can0 38E#F822004011000000
(1786376134.891884) can0 38F#5629E25302000000
(1786376134.892306) can0 38E#A523004011000000
(1786376134.901836) can0 38E#2B24004011000000
(1786376134.911872) can0 38F#B12AE25302000000
(1786376134.912230) can0 38E#7625004011000000
(1786376134.921933) can0 38E#9126004011000000
(1786376134.932018) can0 38F#EC2BE25302000000
(1786376134.932404) can0 38E#CC27004011000000
(1786376134.942153) can0 38E#9028004011000000
(1786376134.951832) can0 38F#622CE25302000000
(1786376134.952240) can0 38E#CD29004011000000
(1786376134.961841) can0 38E#2A2A004011000000
(1786376134.971896) can0 38F#3F2DE25302000000
(1786376134.972337) can0 38E#772B004011000000
(1786376134.982013) can0 38E#F92C004011000000
(1786376134.991969) can0 38F#D82EE25302000000
(1786376134.992348) can0 38E#A42D004011000000
(1786376135.001882) can0 38E#432E004011000000
(1786376135.011887) can0 38F#852FE25302000000
(1786376135.012373) can0 38E#1E2F004011000000
(1786376135.021897) can0 38E#4220004011000000
(1786376135.031835) can0 38F#D920E25302000000
(1786376135.032249) can0 38E#1F21004011000000
(1786376135.042089) can0 38E#F822004011000000
(1786376135.051835) can0 38F#8421E25302000000
(1786376135.052150) can0 38E#A523004011000000
(1786376135.061761) can0 38E#2B24004011000000
(1786376135.071861) can0 38F#6322E25302000000
(1786376135.072229) can0 38E#7625004011000000
(1786376135.081938) can0 38E#9126004011000000
(1786376135.091580) can0 38F#3E23E25302000000
(1786376135.091979) can0 38E#CC27004011000000
(1786376135.101740) can0 38E#9028004011000000
(1786376135.111834) can0 38F#B024E25302000000
(1786376135.112288) can0 38E#CD29004011000000
(1786376135.122032) can0 38E#2A2A004011000000
(1786376135.131888) can0 38F#ED25E25302000000
(1786376135.132257) can0 38E#772B004011000000
(1786376135.142070) can0 38E#F92C004011000000
(1786376135.151850) can0 38F#0A26E25302000000
(1786376135.152205) can0 38E#A42D004011000000
(1786376135.161997) can0 38E#432E004011000000
(1786376135.171866) can0 38F#5727E25302000000
(1786376135.172264) can0 38E#1E2F004011000000
(1786376135.182011) can0 38E#4220004011000000
(1786376135.191781) can0 38F#0B28E25302000000
(1786376135.192158) can0 38E#1F21004011000000
(1786376135.201809) can0 38E#F822004011000000
(1786376135.211920) can0 38F#5629E25302000000
(1786376135.212386) can0 38E#A523004011000000
(1786376135.221877) can0 38E#2B24004011000000
(1786376135.231787) can0 38F#B12AE25302000000
(1786376135.232324) can0 38E#7625004011000000
(1786376135.241871) can0 38E#9126004011000000
(1786376135.251839) can0 38F#EC2BE25302000000
(1786376135.252223) can0 38E#CC27004011000000
(1786376135.261933) can0 38E#9028004011000000
(1786376135.271732) can0 38F#622CE25302000000
(1786376135.272052) can0 38E#CD29004011000000
(1786376135.281880) can0 38E#2A2A004011000000
(1786376135.291827) can0 38F#3F2DE25302000000
(1786376135.292227) can0 38E#772B004011000000
(1786376135.301820) can0 38E#F92C004011000000
(1786376135.311780) can0 38F#D82EE25302000000
(1786376135.312189) can0 38E#A42D004011000000
(1786376135.321909) can0 38E#432E004011000000
(1786376135.331911) can0 38F#852FE25302000000
(1786376135.332264) can0 38E#1E2F004011000000
(1786376135.341914) can0 38E#4220004011000000
(1786376135.351750) can0 38F#D920E25302000000
(1786376135.352160) can0 38E#1F21004011000000
(1786376135.361776) can0 38E#F822004011000000
(1786376135.371964) can0 38F#8421E25302000000
(1786376135.372402) can0 38E#A523004011000000
(1786376135.381775) can0 38E#2B24004011000000
(1786376135.391791) can0 38F#6322E25302000000
(1786376135.392127) can0 38E#7625004011000000
(1786376135.401859) can0 38E#9126004011000000
(1786376135.411880) can0 38F#3E23E25302000000
(1786376135.412334) can0 38E#CC27004011000000
(1786376135.421996) can0 38E#9028004011000000
(1786376135.431826) can0 38F#B024E25302000000
(1786376135.432249) can0 38E#CD29004011000000
(1786376135.441916) can0 38E#2A2A004011000000
(1786376135.451541) can0 38F#ED25E25302000000
(1786376135.451942) can0 38E#772B004011000000
(1786376135.461848) can0 38E#F92C004011000000
(1786376135.471871) can0 38F#0A26E25302000000
(1786376135.472289) can0 38E#A42D004011000000
(1786376135.481921) can0 38E#432E004011000000
(1786376135.491952) can0 38F#5727E25302000000
(1786376135.492417) can0 38E#1E2F004011000000
(1786376135.501918) can0 38E#4220004011000000
(1786376135.511836) can0 38F#0B28E25302000000
(1786376135.512142) can0 38E#1F21004011000000
(1786376135.521821) can0 38E#F822004011000000
(1786376135.531967) can0 38F#5629E25302000000
(1786376135.532367) can0 38E#A523004011000000
(1786376135.542088) can0 38E#2B24004011000000
(1786376135.551823) can0 38F#B12AE25302000000
(1786376135.552168) can0 38E#7625004011000000
(1786376135.561831) can0 38E#9126004011000000
(1786376135.571876) can0 38F#EC2BE25302000000
(1786376135.572222) can0 38E#CC27004011000000
(1786376135.582057) can0 38E#9028004011000000
(1786376135.591846) can0 38F#622CE25302000000
(1786376135.592266) can0 38E#CD29004011000000
(1786376135.601968) can0 38E#2A2A004011000000
(1786376135.611798) can0 38F#3F2DE25302000000
(1786376135.612149) can0 38E#772B004011000000
(1786376135.621948) can0 38E#F92C004011000000
(1786376135.631925) can0 38F#D82EE25302000000
(1786376135.632358) can0 38E#A42D004011000000
(1786376135.642128) can0 38E#432E004011000000
(1786376135.651852) can0 38F#852FE25302000000
(1786376135.652213) can0 38E#1E2F004011000000
(1786376135.661877) can0 38E#4220004011000000
(1786376135.671779) can0 38F#D920E25302000000
(1786376135.672154) can0 38E#1F21004011000000
(1786376135.681955) can0 38E#F822004011000000
(1786376135.692022) can0 38F#8421E25302000000
(1786376135.692428) can0 38E#A523004011000000
(1786376135.701801) can0 38E#2B24004011000000
(1786376135.711841) can0 38F#6322E25302000000
(1786376135.712329) can0 38E#7625004011000000
(1786376135.722018) can0 38E#9126004011000000
(1786376135.731561) can0 38F#3E23E25302000000
(1786376135.731961) can0 38E#CC27004011000000
(1786376135.742037) can0 38E#9028004011000000
(1786376135.751832) can0 38F#B024E25302000000
(1786376135.752217) can0 38E#CD29004011000000
(1786376135.761831) can0 38E#2A2A004011000000
(1786376135.772022) can0 38F#ED25E25302000000
(1786376135.772501) can0 38E#772B004011000000
(1786376135.781965) can0 38E#F92C004011000000
(1786376135.791795) can0 38F#0A26E25302000000
(1786376135.792241) can0 38E#A42D004011000000
(1786376135.801865) can0 38E#432E004011000000
(1786376135.811847) can0 38F#5727E25302000000
(1786376135.812207) can0 38E#1E2F004011000000
(1786376135.821951) can0 38E#4220004011000000
(1786376135.831951) can0 38F#0B28E25302000000
(1786376135.832345) can0 38E#1F21004011000000
(1786376135.841904) can0 38E#F822004011000000
(1786376135.851833) can0 38F#5629E25302000000
(1786376135.852179) can0 38E#A523004011000000
(1786376135.861854) can0 38E#2B24004011000000
(1786376135.871848) can0 38F#B12AE25302000000
(1786376135.872258) can0 38E#7625004011000000
(1786376135.881887) can0 38E#9126004011000000
(1786376135.892004) can0 38F#EC2BE25302000000
(1786376135.892384) can0 38E#CC27004011000000
(1786376135.901856) can0 38E#9028004011000000
(1786376135.911834) can0 38F#622CE25302000000
(1786376135.912307) can0 38E#CD29004011000000
(1786376135.921994) can0 38E#2A2A004011000000
(1786376135.931988) can0 38F#3F2DE25302000000
(1786376135.932423) can0 38E#772B004011000000
(1786376135.942037) can0 38E#F92C004011000000
(1786376135.951588) can0 38F#D82EE25302000000
(1786376135.951926) can0 38E#A42D004011000000
(1786376135.961771) can0 38E#432E004011000000
(1786376135.971989) can0 38F#852FE25302000000
(1786376135.972429) can0 38E#1E2F004011000000
(1786376135.981927) can0 38E#4220004011000000
(1786376135.991874) can0 38F#D920E25302000000
(1786376135.992291) can0 38E#1F21004011000000
(1786376136.001876) can0 38E#F822004011000000
(1786376136.011900) can0 38F#8421E25302000000
(1786376136.012399) can0 38E#A523004011000000
(1786376136.021977) can0 38E#2B24004011000000
(1786376136.031888) can0 38F#6322E25302000000
(1786376136.032256) can0 38E#7625004011000000
(1786376136.041865) can0 38E#9126004011000000
(1786376136.051878) can0 38F#3E23E25302000000
(1786376136.052248) can0 38E#CC27004011000000
(1786376136.062053) can0 38E#9028004011000000
(1786376136.071844) can0 38F#B024E25302000000
(1786376136.072216) can0 38E#CD29004011000000
(1786376136.081903) can0 38E#2A2A004011000000
(1786376136.091862) can0 38F#ED25E25302000000
(1786376136.092282) can0 38E#772B004011000000
(1786376136.101835) can0 38E#F92C004011000000
(1786376136.111815) can0 38F#0A26E25302000000
(1786376136.112225) can0 38E#A42D004011000000
(1786376136.121941) can0 38E#432E004011000000
(1786376136.131822) can0 38F#5727E25302000000
(1786376136.132223) can0 38E#1E2F004011000000
(1786376136.141926) can0 38E#4220004011000000
(1786376136.151835) can0 38F#0B28E25302000000
(1786376136.152201) can0 38E#1F21004011000000
(1786376136.161943) can0 38E#F822004011000000
(1786376136.171840) can0 38F#5629E25302000000
(1786376136.172253) can0 38E#A523004011000000
(1786376136.182036) can0 38E#2B24004011000000
(1786376136.191908) can0 38F#B12AE25302000000
(1786376136.192479) can0 38E#7625004011000000
(1786376136.201875) can0 38E#9126004011000000
(1786376136.211830) can0 38F#EC2BE25302000000
(1786376136.212312) can0 38E#CC27004011000000
(1786376136.221967) can0 38E#9028004011000000
(1786376136.231918) can0 38F#622CE25302000000
(1786376136.232238) can0 38E#CD29004011000000
(1786376136.242087) can0 38E#2A2A004011000000
(1786376136.251887) can0 38F#3F2DE25302000000
(1786376136.252251) can0 38E#772B004011000000
(1786376136.261842) can0 38E#F92C004011000000
(1786376136.271828) can0 38F#D82EE25302000000
(1786376136.272168) can0 38E#A42D004011000000
(1786376136.281864) can0 38E#432E004011000000
(1786376136.291894) can0 38F#852FE25302000000
(1786376136.292285) can0 38E#1E2F004011000000
(1786376136.301840) can0 38E#4220004011000000
(1786376136.311802) can0 38F#D920E25302000000
(1786376136.312272) can0 38E#1F21004011000000
(1786376136.321912) can0 38E#F822004011000000
(1786376136.331768) can0 38F#8421E25302000000
(1786376136.332105) can0 38E#A523004011000000
(1786376136.342052) can0 38E#2B24004011000000
(1786376136.351815) can0 38F#6322E25302000000
(1786376136.352234) can0 38E#7625004011000000
(1786376136.361980) can0 38E#9126004011000000
(1786376136.371923) can0 38F#3E23E25302000000
(1786376136.372343) can0 38E#CC27004011000000
(1786376136.381959) can0 38E#9028004011000000
(1786376136.391770) can0 38F#B024E25302000000
(1786376136.392160) can0 38E#CD29004011000000
(1786376136.401855) can0 38E#2A2A004011000000
(1786376136.411941) can0 38F#ED25E25302000000
(1786376136.412395) can0 38E#772B004011000000
(1786376136.422014) can0 38E#F92C004011000000
(1786376136.432028) can0 38F#0A26E25302000000
(1786376136.432443) can0 38E#A42D004011000000
(1786376136.441899) can0 38E#432E004011000000
(1786376136.451915) can0 38F#5727E25302000000
(1786376136.452298) can0 38E#1E2F004011000000
(1786376136.461879) can0 38E#4220004011000000
(1786376136.471964) can0 38F#0B28E25302000000
(1786376136.472363) can0 38E#1F21004011000000
(1786376136.481904) can0 38E#F822004011000000
(1786376136.491795) can0 38F#5629E25302000000
(1786376136.492225) can0 38E#A523004011000000
(1786376136.501871) can0 38E#2B24004011000000
(1786376136.511864) can0 38F#B12AE25302000000
(1786376136.512288) can0 38E#7625004011000000
(1786376136.521952) can0 38E#9126004011000000
(1786376136.531843) can0 38F#EC2BE25302000000
(1786376136.532272) can0 38E#CC27004011000000
(1786376136.542096) can0 38E#9028004011000000
(1786376136.551800) can0 38F#622CE25302000000
(1786376136.552173) can0 38E#CD29004011000000
(1786376136.561847) can0 38E#2A2A004011000000
(1786376136.571967) can0 38F#3F2DE25302000000
(1786376136.572445) can0 38E#772B004011000000
(1786376136.581968) can0 38E#F92C004011000000
(1786376136.591635) can0 38F#D82EE25302000000
(1786376136.592131) can0 38E#A42D004011000000
(1786376136.601832) can0 38E#432E004011000000
(1786376136.611899) can0 38F#852FE25302000000
(1786376136.612334) can0 38E#1E2F004011000000
(1786376136.621914) can0 38E#4220004011000000
(1786376136.631840) can0 38F#D920E25302000000
(1786376136.632247) can0 38E#1F21004011000000
(1786376136.641865) can0 38E#F822004011000000
(1786376136.651858) can0 38F#8421E25302000000
(1786376136.652209) can0 38E#A523004011000000
(1786376136.661935) can0 38E#2B24004011000000
(1786376136.671817) can0 38F#6322E25302000000
(1786376136.672376) can0 38E#7625004011000000
(1786376136.681923) can0 38E#9126004011000000
(1786376136.691812) can0 38F#3E23E25302000000
(1786376136.692166) can0 38E#CC27004011000000
(1786376136.701842) can0 38E#9028004011000000
(1786376136.711858) can0 38F#B024E25302000000
(1786376136.712227) can0 38E#CD29004011000000
(1786376136.721928) can0 38E#2A2A004011000000
(1786376136.732055) can0 38F#ED25E25302000000
(1786376136.732563) can0 38E#772B004011000000
(1786376136.741936) can0 38E#F92C004011000000
(1786376136.751784) can0 38F#0A26E25302000000
(1786376136.752095) can0 38E#A42D004011000000
(1786376136.761866) can0 38E#432E004011000000
(1786376136.771868) can0 38F#5727E25302000000
(1786376136.772214) can0 38E#1E2F004011000000
(1786376136.781930) can0 38E#4220004011000000
(1786376136.791822) can0 38F#0B28E25302000000
(1786376136.792292) can0 38E#1F21004011000000
(1786376136.801863) can0 38E#F822004011000000
(1786376136.811555) can0 38F#5629E25302000000
(1786376136.811864) can0 38E#A523004011000000
(1786376136.821897) can0 38E#2B24004011000000
(1786376136.831785) can0 38F#B12AE25302000000
(1786376136.832278) can0 38E#7625004011000000
(1786376136.842065) can0 38E#9126004011000000
(1786376136.851789) can0 38F#EC2BE25302000000
(1786376136.852178) can0 38E#CC27004011000000
(1786376136.861856) can0 38E#9028004011000000
(1786376136.871962) can0 38F#622CE25302000000
(1786376136.872417) can0 38E#CD29004011000000
(1786376136.882083) can0 38E#2A2A004011000000
(1786376136.891866) can0 38F#3F2DE25302000000
(1786376136.892282) can0 38E#772B004011000000
(1786376136.901789) can0 38E#F92C004011000000
(1786376136.911806) can0 38F#D82EE25302000000
(1786376136.912214) can0 38E#A42D004011000000
(1786376136.922005) can0 38E#432E004011000000
(1786376136.931967) can0 38F#852FE25302000000
(1786376136.932421) can0 38E#1E2F004011000000
(1786376136.942040) can0 38E#4220004011000000
(1786376136.951804) can0 38F#D920E25302000000
(1786376136.952245) can0 38E#1F21004011000000
(1786376136.961856) can0 38E#F822004011000000
(1786376136.971914) can0 38F#8421E25302000000
(1786376136.972330) can0 38E#A523004011000000
(1786376136.981958) can0 38E#2B24004011000000
(1786376136.991885) can0 38F#6322E25302000000
(1786376136.992371) can0 38E#7625004011000000
(1786376137.001878) can0 38E#9126004011000000
(1786376137.011912) can0 38F#3E23E25302000000
(1786376137.012331) can0 38E#CC27004011000000
(1786376137.021887) can0 38E#9028004011000000
(1786376137.031767) can0 38F#B024E25302000000
(1786376137.032152) can0 38E#CD29004011000000
(1786376137.042012) can0 38E#2A2A004011000000
(1786376137.051849) can0 38F#ED25E25302000000
(1786376137.052201) can0 38E#772B004011000000
(1786376137.061896) can0 38E#F92C004011000000
(1786376137.071826) can0 38F#0A26E25302000000
(1786376137.072273) can0 38E#A42D004011000000
(1786376137.081923) can0 38E#432E004011000000
(1786376137.092023) can0 38F#5727E25302000000
(1786376137.092587) can0 38E#1E2F004011000000
(1786376137.101856) can0 38E#4220004011000000
(1786376137.111809) can0 38F#0B28E25302000000
(1786376137.112212) can0 38E#1F21004011000000
(1786376137.121943) can0 38E#F822004011000000
(1786376137.132042) can0 38F#5629E25302000000
(1786376137.132463) can0 38E#A523004011000000
(1786376137.142008) can0 38E#2B24004011000000
(1786376137.151796) can0 38F#B12AE25302000000
(1786376137.152128) can0 38E#7625004011000000
(1786376137.161865) can0 38E#9126004011000000
(1786376137.171527) can0 38F#EC2BE25302000000
(1786376137.171797) can0 38E#CC27004011000000
(1786376137.181798) can0 38E#9028004011000000
(1786376137.191978) can0 38F#622CE25302000000
(1786376137.192405) can0 38E#CD29004011000000
(1786376137.201831) can0 38E#2A2A004011000000
(1786376137.211912) can0 38F#3F2DE25302000000
(1786376137.212343) can0 38E#772B004011000000
(1786376137.221908) can0 38E#F92C004011000000
(1786376137.231863) can0 38F#D82EE25302000000
(1786376137.232333) can0 38E#A42D004011000000
(1786376137.241835) can0 38E#432E004011000000
(1786376137.251861) can0 38F#852FE25302000000
(1786376137.252204) can0 38E#1E2F004011000000
(1786376137.261867) can0 38E#4220004011000000
(1786376137.271866) can0 38F#D920E25302000000
(1786376137.272250) can0 38E#1F21004011000000
(1786376137.282018) can0 38E#F822004011000000
(1786376137.291791) can0 38F#8421E25302000000
(1786376137.292124) can0 38E#A523004011000000
(1786376137.301831) can0 38E#2B24004011000000
(1786376137.311866) can0 38F#6322E25302000000
(1786376137.312335) can0 38E#7625004011000000
(1786376137.321986) can0 38E#9126004011000000
(1786376137.331851) can0 38F#3E23E25302000000
(1786376137.332265) can0 38E#CC27004011000000
(1786376137.341995) can0 38E#9028004011000000
(1786376137.351754) can0 38F#B024E25302000000
(1786376137.352161) can0 38E#CD29004011000000
(1786376137.361827) can0 38E#2A2A004011000000
(1786376137.371970) can0 38F#ED25E25302000000
(1786376137.372538) can0 38E#772B004011000000
(1786376137.382013) can0 38E#F92C004011000000
(1786376137.391812) can0 38F#0A26E25302000000
(1786376137.392189) can0 38E#A42D004011000000
(1786376137.401824) can0 38E#432E004011000000
(1786376137.411778) can0 38F#5727E25302000000
(1786376137.412095) can0 38E#1E2F004011000000
(1786376137.421895) can0 38E#4220004011000000
(1786376137.431863) can0 38F#0B28E25302000000
(1786376137.432198) can0 38E#1F21004011000000
(1786376137.442087) can0 38E#F822004011000000
(1786376137.451529) can0 38F#5629E25302000000
(1786376137.451854) can0 38E#A523004011000000
(1786376137.461890) can0 38E#2B24004011000000
(1786376137.471974) can0 38F#B12AE25302000000
(1786376137.472431) can0 38E#7625004011000000
(1786376137.481971) can0 38E#9126004011000000
(1786376137.491967) can0 38F#EC2BE25302000000
(1786376137.492387) can0 38E#CC27004011000000
(1786376137.501840) can0 38E#9028004011000000
(1786376137.511774) can0 38F#622CE25302000000
(1786376137.512209) can0 38E#CD29004011000000
(1786376137.521950) can0 38E#2A2A004011000000
(1786376137.531872) can0 38F#3F2DE25302000000
(1786376137.532231) can0 38E#772B004011000000
(1786376137.542023) can0 38E#F92C004011000000
(1786376137.551863) can0 38F#D82EE25302000000
(1786376137.552189) can0 38E#A42D004011000000
(1786376137.561912) can0 38E#432E004011000000
(1786376137.571879) can0 38F#852FE25302000000
(1786376137.572266) can0 38E#1E2F004011000000
(1786376137.582037) can0 38E#4220004011000000
(1786376137.591985) can0 38F#D920E25302000000
(1786376137.592591) can0 38E#1F21004011000000
(1786376137.601784) can0 38E#F822004011000000
(1786376137.611848) can0 38F#8421E25302000000
(1786376137.612282) can0 38E#A523004011000000
(1786376137.622019) can0 38E#2B24004011000000
(1786376137.631874) can0 38F#6322E25302000000
(1786376137.632297) can0 38E#7625004011000000
(1786376137.642101) can0 38E#9126004011000000
(1786376137.651890) can0 38F#3E23E25302000000
(1786376137.652146) can0 38E#CC27004011000000
(1786376137.661893) can0 38E#9028004011000000
(1786376137.671845) can0 38F#B024E25302000000
(1786376137.672213) can0 38E#CD29004011000000
(1786376137.681846) can0 38E#2A2A004011000000
(1786376137.692044) can0 38F#ED25E25302000000
(1786376137.692411) can0 38E#772B004011000000
(1786376137.701846) can0 38E#F92C004011000000
(1786376137.711825) can0 38F#0A26E25302000000
(1786376137.712261) can0 38E#A42D004011000000
(1786376137.721898) can0 38E#432E004011000000
(1786376137.731986) can0 38F#5727E25302000000
(1786376137.732344) can0 38E#1E2F004011000000
(1786376137.741966) can0 38E#4220004011000000
(1786376137.751837) can0 38F#0B28E25302000000
(1786376137.752219) can0 38E#1F21004011000000
(1786376137.761830) can0 38E#F822004011000000
(1786376137.771772) can0 38F#5629E25302000000
(1786376137.772126) can0 38E#A523004011000000
(1786376137.781757) can0 38E#2B24004011000000
(1786376137.791771) can0 38F#B12AE25302000000
(1786376137.792083) can0 38E#7625004011000000
(1786376137.801757) can0 38E#9126004011000000
(1786376137.811749) can0 38F#EC2BE25302000000
(1786376137.812006) can0 38E#CC27004011000000
(1786376137.821769) can0 38E#9028004011000000
(1786376137.831762) can0 38F#622CE25302000000
(1786376137.832096) can0 38E#CD29004011000000
(1786376137.841849) can0 38E#2A2A004011000000
(1786376137.851774) can0 38F#3F2DE25302000000
(1786376137.852144) can0 38E#772B004011000000
(1786376137.861797) can0 38E#F92C004011000000
(1786376137.871745) can0 38F#D82EE25302000000
(1786376137.872104) can0 38E#A42D004011000000
(1786376137.881710) can0 38E#432E004011000000
(1786376137.891693) can0 38F#852FE25302000000
(1786376137.891929) can0 38E#1E2F004011000000
(1786376137.901788) can0 38E#4220004011000000
(1786376137.911832) can0 38F#D920E25302000000
(1786376137.912200) can0 38E#1F21004011000000
(1786376137.921869) can0 38E#F822004011000000
(1786376137.931799) can0 38F#8421E25302000000
(1786376137.932192) can0 38E#A523004011000000
(1786376137.941880) can0 38E#2B24004011000000
(1786376137.951835) can0 38F#6322E25302000000
(1786376137.952308) can0 38E#7625004011000000
(1786376137.961876) can0 38E#9126004011000000
(1786376137.971912) can0 38F#3E23E25302000000
(1786376137.972259) can0 38E#CC27004011000000
(1786376137.981980) can0 38E#9028004011000000
(1786376137.991795) can0 38F#B024E25302000000
(1786376137.992187) can0 38E#CD29004011000000
(1786376138.001832) can0 38E#2A2A004011000000
(1786376138.011878) can0 38F#ED25E25302000000
(1786376138.012281) can0 38E#772B004011000000
(1786376138.021929) can0 38E#F92C004011000000
(1786376138.031909) can0 38F#0A26E25302000000
(1786376138.032289) can0 38E#A42D004011000000
(1786376138.041989) can0 38E#432E004011000000
(1786376138.051833) can0 38F#5727E25302000000
(1786376138.052179) can0 38E#1E2F004011000000
(1786376138.061847) can0 38E#4220004011000000
(1786376138.071853) can0 38F#0B28E25302000000
(1786376138.072212) can0 38E#1F21004011000000
(1786376138.081931) can0 38E#F822004011000000
(1786376138.092054) can0 38F#5629E25302000000
(1786376138.092497) can0 38E#A523004011000000
(1786376138.101794) can0 38E#2B24004011000000
(1786376138.111583) can0 38F#B12AE25302000000
(1786376138.111973) can0 38E#7625004011000000
(1786376138.121828) can0 38E#9126004011000000
(1786376138.131871) can0 38F#EC2BE25302000000
(1786376138.132173) can0 38E#CC27004011000000
(1786376138.141743) can0 38E#9028004011000000
(1786376138.151741) can0 38F#622CE25302000000
(1786376138.152016) can0 38E#CD29004011000000
(1786376138.161785) can0 38E#2A2A004011000000
(1786376138.171820) can0 38F#3F2DE25302000000
(1786376138.172073) can0 38E#772B004011000000
(1786376138.181787) can0 38E#F92C004011000000
(1786376138.213563) can0 38F#D82EE25302000000
(1786376138.225976) can0 38E#A42D004011000000
(1786376138.227569) can0 38E#432E004011000000
(1786376138.228647) can0 38F#852FE25302000000
(1786376138.237840) can0 38E#1E2F004011000000
(1786376138.263352) can0 38E#4220004011000000
(1786376138.264055) can0 38F#D920E25302000000
(1786376138.264347) can0 38E#1F21004011000000
(1786376138.264881) can0 38E#F822004011000000
(1786376138.266012) can0 38F#8421E25302000000
(1786376138.266319) can0 38E#A523004011000000
(1786376138.266593) can0 38E#2B24004011000000
(1786376138.271806) can0 38F#6322E25302000000
(1786376138.272164) can0 38E#7625004011000000
(1786376138.294677) can0 38E#9126004011000000
(1786376138.295273) can0 38F#3E23E25302000000
(1786376138.295558) can0 38E#CC27004011000000
(1786376138.301861) can0 38E#9028004011000000
(1786376138.311468) can0 38F#B024E25302000000
(1786376138.311826) can0 38E#CD29004011000000
(1786376138.321944) can0 38E#2A2A004011000000
(1786376138.331884) can0 38F#ED25E25302000000
(1786376138.332170) can0 38E#772B004011000000
(1786376138.341978) can0 38E#F92C004011000000
(1786376138.351850) can0 38F#0A26E25302000000
(1786376138.352204) can0 38E#A42D004011000000
(1786376138.361822) can0 38E#432E004011000000
(1786376138.371888) can0 38F#5727E25302000000
(1786376138.372277) can0 38E#1E2F004011000000
(1786376138.381953) can0 38E#4220004011000000
(1786376138.392013) can0 38F#0B28E25302000000
(1786376138.392376) can0 38E#1F21004011000000
(1786376138.401838) can0 38E#F822004011000000
(1786376138.411823) can0 38F#5629E25302000000
(1786376138.412222) can0 38E#A523004011000000
(1786376138.421825) can0 38E#2B24004011000000
(1786376138.431752) can0 38F#B12AE25302000000
(1786376138.432381) can0 38E#7625004011000000
(1786376138.441758) can0 38E#9126004011000000
(1786376138.451869) can0 38F#EC2BE25302000000
(1786376138.452160) can0 38E#CC27004011000000
(1786376138.461782) can0 38E#9028004011000000
(1786376138.471714) can0 38F#622CE25302000000
(1786376138.472017) can0 38E#CD29004011000000
(1786376138.482038) can0 38E#2A2A004011000000
(1786376138.491766) can0 38F#3F2DE25302000000
(1786376138.492071) can0 38E#772B004011000000
(1786376138.501765) can0 38E#F92C004011000000
(1786376138.511818) can0 38F#D82EE25302000000
(1786376138.512130) can0 38E#A42D004011000000
(1786376138.521928) can0 38E#432E004011000000
(1786376138.531956) can0 38F#852FE25302000000
(1786376138.532308) can0 38E#1E2F004011000000
(1786376138.541939) can0 38E#4220004011000000
(1786376138.551786) can0 38F#D920E25302000000
(1786376138.552257) can0 38E#1F21004011000000
(1786376138.561884) can0 38E#F822004011000000
(1786376138.571882) can0 38F#8421E25302000000
(1786376138.572294) can0 38E#A523004011000000
(1786376138.581903) can0 38E#2B24004011000000
(1786376138.592087) can0 38F#6322E25302000000
(1786376138.592521) can0 38E#7625004011000000
(1786376138.601822) can0 38E#9126004011000000
(1786376138.611834) can0 38F#3E23E25302000000
(1786376138.612185) can0 38E#CC27004011000000
(1786376138.621877) can0 38E#9028004011000000
(1786376138.631875) can0 38F#B024E25302000000
(1786376138.632264) can0 38E#CD29004011000000
(1786376138.641850) can0 38E#2A2A004011000000
(1786376138.651905) can0 38F#ED25E25302000000
(1786376138.652254) can0 38E#772B004011000000
(1786376138.661764) can0 38E#F92C004011000000
(1786376138.671874) can0 38F#0A26E25302000000
(1786376138.672275) can0 38E#A42D004011000000
(1786376138.681804) can0 38E#432E004011000000
(1786376138.692084) can0 38F#5727E25302000000
(1786376138.692611) can0 38E#1E2F004011000000
(1786376138.701873) can0 38E#4220004011000000
(1786376138.711842) can0 38F#0B28E25302000000
(1786376138.712221) can0 38E#1F21004011000000
(1786376138.722046) can0 38E#F822004011000000
(1786376138.731937) can0 38F#5629E25302000000
(1786376138.732333) can0 38E#A523004011000000
(1786376138.741577) can0 38E#2B24004011000000
(1786376138.751814) can0 38F#B12AE25302000000
(1786376138.752188) can0 38E#7625004011000000
(1786376138.761929) can0 38E#9126004011000000
(1786376138.771831) can0 38F#EC2BE25302000000
(1786376138.772143) can0 38E#CC27004011000000
(1786376138.781842) can0 38E#9028004011000000
(1786376138.791429) can0 38F#622CE25302000000
(1786376138.791675) can0 38E#CD29004011000000
(1786376138.801790) can0 38E#2A2A004011000000
(1786376138.811869) can0 38F#3F2DE25302000000
(1786376138.812134) can0 38E#772B004011000000
(1786376138.821751) can0 38E#F92C004011000000
(1786376138.831739) can0 38F#D82EE25302000000
(1786376138.832010) can0 38E#A42D004011000000
(1786376138.841812) can0 38E#432E004011000000
(1786376138.851793) can0 38F#852FE25302000000
(1786376138.852148) can0 38E#1E2F004011000000
(1786376138.861801) can0 38E#4220004011000000
(1786376138.871846) can0 38F#D920E25302000000
(1786376138.872185) can0 38E#1F21004011000000
(1786376138.882078) can0 38E#F822004011000000
(1786376138.891639) can0 38F#8421E25302000000
(1786376138.892040) can0 38E#A523004011000000
(1786376138.901846) can0 38E#2B24004011000000
(1786376138.911833) can0 38F#6322E25302000000
(1786376138.912188) can0 38E#7625004011000000
(1786376138.921851) can0 38E#9126004011000000
(1786376138.931915) can0 38F#3E23E25302000000
(1786376138.932381) can0 38E#CC27004011000000
(1786376138.941904) can0 38E#9028004011000000
(1786376138.951808) can0 38F#B024E25302000000
(1786376138.952172) can0 38E#CD29004011000000
(1786376138.961842) can0 38E#2A2A004011000000
(1786376138.971758) can0 38F#ED25E25302000000
(1786376138.972088) can0 38E#772B004011000000
(1786376138.981721) can0 38E#F92C004011000000
(1786376138.991931) can0 38F#0A26E25302000000
(1786376138.992294) can0 38E#A42D004011000000
(1786376139.001810) can0 38E#432E004011000000
(1786376139.011903) can0 38F#5727E25302000000
(1786376139.012290) can0 38E#1E2F004011000000
(1786376139.021910) can0 38E#4220004011000000
(1786376139.031911) can0 38F#0B28E25302000000
(1786376139.032366) can0 38E#1F21004011000000
(1786376139.041942) can0 38E#F822004011000000
(1786376139.051854) can0 38F#5629E25302000000
(1786376139.052228) can0 38E#A523004011000000
(1786376139.061855) can0 38E#2B24004011000000
(1786376139.071989) can0 38F#B12AE25302000000
(1786376139.072440) can0 38E#7625004011000000
(1786376139.081966) can0 38E#9126004011000000
(1786376139.092015) can0 38F#EC2BE25302000000
(1786376139.092430) can0 38E#CC27004011000000
(1786376139.101818) can0 38E#9028004011000000
(1786376139.111806) can0 38F#622CE25302000000
(1786376139.112193) can0 38E#CD29004011000000
(1786376139.121925) can0 38E#2A2A004011000000
(1786376139.131956) can0 38F#3F2DE25302000000
(1786376139.132409) can0 38E#772B004011000000
(1786376139.142013) can0 38E#F92C004011000000
(1786376139.151796) can0 38F#D82EE25302000000
(1786376139.152194) can0 38E#A42D004011000000
(1786376139.161823) can0 38E#432E004011000000
(1786376139.171568) can0 38F#852FE25302000000
(1786376139.171880) can0 38E#1E2F004011000000
(1786376139.181890) can0 38E#4220004011000000
(1786376139.191988) can0 38F#D920E25302000000
(1786376139.192407) can0 38E#1F21004011000000
(1786376139.201832) can0 38E#F822004011000000
(1786376139.211907) can0 38F#8421E25302000000
(1786376139.212296) can0 38E#A523004011000000
(1786376139.221843) can0 38E#2B24004011000000
(1786376139.231968) can0 38F#6322E25302000000
(1786376139.232359) can0 38E#7625004011000000
(1786376139.242042) can0 38E#9126004011000000
(1786376139.251838) can0 38F#3E23E25302000000
(1786376139.252236) can0 38E#CC27004011000000
(1786376139.261906) can0 38E#9028004011000000
(1786376139.271857) can0 38F#B024E25302000000
(1786376139.272223) can0 38E#CD29004011000000
(1786376139.281935) can0 38E#2A2A004011000000
(1786376139.291861) can0 38F#ED25E25302000000
(1786376139.292219) can0 38E#772B004011000000
(1786376139.301799) can0 38E#F92C004011000000
(1786376139.311809) can0 38F#0A26E25302000000
(1786376139.312104) can0 38E#A42D004011000000
(1786376139.321801) can0 38E#432E004011000000
(1786376139.331927) can0 38F#5727E25302000000
(1786376139.332275) can0 38E#1E2F004011000000
(1786376139.341987) can0 38E#4220004011000000
(1786376139.351754) can0 38F#0B28E25302000000
(1786376139.352163) can0 38E#1F21004011000000
(1786376139.361913) can0 38E#F822004011000000
(1786376139.371977) can0 38F#5629E25302000000
(1786376139.372492) can0 38E#A523004011000000
(1786376139.382054) can0 38E#2B24004011000000
(1786376139.391667) can0 38F#B12AE25302000000
(1786376139.392222) can0 38E#7625004011000000
(1786376139.401833) can0 38E#9126004011000000
(1786376139.411946) can0 38F#EC2BE25302000000
(1786376139.412387) can0 38E#CC27004011000000
(1786376139.421973) can0 38E#9028004011000000
(1786376139.431811) can0 38F#622CE25302000000
(1786376139.432282) can0 38E#CD29004011000000
(1786376139.441917) can0 38E#2A2A004011000000
(1786376139.451827) can0 38F#3F2DE25302000000
(1786376139.452195) can0 38E#772B004011000000
(1786376139.461916) can0 38E#F92C004011000000
(1786376139.471893) can0 38F#D82EE25302000000
(1786376139.472325) can0 38E#A42D004011000000
(1786376139.481802) can0 38E#432E004011000000
(1786376139.491908) can0 38F#852FE25302000000
(1786376139.492303) can0 38E#1E2F004011000000
(1786376139.501830) can0 38E#4220004011000000
(1786376139.511816) can0 38F#D920E25302000000
(1786376139.512185) can0 38E#1F21004011000000
(1786376139.521817) can0 38E#F822004011000000
(1786376139.531767) can0 38F#8421E25302000000
(1786376139.532024) can0 38E#A523004011000000
(1786376139.541728) can0 38E#2B24004011000000
(1786376139.551739) can0 38F#6322E25302000000
(1786376139.552091) can0 38E#7625004011000000
(1786376139.561853) can0 38E#9126004011000000
(1786376139.571854) can0 38F#3E23E25302000000
(1786376139.572312) can0 38E#CC27004011000000
(1786376139.581935) can0 38E#9028004011000000
(1786376139.591930) can0 38F#B024E25302000000
(1786376139.592443) can0 38E#CD29004011000000
(1786376139.601485) can0 38E#2A2A004011000000
(1786376139.611844) can0 38F#ED25E25302000000
(1786376139.612191) can0 38E#772B004011000000
(1786376139.622118) can0 38E#F92C004011000000
(1786376139.631858) can0 38F#0A26E25302000000
(1786376139.632283) can0 38E#A42D004011000000
(1786376139.641956) can0 38E#432E004011000000
(1786376139.651768) can0 38F#5727E25302000000
(1786376139.652147) can0 38E#1E2F004011000000
(1786376139.661839) can0 38E#4220004011000000
(1786376139.671962) can0 38F#0B28E25302000000
(1786376139.672335) can0 38E#1F21004011000000
(1786376139.681886) can0 38E#F822004011000000
(1786376139.691886) can0 38F#5629E25302000000
(1786376139.692269) can0 38E#A523004011000000
(1786376139.701820) can0 38E#2B24004011000000
(1786376139.711860) can0 38F#B12AE25302000000
(1786376139.712301) can0 38E#7625004011000000
(1786376139.722010) can0 38E#9126004011000000
(1786376139.731925) can0 38F#EC2BE25302000000
(1786376139.732338) can0 38E#CC27004011000000
(1786376139.742028) can0 38E#9028004011000000
(1786376139.751750) can0 38F#622CE25302000000
(1786376139.752118) can0 38E#CD29004011000000
(1786376139.761921) can0 38E#2A2A004011000000
(1786376139.771989) can0 38F#3F2DE25302000000
(1786376139.772424) can0 38E#772B004011000000
(1786376139.782003) can0 38E#F92C004011000000
(1786376139.791837) can0 38F#D82EE25302000000
(1786376139.792256) can0 38E#A42D004011000000
(1786376139.801815) can0 38E#432E004011000000
(1786376139.811874) can0 38F#852FE25302000000
(1786376139.812285) can0 38E#1E2F004011000000
(1786376139.821963) can0 38E#4220004011000000
(1786376139.831809) can0 38F#D920E25302000000
(1786376139.832196) can0 38E#1F21004011000000
(1786376139.841905) can0 38E#F822004011000000
(1786376139.851857) can0 38F#8421E25302000000
(1786376139.852260) can0 38E#A523004011000000
(1786376139.861854) can0 38E#2B24004011000000
(1786376139.871756) can0 38F#6322E25302000000
(1786376139.872074) can0 38E#7625004011000000
(1786376139.881835) can0 38E#9126004011000000
(1786376139.891855) can0 38F#3E23E25302000000
(1786376139.892136) can0 38E#CC27004011000000
(1786376139.901772) can0 38E#9028004011000000
(1786376139.911712) can0 38F#B024E25302000000
(1786376139.911946) can0 38E#CD29004011000000
(1786376139.921737) can0 38E#2A2A004011000000
(1786376139.931747) can0 38F#ED25E25302000000
(1786376139.931994) can0 38E#772B004011000000
(1786376139.941785) can0 38E#F92C004011000000
(1786376139.951760) can0 38F#0A26E25302000000
(1786376139.951996) can0 38E#A42D004011000000
(1786376139.961792) can0 38E#432E004011000000
(1786376139.971724) can0 38F#5727E25302000000
(1786376139.971977) can0 38E#1E2F004011000000
(1786376139.981748) can0 38E#4220004011000000
(1786376139.991796) can0 38F#0B28E25302000000
(1786376139.992167) can0 38E#1F21004011000000
(1786376140.001776) can0 38E#F822004011000000
(1786376140.011803) can0 38F#5629E25302000000
(1786376140.012142) can0 38E#A523004011000000
(1786376140.021797) can0 38E#2B24004011000000
(1786376140.031435) can0 38F#B12AE25302000000
(1786376140.031708) can0 38E#7625004011000000
(1786376140.041725) can0 38E#9126004011000000
(1786376140.051912) can0 38F#EC2BE25302000000
(1786376140.052251) can0 38E#CC27004011000000
(1786376140.061799) can0 38E#9028004011000000
(1786376140.071779) can0 38F#622CE25302000000
(1786376140.072057) can0 38E#CD29004011000000
(1786376140.081709) can0 38E#2A2A004011000000
(1786376140.091779) can0 38F#3F2DE25302000000
(1786376140.092025) can0 38E#772B004011000000
(1786376140.101814) can0 38E#F92C004011000000
(1786376140.111853) can0 38F#D82EE25302000000
(1786376140.112277) can0 38E#A42D004011000000
(1786376140.121963) can0 38E#432E004011000000
(1786376140.131946) can0 38F#852FE25302000000
(1786376140.132362) can0 38E#1E2F004011000000
(1786376140.141867) can0 38E#4220004011000000
(1786376140.151795) can0 38F#D920E25302000000
(1786376140.152166) can0 38E#1F21004011000000
(1786376140.161854) can0 38E#F822004011000000
(1786376140.171860) can0 38F#8421E25302000000
(1786376140.172197) can0 38E#A523004011000000
(1786376140.181704) can0 38E#2B24004011000000
(1786376140.191907) can0 38F#6322E25302000000
(1786376140.192372) can0 38E#7625004011000000
(1786376140.201841) can0 38E#9126004011000000
(1786376140.211873) can0 38F#3E23E25302000000
(1786376140.212266) can0 38E#CC27004011000000
(1786376140.221992) can0 38E#9028004011000000
(1786376140.231986) can0 38F#B024E25302000000
(1786376140.232421) can0 38E#CD29004011000000
(1786376140.242136) can0 38E#2A2A004011000000
(1786376140.251778) can0 38F#ED25E25302000000
(1786376140.252155) can0 38E#772B004011000000
(1786376140.261841) can0 38E#F92C004011000000
(1786376140.271822) can0 38F#0A26E25302000000
(1786376140.272144) can0 38E#A42D004011000000
(1786376140.281905) can0 38E#432E004011000000
(1786376140.291875) can0 38F#5727E25302000000
(1786376140.292218) can0 38E#1E2F004011000000
(1786376140.301863) can0 38E#4220004011000000
(1786376140.311791) can0 38F#0B28E25302000000
(1786376140.312163) can0 38E#1F21004011000000
(1786376140.321859) can0 38E#F822004011000000
(1786376140.331783) can0 38F#5629E25302000000
(1786376140.332077) can0 38E#A523004011000000
(1786376140.341767) can0 38E#2B24004011000000
(1786376140.351712) can0 38F#B12AE25302000000
(1786376140.351951) can0 38E#7625004011000000
(1786376140.361757) can0 38E#9126004011000000
(1786376140.371828) can0 38F#EC2BE25302000000
(1786376140.372140) can0 38E#CC27004011000000
(1786376140.381767) can0 38E#9028004011000000
(1786376140.391759) can0 38F#622CE25302000000
(1786376140.392153) can0 38E#CD29004011000000
(1786376140.401804) can0 38E#2A2A004011000000
(1786376140.411869) can0 38F#3F2DE25302000000
(1786376140.412241) can0 38E#772B004011000000
(1786376140.422004) can0 38E#F92C004011000000
(1786376140.431838) can0 38F#D82EE25302000000
(1786376140.432353) can0 38E#A42D004011000000
(1786376140.441871) can0 38E#432E004011000000
(1786376140.451893) can0 38F#852FE25302000000
(1786376140.452231) can0 38E#1E2F004011000000
(1786376140.461499) can0 38E#4220004011000000
(1786376140.471728) can0 38F#D920E25302000000
(1786376140.472096) can0 38E#1F21004011000000
(1786376140.481917) can0 38E#F822004011000000
(1786376140.491883) can0 38F#8421E25302000000
(1786376140.492321) can0 38E#A523004011000000
(1786376140.501881) can0 38E#2B24004011000000
(1786376140.511719) can0 38F#6322E25302000000
(1786376140.512031) can0 38E#7625004011000000
(1786376140.521802) can0 38E#9126004011000000
(1786376140.531850) can0 38F#3E23E25302000000
(1786376140.532169) can0 38E#CC27004011000000
(1786376140.542008) can0 38E#9028004011000000
(1786376140.551783) can0 38F#B024E25302000000
(1786376140.552200) can0 38E#CD29004011000000
(1786376140.561964) can0 38E#2A2A004011000000
(1786376140.571799) can0 38F#ED25E25302000000
(1786376140.572149) can0 38E#772B004011000000
(1786376140.581738) can0 38E#F92C004011000000
(1786376140.591747) can0 38F#0A26E25302000000
(1786376140.592001) can0 38E#A42D004011000000
(1786376140.601794) can0 38E#432E004011000000
(1786376140.611724) can0 38F#5727E25302000000
(1786376140.611970) can0 38E#1E2F004011000000
(1786376140.621735) can0 38E#4220004011000000
(1786376140.631751) can0 38F#0B28E25302000000
(1786376140.631978) can0 38E#1F21004011000000
(1786376140.641758) can0 38E#F822004011000000
(1786376140.651819) can0 38F#5629E25302000000
(1786376140.652160) can0 38E#A523004011000000
(1786376140.661817) can0 38E#2B24004011000000
(1786376140.671910) can0 38F#B12AE25302000000
(1786376140.672289) can0 38E#7625004011000000
(1786376140.681962) can0 38E#9126004011000000
(1786376140.691912) can0 38F#EC2BE25302000000
(1786376140.692399) can0 38E#CC27004011000000
(1786376140.701868) can0 38E#9028004011000000
(1786376140.711869) can0 38F#622CE25302000000
(1786376140.712236) can0 38E#CD29004011000000
(1786376140.721857) can0 38E#2A2A004011000000
(1786376140.731869) can0 38F#3F2DE25302000000
(1786376140.732164) can0 38E#772B004011000000
(1786376140.741868) can0 38E#F92C004011000000
(1786376140.751850) can0 38F#D82EE25302000000
(1786376140.752210) can0 38E#A42D004011000000
(1786376140.761881) can0 38E#432E004011000000
(1786376140.771870) can0 38F#852FE25302000000
(1786376140.772285) can0 38E#1E2F004011000000
(1786376140.781855) can0 38E#4220004011000000
(1786376140.791866) can0 38F#D920E25302000000
(1786376140.792290) can0 38E#1F21004011000000
(1786376140.801879) can0 38E#F822004011000000
(1786376140.812283) can0 38F#8421E25302000000
(1786376140.812629) can0 38E#A523004011000000
(1786376140.821851) can0 38E#2B24004011000000
(1786376140.831741) can0 38F#6322E25302000000
(1786376140.831974) can0 38E#7625004011000000
(1786376140.841919) can0 38E#9126004011000000
(1786376140.851861) can0 38F#3E23E25302000000
(1786376140.852194) can0 38E#CC27004011000000
(1786376140.861724) can0 38E#9028004011000000
(1786376140.871747) can0 38F#B024E25302000000
(1786376140.872035) can0 38E#CD29004011000000
(1786376140.881766) can0 38E#2A2A004011000000
(1786376140.891418) can0 38F#ED25E25302000000
(1786376140.891670) can0 38E#772B004011000000
(1786376140.901791) can0 38E#F92C004011000000
(1786376140.911791) can0 38F#0A26E25302000000
(1786376140.912084) can0 38E#A42D004011000000
(1786376140.921766) can0 38E#432E004011000000
(1786376140.931753) can0 38F#5727E25302000000
(1786376140.931972) can0 38E#1E2F004011000000
(1786376140.941746) can0 38E#4220004011000000
(1786376140.951759) can0 38F#0B28E25302000000
(1786376140.952039) can0 38E#1F21004011000000
(1786376140.961934) can0 38E#F822004011000000
(1786376140.971823) can0 38F#5629E25302000000
(1786376140.972176) can0 38E#A523004011000000
(1786376140.981790) can0 38E#2B24004011000000
(1786376140.991753) can0 38F#B12AE25302000000
(1786376140.992078) can0 38E#7625004011000000
(1786376141.001839) can0 38E#9126004011000000
(1786376141.011786) can0 38F#EC2BE25302000000
(1786376141.012168) can0 38E#CC27004011000000
(1786376141.021924) can0 38E#9028004011000000
(1786376141.031833) can0 38F#622CE25302000000
(1786376141.032263) can0 38E#CD29004011000000
(1786376141.041976) can0 38E#2A2A004011000000
(1786376141.051825) can0 38F#3F2DE25302000000
(1786376141.052236) can0 38E#772B004011000000
(1786376141.061864) can0 38E#F92C004011000000
(1786376141.071823) can0 38F#D82EE25302000000
(1786376141.072249) can0 38E#A42D004011000000
(1786376141.081966) can0 38E#432E004011000000
(1786376141.091899) can0 38F#852FE25302000000
(1786376141.092250) can0 38E#1E2F004011000000
(1786376141.101946) can0 38E#4220004011000000
(1786376141.111813) can0 38F#D920E25302000000
(1786376141.112306) can0 38E#1F21004011000000
(1786376141.121981) can0 38E#F822004011000000
(1786376141.131919) can0 38F#8421E25302000000
(1786376141.132390) can0 38E#A523004011000000
(1786376141.141903) can0 38E#2B24004011000000
(1786376141.151795) can0 38F#6322E25302000000
(1786376141.152253) can0 38E#7625004011000000
(1786376141.161891) can0 38E#9126004011000000
(1786376141.171987) can0 38F#3E23E25302000000
(1786376141.172364) can0 38E#CC27004011000000
(1786376141.181940) can0 38E#9028004011000000
(1786376141.192004) can0 38F#B024E25302000000
(1786376141.192410) can0 38E#CD29004011000000
(1786376141.201889) can0 38E#2A2A004011000000
(1786376141.211888) can0 38F#ED25E25302000000
(1786376141.212290) can0 38E#772B004011000000
(1786376141.221901) can0 38E#F92C004011000000
(1786376141.231899) can0 38F#0A26E25302000000
(1786376141.232380) can0 38E#A42D004011000000
(1786376141.242082) can0 38E#432E004011000000
(1786376141.251830) can0 38F#5727E25302000000
(1786376141.252182) can0 38E#1E2F004011000000
(1786376141.261830) can0 38E#4220004011000000
(1786376141.271845) can0 38F#0B28E25302000000
(1786376141.272212) can0 38E#1F21004011000000
(1786376141.281990) can0 38E#F822004011000000
(1786376141.291809) can0 38F#5629E25302000000
(1786376141.292177) can0 38E#A523004011000000
(1786376141.301825) can0 38E#2B24004011000000
(1786376141.311841) can0 38F#B12AE25302000000
(1786376141.312284) can0 38E#7625004011000000
(1786376141.322009) can0 38E#9126004011000000
(1786376141.331851) can0 38F#EC2BE25302000000
(1786376141.332281) can0 38E#CC27004011000000
(1786376141.341997) can0 38E#9028004011000000
(1786376141.351782) can0 38F#622CE25302000000
(1786376141.352145) can0 38E#CD29004011000000
(1786376141.361913) can0 38E#2A2A004011000000
(1786376141.371877) can0 38F#3F2DE25302000000
(1786376141.372429) can0 38E#772B004011000000
(1786376141.382024) can0 38E#F92C004011000000
(1786376141.391945) can0 38F#D82EE25302000000
(1786376141.392418) can0 38E#A42D004011000000
(1786376141.401839) can0 38E#432E004011000000
(1786376141.411880) can0 38F#852FE25302000000
(1786376141.412254) can0 38E#1E2F004011000000
(1786376141.422136) can0 38E#4220004011000000
(1786376141.431987) can0 38F#D920E25302000000
(1786376141.432497) can0 38E#1F21004011000000
(1786376141.441902) can0 38E#F822004011000000
(1786376141.451806) can0 38F#8421E25302000000
(1786376141.452170) can0 38E#A523004011000000
(1786376141.461828) can0 38E#2B24004011000000
(1786376141.471556) can0 38F#6322E25302000000
(1786376141.471902) can0 38E#7625004011000000
(1786376141.481943) can0 38E#9126004011000000
(1786376141.492026) can0 38F#3E23E25302000000
(1786376141.492388) can0 38E#CC27004011000000
(1786376141.501822) can0 38E#9028004011000000
(1786376141.511782) can0 38F#B024E25302000000
(1786376141.512066) can0 38E#CD29004011000000
(1786376141.521895) can0 38E#2A2A004011000000
(1786376141.531930) can0 38F#ED25E25302000000
(1786376141.532233) can0 38E#772B004011000000
(1786376141.541845) can0 38E#F92C004011000000
(1786376141.551757) can0 38F#0A26E25302000000
(1786376141.552118) can0 38E#A42D004011000000
(1786376141.561844) can0 38E#432E004011000000
(1786376141.572133) can0 38F#5727E25302000000
(1786376141.572507) can0 38E#1E2F004011000000
(1786376141.582066) can0 38E#4220004011000000
(1786376141.591811) can0 38F#0B28E25302000000
(1786376141.592087) can0 38E#1F21004011000000
(1786376141.601808) can0 38E#F822004011000000
(1786376141.611773) can0 38F#5629E25302000000
(1786376141.612001) can0 38E#A523004011000000
(1786376141.621834) can0 38E#2B24004011000000
(1786376141.631730) can0 38F#B12AE25302000000
(1786376141.631949) can0 38E#7625004011000000
(1786376141.641831) can0 38E#9126004011000000
(1786376141.651850) can0 38F#EC2BE25302000000
(1786376141.652234) can0 38E#CC27004011000000
(1786376141.661815) can0 38E#9028004011000000
(1786376141.671848) can0 38F#622CE25302000000
(1786376141.672265) can0 38E#CD29004011000000
(1786376141.681897) can0 38E#2A2A004011000000
(1786376141.691946) can0 38F#3F2DE25302000000
(1786376141.692524) can0 38E#772B004011000000
(1786376141.701876) can0 38E#F92C004011000000
(1786376141.711881) can0 38F#D82EE25302000000
(1786376141.712321) can0 38E#A42D004011000000
(1786376141.721984) can0 38E#432E004011000000
(1786376141.731845) can0 38F#852FE25302000000
(1786376141.732283) can0 38E#1E2F004011000000
(1786376141.741920) can0 38E#4220004011000000
(1786376141.751561) can0 38F#D920E25302000000
(1786376141.752026) can0 38E#1F21004011000000
(1786376141.761924) can0 38E#F822004011000000
(1786376141.771923) can0 38F#8421E25302000000
(1786376141.772314) can0 38E#A523004011000000
(1786376141.781943) can0 38E#2B24004011000000
(1786376141.791851) can0 38F#6322E25302000000
(1786376141.792257) can0 38E#7625004011000000
(1786376141.801832) can0 38E#9126004011000000
(1786376141.811846) can0 38F#3E23E25302000000
(1786376141.812183) can0 38E#CC27004011000000
(1786376141.821843) can0 38E#9028004011000000
(1786376141.831796) can0 38F#B024E25302000000
(1786376141.832049) can0 38E#CD29004011000000
(1786376141.841787) can0 38E#2A2A004011000000
(1786376141.851768) can0 38F#ED25E25302000000
(1786376141.852028) can0 38E#772B004011000000
(1786376141.861748) can0 38E#F92C004011000000
(1786376141.871726) can0 38F#0A26E25302000000
(1786376141.872042) can0 38E#A42D004011000000
(1786376141.881735) can0 38E#432E004011000000
(1786376141.891761) can0 38F#5727E25302000000
(1786376141.891998) can0 38E#1E2F004011000000
(1786376141.901709) can0 38E#4220004011000000
(1786376141.911767) can0 38F#0B28E25302000000
(1786376141.912010) can0 38E#1F21004011000000
(1786376141.921849) can0 38E#F822004011000000
(1786376141.931765) can0 38F#5629E25302000000
(1786376141.932017) can0 38E#A523004011000000
(1786376141.941799) can0 38E#2B24004011000000
(1786376141.951777) can0 38F#B12AE25302000000
(1786376141.952073) can0 38E#7625004011000000
(1786376141.961833) can0 38E#9126004011000000
(1786376141.971712) can0 38F#EC2BE25302000000
(1786376141.971946) can0 38E#CC27004011000000
(1786376141.981768) can0 38E#9028004011000000
(1786376141.991747) can0 38F#622CE25302000000
(1786376141.992359) can0 38E#CD29004011000000
(1786376142.001791) can0 38E#2A2A004011000000
(1786376142.011757) can0 38F#3F2DE25302000000
(1786376142.011986) can0 38E#772B004011000000
(1786376142.021757) can0 38E#F92C004011000000
(1786376142.031929) can0 38F#D82EE25302000000
(1786376142.032401) can0 38E#A42D004011000000
(1786376142.041854) can0 38E#432E004011000000
(1786376142.051864) can0 38F#852FE25302000000
(1786376142.052222) can0 38E#1E2F004011000000
(1786376142.061768) can0 38E#4220004011000000
(1786376142.071761) can0 38F#D920E25302000000
(1786376142.072275) can0 38E#1F21004011000000
(1786376142.081908) can0 38E#F822004011000000
(1786376142.091912) can0 38F#8421E25302000000
(1786376142.092353) can0 38E#A523004011000000
(1786376142.101865) can0 38E#2B24004011000000
(1786376142.111844) can0 38F#6322E25302000000
(1786376142.112236) can0 38E#7625004011000000
(1786376142.121900) can0 38E#9126004011000000
(1786376142.132027) can0 38F#3E23E25302000000
(1786376142.132429) can0 38E#CC27004011000000
(1786376142.141875) can0 38E#9028004011000000
(1786376142.151756) can0 38F#B024E25302000000
(1786376142.152098) can0 38E#CD29004011000000
(1786376142.161762) can0 38E#2A2A004011000000
(1786376142.171764) can0 38F#ED25E25302000000
(1786376142.172008) can0 38E#772B004011000000
(1786376142.181686) can0 38E#F92C004011000000
(1786376142.191469) can0 38F#0A26E25302000000
(1786376142.191752) can0 38E#A42D004011000000
(1786376142.201806) can0 38E#432E004011000000
(1786376142.211821) can0 38F#5727E25302000000
(1786376142.212198) can0 38E#1E2F004011000000
(1786376142.221827) can0 38E#4220004011000000
(1786376142.231716) can0 38F#0B28E25302000000
(1786376142.231947) can0 38E#1F21004011000000
(1786376142.241753) can0 38E#F822004011000000
(1786376142.251801) can0 38F#5629E25302000000
(1786376142.252077) can0 38E#A523004011000000
(1786376142.261729) can0 38E#2B24004011000000
(1786376142.271675) can0 38F#B12AE25302000000
(1786376142.271911) can0 38E#7625004011000000
(1786376142.281824) can0 38E#9126004011000000
(1786376142.291858) can0 38F#EC2BE25302000000
(1786376142.292266) can0 38E#CC27004011000000
(1786376142.301799) can0 38E#9028004011000000
(1786376142.311699) can0 38F#622CE25302000000
(1786376142.311964) can0 38E#CD29004011000000
(1786376142.321844) can0 38E#2A2A004011000000
(1786376142.331755) can0 38F#3F2DE25302000000
(1786376142.332009) can0 38E#772B004011000000
(1786376142.341813) can0 38E#F92C004011000000
(1786376142.351715) can0 38F#D82EE25302000000
(1786376142.351970) can0 38E#A42D004011000000
(1786376142.361764) can0 38E#432E004011000000
(1786376142.371815) can0 38F#852FE25302000000
(1786376142.372110) can0 38E#1E2F004011000000
(1786376142.381935) can0 38E#4220004011000000
(1786376142.391850) can0 38F#D920E25302000000
(1786376142.392202) can0 38E#1F21004011000000
(1786376142.401764) can0 38E#F822004011000000
(1786376142.411517) can0 38F#8421E25302000000
(1786376142.411926) can0 38E#A523004011000000
(1786376142.422006) can0 38E#2B24004011000000
(1786376142.431825) can0 38F#6322E25302000000
(1786376142.432259) can0 38E#7625004011000000
(1786376142.442050) can0 38E#9126004011000000
(1786376142.451877) can0 38F#3E23E25302000000
(1786376142.452256) can0 38E#CC27004011000000
(1786376142.461901) can0 38E#9028004011000000
(1786376142.471799) can0 38F#B024E25302000000
(1786376142.472166) can0 38E#CD29004011000000
(1786376142.481816) can0 38E#2A2A004011000000
(1786376142.491779) can0 38F#ED25E25302000000
(1786376142.492012) can0 38E#772B004011000000
(1786376142.501753) can0 38E#F92C004011000000
(1786376142.511771) can0 38F#0A26E25302000000
(1786376142.512075) can0 38E#A42D004011000000
(1786376142.521835) can0 38E#432E004011000000
(1786376142.531747) can0 38F#5727E25302000000
(1786376142.531961) can0 38E#1E2F004011000000
(1786376142.541909) can0 38E#4220004011000000
(1786376142.551773) can0 38F#0B28E25302000000
(1786376142.552135) can0 38E#1F21004011000000
(1786376142.561880) can0 38E#F822004011000000
(1786376142.571995) can0 38F#5629E25302000000
(1786376142.572348) can0 38E#A523004011000000
(1786376142.581884) can0 38E#2B24004011000000
(1786376142.591781) can0 38F#B12AE25302000000
(1786376142.592081) can0 38E#7625004011000000
(1786376142.601799) can0 38E#9126004011000000
(1786376142.611551) can0 38F#EC2BE25302000000
(1786376142.611913) can0 38E#CC27004011000000
(1786376142.621878) can0 38E#9028004011000000
(1786376142.631846) can0 38F#622CE25302000000
(1786376142.632341) can0 38E#CD29004011000000
(1786376142.642015) can0 38E#2A2A004011000000
(1786376142.651859) can0 38F#3F2DE25302000000
(1786376142.652185) can0 38E#772B004011000000
(1786376142.661747) can0 38E#F92C004011000000
(1786376142.671935) can0 38F#D82EE25302000000
(1786376142.672407) can0 38E#A42D004011000000
(1786376142.681976) can0 38E#432E004011000000
(1786376142.691952) can0 38F#852FE25302000000
(1786376142.692394) can0 38E#1E2F004011000000
(1786376142.701813) can0 38E#4220004011000000
(1786376142.711771) can0 38F#D920E25302000000
(1786376142.712068) can0 38E#1F21004011000000
(1786376142.721784) can0 38E#F822004011000000
(1786376142.731815) can0 38F#8421E25302000000
(1786376142.732092) can0 38E#A523004011000000
(1786376142.741756) can0 38E#2B24004011000000
(1786376142.751795) can0 38F#6322E25302000000
(1786376142.752040) can0 38E#7625004011000000
(1786376142.761788) can0 38E#9126004011000000
(1786376142.771775) can0 38F#3E23E25302000000
(1786376142.772025) can0 38E#CC27004011000000
(1786376142.781778) can0 38E#9028004011000000
(1786376142.791744) can0 38F#B024E25302000000
(1786376142.792034) can0 38E#CD29004011000000
(1786376142.801787) can0 38E#2A2A004011000000
(1786376142.811834) can0 38F#ED25E25302000000
(1786376142.812122) can0 38E#772B004011000000
(1786376142.821855) can0 38E#F92C004011000000
(1786376142.831750) can0 38F#0A26E25302000000
(1786376142.832107) can0 38E#A42D004011000000
(1786376142.841771) can0 38E#432E004011000000
(1786376142.851851) can0 38F#5727E25302000000
(1786376142.852245) can0 38E#1E2F004011000000
(1786376142.861819) can0 38E#4220004011000000
(1786376142.871823) can0 38F#0B28E25302000000
(1786376142.872277) can0 38E#1F21004011000000
(1786376142.881860) can0 38E#F822004011000000
(1786376142.892016) can0 38F#5629E25302000000
(1786376142.892442) can0 38E#A523004011000000
(1786376142.901925) can0 38E#2B24004011000000
(1786376142.911876) can0 38F#B12AE25302000000
(1786376142.912280) can0 38E#7625004011000000
(1786376142.921799) can0 38E#9126004011000000
(1786376142.931943) can0 38F#EC2BE25302000000
(1786376142.932263) can0 38E#CC27004011000000
(1786376142.941910) can0 38E#9028004011000000
(1786376142.951909) can0 38F#622CE25302000000
(1786376142.952310) can0 38E#CD29004011000000
(1786376142.961875) can0 38E#2A2A004011000000
(1786376142.971903) can0 38F#3F2DE25302000000
(1786376142.972309) can0 38E#772B004011000000
(1786376142.981909) can0 38E#F92C004011000000
(1786376142.991978) can0 38F#D82EE25302000000
(1786376142.992387) can0 38E#A42D004011000000
(1786376143.001938) can0 38E#432E004011000000
(1786376143.011851) can0 38F#852FE25302000000
(1786376143.012277) can0 38E#1E2F004011000000
(1786376143.021971) can0 38E#4220004011000000
(1786376143.031915) can0 38F#D920E25302000000
(1786376143.032302) can0 38E#1F21004011000000
(1786376143.041883) can0 38E#F822004011000000
(1786376143.051524) can0 38F#8421E25302000000
(1786376143.051988) can0 38E#A523004011000000
(1786376143.061819) can0 38E#2B24004011000000
(1786376143.071794) can0 38F#6322E25302000000
(1786376143.072135) can0 38E#7625004011000000
(1786376143.081988) can0 38E#9126004011000000
(1786376143.091810) can0 38F#3E23E25302000000
(1786376143.092262) can0 38E#CC27004011000000
(1786376143.101903) can0 38E#9028004011000000
(1786376143.111890) can0 38F#B024E25302000000
(1786376143.112315) can0 38E#CD29004011000000
(1786376143.121918) can0 38E#2A2A004011000000
(1786376143.132059) can0 38F#ED25E25302000000
(1786376143.132465) can0 38E#772B004011000000
(1786376143.142129) can0 38E#F92C004011000000
(1786376143.151832) can0 38F#0A26E25302000000
(1786376143.152175) can0 38E#A42D004011000000
(1786376143.161888) can0 38E#432E004011000000
(1786376143.171973) can0 38F#5727E25302000000
(1786376143.172440) can0 38E#1E2F004011000000
(1786376143.182507) can0 38E#4220004011000000
(1786376143.191879) can0 38F#0B28E25302000000
(1786376143.192484) can0 38E#1F21004011000000
(1786376143.201850) can0 38E#F822004011000000
(1786376143.211915) can0 38F#5629E25302000000
(1786376143.212358) can0 38E#A523004011000000
(1786376143.221992) can0 38E#2B24004011000000
(1786376143.231839) can0 38F#B12AE25302000000
(1786376143.232293) can0 38E#7625004011000000
(1786376143.242003) can0 38E#9126004011000000
(1786376143.251921) can0 38F#EC2BE25302000000
(1786376143.252304) can0 38E#CC27004011000000
(1786376143.261800) can0 38E#9028004011000000
(1786376143.271797) can0 38F#622CE25302000000
(1786376143.272212) can0 38E#CD29004011000000
(1786376143.281852) can0 38E#2A2A004011000000
(1786376143.292031) can0 38F#3F2DE25302000000
(1786376143.292600) can0 38E#772B004011000000
(1786376143.301847) can0 38E#F92C004011000000
(1786376143.311796) can0 38F#D82EE25302000000
(1786376143.312149) can0 38E#A42D004011000000
(1786376143.321805) can0 38E#432E004011000000
(1786376143.331877) can0 38F#852FE25302000000
(1786376143.332215) can0 38E#1E2F004011000000
(1786376143.341881) can0 38E#4220004011000000
(1786376143.351800) can0 38F#D920E25302000000
(1786376143.352188) can0 38E#1F21004011000000
(1786376143.361778) can0 38E#F822004011000000
(1786376143.371869) can0 38F#8421E25302000000
(1786376143.372253) can0 38E#A523004011000000
(1786376143.381889) can0 38E#2B24004011000000
(1786376143.391917) can0 38F#6322E25302000000
(1786376143.392496) can0 38E#7625004011000000
(1786376143.401876) can0 38E#9126004011000000
(1786376143.411876) can0 38F#3E23E25302000000
(1786376143.412225) can0 38E#CC27004011000000
(1786376143.421879) can0 38E#9028004011000000
(1786376143.431880) can0 38F#B024E25302000000
(1786376143.432318) can0 38E#CD29004011000000
(1786376143.441870) can0 38E#2A2A004011000000
(1786376143.451842) can0 38F#ED25E25302000000
(1786376143.452249) can0 38E#772B004011000000
(1786376143.461855) can0 38E#F92C004011000000
(1786376143.471587) can0 38F#0A26E25302000000
(1786376143.471994) can0 38E#A42D004011000000
(1786376143.481992) can0 38E#432E004011000000
(1786376143.491902) can0 38F#5727E25302000000
(1786376143.492255) can0 38E#1E2F004011000000
(1786376143.501866) can0 38E#4220004011000000
(1786376143.511833) can0 38F#0B28E25302000000
(1786376143.512279) can0 38E#1F21004011000000
(1786376143.521890) can0 38E#F822004011000000
(1786376143.531880) can0 38F#5629E25302000000
(1786376143.532293) can0 38E#A523004011000000
(1786376143.542004) can0 38E#2B24004011000000
(1786376143.551778) can0 38F#B12AE25302000000
(1786376143.552126) can0 38E#7625004011000000
(1786376143.561817) can0 38E#9126004011000000
(1786376143.571909) can0 38F#EC2BE25302000000
(1786376143.572394) can0 38E#CC27004011000000
(1786376143.581932) can0 38E#9028004011000000
(1786376143.591795) can0 38F#622CE25302000000
(1786376143.592245) can0 38E#CD29004011000000
(1786376143.601820) can0 38E#2A2A004011000000
(1786376143.611875) can0 38F#3F2DE25302000000
(1786376143.612270) can0 38E#772B004011000000
(1786376143.621882) can0 38E#F92C004011000000
(1786376143.631803) can0 38F#D82EE25302000000
(1786376143.632205) can0 38E#A42D004011000000
(1786376143.641972) can0 38E#432E004011000000
(1786376143.651831) can0 38F#852FE25302000000
(1786376143.652196) can0 38E#1E2F004011000000
(1786376143.661899) can0 38E#4220004011000000
(1786376143.671982) can0 38F#D920E25302000000
(1786376143.672342) can0 38E#1F21004011000000
(1786376143.682025) can0 38E#F822004011000000
(1786376143.691871) can0 38F#8421E25302000000
(1786376143.692272) can0 38E#A523004011000000
(1786376143.701806) can0 38E#2B24004011000000
(1786376143.711824) can0 38F#6322E25302000000
(1786376143.712254) can0 38E#7625004011000000
(1786376143.721937) can0 38E#9126004011000000
(1786376143.731864) can0 38F#3E23E25302000000
(1786376143.732200) can0 38E#CC27004011000000
(1786376143.741883) can0 38E#9028004011000000
(1786376143.751859) can0 38F#B024E25302000000
(1786376143.752227) can0 38E#CD29004011000000
(1786376143.761973) can0 38E#2A2A004011000000
(1786376143.772026) can0 38F#ED25E25302000000
(1786376143.772459) can0 38E#772B004011000000
(1786376143.781905) can0 38E#F92C004011000000
(1786376143.791900) can0 38F#0A26E25302000000
(1786376143.792333) can0 38E#A42D004011000000
(1786376143.801814) can0 38E#432E004011000000
(1786376143.811917) can0 38F#5727E25302000000
(1786376143.812314) can0 38E#1E2F004011000000
(1786376143.821900) can0 38E#4220004011000000
(1786376143.832048) can0 38F#0B28E25302000000
(1786376143.832434) can0 38E#1F21004011000000
(1786376143.841870) can0 38E#F822004011000000
(1786376143.851867) can0 38F#5629E25302000000
(1786376143.852211) can0 38E#A523004011000000
(1786376143.861860) can0 38E#2B24004011000000
(1786376143.871732) can0 38F#B12AE25302000000
(1786376143.872099) can0 38E#7625004011000000
(1786376143.881796) can0 38E#9126004011000000
(1786376143.891773) can0 38F#EC2BE25302000000
(1786376143.891979) can0 38E#CC27004011000000
(1786376143.901706) can0 38E#9028004011000000
(1786376143.911503) can0 38F#622CE25302000000
(1786376143.911900) can0 38E#CD29004011000000
(1786376143.921879) can0 38E#2A2A004011000000
(1786376143.931969) can0 38F#3F2DE25302000000
(1786376143.932342) can0 38E#772B004011000000
(1786376143.942116) can0 38E#F92C004011000000
(1786376143.951809) can0 38F#D82EE25302000000
(1786376143.952236) can0 38E#A42D004011000000
(1786376143.961854) can0 38E#432E004011000000
(1786376143.972040) can0 38F#852FE25302000000
(1786376143.972691) can0 38E#1E2F004011000000
(1786376143.982036) can0 38E#4220004011000000
(1786376143.991746) can0 38F#D920E25302000000
(1786376143.992053) can0 38E#1F21004011000000
(1786376144.001821) can0 38E#F822004011000000
(1786376144.011858) can0 38F#8421E25302000000
(1786376144.012286) can0 38E#A523004011000000
(1786376144.021939) can0 38E#2B24004011000000
(1786376144.031970) can0 38F#6322E25302000000
(1786376144.032443) can0 38E#7625004011000000
(1786376144.041976) can0 38E#9126004011000000
(1786376144.051840) can0 38F#3E23E25302000000
(1786376144.052239) can0 38E#CC27004011000000
(1786376144.061768) can0 38E#9028004011000000
(1786376144.071746) can0 38F#B024E25302000000
(1786376144.072075) can0 38E#CD29004011000000
(1786376144.081763) can0 38E#2A2A004011000000
(1786376144.091760) can0 38F#ED25E25302000000
(1786376144.092029) can0 38E#772B004011000000
(1786376144.101791) can0 38E#F92C004011000000
(1786376144.111885) can0 38F#0A26E25302000000
(1786376144.112203) can0 38E#A42D004011000000
(1786376144.121780) can0 38E#432E004011000000
(1786376144.131807) can0 38F#5727E25302000000
(1786376144.132099) can0 38E#1E2F004011000000
(1786376144.141842) can0 38E#4220004011000000
(1786376144.151783) can0 38F#0B28E25302000000
(1786376144.152009) can0 38E#1F21004011000000
(1786376144.161771) can0 38E#F822004011000000
(1786376144.171743) can0 38F#5629E25302000000
(1786376144.172003) can0 38E#A523004011000000
(1786376144.181806) can0 38E#2B24004011000000
(1786376144.191761) can0 38F#B12AE25302000000
(1786376144.192044) can0 38E#7625004011000000
(1786376144.201790) can0 38E#9126004011000000
(1786376144.211755) can0 38F#EC2BE25302000000
(1786376144.212012) can0 38E#CC27004011000000
(1786376144.221746) can0 38E#9028004011000000
(1786376144.231699) can0 38F#622CE25302000000
(1786376144.231965) can0 38E#CD29004011000000
(1786376144.241801) can0 38E#2A2A004011000000
(1786376144.251842) can0 38F#3F2DE25302000000
(1786376144.252140) can0 38E#772B004011000000
(1786376144.261759) can0 38E#F92C004011000000
(1786376144.271731) can0 38F#D82EE25302000000
(1786376144.272024) can0 38E#A42D004011000000
(1786376144.281749) can0 38E#432E004011000000
(1786376144.291779) can0 38F#852FE25302000000
(1786376144.292026) can0 38E#1E2F004011000000
(1786376144.301767) can0 38E#4220004011000000
(1786376144.311798) can0 38F#D920E25302000000
(1786376144.312229) can0 38E#1F21004011000000
(1786376144.321896) can0 38E#F822004011000000
(1786376144.331915) can0 38F#8421E25302000000
(1786376144.332420) can0 38E#A523004011000000
(1786376144.341838) can0 38E#2B24004011000000
(1786376144.351826) can0 38F#6322E25302000000
(1786376144.352185) can0 38E#7625004011000000
(1786376144.361873) can0 38E#9126004011000000
(1786376144.372509) can0 38F#3E23E25302000000
(1786376144.372880) can0 38E#CC27004011000000
(1786376144.381977) can0 38E#9028004011000000
(1786376144.391806) can0 38F#B024E25302000000
(1786376144.392218) can0 38E#CD29004011000000
(1786376144.401849) can0 38E#2A2A004011000000
(1786376144.411863) can0 38F#ED25E25302000000
(1786376144.412241) can0 38E#772B004011000000
(1786376144.421795) can0 38E#F92C004011000000
(1786376144.431762) can0 38F#0A26E25302000000
(1786376144.432018) can0 38E#A42D004011000000
(1786376144.441785) can0 38E#432E004011000000
(1786376144.451761) can0 38F#5727E25302000000
(1786376144.452007) can0 38E#1E2F004011000000
(1786376144.461717) can0 38E#4220004011000000
(1786376144.471814) can0 38F#0B28E25302000000
(1786376144.472101) can0 38E#1F21004011000000
(1786376144.481930) can0 38E#F822004011000000
(1786376144.491840) can0 38F#5629E25302000000
(1786376144.492244) can0 38E#A523004011000000
(1786376144.501856) can0 38E#2B24004011000000
(1786376144.511770) can0 38F#B12AE25302000000
(1786376144.512085) can0 38E#7625004011000000
(1786376144.521814) can0 38E#9126004011000000
(1786376144.531783) can0 38F#EC2BE25302000000
(1786376144.531993) can0 38E#CC27004011000000
(1786376144.541828) can0 38E#9028004011000000
(1786376144.551502) can0 38F#622CE25302000000
(1786376144.551823) can0 38E#CD29004011000000
(1786376144.561836) can0 38E#2A2A004011000000
(1786376144.571894) can0 38F#3F2DE25302000000
(1786376144.572290) can0 38E#772B004011000000
(1786376144.582041) can0 38E#F92C004011000000
(1786376144.591805) can0 38F#D82EE25302000000
(1786376144.592116) can0 38E#A42D004011000000
(1786376144.601768) can0 38E#432E004011000000
(1786376144.611862) can0 38F#852FE25302000000
(1786376144.612288) can0 38E#1E2F004011000000
(1786376144.621982) can0 38E#4220004011000000
(1786376144.631825) can0 38F#D920E25302000000
(1786376144.632232) can0 38E#1F21004011000000
(1786376144.642020) can0 38E#F822004011000000
(1786376144.651859) can0 38F#8421E25302000000
(1786376144.652270) can0 38E#A523004011000000
(1786376144.661784) can0 38E#2B24004011000000
(1786376144.671804) can0 38F#6322E25302000000
(1786376144.672168) can0 38E#7625004011000000
(1786376144.681871) can0 38E#9126004011000000
(1786376144.691826) can0 38F#3E23E25302000000
(1786376144.692163) can0 38E#CC27004011000000
(1786376144.701899) can0 38E#9028004011000000
(1786376144.711737) can0 38F#B024E25302000000
(1786376144.712017) can0 38E#CD29004011000000
(1786376144.721784) can0 38E#2A2A004011000000
(1786376144.731749) can0 38F#ED25E25302000000
(1786376144.731982) can0 38E#772B004011000000
(1786376144.741807) can0 38E#F92C004011000000
(1786376144.751844) can0 38F#0A26E25302000000
(1786376144.752097) can0 38E#A42D004011000000
(1786376144.761729) can0 38E#432E004011000000
(1786376144.771442) can0 38F#5727E25302000000
(1786376144.771693) can0 38E#1E2F004011000000
(1786376144.781803) can0 38E#4220004011000000
(1786376144.791767) can0 38F#0B28E25302000000
(1786376144.792039) can0 38E#1F21004011000000
(1786376144.801784) can0 38E#F822004011000000
(1786376144.811924) can0 38F#5629E25302000000
(1786376144.812391) can0 38E#A523004011000000
(1786376144.821821) can0 38E#2B24004011000000
(1786376144.831798) can0 38F#B12AE25302000000
(1786376144.832041) can0 38E#7625004011000000
(1786376144.841874) can0 38E#9126004011000000
(1786376144.851835) can0 38F#EC2BE25302000000
(1786376144.852237) can0 38E#CC27004011000000
(1786376144.861854) can0 38E#9028004011000000
(1786376144.871849) can0 38F#622CE25302000000
(1786376144.872316) can0 38E#CD29004011000000
(1786376144.881995) can0 38E#2A2A004011000000
(1786376144.891856) can0 38F#3F2DE25302000000
(1786376144.892301) can0 38E#772B004011000000
(1786376144.901832) can0 38E#F92C004011000000
(1786376144.911562) can0 38F#D82EE25302000000
(1786376144.911984) can0 38E#A42D004011000000
(1786376144.921861) can0 38E#432E004011000000
(1786376144.931872) can0 38F#852FE25302000000
(1786376144.932291) can0 38E#1E2F004011000000
(1786376144.942066) can0 38E#4220004011000000
(1786376144.951831) can0 38F#D920E25302000000
(1786376144.952268) can0 38E#1F21004011000000
(1786376144.961889) can0 38E#F822004011000000
(1786376144.972033) can0 38F#8421E25302000000
(1786376144.972457) can0 38E#A523004011000000
(1786376144.981965) can0 38E#2B24004011000000
(1786376144.991739) can0 38F#6322E25302000000
(1786376144.992084) can0 38E#7625004011000000
(1786376145.001836) can0 38E#9126004011000000
(1786376145.011926) can0 38F#3E23E25302000000
(1786376145.012374) can0 38E#CC27004011000000
(1786376145.022028) can0 38E#9028004011000000
(1786376145.032017) can0 38F#B024E25302000000
(1786376145.032373) can0 38E#CD29004011000000
(1786376145.042069) can0 38E#2A2A004011000000
(1786376145.051933) can0 38F#ED25E25302000000
(1786376145.052262) can0 38E#772B004011000000
(1786376145.061922) can0 38E#F92C004011000000
(1786376145.071986) can0 38F#0A26E25302000000
(1786376145.072491) can0 38E#A42D004011000000
(1786376145.081906) can0 38E#432E004011000000
(1786376145.091921) can0 38F#5727E25302000000
(1786376145.092339) can0 38E#1E2F004011000000
(1786376145.101890) can0 38E#4220004011000000
(1786376145.111857) can0 38F#0B28E25302000000
(1786376145.112299) can0 38E#1F21004011000000
(1786376145.121888) can0 38E#F822004011000000
(1786376145.131986) can0 38F#5629E25302000000
(1786376145.132375) can0 38E#A523004011000000
(1786376145.141959) can0 38E#2B24004011000000
(1786376145.151819) can0 38F#B12AE25302000000
(1786376145.152171) can0 38E#7625004011000000
(1786376145.161820) can0 38E#9126004011000000
(1786376145.171983) can0 38F#EC2BE25302000000
(1786376145.172511) can0 38E#CC27004011000000
(1786376145.181939) can0 38E#9028004011000000
(1786376145.192009) can0 38F#622CE25302000000
(1786376145.192405) can0 38E#CD29004011000000
(1786376145.201807) can0 38E#2A2A004011000000
(1786376145.211853) can0 38F#3F2DE25302000000
(1786376145.212099) can0 38E#772B004011000000
(1786376145.221785) can0 38E#F92C004011000000
(1786376145.231832) can0 38F#D82EE25302000000
(1786376145.232089) can0 38E#A42D004011000000
(1786376145.241921) can0 38E#432E004011000000
(1786376145.251819) can0 38F#852FE25302000000
(1786376145.252148) can0 38E#1E2F004011000000
(1786376145.261796) can0 38E#4220004011000000
(1786376145.271770) can0 38F#D920E25302000000
(1786376145.272204) can0 38E#1F21004011000000
(1786376145.282011) can0 38E#F822004011000000
(1786376145.291850) can0 38F#8421E25302000000
(1786376145.292314) can0 38E#A523004011000000
(1786376145.301843) can0 38E#2B24004011000000
(1786376145.311814) can0 38F#6322E25302000000
(1786376145.312152) can0 38E#7625004011000000
(1786376145.321934) can0 38E#9126004011000000
(1786376145.331882) can0 38F#3E23E25302000000
(1786376145.332282) can0 38E#CC27004011000000
(1786376145.341955) can0 38E#9028004011000000
(1786376145.351818) can0 38F#B024E25302000000
(1786376145.352160) can0 38E#CD29004011000000
(1786376145.361903) can0 38E#2A2A004011000000
(1786376145.371817) can0 38F#ED25E25302000000
(1786376145.372123) can0 38E#772B004011000000
(1786376145.381832) can0 38E#F92C004011000000
(1786376145.391810) can0 38F#0A26E25302000000
(1786376145.392177) can0 38E#A42D004011000000
(1786376145.401878) can0 38E#432E004011000000
(1786376145.411448) can0 38F#5727E25302000000
(1786376145.411720) can0 38E#1E2F004011000000
(1786376145.421746) can0 38E#4220004011000000
(1786376145.431736) can0 38F#0B28E25302000000
(1786376145.432016) can0 38E#1F21004011000000
(1786376145.441829) can0 38E#F822004011000000
(1786376145.451841) can0 38F#5629E25302000000
(1786376145.452142) can0 38E#A523004011000000
(1786376145.461767) can0 38E#2B24004011000000
(1786376145.471768) can0 38F#B12AE25302000000
(1786376145.472048) can0 38E#7625004011000000
(1786376145.482002) can0 38E#9126004011000000
(1786376145.492032) can0 38F#EC2BE25302000000
(1786376145.492431) can0 38E#CC27004011000000
(1786376145.501813) can0 38E#9028004011000000
(1786376145.511841) can0 38F#622CE25302000000
(1786376145.512293) can0 38E#CD29004011000000
(1786376145.522002) can0 38E#2A2A004011000000
(1786376145.531861) can0 38F#3F2DE25302000000
(1786376145.532268) can0 38E#772B004011000000
(1786376145.542122) can0 38E#F92C004011000000
(1786376145.551883) can0 38F#D82EE25302000000
(1786376145.552404) can0 38E#A42D004011000000
(1786376145.561793) can0 38E#432E004011000000
(1786376145.571916) can0 38F#852FE25302000000
(1786376145.572355) can0 38E#1E2F004011000000
(1786376145.582151) can0 38E#4220004011000000
(1786376145.591788) can0 38F#D920E25302000000
(1786376145.592169) can0 38E#1F21004011000000
(1786376145.601966) can0 38E#F822004011000000
(1786376145.611942) can0 38F#8421E25302000000
(1786376145.612388) can0 38E#A523004011000000
(1786376145.621952) can0 38E#2B24004011000000
(1786376145.631933) can0 38F#6322E25302000000
(1786376145.632260) can0 38E#7625004011000000
(1786376145.642142) can0 38E#9126004011000000
(1786376145.651858) can0 38F#3E23E25302000000
(1786376145.652232) can0 38E#CC27004011000000
(1786376145.661965) can0 38E#9028004011000000
(1786376145.671772) can0 38F#B024E25302000000
(1786376145.672204) can0 38E#CD29004011000000
(1786376145.681942) can0 38E#2A2A004011000000
(1786376145.691901) can0 38F#ED25E25302000000
(1786376145.692320) can0 38E#772B004011000000
(1786376145.701825) can0 38E#F92C004011000000
(1786376145.711773) can0 38F#0A26E25302000000
(1786376145.712073) can0 38E#A42D004011000000
(1786376145.721824) can0 38E#432E004011000000
(1786376145.731755) can0 38F#5727E25302000000
(1786376145.731981) can0 38E#1E2F004011000000
(1786376145.742035) can0 38E#4220004011000000
(1786376145.751822) can0 38F#0B28E25302000000
(1786376145.752175) can0 38E#1F21004011000000
(1786376145.761858) can0 38E#F822004011000000
(1786376145.771852) can0 38F#5629E25302000000
(1786376145.772292) can0 38E#A523004011000000
(1786376145.782020) can0 38E#2B24004011000000
(1786376145.791818) can0 38F#B12AE25302000000
(1786376145.792186) can0 38E#7625004011000000
(1786376145.801831) can0 38E#9126004011000000
(1786376145.811832) can0 38F#EC2BE25302000000
(1786376145.812253) can0 38E#CC27004011000000
(1786376145.821907) can0 38E#9028004011000000
(1786376145.831865) can0 38F#622CE25302000000
(1786376145.832247) can0 38E#CD29004011000000
(1786376145.841936) can0 38E#2A2A004011000000
(1786376145.851844) can0 38F#3F2DE25302000000
(1786376145.852290) can0 38E#772B004011000000
(1786376145.861918) can0 38E#F92C004011000000
(1786376145.871936) can0 38F#D82EE25302000000
(1786376145.872310) can0 38E#A42D004011000000
(1786376145.881950) can0 38E#432E004011000000
(1786376145.891833) can0 38F#852FE25302000000
(1786376145.892261) can0 38E#1E2F004011000000
(1786376145.901993) can0 38E#4220004011000000
(1786376145.911891) can0 38F#D920E25302000000
(1786376145.912289) can0 38E#1F21004011000000
(1786376145.921928) can0 38E#F822004011000000
(1786376145.931908) can0 38F#8421E25302000000
(1786376145.932392) can0 38E#A523004011000000
(1786376145.941842) can0 38E#2B24004011000000
(1786376145.951701) can0 38F#6322E25302000000
(1786376145.951935) can0 38E#7625004011000000
(1786376145.961731) can0 38E#9126004011000000
(1786376145.971775) can0 38F#3E23E25302000000
(1786376145.972020) can0 38E#CC27004011000000
(1786376145.981812) can0 38E#9028004011000000
(1786376145.991756) can0 38F#B024E25302000000
(1786376145.992042) can0 38E#CD29004011000000
(1786376146.001832) can0 38E#2A2A004011000000
(1786376146.011876) can0 38F#ED25E25302000000
(1786376146.012158) can0 38E#772B004011000000
(1786376146.021761) can0 38E#F92C004011000000
(1786376146.031765) can0 38F#0A26E25302000000
(1786376146.032020) can0 38E#A42D004011000000
(1786376146.041858) can0 38E#432E004011000000
(1786376146.051770) can0 38F#5727E25302000000
(1786376146.052037) can0 38E#1E2F004011000000
(1786376146.061780) can0 38E#4220004011000000
(1786376146.071848) can0 38F#0B28E25302000000
(1786376146.072214) can0 38E#1F21004011000000
(1786376146.081932) can0 38E#F822004011000000
(1786376146.091842) can0 38F#5629E25302000000
(1786376146.092136) can0 38E#A523004011000000
(1786376146.101770) can0 38E#2B24004011000000
(1786376146.111726) can0 38F#B12AE25302000000
(1786376146.112033) can0 38E#7625004011000000
(1786376146.121854) can0 38E#9126004011000000
(1786376146.131796) can0 38F#EC2BE25302000000
(1786376146.132033) can0 38E#CC27004011000000
(1786376146.141728) can0 38E#9028004011000000
(1786376146.151802) can0 38F#622CE25302000000
(1786376146.152038) can0 38E#CD29004011000000
(1786376146.161758) can0 38E#2A2A004011000000
(1786376146.171875) can0 38F#3F2DE25302000000
(1786376146.172282) can0 38E#772B004011000000
(1786376146.181757) can0 38E#F92C004011000000
(1786376146.191770) can0 38F#D82EE25302000000
(1786376146.191984) can0 38E#A42D004011000000
(1786376146.201738) can0 38E#432E004011000000
(1786376146.211804) can0 38F#852FE25302000000
(1786376146.212068) can0 38E#1E2F004011000000
(1786376146.221836) can0 38E#4220004011000000
(1786376146.231906) can0 38F#D920E25302000000
(1786376146.232465) can0 38E#1F21004011000000
(1786376146.242119) can0 38E#F822004011000000
(1786376146.251856) can0 38F#8421E25302000000
(1786376146.252225) can0 38E#A523004011000000
(1786376146.261848) can0 38E#2B24004011000000
(1786376146.271696) can0 38F#6322E25302000000
(1786376146.272129) can0 38E#7625004011000000
(1786376146.281928) can0 38E#9126004011000000
(1786376146.291866) can0 38F#3E23E25302000000
(1786376146.292180) can0 38E#CC27004011000000
(1786376146.301853) can0 38E#9028004011000000
(1786376146.311767) can0 38F#B024E25302000000
(1786376146.312036) can0 38E#CD29004011000000
(1786376146.321777) can0 38E#2A2A004011000000
(1786376146.331799) can0 38F#ED25E25302000000
(1786376146.332025) can0 38E#772B004011000000
(1786376146.341819) can0 38E#F92C004011000000
(1786376146.351842) can0 38F#0A26E25302000000
(1786376146.352248) can0 38E#A42D004011000000
(1786376146.361772) can0 38E#432E004011000000
(1786376146.371862) can0 38F#5727E25302000000
(1786376146.372297) can0 38E#1E2F004011000000
(1786376146.381846) can0 38E#4220004011000000
(1786376146.391796) can0 38F#0B28E25302000000
(1786376146.392167) can0 38E#1F21004011000000
(1786376146.401812) can0 38E#F822004011000000
(1786376146.411809) can0 38F#5629E25302000000
(1786376146.412124) can0 38E#A523004011000000
(1786376146.421750) can0 38E#2B24004011000000
(1786376146.431763) can0 38F#B12AE25302000000
(1786376146.432081) can0 38E#7625004011000000
(1786376146.441789) can0 38E#9126004011000000
(1786376146.451738) can0 38F#EC2BE25302000000
(1786376146.451992) can0 38E#CC27004011000000
(1786376146.461778) can0 38E#9028004011000000
(1786376146.471787) can0 38F#622CE25302000000
(1786376146.472065) can0 38E#CD29004011000000
(1786376146.481708) can0 38E#2A2A004011000000
(1786376146.491812) can0 38F#3F2DE25302000000
(1786376146.492150) can0 38E#772B004011000000
