(1786376515.110572) can0 33D#0000FFFFFFFFFFFF
(1786376515.201395) can0 39D#A2010001
(1786376515.220886) can0 39D#A3020001
(1786376515.260982) can0 5BD#3840010000000000
(1786376515.280536) can0 39D#A4030001
(1786376515.300919) can0 33D#0000FFFFFFFFFFFF
(1786376515.301226) can0 39D#A5040001
(1786376515.340850) can0 39D#A6050001
(1786376515.380922) can0 33D#0000FFFFFFFFFFFF
(1786376515.401095) can0 39D#A7060001
(1786376515.420955) can0 39D#A8070001
(1786376515.460892) can0 39D#A9080001
(1786376515.500903) can0 33D#0000FFFFFFFFFFFF
(1786376515.501211) can0 39D#AA090001
(1786376515.540996) can0 39D#AB0A0001
(1786376515.580910) can0 33D#0000FFFFFFFFFFFF
(1786376515.601050) can0 39D#AC0B0001
(1786376515.620911) can0 39D#AD0C0001
(1786376515.660871) can0 39D#AE0D0001
(1786376515.700915) can0 33D#0000FFFFFFFFFFFF
(1786376515.701216) can0 39D#AF0E0001
(1786376515.819711) can0 39D#B00F0001
(1786376515.820106) can0 33D#0000FFFFFFFFFFFF
(1786376515.820464) can0 39D#A1000001
(1786376515.820918) can0 39D#A2010001
(1786376515.861006) can0 39D#A3020001
(1786376515.901040) can0 33D#0000FFFFFFFFFFFF
(1786376515.901452) can0 39D#A4030001
(1786376515.941022) can0 39D#B5041001
(1786376515.980931) can0 33D#0000FFFFFFFFFFFF
(1786376516.001382) can0 39D#B6051001
(1786376516.020999) can0 39D#B7061001
(1786376516.061046) can0 39D#B8071001
(1786376516.101139) can0 33D#0000FFFFFFFFFFFF
(1786376516.101518) can0 39D#B9081001
(1786376516.140979) can0 39D#BA091001
(1786376516.180991) can0 35D#0055555555555555
(1786376516.181281) can0 33D#0000FFFFFFFFFFFF
(1786376516.201135) can0 39D#BB0A1001
(1786376516.221007) can0 39D#BC0B1001
(1786376516.261290) can0 39D#AD0C0001
(1786376516.300952) can0 33D#0000FFFFFFFFFFFF
(1786376516.301421) can0 39D#AE0D0001
(1786376516.340935) can0 39D#AF0E0001
(1786376516.380971) can0 33D#0000FFFFFFFFFFFF
(1786376516.401393) can0 39D#B00F0001
(1786376516.420989) can0 39D#A1000001
(1786376516.461027) can0 39D#A2010001
(1786376516.501034) can0 33D#0000FFFFFFFFFFFF
(1786376516.501416) can0 39D#A3020001
(1786376516.541065) can0 39D#A4030001
(1786376516.581030) can0 33D#0000FFFFFFFFFFFF
(1786376516.601452) can0 39D#A5040001
(1786376516.620903) can0 30D#0E0060504D542207
(1786376516.651398) can0 39D#A6050001
(1786376516.661227) can0 39D#A7060001
(1786376516.701243) can0 33D#0000FFFFFFFFFFFF
(1786376516.701504) can0 39D#A8070001
(1786376516.741324) can0 39D#A9080001
(1786376516.780966) can0 33D#0000FFFFFFFFFFFF
(1786376516.801411) can0 39D#AA090001
(1786376516.821298) can0 39D#AB0A0001
(1786376516.861008) can0 39D#AC0B0001
(1786376516.901363) can0 33D#0000FFFFFFFFFFFF
(1786376516.901794) can0 39D#AD0C0001
(1786376516.940982) can0 39D#AE0D0001
(1786376516.980951) can0 33D#0000FFFFFFFFFFFF
(1786376517.001422) can0 39D#AF0E0001
(1786376517.021009) can0 39D#B00F0001
(1786376517.061064) can0 39D#A1000001
(1786376517.101005) can0 33D#0000FFFFFFFFFFFF
(1786376517.101359) can0 39D#A2010001
(1786376517.140963) can0 39D#A3020001
(1786376517.180936) can0 35D#0155555555555555
(1786376517.181255) can0 32D#0A01000000007000
(1786376517.181488) can0 33D#0000FFFFFFFFFFFF
(1786376517.201343) can0 39D#A4030001
(1786376517.221044) can0 39D#A5040001
(1786376517.261380) can0 39D#AE050801
(1786376517.300987) can0 33D#0000FFFFFFFFFFFF
(1786376517.301426) can0 3AD#1500002004000010
(1786376517.311412) can0 39D#AF060801
(1786376517.341353) can0 39D#B0070801
(1786376517.381315) can0 33D#0000FFFFFFFFFFFF
(1786376517.401467) can0 39D#B1080801
(1786376517.421031) can0 39D#B2090801
(1786376517.461263) can0 39D#B30A0801
(1786376517.501075) can0 33D#0000FFFFFFFFFFFF
(1786376517.501429) can0 39D#B40B0801
(1786376517.541001) can0 39D#B50C0801
(1786376517.581029) can0 33D#0000FFFFFFFFFFFF
(1786376517.601389) can0 39D#B60D0801
(1786376517.621018) can0 39D#B70E0801
(1786376517.661018) can0 39D#B80F0801
(1786376517.700941) can0 33D#0000FFFFFFFFFFFF
(1786376517.701358) can0 39D#A9000801
(1786376517.741076) can0 39D#AA010801
(1786376517.781021) can0 33D#0000FFFFFFFFFFFF
(1786376517.801375) can0 39D#AB020801
(1786376517.821144) can0 39D#AC030801
(1786376517.861019) can0 39D#AD040801
(1786376517.901037) can0 33D#0000FFFFFFFFFFFF
(1786376517.901400) can0 39D#AE050801
(1786376517.940957) can0 39D#AF060801
(1786376517.981343) can0 33D#0000FFFFFFFFFFFF
(1786376518.001356) can0 39D#B0070801
(1786376518.021020) can0 39D#B1080801
(1786376518.060991) can0 39D#B2090801
(1786376518.101001) can0 33D#0000FFFFFFFFFFFF
(1786376518.101388) can0 39D#B30A0801
(1786376518.140947) can0 39D#B40B0801
(1786376518.181041) can0 35D#0256555555555555
(1786376518.181418) can0 5BD#B240010000000000
(1786376518.200964) can0 33D#0000FFFFFFFFFFFF
(1786376518.201403) can0 39D#B50C0801
(1786376518.221091) can0 39D#B60D0801
(1786376518.260990) can0 39D#B70E0801
(1786376518.301063) can0 33D#0000FFFFFFFFFFFF
(1786376518.301439) can0 39D#B80F0801
(1786376518.340951) can0 39D#A9000801
(1786376518.381219) can0 5BD#D440010000000000
(1786376518.400927) can0 33D#0000FFFFFFFFFFFF
(1786376518.401353) can0 39D#AA010801
(1786376518.421001) can0 39D#AB020801
(1786376518.460995) can0 39D#AC030801
(1786376518.500969) can0 33D#0000FFFFFFFFFFFF
(1786376518.501328) can0 39D#AD040801
(1786376518.541049) can0 39D#AE050801
(1786376518.581016) can0 5BD#D540010000000000
(1786376518.600995) can0 33D#0000FFFFFFFFFFFF
(1786376518.601529) can0 39D#AF060801
(1786376518.621002) can0 39D#B0070801
(1786376518.660994) can0 39D#B1080801
(1786376518.700942) can0 33D#0000FFFFFFFFFFFF
(1786376518.701320) can0 39D#B2090801
(1786376518.740996) can0 39D#B30A0801
(1786376518.781148) can0 5BD#D640010000000000
(1786376518.800971) can0 33D#0000FFFFFFFFFFFF
(1786376518.801414) can0 39D#B40B0801
(1786376518.820967) can0 39D#B50C0801
(1786376518.861009) can0 39D#B60D0801
(1786376518.900956) can0 33D#0000FFFFFFFFFFFF
(1786376518.901332) can0 39D#B70E0801
(1786376518.940939) can0 39D#B80F0801
(1786376518.980985) can0 33D#0000FFFFFFFFFFFF
(1786376519.001420) can0 39D#A9000801
(1786376519.021117) can0 39D#AA010801
(1786376519.061203) can0 39D#AB020801
(1786376519.100990) can0 33D#0000FFFFFFFFFFFF
(1786376519.101404) can0 39D#AC030801
(1786376519.140950) can0 39D#AD040801
(1786376519.181187) can0 35D#0355555555555555
(1786376519.181636) can0 32D#0B00020101000000
(1786376519.181956) can0 33D#0000FFFFFFFFFFFF
(1786376519.201054) can0 39D#AE050801
(1786376519.221277) can0 39D#AF060801
(1786376519.260967) can0 39D#B0070801
(1786376519.300981) can0 33D#0000FFFFFFFFFFFF
(1786376519.301351) can0 39D#B1080801
(1786376519.341037) can0 39D#B2090801
(1786376519.380976) can0 33D#0000FFFFFFFFFFFF
(1786376519.401298) can0 39D#B30A0801
(1786376519.420915) can0 39D#B40B0801
(1786376519.460912) can0 39D#B50C0801
(1786376519.500886) can0 33D#0000FFFFFFFFFFFF
(1786376519.501308) can0 39D#B60D0801
(1786376519.540964) can0 39D#B70E0801
(1786376519.581015) can0 33D#0000FFFFFFFFFFFF
(1786376519.601418) can0 39D#B80F0801
(1786376519.621032) can0 39D#A9000801
(1786376519.661251) can0 5BD#C140010000000000
(1786376519.701020) can0 39D#AA010801
(1786376519.701460) can0 33D#0000FFFFFFFFFFFF
(1786376519.701884) can0 39D#AB020801
(1786376519.740880) can0 39D#AC030801
(1786376519.780851) can0 33D#0000FFFFFFFFFFFF
(1786376519.801355) can0 39D#AD040801
(1786376519.820899) can0 39D#AE050801
(1786376519.860884) can0 39D#AF060801
(1786376519.900872) can0 33D#0000FFFFFFFFFFFF
(1786376519.901274) can0 39D#B0070801
(1786376519.940866) can0 39D#B1080801
(1786376519.981063) can0 33D#0000FFFFFFFFFFFF
(1786376520.001395) can0 39D#B2090801
(1786376520.021038) can0 39D#B30A0801
(1786376520.060964) can0 39D#B40B0801
(1786376520.101172) can0 33D#0000FFFFFFFFFFFF
(1786376520.101562) can0 39D#B50C0801
(1786376520.141034) can0 39D#B60D0801
(1786376520.181137) can0 35D#0455555555555555
(1786376520.181626) can0 33D#0000FFFFFFFFFFFF
(1786376520.201479) can0 39D#B70E0801
(1786376520.220990) can0 39D#B80F0801
(1786376520.260965) can0 39D#A9000801
(1786376520.300999) can0 33D#0000FFFFFFFFFFFF
(1786376520.301455) can0 39D#AA010801
(1786376520.341039) can0 39D#AB020801
(1786376520.381044) can0 33D#0000FFFFFFFFFFFF
(1786376520.401423) can0 39D#AC030801
(1786376520.420961) can0 39D#AD040801
(1786376520.460913) can0 39D#AE050801
(1786376520.500943) can0 33D#0000FFFFFFFFFFFF
(1786376520.501692) can0 39D#AF060801
(1786376520.540870) can0 39D#B0070801
(1786376520.581110) can0 33D#0000FFFFFFFFFFFF
(1786376520.601353) can0 39D#B1080801
(1786376520.620989) can0 39D#B2090801
(1786376520.661062) can0 39D#B30A0801
(1786376520.700902) can0 33D#0000FFFFFFFFFFFF
(1786376520.701427) can0 39D#B40B0801
(1786376520.740948) can0 39D#B50C0801
(1786376520.781246) can0 33D#0000FFFFFFFFFFFF
(1786376520.801516) can0 39D#B60D0801
(1786376520.821002) can0 39D#B70E0801
(1786376520.860907) can0 39D#B80F0801
(1786376520.900948) can0 33D#0000FFFFFFFFFFFF
(1786376520.901359) can0 39D#A9000801
(1786376520.941283) can0 39D#AA010801
(1786376520.980985) can0 33D#0000FFFFFFFFFFFF
(1786376521.001424) can0 39D#AB020801
(1786376521.020975) can0 39D#AC030801
(1786376521.060989) can0 39D#AD040801
(1786376521.100872) can0 33D#0000FFFFFFFFFFFF
(1786376521.101287) can0 39D#AE050801
(1786376521.140843) can0 39D#AF060801
(1786376521.181044) can0 35D#0555555555555555
(1786376521.181489) can0 32D#0D0000008D792021
(1786376521.181898) can0 33D#0000FFFFFFFFFFFF
(1786376521.201367) can0 39D#B0070801
(1786376521.220922) can0 39D#B1080801
(1786376521.261199) can0 39D#B2090801
(1786376521.300931) can0 33D#0000FFFFFFFFFFFF
(1786376521.301346) can0 39D#B30A0801
(1786376521.340947) can0 39D#B40B0801
(1786376521.380923) can0 33D#0000FFFFFFFFFFFF
(1786376521.400968) can0 39D#B50C0801
(1786376521.421167) can0 39D#B60D0801
(1786376521.461011) can0 39D#B70E0801
(1786376521.500953) can0 33D#0000FFFFFFFFFFFF
(1786376521.501330) can0 39D#B80F0801
(1786376521.540920) can0 39D#A9000801
(1786376521.580954) can0 33D#0000FFFFFFFFFFFF
(1786376521.601456) can0 39D#AA010801
(1786376521.620955) can0 39D#AB020801
(1786376521.660827) can0 3AD#4100002004000010
(1786376521.671068) can0 39D#AC030801
(1786376521.700956) can0 33D#0000FFFFFFFFFFFF
(1786376521.701342) can0 39D#AD040801
(1786376521.740865) can0 39D#AE050801
(1786376521.780676) can0 33D#0000FFFFFFFFFFFF
(1786376521.801034) can0 39D#AF060801
(1786376521.820937) can0 39D#B0070801
(1786376521.860811) can0 39D#B1080801
(1786376521.900998) can0 33D#0000FFFFFFFFFFFF
(1786376521.901439) can0 39D#B2090801
(1786376521.940761) can0 39D#B30A0801
(1786376521.980774) can0 33D#0000FFFFFFFFFFFF
(1786376522.000895) can0 39D#B40B0801
(1786376522.020788) can0 31D#4400300000020300
(1786376522.050925) can0 39D#B50C0801
(1786376522.060849) can0 33D#18000A0052515654
(1786376522.071325) can0 34D#0000280013286800
(1786376522.090894) can0 39D#B60D0801
(1786376522.100695) can0 33D#0000FFFFFFFFFFFF
(1786376522.101040) can0 36D#9D0000000040E785
(1786376522.110989) can0 37D#86000000005C9700
(1786376522.131122) can0 39D#B70E0801
(1786376522.140848) can0 38D#0000000070010000
(1786376522.151119) can0 39D#B80F0801
(1786376522.180868) can0 35D#0655556555555559
(1786376522.181279) can0 33D#0000FFFFFFFFFFFF
(1786376522.201033) can0 39D#A9000801
(1786376522.220828) can0 39D#AA010801
(1786376522.260826) can0 39D#AB020801
(1786376522.300799) can0 33D#0000FFFFFFFFFFFF
(1786376522.301169) can0 39D#AC030801
(1786376522.340814) can0 39D#AD040801
(1786376522.380993) can0 33D#0000FFFFFFFFFFFF
(1786376522.400872) can0 39D#AE050801
(1786376522.420911) can0 39D#AF060801
(1786376522.460860) can0 39D#B0070801
(1786376522.500935) can0 33D#0000FFFFFFFFFFFF
(1786376522.501256) can0 39D#B1080801
(1786376522.540795) can0 39D#B2090801
(1786376522.580911) can0 33D#0000FFFFFFFFFFFF
(1786376522.600953) can0 39D#B30A0801
(1786376522.620832) can0 39D#B40B0801
(1786376522.660868) can0 39D#B50C0801
(1786376522.700796) can0 33D#0000FFFFFFFFFFFF
(1786376522.701177) can0 39D#B60D0801
(1786376522.740813) can0 39D#B70E0801
(1786376522.780880) can0 33D#0000FFFFFFFFFFFF
(1786376522.800937) can0 39D#B80F0801
(1786376522.820805) can0 39D#A9000801
(1786376522.860879) can0 39D#AA010801
(1786376522.900886) can0 33D#0000FFFFFFFFFFFF
(1786376522.901233) can0 39D#AB020801
(1786376522.940806) can0 39D#AC030801
(1786376522.980979) can0 33D#0000FFFFFFFFFFFF
(1786376523.000992) can0 39D#AD040801
(1786376523.020849) can0 39D#AE050801
(1786376523.060817) can0 39D#AF060801
(1786376523.100824) can0 33D#0000FFFFFFFFFFFF
(1786376523.101184) can0 39D#B0070801
(1786376523.140861) can0 39D#B1080801
(1786376523.180748) can0 35D#07555555552A0000
(1786376523.181012) can0 32D#1405000060FCB070
(1786376523.181224) can0 33D#0000FFFFFFFFFFFF
(1786376523.200860) can0 39D#B2090801
(1786376523.220777) can0 39D#B30A0801
(1786376523.260865) can0 39D#B40B0801
(1786376523.300791) can0 33D#0000FFFFFFFFFFFF
(1786376523.301154) can0 39D#B50C0801
(1786376523.340757) can0 39D#B60D0801
(1786376523.380960) can0 33D#0000FFFFFFFFFFFF
(1786376523.400946) can0 39D#B70E0801
(1786376523.420864) can0 39D#B80F0801
(1786376523.460863) can0 39D#A9000801
(1786376523.500745) can0 33D#0000FFFFFFFFFFFF
(1786376523.501215) can0 39D#AA010801
(1786376523.540869) can0 39D#AB020801
(1786376523.580965) can0 33D#0000FFFFFFFFFFFF
(1786376523.600912) can0 39D#AC030801
(1786376523.620792) can0 39D#AD040801
(1786376523.660803) can0 39D#AE050801
(1786376523.700881) can0 33D#0000FFFFFFFFFFFF
(1786376523.701320) can0 39D#AF060801
(1786376523.740819) can0 39D#B0070801
(1786376523.780941) can0 33D#0000FFFFFFFFFFFF
(1786376523.800965) can0 39D#B1080801
(1786376523.820825) can0 39D#B2090801
(1786376523.860864) can0 39D#B30A0801
(1786376523.900924) can0 33D#0000FFFFFFFFFFFF
(1786376523.901318) can0 39D#B40B0801
(1786376523.940776) can0 39D#B50C0801
(1786376523.980913) can0 33D#0000FFFFFFFFFFFF
(1786376524.000970) can0 39D#B60D0801
(1786376524.020827) can0 39D#B70E0801
(1786376524.060764) can0 39D#B80F0801
(1786376524.100826) can0 33D#0000FFFFFFFFFFFF
(1786376524.101251) can0 39D#A9000801
(1786376524.140864) can0 39D#AA010801
(1786376524.180948) can0 35D#0055555555555555
(1786376524.181413) can0 33D#0000FFFFFFFFFFFF
(1786376524.200985) can0 39D#AB020801
(1786376524.220880) can0 39D#AC030801
(1786376524.260761) can0 39D#AD040801
(1786376524.300789) can0 33D#0000FFFFFFFFFFFF
(1786376524.301141) can0 39D#AE050801
(1786376524.340790) can0 39D#AF060801
(1786376524.380843) can0 33D#0000FFFFFFFFFFFF
(1786376524.400882) can0 39D#B0070801
(1786376524.420803) can0 39D#B1080801
(1786376524.460730) can0 39D#B2090801
(1786376524.500771) can0 33D#0000FFFFFFFFFFFF
(1786376524.501212) can0 39D#B30A0801
(1786376524.540805) can0 39D#B40B0801
(1786376524.580818) can0 33D#0000FFFFFFFFFFFF
(1786376524.600976) can0 39D#B50C0801
(1786376524.620800) can0 39D#B60D0801
(1786376524.660868) can0 39D#B70E0801
(1786376524.700819) can0 33D#0000FFFFFFFFFFFF
(1786376524.701160) can0 39D#B80F0801
(1786376524.740840) can0 39D#A9000801
(1786376524.780973) can0 33D#0000FFFFFFFFFFFF
(1786376524.800830) can0 39D#AA010801
(1786376524.820830) can0 39D#AB020801
(1786376524.860884) can0 39D#AC030801
(1786376524.900892) can0 33D#0000FFFFFFFFFFFF
(1786376524.901287) can0 39D#AD040801
(1786376524.940722) can0 39D#AE050801
(1786376524.980845) can0 33D#0000FFFFFFFFFFFF
(1786376525.000846) can0 39D#AF060801
(1786376525.020787) can0 39D#B0070801
(1786376525.060774) can0 39D#B1080801
(1786376525.100715) can0 33D#0000FFFFFFFFFFFF
(1786376525.101109) can0 39D#B2090801
(1786376525.140786) can0 39D#B30A0801
(1786376525.180940) can0 35D#0155555555555555
(1786376525.181316) can0 32D#16000000E4ACA32F
(1786376525.181683) can0 33D#0000FFFFFFFFFFFF
(1786376525.200951) can0 39D#B40B0801
(1786376525.220707) can0 39D#B50C0801
(1786376525.260818) can0 39D#B60D0801
(1786376525.300756) can0 33D#0000FFFFFFFFFFFF
(1786376525.301169) can0 39D#B70E0801
(1786376525.340803) can0 39D#B80F0801
(1786376525.380966) can0 33D#0000FFFFFFFFFFFF
(1786376525.400835) can0 39D#A9000801
(1786376525.420781) can0 39D#AA010801
(1786376525.460770) can0 39D#AB020801
(1786376525.500814) can0 33D#0000FFFFFFFFFFFF
(1786376525.501156) can0 39D#AC030801
(1786376525.540780) can0 39D#AD040801
(1786376525.580905) can0 33D#0000FFFFFFFFFFFF
(1786376525.600812) can0 39D#AE050801
(1786376525.620697) can0 39D#AF060801
(1786376525.660736) can0 39D#B0070801
(1786376525.700717) can0 33D#0000FFFFFFFFFFFF
(1786376525.701128) can0 39D#B1080801
(1786376525.740751) can0 39D#B2090801
(1786376525.780772) can0 33D#0000FFFFFFFFFFFF
(1786376525.800828) can0 39D#B30A0801
(1786376525.820898) can0 39D#B40B0801
(1786376525.860878) can0 39D#B50C0801
(1786376525.900826) can0 33D#0000FFFFFFFFFFFF
(1786376525.901158) can0 39D#B60D0801
(1786376525.940818) can0 39D#B70E0801
(1786376525.980940) can0 33D#0000FFFFFFFFFFFF
(1786376526.000968) can0 39D#B80F0801
(1786376526.020754) can0 39D#A9000801
(1786376526.060735) can0 39D#AA010801
(1786376526.100836) can0 33D#0000FFFFFFFFFFFF
(1786376526.101266) can0 39D#AB020801
(1786376526.140771) can0 39D#AC030801
(1786376526.180836) can0 35D#0256555555555555
(1786376526.181282) can0 33D#0000FFFFFFFFFFFF
(1786376526.200917) can0 39D#AD040801
(1786376526.220814) can0 39D#AE050801
(1786376526.260753) can0 39D#AF060801
(1786376526.300864) can0 33D#0000FFFFFFFFFFFF
(1786376526.301317) can0 39D#B0070801
(1786376526.340795) can0 39D#B1080801
(1786376526.380925) can0 33D#0000FFFFFFFFFFFF
(1786376526.400788) can0 39D#B2090801
(1786376526.420849) can0 39D#B30A0801
(1786376526.460724) can0 39D#B40B0801
(1786376526.500878) can0 33D#0000FFFFFFFFFFFF
(1786376526.501302) can0 39D#B50C0801
(1786376526.540816) can0 39D#B60D0801
(1786376526.580985) can0 33D#0000FFFFFFFFFFFF
(1786376526.600861) can0 39D#B70E0801
(1786376526.620747) can0 39D#B80F0801
(1786376526.660661) can0 39D#A9000801
(1786376526.700856) can0 33D#0000FFFFFFFFFFFF
(1786376526.701309) can0 39D#AA010801
(1786376526.740748) can0 39D#AB020801
(1786376526.780883) can0 33D#0000FFFFFFFFFFFF
(1786376526.801004) can0 39D#AC030801
(1786376526.820742) can0 39D#AD040801
(1786376526.860804) can0 39D#AE050801
(1786376526.900936) can0 33D#0000FFFFFFFFFFFF
(1786376526.901334) can0 39D#AF060801
(1786376526.940751) can0 39D#B0070801
(1786376526.980667) can0 33D#0000FFFFFFFFFFFF
(1786376527.000826) can0 39D#B1080801
(1786376527.020704) can0 39D#B2090801
(1786376527.060741) can0 39D#B30A0801
(1786376527.100772) can0 33D#0000FFFFFFFFFFFF
(1786376527.101158) can0 39D#B40B0801
(1786376527.140718) can0 39D#B50C0801
(1786376527.180885) can0 35D#0355555555555555
(1786376527.181322) can0 32D#0A01000000007000
(1786376527.181758) can0 33D#0000FFFFFFFFFFFF
(1786376527.200879) can0 39D#B60D0801
(1786376527.220713) can0 39D#B70E0801
(1786376527.260717) can0 39D#B80F0801
(1786376527.300774) can0 33D#0000FFFFFFFFFFFF
(1786376527.301193) can0 39D#A9000801
(1786376527.340697) can0 39D#AA010801
(1786376527.380912) can0 33D#0000FFFFFFFFFFFF
(1786376527.400864) can0 39D#AB020801
(1786376527.420735) can0 39D#AC030801
(1786376527.460714) can0 39D#AD040801
(1786376527.500735) can0 33D#0000FFFFFFFFFFFF
(1786376527.501105) can0 39D#AE050801
(1786376527.540710) can0 39D#AF060801
(1786376527.580777) can0 33D#0000FFFFFFFFFFFF
(1786376527.600813) can0 39D#B0070801
(1786376527.620757) can0 39D#B1080801
(1786376527.660786) can0 39D#B2090801
(1786376527.700690) can0 33D#0000FFFFFFFFFFFF
(1786376527.701116) can0 39D#B30A0801
(1786376527.740688) can0 39D#B40B0801
(1786376527.780820) can0 33D#0000FFFFFFFFFFFF
(1786376527.800862) can0 39D#B50C0801
(1786376527.820750) can0 39D#B60D0801
(1786376527.860686) can0 39D#B70E0801
(1786376527.900865) can0 33D#0000FFFFFFFFFFFF
(1786376527.901337) can0 39D#B80F0801
(1786376527.940709) can0 39D#39009801
(1786376527.981016) can0 33D#0000FFFFFFFFFFFF
(1786376528.001339) can0 39D#5B01B802
(1786376528.020838) can0 39D#2E028804
(1786376528.061075) can0 39D#C1031806
(1786376528.101166) can0 33D#0000FFFFFFFFFFFF
(1786376528.101513) can0 39D#6204B806
(1786376528.141090) can0 39D#43059806
(1786376528.180834) can0 35D#0455555555555555
(1786376528.181163) can0 33D#0000FFFFFFFFFFFF
(1786376528.201231) can0 39D#34068806
(1786376528.220869) can0 39D#7507C806
(1786376528.260854) can0 39D#C7081807
(1786376528.301198) can0 33D#0000FFFFFFFFFFFF
(1786376528.301601) can0 39D#38098807
(1786376528.340833) can0 39D#FA0A4808
(1786376528.380901) can0 33D#0000FFFFFFFFFFFF
(1786376528.401405) can0 39D#0C0B5809
(1786376528.421112) can0 39D#3E0C880A
(1786376528.460838) can0 39D#500D980B
(1786376528.501001) can0 33D#0000FFFFFFFFFFFF
(1786376528.501494) can0 39D#420E880C
(1786376528.540816) can0 39D#440F880D
(1786376528.581166) can0 33D#0000FFFFFFFFFFFF
(1786376528.601272) can0 39D#6600B80E
(1786376528.621146) can0 39D#E9013810
(1786376528.660760) can0 39D#3B028811
(1786376528.701215) can0 33D#0000FFFFFFFFFFFF
(1786376528.701767) can0 39D#2D037812
(1786376528.741092) can0 39D#5E04A812
(1786376528.781071) can0 33D#0000FFFFFFFFFFFF
(1786376528.801324) can0 39D#5F05A812
(1786376528.820820) can0 39D#6006A812
(1786376528.861072) can0 39D#6107A812
(1786376528.900892) can0 33D#0000FFFFFFFFFFFF
(1786376528.901478) can0 39D#6208A812
(1786376528.940770) can0 39D#8309C812
(1786376528.980866) can0 33D#0000FFFFFFFFFFFF
(1786376529.001400) can0 39D#B40AF812
(1786376529.021106) can0 39D#360B7813
(1786376529.061063) can0 39D#F80C3814
(1786376529.100821) can0 33D#0000FFFFFFFFFFFF
(1786376529.101243) can0 39D#0A0D4815
(1786376529.140791) can0 39D#FC0E3816
(1786376529.180810) can0 35D#0555555555555555
(1786376529.181166) can0 32D#0B00020101000000
(1786376529.181517) can0 33D#0000FFFFFFFFFFFF
(1786376529.201295) can0 39D#6D0FA816
(1786376529.220836) can0 39D#6E00B816
(1786376529.260907) can0 39D#6F01B816
(1786376529.301121) can0 33D#0000FFFFFFFFFFFF
(1786376529.301496) can0 39D#7002B816
(1786376529.340799) can0 39D#7103B816
(1786376529.381108) can0 33D#0000FFFFFFFFFFFF
(1786376529.401145) can0 39D#8204C816
(1786376529.420793) can0 39D#C4050817
(1786376529.461067) can0 39D#25066817
(1786376529.501161) can0 33D#0000FFFFFFFFFFFF
(1786376529.501501) can0 39D#A607E817
(1786376529.541143) can0 39D#18085818
(1786376529.581103) can0 33D#0000FFFFFFFFFFFF
(1786376529.601251) can0 39D#29096818
(1786376529.620762) can0 39D#2A0A6818
(1786376529.661058) can0 39D#1B0B5818
(1786376529.700769) can0 33D#0000FFFFFFFFFFFF
(1786376529.701115) can0 39D#0C0C4818
(1786376529.740771) can0 39D#0D0D4818
(1786376529.780875) can0 33D#0000FFFFFFFFFFFF
(1786376529.801256) can0 39D#FE0E3818
(1786376529.820771) can0 39D#FF0F3818
(1786376529.861028) can0 39D#F0003818
(1786376529.900707) can0 33D#0000FFFFFFFFFFFF
(1786376529.901117) can0 39D#F1013818
(1786376529.940785) can0 39D#F2023818
(1786376529.980851) can0 33D#0000FFFFFFFFFFFF
(1786376530.001157) can0 39D#F3033818
(1786376530.021011) can0 39D#F4043818
(1786376530.060766) can0 39D#F5053818
(1786376530.100711) can0 33D#0000FFFFFFFFFFFF
(1786376530.101142) can0 39D#F6063818
(1786376530.140757) can0 39D#E7072818
(1786376530.180730) can0 35D#0655556555555559
(1786376530.181062) can0 33D#0000FFFFFFFFFFFF
(1786376530.201180) can0 39D#E8082818
(1786376530.220714) can0 39D#E9092818
(1786376530.260709) can0 39D#DA0A1818
(1786376530.301017) can0 33D#0000FFFFFFFFFFFF
(1786376530.301247) can0 39D#CB0B0818
(1786376530.341100) can0 39D#BB0CF817
(1786376530.380760) can0 33D#0000FFFFFFFFFFFF
(1786376530.401357) can0 39D#AC0DE817
(1786376530.421064) can0 39D#9D0ED817
(1786376530.461060) can0 39D#8E0FC817
(1786376530.500765) can0 33D#0000FFFFFFFFFFFF
(1786376530.501174) can0 39D#5F00A817
(1786376530.540767) can0 39D#40018817
(1786376530.581180) can0 33D#0000FFFFFFFFFFFF
(1786376530.601207) can0 39D#11025817
(1786376530.621085) can0 39D#F2033817
(1786376530.661106) can0 39D#C3040817
(1786376530.700795) can0 33D#0000FFFFFFFFFFFF
(1786376530.701217) can0 39D#9305D816
(1786376530.740715) can0 39D#6406A816
(1786376530.780900) can0 33D#0000FFFFFFFFFFFF
(1786376530.801231) can0 39D#45078816
(1786376530.820732) can0 39D#46088816
(1786376530.860693) can0 39D#8709C816
(1786376530.900743) can0 33D#0000FFFFFFFFFFFF
(1786376530.901227) can0 39D#D90A1817
(1786376530.941098) can0 39D#4A0B8817
(1786376530.981078) can0 33D#0000FFFFFFFFFFFF
(1786376531.001289) can0 39D#CC0C0818
(1786376531.021093) can0 39D#5D0D9818
(1786376531.061158) can0 39D#6E0EA818
(1786376531.101040) can0 33D#0000FFFFFFFFFFFF
(1786376531.101280) can0 39D#4F0F8818
(1786376531.140761) can0 39D#40008818
(1786376531.180759) can0 35D#07555555552A0000
(1786376531.181124) can0 32D#0D0000008D792021
(1786376531.181385) can0 33D#0000FFFFFFFFFFFF
(1786376531.201142) can0 39D#31017818
(1786376531.220754) can0 39D#32027818
(1786376531.261155) can0 39D#33037818
(1786376531.300747) can0 33D#0000FFFFFFFFFFFF
(1786376531.301168) can0 39D#34047818
(1786376531.340828) can0 39D#25056818
(1786376531.380759) can0 33D#0000FFFFFFFFFFFF
(1786376531.401189) can0 39D#16065818
(1786376531.420738) can0 39D#F7073818
(1786376531.460784) can0 39D#D8081818
(1786376531.500791) can0 33D#0000FFFFFFFFFFFF
(1786376531.501132) can0 39D#C9090818
(1786376531.540716) can0 39D#A90AE817
(1786376531.581058) can0 33D#0000FFFFFFFFFFFF
(1786376531.601175) can0 39D#8A0BC817
(1786376531.620773) can0 39D#6B0CA817
(1786376531.661061) can0 39D#4C0D8817
(1786376531.700749) can0 33D#0000FFFFFFFFFFFF
(1786376531.701205) can0 39D#2D0E6817
(1786376531.741036) can0 39D#2E0F6817
(1786376531.780990) can0 33D#0000FFFFFFFFFFFF
(1786376531.801153) can0 39D#1F006817
(1786376531.820685) can0 39D#20016817
(1786376531.860765) can0 39D#21026817
(1786376531.900759) can0 33D#0000FFFFFFFFFFFF
(1786376531.901206) can0 39D#42038817
(1786376531.940718) can0 39D#43048817
(1786376531.980774) can0 33D#0000FFFFFFFFFFFF
(1786376532.001095) can0 39D#54059817
(1786376532.020709) can0 39D#6506A817
(1786376532.061090) can0 39D#6607A817
(1786376532.100662) can0 33D#0000FFFFFFFFFFFF
(1786376532.101093) can0 39D#6708A817
(1786376532.141040) can0 39D#6809A817
(1786376532.180764) can0 35D#0055555555555555
(1786376532.181148) can0 33D#0000FFFFFFFFFFFF
(1786376532.201136) can0 39D#790AB817
(1786376532.220710) can0 39D#6A0BA817
(1786376532.260690) can0 39D#7B0CB817
(1786376532.300728) can0 33D#0000FFFFFFFFFFFF
(1786376532.301158) can0 39D#7C0DB817
(1786376532.340799) can0 39D#7D0EB817
(1786376532.380796) can0 33D#0000FFFFFFFFFFFF
(1786376532.401197) can0 39D#7E0FB817
(1786376532.420695) can0 39D#7F00C817
(1786376532.460799) can0 39D#8001C817
(1786376532.500723) can0 33D#0000FFFFFFFFFFFF
(1786376532.501137) can0 39D#8102C817
(1786376532.540674) can0 39D#8203C817
(1786376532.580706) can0 33D#0000FFFFFFFFFFFF
(1786376532.601130) can0 39D#8304C817
(1786376532.620660) can0 39D#8405C817
(1786376532.660727) can0 39D#8506C817
(1786376532.700684) can0 33D#0000FFFFFFFFFFFF
(1786376532.701068) can0 39D#8607C817
(1786376532.740958) can0 39D#8708C817
(1786376532.780948) can0 33D#0000FFFFFFFFFFFF
(1786376532.801110) can0 39D#8809C817
(1786376532.821017) can0 39D#890AC817
(1786376532.860705) can0 39D#8A0BC817
(1786376532.900654) can0 33D#0000FFFFFFFFFFFF
(1786376532.901090) can0 39D#8B0CC817
(1786376532.940726) can0 39D#8C0DC817
(1786376532.981096) can0 33D#0000FFFFFFFFFFFF
(1786376533.001142) can0 39D#8D0EC817
(1786376533.020679) can0 39D#8E0FC817
(1786376533.060698) can0 39D#7F00C817
(1786376533.100658) can0 33D#0000FFFFFFFFFFFF
(1786376533.101061) can0 39D#8001C817
(1786376533.140641) can0 39D#8102C817
(1786376533.180835) can0 35D#0155555555555555
(1786376533.181213) can0 32D#1405000060FCB070
(1786376533.181628) can0 33D#0000FFFFFFFFFFFF
(1786376533.201194) can0 39D#8203C817
(1786376533.220743) can0 39D#8304C817
(1786376533.260702) can0 39D#8405C817
(1786376533.300975) can0 33D#0000FFFFFFFFFFFF
(1786376533.301264) can0 39D#8506C817
(1786376533.340656) can0 39D#8607C817
(1786376533.380810) can0 33D#0000FFFFFFFFFFFF
(1786376533.401053) can0 39D#8708C817
(1786376533.420705) can0 39D#8809C817
(1786376533.461039) can0 39D#890AC817
(1786376533.500724) can0 33D#0000FFFFFFFFFFFF
(1786376533.501075) can0 39D#8A0BC817
(1786376533.540661) can0 39D#9B0CD817
(1786376533.580741) can0 33D#0000FFFFFFFFFFFF
(1786376533.601180) can0 39D#9C0DD817
(1786376533.620686) can0 39D#9D0ED817
(1786376533.660726) can0 39D#9E0FD817
(1786376533.700788) can0 33D#0000FFFFFFFFFFFF
(1786376533.701271) can0 39D#8F00D817
(1786376533.740679) can0 39D#9001D817
(1786376533.780968) can0 33D#0000FFFFFFFFFFFF
(1786376533.801128) can0 39D#A102E817
(1786376533.820656) can0 39D#A203E817
(1786376533.861006) can0 39D#A304E817
(1786376533.900709) can0 33D#0000FFFFFFFFFFFF
(1786376533.901085) can0 39D#A405E817
(1786376533.940683) can0 39D#A506E817
(1786376533.980708) can0 33D#0000FFFFFFFFFFFF
(1786376534.001226) can0 39D#A607E817
(1786376534.020676) can0 39D#A708E817
(1786376534.060650) can0 39D#A809E817
(1786376534.100689) can0 33D#0000FFFFFFFFFFFF
(1786376534.101097) can0 39D#A90AE817
(1786376534.140601) can0 39D#AA0BE817
(1786376534.180658) can0 35D#0256555555555555
(1786376534.181041) can0 33D#0000FFFFFFFFFFFF
(1786376534.201211) can0 39D#AB0CE817
(1786376534.220730) can0 39D#AC0DE817
(1786376534.260715) can0 39D#AD0EE817
(1786376534.300671) can0 33D#0000FFFFFFFFFFFF
(1786376534.301029) can0 39D#AE0FE817
(1786376534.340599) can0 39D#9F00E817
(1786376534.380680) can0 33D#0000FFFFFFFFFFFF
(1786376534.401095) can0 39D#A001E817
(1786376534.420710) can0 39D#A102E817
(1786376534.460983) can0 39D#A203E817
(1786376534.501017) can0 33D#0000FFFFFFFFFFFF
(1786376534.501351) can0 39D#A304E817
(1786376534.540980) can0 39D#A405E817
(1786376534.580715) can0 33D#0000FFFFFFFFFFFF
(1786376534.601060) can0 39D#A506E817
(1786376534.620613) can0 39D#A607E817
(1786376534.660931) can0 39D#A708E817
(1786376534.700971) can0 33D#0000FFFFFFFFFFFF
(1786376534.701277) can0 39D#A809E817
(1786376534.740609) can0 39D#A90AE817
(1786376534.780743) can0 33D#0000FFFFFFFFFFFF
(1786376534.801124) can0 39D#AA0BE817
(1786376534.820724) can0 39D#AB0CE817
(1786376534.860633) can0 39D#AC0DE817
(1786376534.900598) can0 33D#0000FFFFFFFFFFFF
(1786376534.901045) can0 39D#AD0EE817
(1786376534.940647) can0 39D#AE0FE817
(1786376534.980763) can0 33D#0000FFFFFFFFFFFF
(1786376535.001215) can0 39D#9F00E817
(1786376535.020925) can0 39D#A001E817
(1786376535.060657) can0 39D#A102E817
(1786376535.100671) can0 33D#0000FFFFFFFFFFFF
(1786376535.101113) can0 39D#A203E817
(1786376535.140665) can0 39D#A304E817
(1786376535.180989) can0 35D#0355555555555555
(1786376535.181408) can0 32D#16000000E4ACA32F
(1786376535.181779) can0 33D#0000FFFFFFFFFFFF
(1786376535.201029) can0 39D#A405E817
(1786376535.220615) can0 39D#A506E817
(1786376535.260596) can0 39D#A607E817
(1786376535.300595) can0 33D#0000FFFFFFFFFFFF
(1786376535.301077) can0 39D#A708E817
(1786376535.340626) can0 39D#A809E817
(1786376535.380642) can0 33D#0000FFFFFFFFFFFF
(1786376535.401027) can0 39D#A90AE817
(1786376535.420599) can0 39D#AA0BE817
(1786376535.460672) can0 39D#AB0CE817
(1786376535.500699) can0 33D#0000FFFFFFFFFFFF
(1786376535.501060) can0 39D#AC0DE817
(1786376535.540620) can0 39D#AD0EE817
(1786376535.580864) can0 33D#0000FFFFFFFFFFFF
(1786376535.601126) can0 39D#AE0FE817
(1786376535.620684) can0 39D#9F00E817
(1786376535.660660) can0 39D#A001E817
(1786376535.700649) can0 33D#0000FFFFFFFFFFFF
(1786376535.701094) can0 39D#A102E817
(1786376535.740622) can0 39D#A203E817
(1786376535.780683) can0 33D#0000FFFFFFFFFFFF
(1786376535.801053) can0 39D#A304E817
(1786376535.820677) can0 39D#A405E817
(1786376535.860686) can0 39D#A506E817
(1786376535.900647) can0 33D#0000FFFFFFFFFFFF
(1786376535.901020) can0 39D#A607E817
(1786376535.940627) can0 39D#A708E817
(1786376535.980657) can0 33D#0000FFFFFFFFFFFF
(1786376536.001119) can0 39D#A809E817
(1786376536.020695) can0 39D#A90AE817
(1786376536.060591) can0 39D#AA0BE817
(1786376536.100660) can0 33D#0000FFFFFFFFFFFF
(1786376536.101039) can0 39D#AB0CE817
(1786376536.140617) can0 39D#AC0DE817
(1786376536.180745) can0 35D#0455555555555555
(1786376536.181105) can0 33D#0000FFFFFFFFFFFF
(1786376536.201110) can0 39D#AD0EE817
(1786376536.220724) can0 39D#AE0FE817
(1786376536.260952) can0 39D#9F00E817
(1786376536.300600) can0 33D#0000FFFFFFFFFFFF
(1786376536.301040) can0 39D#A001E817
(1786376536.340642) can0 39D#A102E817
(1786376536.380718) can0 33D#0000FFFFFFFFFFFF
(1786376536.401053) can0 39D#A203E817
(1786376536.420925) can0 39D#A304E817
(1786376536.460690) can0 39D#A405E817
(1786376536.500636) can0 33D#0000FFFFFFFFFFFF
(1786376536.501011) can0 39D#A506E817
(1786376536.540675) can0 39D#A607E817
(1786376536.580676) can0 33D#0000FFFFFFFFFFFF
(1786376536.601136) can0 39D#A708E817
(1786376536.620639) can0 39D#A809E817
(1786376536.660656) can0 39D#A90AE817
(1786376536.700636) can0 33D#0000FFFFFFFFFFFF
(1786376536.701093) can0 39D#AA0BE817
(1786376536.740905) can0 39D#AB0CE817
(1786376536.780699) can0 33D#0000FFFFFFFFFFFF
(1786376536.801094) can0 39D#AC0DE817
(1786376536.820578) can0 39D#AD0EE817
(1786376536.860634) can0 39D#AE0FE817
(1786376536.900922) can0 33D#0000FFFFFFFFFFFF
(1786376536.901377) can0 39D#9F00E817
(1786376536.940651) can0 39D#A001E817
(1786376536.980657) can0 33D#0000FFFFFFFFFFFF
(1786376537.000976) can0 39D#A102E817
(1786376537.020625) can0 39D#A203E817
(1786376537.060752) can0 39D#A304E817
(1786376537.100623) can0 33D#0000FFFFFFFFFFFF
(1786376537.101018) can0 39D#A405E817
(1786376537.140633) can0 39D#A506E817
(1786376537.180660) can0 35D#0555555555555555
(1786376537.181125) can0 32D#0A01000000007000
(1786376537.181540) can0 33D#0000FFFFFFFFFFFF
(1786376537.201016) can0 39D#A607E817
(1786376537.220669) can0 39D#A708E817
(1786376537.260576) can0 39D#A809E817
(1786376537.300865) can0 33D#0000FFFFFFFFFFFF
(1786376537.301137) can0 39D#A90AE817
(1786376537.340618) can0 39D#AA0BE817
(1786376537.380701) can0 33D#0000FFFFFFFFFFFF
(1786376537.401070) can0 39D#AB0CE817
(1786376537.420672) can0 39D#AC0DE817
(1786376537.460929) can0 39D#AD0EE817
(1786376537.500806) can0 33D#0000FFFFFFFFFFFF
(1786376537.501189) can0 39D#AE0FE817
(1786376537.540643) can0 39D#9F00E817
(1786376537.580720) can0 33D#0000FFFFFFFFFFFF
(1786376537.601032) can0 39D#A001E817
(1786376537.620615) can0 39D#A102E817
(1786376537.660635) can0 39D#A203E817
(1786376537.700675) can0 33D#0000FFFFFFFFFFFF
(1786376537.701050) can0 39D#A304E817
(1786376537.740575) can0 39D#A405E817
(1786376537.780843) can0 33D#0000FFFFFFFFFFFF
(1786376537.801076) can0 39D#A506E817
(1786376537.820594) can0 39D#A607E817
(1786376537.860634) can0 39D#A708E817
(1786376537.900879) can0 33D#0000FFFFFFFFFFFF
(1786376537.901263) can0 39D#A809E817
(1786376537.940654) can0 39D#A90AE817
(1786376537.980928) can0 33D#0000FFFFFFFFFFFF
(1786376538.000997) can0 39D#AA0BE817
(1786376538.020566) can0 39D#AB0CE817
(1786376538.060642) can0 39D#AC0DE817
(1786376538.100616) can0 33D#0000FFFFFFFFFFFF
(1786376538.101002) can0 39D#AD0EE817
(1786376538.140899) can0 39D#AE0FE817
(1786376538.180601) can0 35D#0655556555555559
(1786376538.180948) can0 33D#0000FFFFFFFFFFFF
(1786376538.200973) can0 39D#9F00E817
(1786376538.220560) can0 39D#A001E817
(1786376538.260671) can0 39D#A102E817
(1786376538.300659) can0 33D#0000FFFFFFFFFFFF
(1786376538.301013) can0 39D#A203E817
(1786376538.340550) can0 39D#A304E817
(1786376538.380661) can0 33D#0000FFFFFFFFFFFF
(1786376538.401104) can0 39D#A405E817
(1786376538.420614) can0 39D#A506E817
(1786376538.460899) can0 39D#A607E817
(1786376538.500580) can0 33D#0000FFFFFFFFFFFF
(1786376538.501012) can0 39D#A708E817
(1786376538.540587) can0 39D#A809E817
(1786376538.580604) can0 33D#0000FFFFFFFFFFFF
(1786376538.600965) can0 39D#A90AE817
(1786376538.620886) can0 39D#AA0BE817
(1786376538.660637) can0 39D#AB0CE817
(1786376538.700455) can0 33D#0000FFFFFFFFFFFF
(1786376538.700900) can0 39D#AC0DE817
(1786376538.740605) can0 39D#AD0EE817
(1786376538.780505) can0 33D#0000FFFFFFFFFFFF
(1786376538.800960) can0 39D#AE0FE817
(1786376538.820479) can0 39D#9F00E817
(1786376538.860597) can0 39D#E1012818
(1786376538.900887) can0 33D#0000FFFFFFFFFFFF
(1786376538.901187) can0 39D#42028818
(1786376538.940982) can0 39D#F4033819
(1786376538.980577) can0 33D#0000FFFFFFFFFFFF
(1786376539.001067) can0 39D#E604281A
(1786376539.020852) can0 39D#D805181B
(1786376539.060903) can0 39D#DA06181C
(1786376539.101025) can0 33D#0000FFFFFFFFFFFF
(1786376539.101456) can0 39D#CC07081D
(1786376539.140586) can0 39D#BD08F81D
(1786376539.180914) can0 35D#07555555552A0000
(1786376539.181216) can0 32D#0B00020101000000
(1786376539.181528) can0 33D#0000FFFFFFFFFFFF
(1786376539.201030) can0 39D#9F09D81E
(1786376539.220853) can0 39D#810AB81F
(1786376539.260851) can0 39D#630B9820
(1786376539.300541) can0 33D#0000FFFFFFFFFFFF
(1786376539.300957) can0 39D#650C9821
(1786376539.340550) can0 39D#870DB822
(1786376539.380549) can0 33D#0000FFFFFFFFFFFF
(1786376539.400984) can0 39D#C90EF823
(1786376539.420579) can0 39D#1C0F4825
(1786376539.460564) can0 39D#5E009826
(1786376539.500601) can0 33D#0000FFFFFFFFFFFF
(1786376539.500994) can0 39D#C001F827
(1786376539.540626) can0 39D#A202D828
(1786376539.580553) can0 33D#0000FFFFFFFFFFFF
(1786376539.600953) can0 39D#7403A829
(1786376539.620940) can0 39D#1604482A
(1786376539.660947) can0 39D#9705C82A
(1786376539.700988) can0 33D#0000FFFFFFFFFFFF
(1786376539.701353) can0 39D#0906382B
(1786376539.740617) can0 39D#7A07A82B
(1786376539.780672) can0 33D#0000FFFFFFFFFFFF
(1786376539.801022) can0 39D#CB08F82B
(1786376539.820827) can0 39D#ED09182C
(1786376539.860974) can0 39D#FE0A282C
(1786376539.900628) can0 33D#0000FFFFFFFFFFFF
(1786376539.901011) can0 39D#0F0B382C
(1786376539.940635) can0 39D#300C582C
(1786376539.980853) can0 33D#0000FFFFFFFFFFFF
(1786376540.001030) can0 39D#910DB82C
(1786376540.020637) can0 39D#330E582D
(1786376540.060556) can0 39D#E50F082E
(1786376540.100613) can0 33D#0000FFFFFFFFFFFF
(1786376540.101029) can0 39D#5600882E
(1786376540.140871) can0 39D#9701C82E
(1786376540.180893) can0 35D#0055555555555555
(1786376540.181252) can0 33D#0000FFFFFFFFFFFF
(1786376540.201045) can0 39D#C802F82E
(1786376540.220625) can0 39D#EA03182F
(1786376540.260871) can0 39D#0B04382F
(1786376540.300639) can0 33D#0000FFFFFFFFFFFF
(1786376540.300992) can0 39D#3C05682F
(1786376540.340960) can0 39D#5D06882F
(1786376540.380671) can0 33D#0000FFFFFFFFFFFF
(1786376540.400927) can0 39D#7E07A82F
(1786376540.420474) can0 39D#AF08D82F
(1786376540.460825) can0 39D#D009F82F
(1786376540.500501) can0 33D#0000FFFFFFFFFFFF
(1786376540.500939) can0 39D#020A2830
(1786376540.540616) can0 39D#230B4830
(1786376540.580580) can0 33D#0000FFFFFFFFFFFF
(1786376540.601005) can0 39D#540C7830
(1786376540.620821) can0 39D#850DA830
(1786376540.660868) can0 39D#A60EC830
(1786376540.700463) can0 33D#0000FFFFFFFFFFFF
(1786376540.700918) can0 39D#D70FF830
(1786376540.740818) can0 39D#E9001831
(1786376540.780889) can0 33D#0000FFFFFFFFFFFF
(1786376540.800969) can0 39D#FA012831
(1786376540.820561) can0 39D#0B023831
(1786376540.860598) can0 39D#1C034831
(1786376540.900869) can0 33D#0000FFFFFFFFFFFF
(1786376540.901236) can0 39D#1D044831
(1786376540.940633) can0 39D#1E054831
(1786376540.980795) can0 33D#0000FFFFFFFFFFFF
(1786376541.000917) can0 39D#1F064831
(1786376541.020518) can0 39D#20074831
(1786376541.060503) can0 39D#21084831
(1786376541.100544) can0 33D#0000FFFFFFFFFFFF
(1786376541.100904) can0 39D#22094831
(1786376541.140537) can0 39D#230A4831
(1786376541.180563) can0 35D#0155555555555555
(1786376541.180974) can0 32D#0D0000008D792021
(1786376541.181348) can0 33D#0000FFFFFFFFFFFF
(1786376541.200961) can0 39D#240B4831
(1786376541.220532) can0 39D#250C4831
(1786376541.260504) can0 39D#260D4831
(1786376541.300512) can0 33D#0000FFFFFFFFFFFF
(1786376541.300977) can0 39D#270E4831
(1786376541.340868) can0 39D#280F4831
(1786376541.380851) can0 33D#0000FFFFFFFFFFFF
(1786376541.400999) can0 39D#29005831
(1786376541.420865) can0 39D#5A018831
(1786376541.460665) can0 39D#BB02E831
(1786376541.500507) can0 33D#0000FFFFFFFFFFFF
(1786376541.500917) can0 39D#3B036632
(1786376541.540894) can0 3AD#0701001804000010
(1786376541.551176) can0 39D#BC04E632
(1786376541.580949) can0 33D#0000FFFFFFFFFFFF
(1786376541.601037) can0 5BD#CF40010000000000
(1786376541.620598) can0 39D#0E053633
(1786376541.620939) can0 39D#1F064633
(1786376541.660871) can0 39D#20074633
(1786376541.700514) can0 33D#0000FFFFFFFFFFFF
(1786376541.700973) can0 39D#21084633
(1786376541.740505) can0 39D#22094633
(1786376541.780554) can0 33D#0000FFFFFFFFFFFF
(1786376541.801030) can0 39D#230A4633
(1786376541.820567) can0 39D#240B4633
(1786376541.860569) can0 39D#250C4633
(1786376541.900701) can0 33D#0000FFFFFFFFFFFF
(1786376541.901100) can0 39D#260D4633
(1786376541.940524) can0 39D#270E4633
(1786376541.980549) can0 33D#0000FFFFFFFFFFFF
(1786376542.000866) can0 39D#280F4633
(1786376542.020511) can0 39D#29005633
(1786376542.060808) can0 39D#1A014633
(1786376542.100561) can0 33D#0000FFFFFFFFFFFF
(1786376542.100949) can0 39D#1B024633
(1786376542.140512) can0 39D#1C034633
(1786376542.180499) can0 35D#0256555555555555
(1786376542.180793) can0 33D#0000FFFFFFFFFFFF
(1786376542.200927) can0 39D#1D044633
(1786376542.220544) can0 39D#1E054633
(1786376542.260544) can0 39D#1F064633
(1786376542.300431) can0 33D#0000FFFFFFFFFFFF
(1786376542.300839) can0 39D#20074633
(1786376542.340570) can0 39D#21084633
(1786376542.380618) can0 33D#0000FFFFFFFFFFFF
(1786376542.400955) can0 39D#22094633
(1786376542.420429) can0 39D#230A4633
(1786376542.460801) can0 39D#240B4633
(1786376542.500511) can0 33D#0000FFFFFFFFFFFF
(1786376542.500892) can0 39D#250C4633
(1786376542.540544) can0 39D#260D4633
(1786376542.580593) can0 33D#0000FFFFFFFFFFFF
(1786376542.600962) can0 39D#270E4633
(1786376542.620578) can0 39D#280F4633
(1786376542.660524) can0 39D#19004633
(1786376542.700544) can0 33D#0000FFFFFFFFFFFF
(1786376542.700975) can0 39D#1A014633
(1786376542.740426) can0 39D#1B024633
(1786376542.780513) can0 33D#0000FFFFFFFFFFFF
(1786376542.800926) can0 39D#1C034633
(1786376542.820429) can0 39D#1D044633
(1786376542.860476) can0 39D#1E054633
(1786376542.900493) can0 33D#0000FFFFFFFFFFFF
(1786376542.900947) can0 39D#1F064633
(1786376542.940513) can0 39D#20074633
(1786376542.980541) can0 33D#0000FFFFFFFFFFFF
(1786376543.000890) can0 39D#21084633
(1786376543.020511) can0 39D#22094633
(1786376543.060815) can0 39D#230A4633
(1786376543.100460) can0 33D#0000FFFFFFFFFFFF
(1786376543.100902) can0 39D#240B4633
(1786376543.140781) can0 39D#250C4633
(1786376543.180730) can0 35D#0355555555555555
(1786376543.181109) can0 32D#1405000060FCB070
(1786376543.181542) can0 33D#0000FFFFFFFFFFFF
(1786376543.200948) can0 39D#260D4633
(1786376543.220544) can0 39D#270E4633
(1786376543.260536) can0 39D#280F4633
(1786376543.300800) can0 33D#0000FFFFFFFFFFFF
(1786376543.301117) can0 39D#19004633
(1786376543.340423) can0 39D#1A014633
(1786376543.380549) can0 33D#0000FFFFFFFFFFFF
(1786376543.400867) can0 39D#1B024633
(1786376543.420527) can0 39D#1C034633
(1786376543.460494) can0 39D#1D044633
(1786376543.500497) can0 33D#0000FFFFFFFFFFFF
(1786376543.500902) can0 39D#1E054633
(1786376543.540526) can0 39D#1F064633
(1786376543.580579) can0 33D#0000FFFFFFFFFFFF
(1786376543.600957) can0 39D#20074633
(1786376543.620555) can0 39D#21084633
(1786376543.660471) can0 39D#22094633
(1786376543.700528) can0 33D#0000FFFFFFFFFFFF
(1786376543.700880) can0 39D#230A4633
(1786376543.740545) can0 39D#240B4633
(1786376543.780814) can0 33D#0000FFFFFFFFFFFF
(1786376543.801081) can0 39D#250C4633
(1786376543.820466) can0 39D#260D4633
(1786376543.860476) can0 39D#270E4633
(1786376543.900551) can0 33D#0000FFFFFFFFFFFF
(1786376543.900945) can0 39D#280F4633
(1786376543.940391) can0 39D#19004633
(1786376543.980547) can0 33D#0000FFFFFFFFFFFF
(1786376544.000936) can0 39D#1A014633
(1786376544.020446) can0 39D#1B024633
(1786376544.060509) can0 39D#1C034633
(1786376544.100449) can0 33D#0000FFFFFFFFFFFF
(1786376544.100866) can0 39D#1D044633
(1786376544.140422) can0 39D#1E054633
(1786376544.180571) can0 35D#0455555555555555
(1786376544.181010) can0 33D#0000FFFFFFFFFFFF
(1786376544.200915) can0 39D#1F064633
(1786376544.220503) can0 39D#20074633
(1786376544.260454) can0 39D#21084633
(1786376544.300499) can0 33D#0000FFFFFFFFFFFF
(1786376544.300937) can0 39D#22094633
(1786376544.340421) can0 39D#230A4633
(1786376544.380451) can0 33D#0000FFFFFFFFFFFF
(1786376544.400955) can0 39D#240B4633
(1786376544.420532) can0 39D#250C4633
(1786376544.460486) can0 39D#260D4633
(1786376544.500481) can0 33D#0000FFFFFFFFFFFF
(1786376544.500884) can0 39D#270E4633
(1786376544.540482) can0 39D#280F4633
(1786376544.580495) can0 33D#0000FFFFFFFFFFFF
(1786376544.600927) can0 39D#09003633
(1786376544.620561) can0 39D#0A013633
(1786376544.660475) can0 39D#0B023633
(1786376544.700527) can0 33D#0000FFFFFFFFFFFF
(1786376544.700953) can0 39D#0C033633
(1786376544.740546) can0 39D#0D043633
(1786376544.780874) can0 33D#0000FFFFFFFFFFFF
(1786376544.800939) can0 39D#FE052633
(1786376544.820568) can0 39D#FF062633
(1786376544.860838) can0 39D#F0071633
(1786376544.900528) can0 33D#0000FFFFFFFFFFFF
(1786376544.900956) can0 39D#E1080633
(1786376544.940516) can0 39D#D109F632
(1786376544.980800) can0 33D#0000FFFFFFFFFFFF
(1786376545.000939) can0 39D#C20AE632
(1786376545.020863) can0 39D#B30BD632
(1786376545.060801) can0 39D#940CB632
(1786376545.100655) can0 33D#0000FFFFFFFFFFFF
(1786376545.101094) can0 39D#850DA632
(1786376545.140739) can0 39D#760E9632
(1786376545.180540) can0 35D#0555555555555555
(1786376545.180923) can0 32D#16000000E4ACA32F
(1786376545.181354) can0 33D#0000FFFFFFFFFFFF
(1786376545.200979) can0 39D#770F9632
(1786376545.220547) can0 39D#68009632
(1786376545.260562) can0 39D#59018632
(1786376545.300690) can0 33D#0000FFFFFFFFFFFF
(1786376545.301069) can0 39D#6A029632
(1786376545.340746) can0 39D#6B039632
(1786376545.380593) can0 33D#0000FFFFFFFFFFFF
(1786376545.400929) can0 39D#6C049632
(1786376545.420576) can0 39D#6D059632
(1786376545.460524) can0 39D#6E069632
(1786376545.500789) can0 33D#0000FFFFFFFFFFFF
(1786376545.501211) can0 39D#6F079632
(1786376545.540449) can0 39D#60088632
(1786376545.580633) can0 33D#0000FFFFFFFFFFFF
(1786376545.601036) can0 39D#61098632
(1786376545.620547) can0 39D#720A9632
(1786376545.660458) can0 39D#730B9632
(1786376545.700514) can0 33D#0000FFFFFFFFFFFF
(1786376545.700914) can0 39D#740C9632
(1786376545.740443) can0 39D#850DA632
(1786376545.780713) can0 33D#0000FFFFFFFFFFFF
(1786376545.800886) can0 39D#960EB632
(1786376545.820807) can0 39D#A70FC632
(1786376545.860445) can0 39D#B800E632
(1786376545.900902) can0 33D#0000FFFFFFFFFFFF
(1786376545.901360) can0 39D#DA010633
(1786376545.940751) can0 39D#0B023633
(1786376545.980664) can0 33D#0000FFFFFFFFFFFF
(1786376546.000963) can0 39D#1C034633
(1786376546.020468) can0 39D#1D044633
(1786376546.060551) can0 39D#1E054633
(1786376546.100571) can0 33D#0000FFFFFFFFFFFF
(1786376546.101111) can0 39D#1F064633
(1786376546.140505) can0 39D#20074633
(1786376546.180592) can0 35D#0655556555555559
(1786376546.181046) can0 33D#0000FFFFFFFFFFFF
(1786376546.201051) can0 39D#21084633
(1786376546.220543) can0 39D#22094633
(1786376546.260440) can0 39D#230A4633
(1786376546.300566) can0 33D#0000FFFFFFFFFFFF
(1786376546.300946) can0 39D#240B4633
(1786376546.340461) can0 39D#250C4633
(1786376546.380616) can0 33D#0000FFFFFFFFFFFF
(1786376546.400992) can0 39D#260D4633
(1786376546.420466) can0 39D#270E4633
(1786376546.460482) can0 39D#280F4633
(1786376546.500516) can0 33D#0000FFFFFFFFFFFF
(1786376546.500958) can0 39D#19004633
(1786376546.540498) can0 39D#1A014633
(1786376546.580704) can0 33D#0000FFFFFFFFFFFF
(1786376546.600945) can0 39D#1B024633
(1786376546.620540) can0 39D#1C034633
(1786376546.660412) can0 39D#1D044633
(1786376546.700655) can0 33D#0000FFFFFFFFFFFF
(1786376546.701233) can0 39D#1E054633
(1786376546.740744) can0 39D#1F064633
(1786376546.780536) can0 33D#0000FFFFFFFFFFFF
(1786376546.800918) can0 39D#20074633
(1786376546.820483) can0 39D#21084633
(1786376546.860517) can0 39D#22094633
(1786376546.900628) can0 33D#0000FFFFFFFFFFFF
(1786376546.901139) can0 39D#230A4633
(1786376546.940443) can0 39D#240B4633
(1786376546.980569) can0 33D#0000FFFFFFFFFFFF
(1786376547.000971) can0 39D#250C4633
(1786376547.020483) can0 39D#260D4633
(1786376547.060794) can0 39D#270E4633
(1786376547.100453) can0 33D#0000FFFFFFFFFFFF
(1786376547.100910) can0 39D#280F4633
(1786376547.140495) can0 39D#19004633
(1786376547.180598) can0 35D#07555595552A0000
(1786376547.181056) can0 32D#0A01000000007000
(1786376547.181568) can0 33D#0000FFFFFFFFFFFF
(1786376547.200922) can0 39D#1A014633
(1786376547.220702) can0 39D#1B024633
(1786376547.260400) can0 39D#1C034633
(1786376547.300506) can0 33D#0000FFFFFFFFFFFF
(1786376547.301010) can0 39D#1D044633
(1786376547.340445) can0 39D#1E054633
(1786376547.380543) can0 33D#0000FFFFFFFFFFFF
(1786376547.400901) can0 39D#1F064633
(1786376547.420483) can0 39D#20074633
(1786376547.460430) can0 39D#51087633
(1786376547.500763) can0 33D#0000FFFFFFFFFFFF
(1786376547.501110) can0 39D#C209E633
(1786376547.540789) can0 39D#540A7634
(1786376547.580471) can0 33D#0000FFFFFFFFFFFF
(1786376547.600939) can0 39D#D50BF634
(1786376547.620775) can0 39D#660C8634
(1786376547.660736) can0 39D#C70DE634
(1786376547.700704) can0 33D#0000FFFFFFFFFFFF
(1786376547.701088) can0 39D#780E9634
(1786376547.740491) can0 39D#FA0F1635
(1786376547.780763) can0 33D#0000FFFFFFFFFFFF
(1786376547.800874) can0 39D#3A006634
(1786376547.820492) can0 39D#FC012635
(1786376547.860756) can0 39D#3C026634
(1786376547.900708) can0 33D#0000FFFFFFFFFFFF
(1786376547.901072) can0 39D#EE031635
(1786376547.940471) can0 39D#7E04A634
(1786376547.980588) can0 33D#0000FFFFFFFFFFFF
(1786376548.000988) can0 39D#BF05E634
(1786376548.020416) can0 39D#C006E634
(1786376548.060415) can0 39D#9107B634
(1786376548.100514) can0 33D#0000FFFFFFFFFFFF
(1786376548.100873) can0 39D#E3080635
(1786376548.140390) can0 39D#73099634
(1786376548.180652) can0 35D#0055555555555555
(1786376548.181041) can0 33D#0000FFFFFFFFFFFF
(1786376548.200905) can0 39D#D40AF634
(1786376548.220834) can0 39D#750B9634
(1786376548.260807) can0 39D#A60CC634
(1786376548.300842) can0 33D#0000FFFFFFFFFFFF
(1786376548.301200) can0 39D#B70DD634
(1786376548.340467) can0 39D#880EA634
(1786376548.380607) can0 33D#0000FFFFFFFFFFFF
(1786376548.400823) can0 39D#D90FF634
(1786376548.420719) can0 39D#5A008634
(1786376548.460808) can0 39D#DC010635
(1786376548.500434) can0 33D#0000FFFFFFFFFFFF
(1786376548.500847) can0 39D#5C028634
(1786376548.540417) can0 39D#DE030635
(1786376548.580750) can0 33D#0000FFFFFFFFFFFF
(1786376548.600928) can0 39D#5E048634
(1786376548.620442) can0 39D#BF05E634
(1786376548.660418) can0 39D#8006A634
(1786376548.700610) can0 33D#0000FFFFFFFFFFFF
(1786376548.701061) can0 39D#A107C634
(1786376548.740444) can0 39D#B208D634
(1786376548.780760) can0 33D#0000FFFFFFFFFFFF
(1786376548.800805) can0 39D#8309A634
(1786376548.820439) can0 39D#D40AF634
(1786376548.860765) can0 39D#650B8634
(1786376548.900565) can0 33D#0000FFFFFFFFFFFF
(1786376548.900991) can0 39D#D60CF634
(1786376548.940842) can0 39D#770D9634
(1786376548.980401) can0 33D#0000FFFFFFFFFFFF
(1786376549.000801) can0 39D#B80ED634
(1786376549.020427) can0 39D#A90FC634
(1786376549.060720) can0 39D#6A009634
(1786376549.100486) can0 33D#0000FFFFFFFFFFFF
(1786376549.100851) can0 39D#CB01F634
(1786376549.140468) can0 39D#5C028634
(1786376549.180609) can0 35D#0155555555555555
(1786376549.181060) can0 32D#0B00020101000000
(1786376549.181450) can0 33D#0000FFFFFFFFFFFF
(1786376549.200795) can0 39D#BD03E634
(1786376549.220709) can0 39D#6E049634
(1786376549.260802) can0 39D#9F05C634
(1786376549.300544) can0 33D#0000FFFFFFFFFFFF
(1786376549.300987) can0 39D#C006E634
(1786376549.340796) can0 39D#8107A634
(1786376549.380559) can0 33D#0000FFFFFFFFFFFF
(1786376549.400882) can0 39D#B208D634
(1786376549.420489) can0 39D#B309D634
(1786376549.460406) can0 39D#940AB634
(1786376549.500718) can0 33D#0000FFFFFFFFFFFF
(1786376549.501075) can0 39D#950BB634
(1786376549.540419) can0 39D#960CB634
(1786376549.580537) can0 33D#0000FFFFFFFFFFFF
(1786376549.600882) can0 39D#970DB634
(1786376549.620433) can0 39D#980EB634
(1786376549.660413) can0 39D#990FB634
(1786376549.700449) can0 33D#0000FFFFFFFFFFFF
(1786376549.700913) can0 39D#8A00B634
(1786376549.740420) can0 39D#7B01A634
(1786376549.780379) can0 33D#0000FFFFFFFFFFFF
(1786376549.800908) can0 39D#7C02A634
(1786376549.820537) can0 39D#5D038634
(1786376549.860415) can0 39D#0E043634
(1786376549.900850) can0 33D#0000FFFFFFFFFFFF
(1786376549.901221) can0 39D#CE05F633
(1786376549.940723) can0 39D#7F06A633
(1786376549.980767) can0 33D#0000FFFFFFFFFFFF
(1786376550.000810) can0 39D#30075633
(1786376550.020786) can0 39D#01082633
(1786376550.060479) can0 39D#C109E632
(1786376550.100451) can0 33D#0000FFFFFFFFFFFF
(1786376550.100865) can0 39D#720A9632
(1786376550.140689) can0 39D#130B3632
(1786376550.180914) can0 35D#0256555555555555
(1786376550.181339) can0 33D#0000FFFFFFFFFFFF
(1786376550.200916) can0 39D#B30CD631
(1786376550.220506) can0 39D#360D5831
(1786376550.260409) can0 3AD#5F01002004000010
(1786376550.290891) can0 39D#960EB830
(1786376550.300696) can0 33D#0000FFFFFFFFFFFF
(1786376550.301123) can0 39D#E70F0830
(1786376550.340442) can0 39D#F700282F
(1786376550.380592) can0 33D#0000FFFFFFFFFFFF
(1786376550.400918) can0 39D#E701182E
(1786376550.420590) can0 39D#8602B82C
(1786376550.460675) can0 39D#0603382B
(1786376550.500748) can0 33D#0000FFFFFFFFFFFF
(1786376550.501136) can0 39D#55048829
(1786376550.540421) can0 39D#8405B827
(1786376550.580662) can0 33D#0000FFFFFFFFFFFF
(1786376550.600877) can0 39D#9306C825
(1786376550.620721) can0 39D#A207D823
(1786376550.660791) can0 39D#7108A821
(1786376550.700662) can0 33D#0000FFFFFFFFFFFF
(1786376550.700946) can0 39D#D009081F
(1786376550.740427) can0 39D#BD0AF81B
(1786376550.780571) can0 33D#0000FFFFFFFFFFFF
(1786376550.800882) can0 39D#BB0BF818
(1786376550.820491) can0 39D#CA0C0816
(1786376550.860740) can0 39D#C80D0813
(1786376550.900635) can0 33D#0000FFFFFFFFFFFF
(1786376550.901027) can0 39D#C60E0810
(1786376550.940703) can0 39D#B30FF80C
(1786376550.980937) can0 33D#0000FFFFFFFFFFFF
(1786376551.000888) can0 39D#C200180A
(1786376551.020467) can0 39D#10016807
(1786376551.060667) can0 39D#7E02D804
(1786376551.100669) can0 33D#0000FFFFFFFFFFFF
(1786376551.101048) can0 39D#AE030803
(1786376551.140515) can0 39D#FE045802
(1786376551.180567) can0 35D#0355555555555555
(1786376551.180991) can0 32D#0D0000008D792021
(1786376551.181382) can0 33D#0000FFFFFFFFFFFF
(1786376551.200799) can0 39D#9E05F801
(1786376551.220645) can0 39D#4F06A801
(1786376551.260397) can0 39D#00075801
(1786376551.300477) can0 33D#0000FFFFFFFFFFFF
(1786376551.300986) can0 39D#B1080801
(1786376551.340415) can0 39D#B2090801
(1786376551.380410) can0 33D#0000FFFFFFFFFFFF
(1786376551.400876) can0 39D#B30A0801
(1786376551.420426) can0 39D#B40B0801
(1786376551.460362) can0 39D#B50C0801
(1786376551.500432) can0 33D#0000FFFFFFFFFFFF
(1786376551.500923) can0 39D#B60D0801
(1786376551.540453) can0 39D#B70E0801
(1786376551.580492) can0 33D#0000FFFFFFFFFFFF
(1786376551.600458) can0 39D#B80F0801
(1786376551.620483) can0 39D#A9000801
(1786376551.660632) can0 39D#AA010801
(1786376551.700431) can0 33D#0000FFFFFFFFFFFF
(1786376551.700882) can0 39D#AB020801
(1786376551.740434) can0 39D#AC030801
(1786376551.780554) can0 33D#0000FFFFFFFFFFFF
(1786376551.800797) can0 39D#AD040801
(1786376551.820500) can0 39D#AE050801
(1786376551.860402) can0 3AD#6F010020041F0010
(1786376551.890337) can0 39D#AF060801
(1786376551.900347) can0 33D#0000FFFFFFFFFFFF
(1786376551.900767) can0 39D#B0070801
(1786376551.940320) can0 39D#B1080801
(1786376551.980395) can0 33D#0000FFFFFFFFFFFF
(1786376552.000346) can0 39D#B2090801
(1786376552.020386) can0 39D#B30A0801
(1786376552.060214) can0 39D#B40B0801
(1786376552.100423) can0 33D#0000FFFFFFFFFFFF
(1786376552.100800) can0 31D#7101600000030005
(1786376552.110399) can0 33D#1D00000051515354
(1786376552.130407) can0 39D#B50C0801
(1786376552.140361) can0 34D#0000280100260000
(1786376552.150421) can0 36D#611D0000006AD18D
(1786376552.170759) can0 39D#B60D0801
(1786376552.180441) can0 35D#0455555555555555
(1786376552.180815) can0 37D#5B0200000058980D
(1786376552.190373) can0 33D#0000FFFFFFFFFFFF
(1786376552.200389) can0 38D#0000000070191500
(1786376552.210365) can0 39D#B70E0801
(1786376552.220377) can0 39D#B80F0801
(1786376552.260277) can0 39D#A9000801
(1786376552.300444) can0 33D#0000FFFFFFFFFFFF
(1786376552.300842) can0 39D#AA010801
(1786376552.340378) can0 39D#AB020801
(1786376552.380392) can0 33D#0000FFFFFFFFFFFF
(1786376552.400465) can0 39D#AC030801
(1786376552.420279) can0 39D#AD040801
(1786376552.460229) can0 39D#AE050801
(1786376552.500234) can0 33D#0000FFFFFFFFFFFF
(1786376552.500636) can0 39D#AF060801
(1786376552.540336) can0 39D#B0070801
(1786376552.580371) can0 33D#0000FFFFFFFFFFFF
(1786376552.600410) can0 39D#B1080801
(1786376552.620325) can0 39D#B2090801
(1786376552.660262) can0 39D#B30A0801
(1786376552.700447) can0 33D#0000FFFFFFFFFFFF
(1786376552.700844) can0 39D#B40B0801
(1786376552.740252) can0 39D#B50C0801
(1786376552.780303) can0 33D#0000FFFFFFFFFFFF
(1786376552.800337) can0 39D#B60D0801
(1786376552.820362) can0 39D#B70E0801
(1786376552.860337) can0 39D#B80F0801
(1786376552.900431) can0 33D#0000FFFFFFFFFFFF
(1786376552.900894) can0 39D#A9000801
(1786376552.940313) can0 39D#AA010801
(1786376552.980218) can0 33D#0000FFFFFFFFFFFF
(1786376553.000403) can0 39D#AB020801
(1786376553.020394) can0 39D#AC030801
(1786376553.060259) can0 39D#AD040801
(1786376553.100348) can0 33D#0000FFFFFFFFFFFF
(1786376553.100763) can0 39D#AE050801
(1786376553.140278) can0 39D#AF060801
(1786376553.180348) can0 35D#0555555555555555
(1786376553.180895) can0 32D#1405000060FCB070
(1786376553.181260) can0 33D#0000FFFFFFFFFFFF
(1786376553.200423) can0 39D#B0070801
(1786376553.220272) can0 39D#B1080801
(1786376553.260237) can0 39D#B2090801
(1786376553.300344) can0 33D#0000FFFFFFFFFFFF
(1786376553.300726) can0 39D#B30A0801
(1786376553.340266) can0 39D#B40B0801
(1786376553.380493) can0 33D#0000FFFFFFFFFFFF
(1786376553.400302) can0 39D#B50C0801
(1786376553.420435) can0 39D#B60D0801
(1786376553.460302) can0 39D#B70E0801
(1786376553.500268) can0 33D#0000FFFFFFFFFFFF
(1786376553.500651) can0 39D#B80F0801
(1786376553.540271) can0 39D#A9000801
(1786376553.580421) can0 33D#0000FFFFFFFFFFFF
(1786376553.600380) can0 39D#AA010801
(1786376553.620336) can0 39D#AB020801
(1786376553.660228) can0 39D#AC030801
(1786376553.700314) can0 33D#0000FFFFFFFFFFFF
(1786376553.700807) can0 39D#AD040801
(1786376553.740249) can0 39D#AE050801
(1786376553.780185) can0 33D#0000FFFFFFFFFFFF
(1786376553.800300) can0 39D#AF060801
(1786376553.820145) can0 39D#B0070801
(1786376553.860269) can0 39D#B1080801
(1786376553.900258) can0 33D#0000FFFFFFFFFFFF
(1786376553.900659) can0 39D#B2090801
(1786376553.940356) can0 39D#B30A0801
(1786376553.980422) can0 33D#0000FFFFFFFFFFFF
(1786376554.000435) can0 39D#B40B0801
(1786376554.020333) can0 39D#B50C0801
(1786376554.060250) can0 39D#B60D0801
(1786376554.100416) can0 33D#0000FFFFFFFFFFFF
(1786376554.100901) can0 39D#B70E0801
(1786376554.140281) can0 39D#B80F0801
(1786376554.180379) can0 35D#0655556555555559
(1786376554.180787) can0 33D#0000FFFFFFFFFFFF
(1786376554.200410) can0 39D#A9000801
(1786376554.220261) can0 39D#AA010801
(1786376554.260144) can0 39D#AB020801
(1786376554.300275) can0 33D#0000FFFFFFFFFFFF
(1786376554.300591) can0 39D#AC030801
(1786376554.340164) can0 39D#AD040801
(1786376554.380417) can0 33D#0000FFFFFFFFFFFF
(1786376554.400387) can0 39D#AE050801
(1786376554.420313) can0 39D#AF060801
(1786376554.460213) can0 39D#B0070801
(1786376554.500298) can0 33D#0000FFFFFFFFFFFF
(1786376554.500703) can0 39D#B1080801
(1786376554.540345) can0 39D#B2090801
(1786376554.580396) can0 33D#0000FFFFFFFFFFFF
(1786376554.600355) can0 39D#B30A0801
(1786376554.620303) can0 39D#B40B0801
(1786376554.660293) can0 39D#B50C0801
(1786376554.700232) can0 33D#0000FFFFFFFFFFFF
(1786376554.700623) can0 39D#B60D0801
(1786376554.740265) can0 39D#B70E0801
(1786376554.780256) can0 33D#0000FFFFFFFFFFFF
(1786376554.800312) can0 39D#B80F0801
(1786376554.820300) can0 39D#A9000801
(1786376554.860189) can0 39D#AA010801
(1786376554.900188) can0 33D#0000FFFFFFFFFFFF
(1786376554.900560) can0 39D#AB020801
(1786376554.940157) can0 39D#AC030801
(1786376554.980333) can0 33D#0000FFFFFFFFFFFF
(1786376555.000266) can0 39D#AD040801
(1786376555.020204) can0 39D#AE050801
(1786376555.060239) can0 39D#AF060801
(1786376555.100440) can0 33D#0000FFFFFFFFFFFF
(1786376555.100849) can0 39D#B0070801
(1786376555.140278) can0 39D#B1080801
(1786376555.180294) can0 35D#07555595552A0000
(1786376555.180817) can0 32D#16000000E4ACA32F
(1786376555.181116) can0 33D#0000FFFFFFFFFFFF
(1786376555.200300) can0 39D#B2090801
(1786376555.220232) can0 39D#B30A0801
(1786376555.260198) can0 39D#B40B0801
(1786376555.300266) can0 33D#0000FFFFFFFFFFFF
(1786376555.300676) can0 39D#B50C0801
(1786376555.340193) can0 39D#B60D0801
(1786376555.380225) can0 33D#0000FFFFFFFFFFFF
(1786376555.400247) can0 39D#B70E0801
(1786376555.420346) can0 39D#B80F0801
(1786376555.460217) can0 39D#A9000801
(1786376555.500314) can0 33D#0000FFFFFFFFFFFF
(1786376555.500805) can0 39D#AA010801
(1786376555.540169) can0 39D#AB020801
(1786376555.580371) can0 33D#0000FFFFFFFFFFFF
(1786376555.600322) can0 39D#AC030801
(1786376555.620238) can0 39D#AD040801
(1786376555.660251) can0 39D#AE050801
(1786376555.700258) can0 33D#0000FFFFFFFFFFFF
(1786376555.700611) can0 39D#AF060801
(1786376555.740185) can0 39D#B0070801
(1786376555.780367) can0 33D#0000FFFFFFFFFFFF
(1786376555.800326) can0 39D#B1080801
(1786376555.820434) can0 39D#B2090801
(1786376555.860199) can0 39D#B30A0801
(1786376555.900073) can0 33D#0000FFFFFFFFFFFF
(1786376555.900354) can0 39D#B40B0801
(1786376555.940270) can0 39D#B50C0801
(1786376555.980234) can0 33D#0000FFFFFFFFFFFF
(1786376556.000307) can0 39D#B60D0801
(1786376556.020142) can0 39D#B70E0801
(1786376556.060117) can0 39D#B80F0801
(1786376556.100156) can0 33D#0000FFFFFFFFFFFF
(1786376556.100461) can0 39D#A9000801
(1786376556.140240) can0 39D#AA010801
(1786376556.180230) can0 35D#0055555555555555
(1786376556.180626) can0 33D#0000FFFFFFFFFFFF
(1786376556.200328) can0 39D#AB020801
(1786376556.220194) can0 39D#AC030801
(1786376556.260185) can0 39D#AD040801
(1786376556.300133) can0 33D#0000FFFFFFFFFFFF
(1786376556.300419) can0 39D#AE050801
(1786376556.340153) can0 39D#AF060801
(1786376556.380322) can0 33D#0000FFFFFFFFFFFF
(1786376556.400222) can0 39D#B0070801
(1786376556.420256) can0 39D#B1080801
(1786376556.460263) can0 39D#B2090801
(1786376556.500219) can0 33D#0000FFFFFFFFFFFF
(1786376556.500607) can0 39D#B30A0801
(1786376556.540167) can0 39D#B40B0801
(1786376556.580332) can0 33D#0000FFFFFFFFFFFF
(1786376556.600359) can0 39D#B50C0801
(1786376556.620237) can0 39D#B60D0801
(1786376556.660152) can0 39D#B70E0801
(1786376556.700091) can0 33D#0000FFFFFFFFFFFF
(1786376556.700431) can0 39D#B80F0801
(1786376556.740125) can0 39D#A9000801
(1786376556.780149) can0 33D#0000FFFFFFFFFFFF
(1786376556.800291) can0 39D#AA010801
(1786376556.820341) can0 39D#AB020801
(1786376556.860167) can0 39D#AC030801
(1786376556.900202) can0 33D#0000FFFFFFFFFFFF
(1786376556.900551) can0 39D#AD040801
(1786376556.940175) can0 39D#AE050801
(1786376556.980179) can0 33D#0000FFFFFFFFFFFF
(1786376557.000272) can0 39D#AF060801
(1786376557.020266) can0 39D#B0070801
(1786376557.060208) can0 39D#B1080801
(1786376557.100088) can0 33D#0000FFFFFFFFFFFF
(1786376557.100365) can0 39D#B2090801
(1786376557.140195) can0 39D#B30A0801
(1786376557.180246) can0 35D#0155555555555555
(1786376557.180645) can0 32D#0A01000000007000
(1786376557.181054) can0 33D#0000FFFFFFFFFFFF
(1786376557.200254) can0 39D#B40B0801
(1786376557.220281) can0 39D#B50C0801
(1786376557.260186) can0 39D#B60D0801
(1786376557.300335) can0 33D#0000FFFFFFFFFFFF
(1786376557.300806) can0 39D#B70E0801
(1786376557.340148) can0 39D#B80F0801
(1786376557.380249) can0 33D#0000FFFFFFFFFFFF
(1786376557.400318) can0 39D#A9000801
(1786376557.420199) can0 39D#AA010801
(1786376557.460146) can0 39D#AB020801
(1786376557.500194) can0 33D#0000FFFFFFFFFFFF
(1786376557.500484) can0 39D#AC030801
(1786376557.540158) can0 39D#AD040801
(1786376557.580156) can0 33D#0000FFFFFFFFFFFF
(1786376557.600207) can0 39D#AE050801
(1786376557.620129) can0 39D#AF060801
(1786376557.660201) can0 39D#B0070801
(1786376557.700104) can0 33D#0000FFFFFFFFFFFF
(1786376557.700414) can0 39D#B1080801
(1786376557.740166) can0 39D#B2090801
(1786376557.780134) can0 33D#0000FFFFFFFFFFFF
(1786376557.800225) can0 39D#B30A0801
(1786376557.820194) can0 39D#B40B0801
(1786376557.860165) can0 39D#B50C0801
(1786376557.900113) can0 33D#0000FFFFFFFFFFFF
(1786376557.900573) can0 39D#B60D0801
(1786376557.940185) can0 39D#B70E0801
(1786376557.980224) can0 33D#0000FFFFFFFFFFFF
(1786376558.000204) can0 39D#B80F0801
(1786376558.020222) can0 39D#A9000801
(1786376558.060174) can0 39D#AA010801
(1786376558.100213) can0 33D#0000FFFFFFFFFFFF
(1786376558.100612) can0 39D#AB020801
(1786376558.140223) can0 39D#AC030801
(1786376558.180309) can0 35D#0256555555555555
(1786376558.180705) can0 33D#0000FFFFFFFFFFFF
(1786376558.200248) can0 39D#AD040801
(1786376558.220175) can0 39D#AE050801
(1786376558.260119) can0 39D#AF060801
(1786376558.300190) can0 33D#0000FFFFFFFFFFFF
(1786376558.300593) can0 39D#B0070801
(1786376558.340112) can0 39D#B1080801
(1786376558.380154) can0 33D#0000FFFFFFFFFFFF
(1786376558.400297) can0 39D#B2090801
(1786376558.420213) can0 39D#B30A0801
(1786376558.460091) can0 39D#B40B0801
(1786376558.500181) can0 33D#0000FFFFFFFFFFFF
(1786376558.500595) can0 39D#B50C0801
(1786376558.540203) can0 39D#B60D0801
(1786376558.580143) can0 33D#0000FFFFFFFFFFFF
(1786376558.600181) can0 39D#B70E0801
(1786376558.620247) can0 39D#B80F0801
(1786376558.660118) can0 39D#A9000801
(1786376558.700047) can0 33D#0000FFFFFFFFFFFF
(1786376558.700490) can0 39D#AA010801
(1786376558.740164) can0 39D#AB020801
(1786376558.780117) can0 33D#0000FFFFFFFFFFFF
(1786376558.800214) can0 39D#AC030801
(1786376558.820110) can0 39D#AD040801
(1786376558.860096) can0 39D#AE050801
(1786376558.900305) can0 33D#0000FFFFFFFFFFFF
(1786376558.900717) can0 39D#AF060801
(1786376558.940039) can0 39D#B0070801
(1786376558.980296) can0 33D#0000FFFFFFFFFFFF
(1786376559.000243) can0 39D#B1080801
(1786376559.020219) can0 39D#B2090801
(1786376559.060133) can0 39D#B30A0801
(1786376559.100081) can0 33D#0000FFFFFFFFFFFF
(1786376559.100355) can0 39D#B40B0801
(1786376559.140211) can0 39D#B50C0801
(1786376559.180170) can0 35D#0355555555555555
(1786376559.180582) can0 32D#0B00020101000000
(1786376559.180948) can0 33D#0000FFFFFFFFFFFF
(1786376559.200250) can0 39D#B60D0801
(1786376559.220158) can0 39D#B70E0801
(1786376559.260169) can0 39D#B80F0801
(1786376559.300124) can0 33D#0000FFFFFFFFFFFF
(1786376559.300506) can0 39D#A9000801
(1786376559.340122) can0 39D#AA010801
(1786376559.380102) can0 33D#0000FFFFFFFFFFFF
(1786376559.400302) can0 39D#AB020801
(1786376559.420068) can0 39D#AC030801
(1786376559.460099) can0 39D#AD040801
(1786376559.500100) can0 33D#0000FFFFFFFFFFFF
(1786376559.500478) can0 39D#AE050801
(1786376559.540151) can0 39D#AF060801
(1786376559.580091) can0 33D#0000FFFFFFFFFFFF
(1786376559.600233) can0 39D#B0070801
(1786376559.620046) can0 39D#B1080801
(1786376559.660107) can0 39D#B2090801
(1786376559.700296) can0 33D#0000FFFFFFFFFFFF
(1786376559.700664) can0 39D#B30A0801
(1786376559.740166) can0 39D#B40B0801
(1786376559.780051) can0 33D#0000FFFFFFFFFFFF
(1786376559.800152) can0 39D#B50C0801
(1786376559.820076) can0 39D#B60D0801
(1786376559.860090) can0 39D#B70E0801
(1786376559.900142) can0 33D#0000FFFFFFFFFFFF
(1786376559.900500) can0 39D#B80F0801
(1786376559.940024) can0 39D#A9000801
(1786376559.980039) can0 33D#0000FFFFFFFFFFFF
(1786376560.000176) can0 39D#AA010801
(1786376560.020019) can0 39D#AB020801
(1786376560.060061) can0 39D#AC030801
(1786376560.099983) can0 33D#0000FFFFFFFFFFFF
(1786376560.100210) can0 39D#AD040801
(1786376560.140066) can0 39D#AE050801
(1786376560.180032) can0 35D#0455555555555555
(1786376560.180445) can0 33D#0000FFFFFFFFFFFF
(1786376560.200124) can0 39D#AF060801
(1786376560.220167) can0 39D#B0070801
(1786376560.260103) can0 39D#B1080801
(1786376560.300107) can0 33D#0000FFFFFFFFFFFF
(1786376560.300419) can0 39D#B2090801
(1786376560.340170) can0 39D#B30A0801
(1786376560.380114) can0 33D#0000FFFFFFFFFFFF
(1786376560.400188) can0 39D#B40B0801
(1786376560.420106) can0 39D#B50C0801
(1786376560.460124) can0 39D#B60D0801
(1786376560.500142) can0 33D#0000FFFFFFFFFFFF
(1786376560.500520) can0 39D#B70E0801
(1786376560.540186) can0 39D#B80F0801
(1786376560.580153) can0 33D#0000FFFFFFFFFFFF
(1786376560.600164) can0 39D#A9000801
(1786376560.620129) can0 39D#AA010801
(1786376560.660023) can0 39D#AB020801
(1786376560.700025) can0 33D#0000FFFFFFFFFFFF
(1786376560.700381) can0 39D#AC030801
(1786376560.740016) can0 39D#AD040801
(1786376560.780098) can0 33D#0000FFFFFFFFFFFF
(1786376560.800198) can0 39D#AE050801
(1786376560.820093) can0 39D#AF060801
(1786376560.860043) can0 39D#B0070801
(1786376560.900120) can0 33D#0000FFFFFFFFFFFF
(1786376560.900456) can0 39D#B1080801
(1786376560.940111) can0 39D#B2090801
(1786376560.980161) can0 33D#0000FFFFFFFFFFFF
(1786376561.000174) can0 39D#B30A0801
(1786376561.020191) can0 39D#B40B0801
(1786376561.060058) can0 39D#B50C0801
(1786376561.099998) can0 33D#0000FFFFFFFFFFFF
(1786376561.100244) can0 39D#B60D0801
(1786376561.140121) can0 39D#B70E0801
(1786376561.180037) can0 35D#0555555555555555
(1786376561.180313) can0 32D#0D0000008D792021
(1786376561.180564) can0 33D#0000FFFFFFFFFFFF
(1786376561.200275) can0 39D#B80F0801
(1786376561.220137) can0 39D#A9000801
(1786376561.260105) can0 39D#AA010801
(1786376561.300112) can0 33D#0000FFFFFFFFFFFF
(1786376561.300534) can0 39D#AB020801
(1786376561.340047) can0 39D#AC030801
(1786376561.380241) can0 33D#0000FFFFFFFFFFFF
(1786376561.400155) can0 39D#AD040801
(1786376561.420125) can0 39D#AE050801
(1786376561.460045) can0 39D#AF060801
(1786376561.500109) can0 33D#0000FFFFFFFFFFFF
(1786376561.500483) can0 39D#B0070801
(1786376561.540135) can0 39D#B1080801
(1786376561.580214) can0 33D#0000FFFFFFFFFFFF
(1786376561.600190) can0 39D#B2090801
(1786376561.620079) can0 39D#B30A0801
(1786376561.660067) can0 39D#B40B0801
(1786376561.700033) can0 33D#0000FFFFFFFFFFFF
(1786376561.700375) can0 39D#B50C0801
(1786376561.740123) can0 39D#B60D0801
(1786376561.780034) can0 33D#0000FFFFFFFFFFFF
(1786376561.800241) can0 39D#B70E0801
(1786376561.820073) can0 39D#B80F0801
(1786376561.860079) can0 39D#A9000801
(1786376561.900082) can0 33D#0000FFFFFFFFFFFF
(1786376561.900489) can0 39D#AA010801
(1786376561.940097) can0 39D#AB020801
(1786376561.980088) can0 33D#0000FFFFFFFFFFFF
(1786376562.000118) can0 39D#AC030801
(1786376562.020113) can0 39D#AD040801
(1786376562.060113) can0 39D#AE050801
(1786376562.100052) can0 33D#0000FFFFFFFFFFFF
(1786376562.100454) can0 39D#AF060801
(1786376562.140058) can0 39D#B0070801
(1786376562.180245) can0 35D#0655556555555559
(1786376562.180655) can0 33D#0000FFFFFFFFFFFF
(1786376562.200149) can0 39D#B1080801
(1786376562.220099) can0 39D#B2090801
(1786376562.260045) can0 39D#B30A0801
(1786376562.300046) can0 33D#0000FFFFFFFFFFFF
(1786376562.300373) can0 39D#B40B0801
(1786376562.340029) can0 39D#B50C0801
(1786376562.380056) can0 33D#0000FFFFFFFFFFFF
(1786376562.400206) can0 39D#B60D0801
(1786376562.419987) can0 39D#B70E0801
(1786376562.460057) can0 39D#B80F0801
(1786376562.500081) can0 33D#0000FFFFFFFFFFFF
(1786376562.500472) can0 39D#A9000801
(1786376562.540118) can0 39D#AA010801
(1786376562.580031) can0 33D#0000FFFFFFFFFFFF
(1786376562.600187) can0 39D#AB020801
(1786376562.620161) can0 39D#AC030801
(1786376562.660041) can0 39D#AD040801
(1786376562.700019) can0 33D#0000FFFFFFFFFFFF
(1786376562.700449) can0 39D#AE050801
(1786376562.739967) can0 39D#AF060801
(1786376562.780107) can0 33D#0000FFFFFFFFFFFF
(1786376562.800117) can0 39D#B0070801
(1786376562.820008) can0 39D#B1080801
(1786376562.860010) can0 39D#B2090801
(1786376562.900018) can0 33D#0000FFFFFFFFFFFF
(1786376562.900373) can0 39D#B30A0801
(1786376562.940058) can0 39D#B40B0801
(1786376562.980050) can0 33D#0000FFFFFFFFFFFF
(1786376563.000077) can0 39D#B50C0801
(1786376563.020112) can0 39D#B60D0801
(1786376563.060024) can0 39D#B70E0801
(1786376563.099974) can0 33D#0000FFFFFFFFFFFF
(1786376563.100351) can0 39D#B80F0801
(1786376563.140073) can0 39D#A9000801
(1786376563.180016) can0 35D#07555595552A0000
(1786376563.180338) can0 32D#1405000060FCB070
(1786376563.180679) can0 33D#0000FFFFFFFFFFFF
(1786376563.200130) can0 39D#AA010801
(1786376563.219980) can0 39D#AB020801
(1786376563.260010) can0 39D#AC030801
(1786376563.300195) can0 33D#0000FFFFFFFFFFFF
(1786376563.300577) can0 39D#AD040801
(1786376563.340080) can0 39D#AE050801
(1786376563.380030) can0 33D#0000FFFFFFFFFFFF
(1786376563.400164) can0 39D#AF060801
(1786376563.420035) can0 39D#B0070801
(1786376563.459958) can0 39D#B1080801
(1786376563.500028) can0 33D#0000FFFFFFFFFFFF
(1786376563.500387) can0 39D#B2090801
(1786376563.539995) can0 39D#B30A0801
(1786376563.580083) can0 33D#0000FFFFFFFFFFFF
(1786376563.600222) can0 39D#B40B0801
(1786376563.620010) can0 39D#B50C0801
(1786376563.660080) can0 39D#B60D0801
(1786376563.700111) can0 33D#0000FFFFFFFFFFFF
(1786376563.700555) can0 39D#B70E0801
(1786376563.740044) can0 39D#B80F0801
(1786376563.780209) can0 33D#0000FFFFFFFFFFFF
(1786376563.800077) can0 39D#A9000801
(1786376563.820077) can0 39D#AA010801
(1786376563.859997) can0 39D#AB020801
(1786376563.900227) can0 33D#0000FFFFFFFFFFFF
(1786376563.900667) can0 39D#AC030801
(1786376563.940050) can0 39D#AD040801
(1786376563.980003) can0 33D#0000FFFFFFFFFFFF
(1786376564.000135) can0 39D#AE050801
(1786376564.019999) can0 39D#AF060801
(1786376564.060041) can0 39D#B0070801
(1786376564.100034) can0 33D#0000FFFFFFFFFFFF
(1786376564.100452) can0 39D#B1080801
(1786376564.139909) can0 39D#B2090801
(1786376564.180191) can0 35D#0055555555555555
(1786376564.180610) can0 33D#0000FFFFFFFFFFFF
(1786376564.200299) can0 39D#B30A0801
(1786376564.220136) can0 39D#B40B0801
(1786376564.260009) can0 39D#B50C0801
(1786376564.299973) can0 33D#0000FFFFFFFFFFFF
(1786376564.300320) can0 39D#B60D0801
(1786376564.340089) can0 39D#B70E0801
(1786376564.380022) can0 33D#0000FFFFFFFFFFFF
(1786376564.400087) can0 39D#B80F0801
(1786376564.420079) can0 39D#A9000801
(1786376564.459986) can0 39D#AA010801
(1786376564.499876) can0 33D#0000FFFFFFFFFFFF
(1786376564.500114) can0 39D#AB020801
(1786376564.539944) can0 39D#AC030801
(1786376564.580007) can0 33D#0000FFFFFFFFFFFF
(1786376564.600230) can0 39D#AD040801
(1786376564.620214) can0 39D#AE050801
(1786376564.660002) can0 39D#AF060801
(1786376564.700148) can0 33D#0000FFFFFFFFFFFF
(1786376564.700679) can0 39D#B0070801
(1786376564.740112) can0 39D#B1080801
(1786376564.779909) can0 33D#0000FFFFFFFFFFFF
(1786376564.800182) can0 39D#B2090801
(1786376564.820079) can0 39D#B30A0801
(1786376564.860040) can0 39D#B40B0801
(1786376564.900096) can0 33D#0000FFFFFFFFFFFF
(1786376564.900555) can0 39D#B50C0801
(1786376564.939985) can0 39D#B60D0801
(1786376564.980242) can0 33D#0000FFFFFFFFFFFF
(1786376565.000089) can0 39D#B70E0801
(1786376565.020089) can0 39D#B80F0801
(1786376565.060054) can0 39D#A9000801
(1786376565.100034) can0 33D#0000FFFFFFFFFFFF
(1786376565.100406) can0 39D#AA010801
(1786376565.140027) can0 39D#AB020801
(1786376565.180031) can0 35D#0155555555555555
(1786376565.180528) can0 32D#16000000E4ACA32F
(1786376565.180882) can0 33D#0000FFFFFFFFFFFF
(1786376565.200136) can0 39D#AC030801
(1786376565.220058) can0 39D#AD040801
(1786376565.260015) can0 39D#AE050801
(1786376565.300022) can0 33D#0000FFFFFFFFFFFF
(1786376565.300478) can0 39D#AF060801
(1786376565.339982) can0 39D#B0070801
(1786376565.380066) can0 33D#0000FFFFFFFFFFFF
(1786376565.400104) can0 39D#B1080801
(1786376565.420112) can0 39D#B2090801
(1786376565.460039) can0 39D#B30A0801
(1786376565.500017) can0 33D#0000FFFFFFFFFFFF
(1786376565.500431) can0 39D#B40B0801
(1786376565.540078) can0 39D#B50C0801
(1786376565.580138) can0 33D#0000FFFFFFFFFFFF
(1786376565.600140) can0 39D#B60D0801
(1786376565.620077) can0 39D#B70E0801
(1786376565.660111) can0 39D#B80F0801
(1786376565.700206) can0 33D#0000FFFFFFFFFFFF
(1786376565.700582) can0 39D#A9000801
(1786376565.740019) can0 39D#AA010801
(1786376565.780199) can0 33D#0000FFFFFFFFFFFF
(1786376565.800149) can0 39D#AB020801
(1786376565.820039) can0 39D#AC030801
(1786376565.859948) can0 39D#AD040801
(1786376565.900051) can0 33D#0000FFFFFFFFFFFF
(1786376565.900488) can0 39D#AE050801
(1786376565.940053) can0 39D#AF060801
(1786376565.980200) can0 33D#0000FFFFFFFFFFFF
(1786376566.000124) can0 39D#B0070801
(1786376566.020203) can0 39D#B1080801
(1786376566.059972) can0 39D#B2090801
(1786376566.100023) can0 33D#0000FFFFFFFFFFFF
(1786376566.100417) can0 39D#B30A0801
(1786376566.140085) can0 39D#B40B0801
(1786376566.180191) can0 35D#0256555555555555
(1786376566.180693) can0 33D#0000FFFFFFFFFFFF
(1786376566.200124) can0 39D#B50C0801
(1786376566.220026) can0 39D#B60D0801
(1786376566.259995) can0 39D#B70E0801
(1786376566.300001) can0 33D#0000FFFFFFFFFFFF
(1786376566.300428) can0 39D#B80F0801
(1786376566.339971) can0 39D#A9000801
(1786376566.380079) can0 33D#0000FFFFFFFFFFFF
(1786376566.400125) can0 39D#AA010801
(1786376566.420005) can0 39D#AB020801
(1786376566.460004) can0 39D#AC030801
(1786376566.499990) can0 33D#0000FFFFFFFFFFFF
(1786376566.500389) can0 39D#AD040801
(1786376566.540095) can0 39D#AE050801
(1786376566.580136) can0 33D#0000FFFFFFFFFFFF
(1786376566.600132) can0 39D#AF060801
(1786376566.620045) can0 39D#B0070801
(1786376566.659998) can0 39D#B1080801
(1786376566.700165) can0 33D#0000FFFFFFFFFFFF
(1786376566.700553) can0 39D#B2090801
(1786376566.740002) can0 39D#B30A0801
(1786376566.780170) can0 33D#0000FFFFFFFFFFFF
(1786376566.800151) can0 39D#B40B0801
(1786376566.820013) can0 39D#B50C0801
(1786376566.859982) can0 39D#B60D0801
(1786376566.900027) can0 33D#0000FFFFFFFFFFFF
(1786376566.900556) can0 39D#B70E0801
(1786376566.939977) can0 39D#B80F0801
(1786376566.980123) can0 33D#0000FFFFFFFFFFFF
(1786376567.000162) can0 39D#A9000801
(1786376567.019987) can0 39D#AA010801
(1786376567.059953) can0 39D#AB020801
(1786376567.100100) can0 33D#0000FFFFFFFFFFFF
(1786376567.100566) can0 39D#AC030801
(1786376567.140055) can0 39D#AD040801
(1786376567.180186) can0 35D#0355555555555555
(1786376567.180584) can0 32D#0A01000000007000
(1786376567.180985) can0 33D#0000FFFFFFFFFFFF
(1786376567.200185) can0 39D#AE050801
(1786376567.220060) can0 39D#AF060801
(1786376567.259991) can0 39D#B0070801
(1786376567.300046) can0 33D#0000FFFFFFFFFFFF
(1786376567.300535) can0 39D#B1080801
(1786376567.340039) can0 39D#B2090801
(1786376567.380094) can0 33D#0000FFFFFFFFFFFF
(1786376567.400115) can0 39D#B30A0801
(1786376567.420004) can0 39D#B40B0801
(1786376567.459951) can0 39D#B50C0801
(1786376567.500021) can0 33D#0000FFFFFFFFFFFF
(1786376567.500431) can0 39D#B60D0801
(1786376567.539964) can0 39D#B70E0801
(1786376567.579988) can0 33D#0000FFFFFFFFFFFF
(1786376567.600136) can0 39D#B80F0801
(1786376567.620036) can0 39D#A9000801
(1786376567.660003) can0 39D#AA010801
(1786376567.700125) can0 33D#0000FFFFFFFFFFFF
(1786376567.700416) can0 39D#AB020801
(1786376567.739965) can0 39D#AC030801
(1786376567.780211) can0 33D#0000FFFFFFFFFFFF
(1786376567.800027) can0 39D#AD040801
(1786376567.820060) can0 39D#AE050801
(1786376567.860013) can0 39D#AF060801
(1786376567.899960) can0 33D#0000FFFFFFFFFFFF
(1786376567.900421) can0 39D#B0070801
(1786376567.939939) can0 39D#B1080801
(1786376567.980156) can0 33D#0000FFFFFFFFFFFF
(1786376568.000109) can0 39D#B2090801
(1786376568.019963) can0 39D#B30A0801
(1786376568.059963) can0 39D#B40B0801
(1786376568.099995) can0 33D#0000FFFFFFFFFFFF
(1786376568.100398) can0 39D#B50C0801
(1786376568.139977) can0 39D#B60D0801
(1786376568.180244) can0 35D#0455555555555555
(1786376568.180733) can0 33D#0000FFFFFFFFFFFF
(1786376568.200080) can0 39D#B70E0801
(1786376568.219958) can0 39D#B80F0801
(1786376568.259982) can0 39D#A9000801
(1786376568.300130) can0 33D#0000FFFFFFFFFFFF
(1786376568.300687) can0 39D#AA010801
(1786376568.340013) can0 39D#AB020801
(1786376568.379982) can0 33D#0000FFFFFFFFFFFF
(1786376568.400002) can0 39D#AC030801
(1786376568.420016) can0 39D#AD040801
(1786376568.459948) can0 39D#AE050801
(1786376568.500139) can0 33D#0000FFFFFFFFFFFF
(1786376568.500560) can0 39D#AF060801
(1786376568.539985) can0 39D#B0070801
(1786376568.580017) can0 33D#0000FFFFFFFFFFFF
(1786376568.600061) can0 39D#B1080801
(1786376568.619872) can0 39D#B2090801
(1786376568.659915) can0 39D#B30A0801
(1786376568.699969) can0 33D#0000FFFFFFFFFFFF
(1786376568.700393) can0 39D#B40B0801
(1786376568.739929) can0 39D#B50C0801
(1786376568.780103) can0 33D#0000FFFFFFFFFFFF
(1786376568.800008) can0 39D#B60D0801
(1786376568.819987) can0 39D#B70E0801
(1786376568.859990) can0 39D#B80F0801
(1786376568.900106) can0 33D#0000FFFFFFFFFFFF
(1786376568.900480) can0 39D#A9000801
(1786376568.940000) can0 39D#AA010801
(1786376568.980024) can0 33D#0000FFFFFFFFFFFF
(1786376569.000186) can0 39D#AB020801
(1786376569.019965) can0 39D#AC030801
(1786376569.059923) can0 39D#AD040801
(1786376569.100052) can0 33D#0000FFFFFFFFFFFF
(1786376569.100459) can0 39D#AE050801
(1786376569.139952) can0 39D#AF060801
(1786376569.180166) can0 35D#0555555555555555
(1786376569.180547) can0 32D#0B00020101000000
(1786376569.181084) can0 33D#0000FFFFFFFFFFFF
(1786376569.200071) can0 39D#B0070801
(1786376569.220015) can0 39D#B1080801
(1786376569.259912) can0 39D#B2090801
(1786376569.299951) can0 33D#0000FFFFFFFFFFFF
(1786376569.300381) can0 39D#B30A0801
(1786376569.339998) can0 39D#B40B0801
(1786376569.380037) can0 33D#0000FFFFFFFFFFFF
(1786376569.400068) can0 39D#B50C0801
(1786376569.420018) can0 39D#B60D0801
(1786376569.459920) can0 39D#B70E0801
(1786376569.500114) can0 33D#0000FFFFFFFFFFFF
(1786376569.500583) can0 39D#B80F0801
(1786376569.539968) can0 39D#A9000801
(1786376569.580073) can0 33D#0000FFFFFFFFFFFF
(1786376569.600039) can0 39D#AA010801
(1786376569.619991) can0 39D#AB020801
(1786376569.659904) can0 39D#AC030801
(1786376569.699948) can0 33D#0000FFFFFFFFFFFF
(1786376569.700343) can0 39D#AD040801
(1786376569.740117) can0 39D#AE050801
(1786376569.780072) can0 33D#0000FFFFFFFFFFFF
(1786376569.800094) can0 39D#AF060801
(1786376569.820003) can0 39D#B0070801
(1786376569.859917) can0 39D#B1080801
(1786376569.900074) can0 33D#0000FFFFFFFFFFFF
(1786376569.900497) can0 39D#B2090801
(1786376569.939930) can0 39D#B30A0801
(1786376569.980113) can0 33D#0000FFFFFFFFFFFF
(1786376570.000084) can0 39D#B40B0801
(1786376570.020016) can0 39D#B50C0801
(1786376570.060008) can0 39D#B60D0801
(1786376570.099900) can0 33D#0000FFFFFFFFFFFF
(1786376570.100327) can0 39D#B70E0801
(1786376570.139943) can0 39D#B80F0801
(1786376570.179995) can0 35D#0655556555555559
(1786376570.180505) can0 33D#0000FFFFFFFFFFFF
(1786376570.199983) can0 39D#A9000801
(1786376570.219990) can0 39D#AA010801
(1786376570.259956) can0 39D#AB020801
(1786376570.299959) can0 33D#0000FFFFFFFFFFFF
(1786376570.300388) can0 39D#AC030801
(1786376570.339917) can0 39D#AD040801
(1786376570.380087) can0 33D#0000FFFFFFFFFFFF
(1786376570.400087) can0 39D#AE050801
(1786376570.420026) can0 39D#AF060801
(1786376570.459896) can0 39D#B0070801
(1786376570.499993) can0 33D#0000FFFFFFFFFFFF
(1786376570.500397) can0 39D#B1080801
(1786376570.539907) can0 39D#B2090801
(1786376570.580096) can0 33D#0000FFFFFFFFFFFF
(1786376570.600003) can0 39D#B30A0801
(1786376570.620054) can0 39D#B40B0801
(1786376570.659957) can0 39D#B50C0801
(1786376570.699974) can0 33D#0000FFFFFFFFFFFF
(1786376570.700472) can0 39D#B60D0801
(1786376570.739979) can0 39D#B70E0801
(1786376570.780102) can0 33D#0000FFFFFFFFFFFF
(1786376570.800063) can0 39D#B80F0801
(1786376570.820023) can0 39D#A9000801
(1786376570.859889) can0 39D#AA010801
(1786376570.900040) can0 33D#0000FFFFFFFFFFFF
(1786376570.900439) can0 39D#AB020801
(1786376570.939925) can0 39D#AC030801
(1786376570.979966) can0 33D#0000FFFFFFFFFFFF
(1786376571.000105) can0 39D#AD040801
(1786376571.019925) can0 39D#AE050801
(1786376571.059881) can0 39D#AF060801
(1786376571.099992) can0 33D#0000FFFFFFFFFFFF
(1786376571.100458) can0 39D#B0070801
(1786376571.139931) can0 39D#B1080801
(1786376571.179923) can0 35D#07555595552A0000
(1786376571.180322) can0 32D#0D0000008D792021
(1786376571.180589) can0 33D#0000FFFFFFFFFFFF
(1786376571.199989) can0 39D#B2090801
(1786376571.219963) can0 39D#B30A0801
(1786376571.259860) can0 39D#B40B0801
(1786376571.299880) can0 33D#0000FFFFFFFFFFFF
(1786376571.300280) can0 39D#B50C0801
(1786376571.339889) can0 39D#B60D0801
(1786376571.379892) can0 33D#0000FFFFFFFFFFFF
(1786376571.400007) can0 39D#B70E0801
(1786376571.419903) can0 39D#B80F0801
(1786376571.459861) can0 39D#A9000801
(1786376571.499897) can0 33D#0000FFFFFFFFFFFF
(1786376571.500189) can0 39D#AA010801
(1786376571.539846) can0 39D#AB020801
(1786376571.579909) can0 33D#0000FFFFFFFFFFFF
(1786376571.599967) can0 39D#AC030801
(1786376571.619963) can0 39D#AD040801
(1786376571.659894) can0 39D#AE050801
(1786376571.699955) can0 33D#0000FFFFFFFFFFFF
(1786376571.700321) can0 39D#AF060801
(1786376571.739834) can0 39D#B0070801
(1786376571.779842) can0 33D#0000FFFFFFFFFFFF
(1786376571.799932) can0 39D#B1080801
(1786376571.819856) can0 39D#B2090801
(1786376571.859938) can0 39D#B30A0801
(1786376571.900077) can0 33D#0000FFFFFFFFFFFF
(1786376571.900539) can0 39D#B40B0801
(1786376571.939834) can0 39D#B50C0801
(1786376571.980007) can0 33D#0000FFFFFFFFFFFF
(1786376572.000009) can0 39D#B60D0801
(1786376572.019857) can0 39D#B70E0801
(1786376572.059860) can0 39D#B80F0801
(1786376572.099917) can0 33D#0000FFFFFFFFFFFF
(1786376572.100330) can0 39D#A9000801
(1786376572.139820) can0 39D#AA010801
(1786376572.179900) can0 35D#0055555555555555
(1786376572.180304) can0 33D#0000FFFFFFFFFFFF
(1786376572.199990) can0 39D#AB020801
(1786376572.219958) can0 39D#AC030801
(1786376572.259860) can0 39D#AD040801
(1786376572.299881) can0 33D#0000FFFFFFFFFFFF
(1786376572.300291) can0 39D#AE050801
(1786376572.339912) can0 39D#AF060801
(1786376572.379901) can0 33D#0000FFFFFFFFFFFF
(1786376572.399901) can0 39D#B0070801
(1786376572.419786) can0 39D#B1080801
(1786376572.459842) can0 39D#B2090801
(1786376572.499901) can0 33D#0000FFFFFFFFFFFF
(1786376572.500317) can0 39D#B30A0801
(1786376572.539843) can0 39D#B40B0801
(1786376572.579796) can0 33D#0000FFFFFFFFFFFF
(1786376572.599978) can0 39D#B50C0801
(1786376572.619832) can0 39D#B60D0801
(1786376572.659795) can0 39D#B70E0801
(1786376572.699786) can0 33D#0000FFFFFFFFFFFF
(1786376572.700079) can0 39D#B80F0801
(1786376572.739795) can0 39D#A9000801
(1786376572.779780) can0 33D#0000FFFFFFFFFFFF
(1786376572.800095) can0 39D#AA010801
(1786376572.819932) can0 39D#AB020801
(1786376572.859877) can0 39D#AC030801
(1786376572.899775) can0 33D#0000FFFFFFFFFFFF
(1786376572.899991) can0 39D#AD040801
(1786376572.939869) can0 39D#AE050801
(1786376572.979987) can0 33D#0000FFFFFFFFFFFF
(1786376572.999961) can0 39D#AF060801
(1786376573.019903) can0 39D#B0070801
(1786376573.059902) can0 39D#B1080801
(1786376573.099850) can0 33D#0000FFFFFFFFFFFF
(1786376573.100162) can0 39D#B2090801
(1786376573.139858) can0 39D#B30A0801
(1786376573.179856) can0 35D#0155555555555555
(1786376573.180212) can0 32D#1405000060FCB070
(1786376573.180549) can0 33D#0000FFFFFFFFFFFF
(1786376573.199928) can0 39D#B40B0801
(1786376573.219841) can0 39D#B50C0801
(1786376573.259865) can0 39D#B60D0801
(1786376573.299881) can0 33D#0000FFFFFFFFFFFF
(1786376573.300209) can0 39D#B70E0801
(1786376573.339908) can0 39D#B80F0801
(1786376573.379699) can0 33D#0000FFFFFFFFFFFF
(1786376573.399933) can0 39D#A9000801
(1786376573.419834) can0 39D#AA010801
(1786376573.459836) can0 39D#AB020801
(1786376573.499745) can0 33D#0000FFFFFFFFFFFF
(1786376573.499981) can0 39D#AC030801
(1786376573.539772) can0 39D#AD040801
(1786376573.579926) can0 33D#0000FFFFFFFFFFFF
(1786376573.599938) can0 39D#AE050801
(1786376573.619900) can0 39D#AF060801
(1786376573.659871) can0 39D#B0070801
(1786376573.699824) can0 33D#0000FFFFFFFFFFFF
(1786376573.700223) can0 39D#B1080801
(1786376573.739888) can0 39D#B2090801
(1786376573.779868) can0 33D#0000FFFFFFFFFFFF
(1786376573.800023) can0 39D#B30A0801
(1786376573.819876) can0 39D#B40B0801
(1786376573.859829) can0 39D#B50C0801
(1786376573.899833) can0 33D#0000FFFFFFFFFFFF
(1786376573.900228) can0 39D#B60D0801
(1786376573.939785) can0 39D#B70E0801
(1786376573.979788) can0 33D#0000FFFFFFFFFFFF
(1786376573.999886) can0 39D#B80F0801
(1786376574.019851) can0 39D#A9000801
(1786376574.059863) can0 39D#AA010801
(1786376574.099834) can0 33D#0000FFFFFFFFFFFF
(1786376574.100335) can0 39D#AB020801
(1786376574.139814) can0 39D#AC030801
(1786376574.179787) can0 35D#0256555555555555
(1786376574.180057) can0 33D#0000FFFFFFFFFFFF
(1786376574.199979) can0 39D#AD040801
(1786376574.219777) can0 39D#AE050801
(1786376574.259875) can0 39D#AF060801
(1786376574.299821) can0 33D#0000FFFFFFFFFFFF
(1786376574.300108) can0 39D#B0070801
(1786376574.339890) can0 39D#B1080801
(1786376574.379885) can0 33D#0000FFFFFFFFFFFF
(1786376574.399877) can0 39D#B2090801
(1786376574.419729) can0 39D#B30A0801
(1786376574.459735) can0 39D#B40B0801
(1786376574.499825) can0 33D#0000FFFFFFFFFFFF
(1786376574.500143) can0 39D#B50C0801
(1786376574.539902) can0 39D#B60D0801
(1786376574.579865) can0 33D#0000FFFFFFFFFFFF
(1786376574.599980) can0 39D#B70E0801
(1786376574.619777) can0 39D#B80F0801
(1786376574.659832) can0 39D#A9000801
(1786376574.699787) can0 33D#0000FFFFFFFFFFFF
(1786376574.700083) can0 39D#AA010801
(1786376574.739897) can0 39D#AB020801
(1786376574.779845) can0 33D#0000FFFFFFFFFFFF
(1786376574.799955) can0 39D#AC030801
(1786376574.819865) can0 39D#AD040801
(1786376574.859835) can0 39D#AE050801
(1786376574.899787) can0 33D#0000FFFFFFFFFFFF
(1786376574.900150) can0 39D#AF060801
(1786376574.939852) can0 39D#B0070801
(1786376574.979823) can0 33D#0000FFFFFFFFFFFF
(1786376574.999871) can0 39D#B1080801
(1786376575.019762) can0 39D#B2090801
(1786376575.059856) can0 39D#B30A0801
(1786376575.099739) can0 33D#0000FFFFFFFFFFFF
(1786376575.100062) can0 39D#B40B0801
(1786376575.139889) can0 39D#B50C0801
(1786376575.179814) can0 35D#0355555555555555
(1786376575.180103) can0 32D#16000000E4ACA32F
(1786376575.180371) can0 33D#0000FFFFFFFFFFFF
(1786376575.199897) can0 39D#B60D0801
(1786376575.219846) can0 39D#B70E0801
(1786376575.259883) can0 39D#B80F0801
(1786376575.299797) can0 33D#0000FFFFFFFFFFFF
(1786376575.300085) can0 39D#A9000801
(1786376575.339863) can0 39D#AA010801
(1786376575.379856) can0 33D#0000FFFFFFFFFFFF
(1786376575.399930) can0 39D#AB020801
(1786376575.419793) can0 39D#AC030801
(1786376575.459799) can0 39D#AD040801
(1786376575.499740) can0 33D#0000FFFFFFFFFFFF
(1786376575.500001) can0 39D#AE050801
(1786376575.539794) can0 39D#AF060801
(1786376575.579741) can0 33D#0000FFFFFFFFFFFF
(1786376575.599920) can0 39D#B0070801
(1786376575.619896) can0 39D#B1080801
(1786376575.659781) can0 39D#B2090801
(1786376575.699765) can0 33D#0000FFFFFFFFFFFF
(1786376575.700030) can0 39D#B30A0801
(1786376575.739802) can0 39D#B40B0801
(1786376575.779878) can0 33D#0000FFFFFFFFFFFF
(1786376575.799873) can0 39D#B50C0801
(1786376575.819965) can0 39D#B60D0801
(1786376575.859827) can0 39D#B70E0801
(1786376575.899711) can0 33D#0000FFFFFFFFFFFF
(1786376575.899958) can0 39D#B80F0801
(1786376575.939877) can0 39D#A9000801
(1786376575.979831) can0 33D#0000FFFFFFFFFFFF
(1786376575.999916) can0 39D#AA010801
(1786376576.019781) can0 39D#AB020801
(1786376576.059725) can0 39D#AC030801
(1786376576.099725) can0 33D#0000FFFFFFFFFFFF
(1786376576.099948) can0 39D#AD040801
(1786376576.139792) can0 39D#AE050801
(1786376576.179791) can0 35D#0455555555555555
(1786376576.180119) can0 33D#0000FFFFFFFFFFFF
(1786376576.199931) can0 39D#AF060801
(1786376576.219710) can0 39D#B0070801
(1786376576.259735) can0 39D#B1080801
(1786376576.299829) can0 33D#0000FFFFFFFFFFFF
(1786376576.300158) can0 39D#B2090801
(1786376576.339810) can0 39D#B30A0801
(1786376576.379759) can0 33D#0000FFFFFFFFFFFF
(1786376576.399858) can0 39D#B40B0801
(1786376576.419842) can0 39D#B50C0801
(1786376576.459822) can0 39D#B60D0801
(1786376576.499761) can0 33D#0000FFFFFFFFFFFF
(1786376576.500094) can0 39D#B70E0801
(1786376576.539716) can0 39D#B80F0801
(1786376576.579869) can0 33D#0000FFFFFFFFFFFF
(1786376576.599876) can0 39D#A9000801
(1786376576.619788) can0 39D#AA010801
(1786376576.659716) can0 39D#AB020801
(1786376576.699763) can0 33D#0000FFFFFFFFFFFF
(1786376576.700116) can0 39D#AC030801
(1786376576.739789) can0 39D#AD040801
(1786376576.779844) can0 33D#0000FFFFFFFFFFFF
(1786376576.799941) can0 39D#AE050801
(1786376576.819810) can0 39D#AF060801
(1786376576.859797) can0 39D#B0070801
(1786376576.899783) can0 33D#0000FFFFFFFFFFFF
(1786376576.900054) can0 39D#B1080801
(1786376576.939748) can0 39D#B2090801
(1786376576.979709) can0 33D#0000FFFFFFFFFFFF
(1786376576.999810) can0 39D#B30A0801
(1786376577.019789) can0 39D#B40B0801
(1786376577.059780) can0 39D#B50C0801
(1786376577.099832) can0 33D#0000FFFFFFFFFFFF
(1786376577.100196) can0 39D#B60D0801
(1786376577.139811) can0 39D#B70E0801
(1786376577.179724) can0 35D#0555555555555555
(1786376577.180053) can0 32D#0A01000000007000
(1786376577.180302) can0 33D#0000FFFFFFFFFFFF
(1786376577.199836) can0 39D#B80F0801
(1786376577.219813) can0 39D#A9000801
(1786376577.259681) can0 39D#AA010801
(1786376577.299759) can0 33D#0000FFFFFFFFFFFF
(1786376577.300026) can0 39D#AB020801
(1786376577.339734) can0 39D#AC030801
(1786376577.379669) can0 33D#0000FFFFFFFFFFFF
(1786376577.399834) can0 39D#AD040801
(1786376577.419911) can0 39D#AE050801
(1786376577.459734) can0 39D#AF060801
(1786376577.499804) can0 33D#0000FFFFFFFFFFFF
(1786376577.500183) can0 39D#B0070801
(1786376577.539825) can0 39D#B1080801
(1786376577.579714) can0 33D#0000FFFFFFFFFFFF
(1786376577.599871) can0 39D#B2090801
(1786376577.619761) can0 39D#B30A0801
(1786376577.659805) can0 39D#B40B0801
(1786376577.699863) can0 33D#0000FFFFFFFFFFFF
(1786376577.700211) can0 39D#B50C0801
(1786376577.739742) can0 39D#B60D0801
(1786376577.779766) can0 33D#0000FFFFFFFFFFFF
(1786376577.799886) can0 39D#B70E0801
(1786376577.819816) can0 39D#B80F0801
(1786376577.859687) can0 39D#A9000801
(1786376577.899727) can0 33D#0000FFFFFFFFFFFF
(1786376577.900005) can0 39D#AA010801
(1786376577.939769) can0 39D#AB020801
(1786376577.979883) can0 33D#0000FFFFFFFFFFFF
(1786376577.999834) can0 39D#AC030801
(1786376578.019723) can0 39D#AD040801
(1786376578.059767) can0 39D#AE050801
(1786376578.099827) can0 33D#0000FFFFFFFFFFFF
(1786376578.100230) can0 39D#AF060801
(1786376578.139790) can0 39D#B0070801
(1786376578.179802) can0 35D#0655556555555559
(1786376578.180145) can0 33D#0000FFFFFFFFFFFF
(1786376578.199884) can0 39D#B1080801
(1786376578.219685) can0 39D#B2090801
(1786376578.259792) can0 39D#B30A0801
(1786376578.299726) can0 33D#0000FFFFFFFFFFFF
(1786376578.300085) can0 39D#B40B0801
(1786376578.339706) can0 39D#B50C0801
(1786376578.379690) can0 33D#0000FFFFFFFFFFFF
(1786376578.399895) can0 39D#B60D0801
(1786376578.419762) can0 39D#B70E0801
(1786376578.459715) can0 39D#B80F0801
(1786376578.499778) can0 33D#0000FFFFFFFFFFFF
(1786376578.500109) can0 39D#A9000801
(1786376578.539686) can0 39D#AA010801
(1786376578.579797) can0 33D#0000FFFFFFFFFFFF
(1786376578.599880) can0 39D#AB020801
(1786376578.619808) can0 39D#AC030801
(1786376578.659726) can0 39D#AD040801
(1786376578.699649) can0 33D#0000FFFFFFFFFFFF
(1786376578.699904) can0 39D#AE050801
(1786376578.739786) can0 39D#AF060801
(1786376578.779735) can0 33D#0000FFFFFFFFFFFF
(1786376578.799831) can0 39D#B0070801
(1786376578.819765) can0 39D#B1080801
(1786376578.859757) can0 39D#B2090801
(1786376578.899763) can0 33D#0000FFFFFFFFFFFF
(1786376578.900135) can0 39D#B30A0801
(1786376578.939651) can0 39D#B40B0801
(1786376578.979737) can0 33D#0000FFFFFFFFFFFF
(1786376578.999859) can0 39D#B50C0801
(1786376579.019724) can0 39D#B60D0801
(1786376579.059759) can0 39D#B70E0801
(1786376579.099721) can0 33D#0000FFFFFFFFFFFF
(1786376579.100055) can0 39D#B80F0801
(1786376579.139714) can0 39D#A9000801
(1786376579.179864) can0 35D#07555595552A0000
(1786376579.180317) can0 32D#0B00020101000000
(1786376579.180655) can0 33D#0000FFFFFFFFFFFF
(1786376579.199851) can0 39D#AA010801
(1786376579.219751) can0 39D#AB020801
(1786376579.259808) can0 39D#AC030801
(1786376579.299646) can0 33D#0000FFFFFFFFFFFF
(1786376579.299875) can0 39D#AD040801
(1786376579.339684) can0 39D#AE050801
(1786376579.379807) can0 33D#0000FFFFFFFFFFFF
(1786376579.399844) can0 39D#AF060801
(1786376579.419874) can0 39D#B0070801
(1786376579.459767) can0 39D#B1080801
(1786376579.499771) can0 33D#0000FFFFFFFFFFFF
(1786376579.500121) can0 39D#B2090801
(1786376579.539755) can0 39D#B30A0801
(1786376579.579661) can0 33D#0000FFFFFFFFFFFF
(1786376579.599849) can0 39D#B40B0801
(1786376579.619685) can0 39D#B50C0801
(1786376579.659673) can0 39D#B60D0801
(1786376579.699640) can0 33D#0000FFFFFFFFFFFF
(1786376579.699872) can0 39D#B70E0801
(1786376579.739719) can0 39D#B80F0801
(1786376579.779779) can0 33D#0000FFFFFFFFFFFF
(1786376579.799864) can0 39D#A9000801
(1786376579.819772) can0 39D#AA010801
(1786376579.859705) can0 39D#AB020801
(1786376579.899759) can0 33D#0000FFFFFFFFFFFF
(1786376579.900144) can0 39D#AC030801
(1786376579.939870) can0 39D#AD040801
(1786376579.979676) can0 33D#0000FFFFFFFFFFFF
(1786376579.999814) can0 39D#AE050801
(1786376580.019708) can0 39D#AF060801
(1786376580.059661) can0 39D#B0070801
(1786376580.099640) can0 33D#0000FFFFFFFFFFFF
(1786376580.099858) can0 39D#B1080801
(1786376580.139619) can0 39D#B2090801
(1786376580.179685) can0 35D#0055555555555555
(1786376580.179920) can0 33D#0000FFFFFFFFFFFF
(1786376580.199756) can0 39D#B30A0801
(1786376580.219692) can0 39D#B40B0801
(1786376580.259668) can0 39D#B50C0801
(1786376580.299667) can0 33D#0000FFFFFFFFFFFF
(1786376580.299902) can0 39D#B60D0801
(1786376580.339655) can0 39D#B70E0801
(1786376580.379668) can0 33D#0000FFFFFFFFFFFF
(1786376580.399869) can0 39D#B80F0801
(1786376580.419657) can0 39D#A9000801
(1786376580.459721) can0 39D#AA010801
(1786376580.499742) can0 33D#0000FFFFFFFFFFFF
(1786376580.500082) can0 39D#AB020801
(1786376580.539796) can0 39D#AC030801
(1786376580.579743) can0 33D#0000FFFFFFFFFFFF
(1786376580.599861) can0 39D#AD040801
(1786376580.619780) can0 39D#AE050801
(1786376580.659661) can0 39D#AF060801
(1786376580.699635) can0 33D#0000FFFFFFFFFFFF
(1786376580.699922) can0 39D#B0070801
(1786376580.739592) can0 39D#B1080801
(1786376580.779734) can0 33D#0000FFFFFFFFFFFF
(1786376580.799794) can0 39D#B2090801
(1786376580.819811) can0 39D#B30A0801
(1786376580.859686) can0 39D#B40B0801
(1786376580.899707) can0 33D#0000FFFFFFFFFFFF
(1786376580.900132) can0 39D#B50C0801
(1786376580.939688) can0 39D#B60D0801
(1786376580.979988) can0 33D#0000FFFFFFFFFFFF
(1786376580.999783) can0 39D#B70E0801
(1786376581.019660) can0 39D#B80F0801
(1786376581.059642) can0 39D#A9000801
(1786376581.099765) can0 33D#0000FFFFFFFFFFFF
(1786376581.100117) can0 39D#AA010801
(1786376581.139748) can0 39D#AB020801
(1786376581.179747) can0 35D#0155555555555555
(1786376581.180144) can0 32D#0D0000008D792021
(1786376581.180534) can0 33D#0000FFFFFFFFFFFF
(1786376581.199770) can0 39D#AC030801
(1786376581.219685) can0 39D#AD040801
(1786376581.259669) can0 39D#AE050801
(1786376581.299867) can0 33D#0000FFFFFFFFFFFF
(1786376581.300262) can0 39D#AF060801
(1786376581.339656) can0 39D#B0070801
(1786376581.379869) can0 33D#0000FFFFFFFFFFFF
(1786376581.399992) can0 39D#B1080801
(1786376581.419690) can0 39D#B2090801
(1786376581.459736) can0 39D#B30A0801
(1786376581.499711) can0 33D#0000FFFFFFFFFFFF
(1786376581.500057) can0 39D#B40B0801
(1786376581.539708) can0 39D#B50C0801
(1786376581.579667) can0 33D#0000FFFFFFFFFFFF
(1786376581.599789) can0 39D#B60D0801
(1786376581.619737) can0 39D#B70E0801
(1786376581.659664) can0 39D#B80F0801
(1786376581.699597) can0 33D#0000FFFFFFFFFFFF
(1786376581.699886) can0 39D#A9000801
(1786376581.739682) can0 39D#AA010801
(1786376581.779867) can0 33D#0000FFFFFFFFFFFF
(1786376581.799858) can0 39D#AB020801
(1786376581.819690) can0 39D#AC030801
(1786376581.859619) can0 39D#AD040801
(1786376581.899644) can0 33D#0000FFFFFFFFFFFF
(1786376581.899877) can0 39D#AE050801
(1786376581.939722) can0 39D#AF060801
(1786376581.979765) can0 33D#0000FFFFFFFFFFFF
(1786376581.999877) can0 39D#B0070801
(1786376582.019779) can0 39D#B1080801
(1786376582.059677) can0 39D#B2090801
(1786376582.099741) can0 33D#0000FFFFFFFFFFFF
(1786376582.100227) can0 39D#B30A0801
(1786376582.139699) can0 39D#B40B0801
(1786376582.179789) can0 35D#0256555555555555
(1786376582.180294) can0 33D#0000FFFFFFFFFFFF
(1786376582.199772) can0 39D#B50C0801
(1786376582.219665) can0 39D#B60D0801
(1786376582.259698) can0 39D#B70E0801
(1786376582.299768) can0 33D#0000FFFFFFFFFFFF
(1786376582.300220) can0 39D#B80F0801
(1786376582.339659) can0 39D#A9000801
(1786376582.379691) can0 33D#0000FFFFFFFFFFFF
(1786376582.399863) can0 39D#AA010801
(1786376582.419653) can0 39D#AB020801
(1786376582.459599) can0 39D#AC030801
(1786376582.499679) can0 33D#0000FFFFFFFFFFFF
(1786376582.500034) can0 39D#AD040801
(1786376582.539678) can0 39D#AE050801
(1786376582.579699) can0 33D#0000FFFFFFFFFFFF
(1786376582.599847) can0 39D#AF060801
(1786376582.619719) can0 39D#B0070801
(1786376582.659733) can0 39D#B1080801
(1786376582.699702) can0 33D#0000FFFFFFFFFFFF
(1786376582.700169) can0 39D#B2090801
(1786376582.739726) can0 39D#B30A0801
(1786376582.779680) can0 33D#0000FFFFFFFFFFFF
(1786376582.799874) can0 39D#B40B0801
(1786376582.819694) can0 39D#B50C0801
(1786376582.859721) can0 39D#B60D0801
(1786376582.899622) can0 33D#0000FFFFFFFFFFFF
(1786376582.899921) can0 39D#B70E0801
(1786376582.939610) can0 39D#B80F0801
(1786376582.979632) can0 33D#0000FFFFFFFFFFFF
(1786376582.999759) can0 39D#A9000801
(1786376583.019574) can0 39D#AA010801
(1786376583.059657) can0 39D#AB020801
(1786376583.099655) can0 33D#0000FFFFFFFFFFFF
(1786376583.100010) can0 39D#AC030801
(1786376583.139700) can0 39D#AD040801
(1786376583.179785) can0 35D#0355555555555555
(1786376583.180218) can0 32D#1405000060FCB070
(1786376583.180587) can0 33D#0000FFFFFFFFFFFF
(1786376583.199787) can0 39D#AE050801
(1786376583.219739) can0 39D#AF060801
(1786376583.259694) can0 39D#B0070801
(1786376583.299641) can0 33D#0000FFFFFFFFFFFF
(1786376583.299972) can0 39D#B1080801
(1786376583.339768) can0 39D#B2090801
(1786376583.379704) can0 33D#0000FFFFFFFFFFFF
(1786376583.399778) can0 39D#B30A0801
(1786376583.419597) can0 39D#B40B0801
(1786376583.459639) can0 39D#B50C0801
(1786376583.499642) can0 33D#0000FFFFFFFFFFFF
(1786376583.500063) can0 39D#B60D0801
(1786376583.539680) can0 39D#B70E0801
(1786376583.579660) can0 33D#0000FFFFFFFFFFFF
(1786376583.599750) can0 39D#B80F0801
(1786376583.619719) can0 39D#A9000801
(1786376583.659725) can0 39D#AA010801
(1786376583.699642) can0 33D#0000FFFFFFFFFFFF
(1786376583.700018) can0 39D#AB020801
(1786376583.739637) can0 39D#AC030801
(1786376583.779694) can0 33D#0000FFFFFFFFFFFF
(1786376583.799727) can0 39D#AD040801
(1786376583.819679) can0 39D#AE050801
(1786376583.859608) can0 39D#AF060801
(1786376583.899667) can0 33D#0000FFFFFFFFFFFF
(1786376583.900033) can0 39D#B0070801
(1786376583.939711) can0 39D#B1080801
(1786376583.979682) can0 33D#0000FFFFFFFFFFFF
(1786376583.999825) can0 39D#B2090801
(1786376584.019768) can0 39D#B30A0801
(1786376584.059630) can0 39D#B40B0801
(1786376584.099692) can0 33D#0000FFFFFFFFFFFF
(1786376584.100076) can0 39D#B50C0801
(1786376584.139610) can0 39D#B60D0801
(1786376584.179629) can0 35D#0455555555555555
(1786376584.179913) can0 33D#0000FFFFFFFFFFFF
(1786376584.199817) can0 39D#B70E0801
(1786376584.219680) can0 39D#B80F0801
(1786376584.259607) can0 39D#A9000801
(1786376584.299623) can0 33D#0000FFFFFFFFFFFF
(1786376584.299973) can0 39D#AA010801
(1786376584.339689) can0 39D#AB020801
(1786376584.379838) can0 33D#0000FFFFFFFFFFFF
(1786376584.399735) can0 39D#AC030801
(1786376584.419740) can0 39D#AD040801
(1786376584.459670) can0 39D#AE050801
(1786376584.499546) can0 33D#0000FFFFFFFFFFFF
(1786376584.499790) can0 39D#AF060801
(1786376584.539737) can0 39D#B0070801
(1786376584.579677) can0 33D#0000FFFFFFFFFFFF
(1786376584.599864) can0 39D#B1080801
(1786376584.619785) can0 39D#B2090801
(1786376584.659662) can0 39D#B30A0801
(1786376584.699697) can0 33D#0000FFFFFFFFFFFF
(1786376584.700056) can0 39D#B40B0801
(1786376584.739653) can0 39D#B50C0801
(1786376584.779729) can0 33D#0000FFFFFFFFFFFF
(1786376584.799734) can0 39D#B60D0801
(1786376584.819656) can0 39D#B70E0801
(1786376584.859731) can0 39D#B80F0801
(1786376584.899771) can0 33D#0000FFFFFFFFFFFF
(1786376584.900154) can0 39D#A9000801
(1786376584.939652) can0 39D#AA010801
(1786376584.979879) can0 33D#0000FFFFFFFFFFFF
(1786376584.999785) can0 39D#AB020801
(1786376585.019662) can0 39D#AC030801
(1786376585.059671) can0 39D#AD040801
(1786376585.099649) can0 33D#0000FFFFFFFFFFFF
(1786376585.100156) can0 39D#AE050801
(1786376585.139594) can0 39D#AF060801
(1786376585.179745) can0 35D#0555555555555555
(1786376585.180241) can0 32D#16000000E4ACA32F
(1786376585.180694) can0 33D#0000FFFFFFFFFFFF
(1786376585.199841) can0 39D#B0070801
(1786376585.219644) can0 39D#B1080801
(1786376585.259611) can0 39D#B2090801
(1786376585.299636) can0 33D#0000FFFFFFFFFFFF
(1786376585.300033) can0 39D#B30A0801
(1786376585.339615) can0 39D#B40B0801
(1786376585.379678) can0 33D#0000FFFFFFFFFFFF
(1786376585.399799) can0 39D#B50C0801
(1786376585.419627) can0 39D#B60D0801
(1786376585.459637) can0 39D#B70E0801
(1786376585.499698) can0 33D#0000FFFFFFFFFFFF
(1786376585.500112) can0 39D#B80F0801
(1786376585.539664) can0 39D#A9000801
(1786376585.579691) can0 33D#0000FFFFFFFFFFFF
(1786376585.599749) can0 39D#AA010801
(1786376585.619799) can0 39D#AB020801
(1786376585.659661) can0 39D#AC030801
(1786376585.699692) can0 33D#0000FFFFFFFFFFFF
(1786376585.700137) can0 39D#AD040801
(1786376585.739689) can0 39D#AE050801
(1786376585.779788) can0 33D#0000FFFFFFFFFFFF
(1786376585.799806) can0 39D#AF060801
(1786376585.819727) can0 39D#B0070801
(1786376585.859606) can0 39D#B1080801
(1786376585.899705) can0 33D#0000FFFFFFFFFFFF
(1786376585.900106) can0 39D#B2090801
(1786376585.939620) can0 39D#B30A0801
(1786376585.979657) can0 33D#0000FFFFFFFFFFFF
(1786376585.999735) can0 39D#B40B0801
(1786376586.019775) can0 39D#B50C0801
(1786376586.059685) can0 39D#B60D0801
(1786376586.099847) can0 33D#0000FFFFFFFFFFFF
(1786376586.100292) can0 39D#B70E0801
(1786376586.139738) can0 39D#B80F0801
(1786376586.179641) can0 35D#0655556555555559
(1786376586.180009) can0 33D#0000FFFFFFFFFFFF
(1786376586.199772) can0 39D#A9000801
(1786376586.219804) can0 39D#AA010801
(1786376586.259628) can0 39D#AB020801
(1786376586.299739) can0 33D#0000FFFFFFFFFFFF
(1786376586.300145) can0 39D#AC030801
(1786376586.339756) can0 39D#AD040801
(1786376586.379667) can0 33D#0000FFFFFFFFFFFF
(1786376586.399756) can0 39D#AE050801
(1786376586.419632) can0 39D#AF060801
(1786376586.459619) can0 39D#B0070801
(1786376586.499630) can0 33D#0000FFFFFFFFFFFF
(1786376586.500019) can0 39D#B1080801
(1786376586.539625) can0 39D#B2090801
(1786376586.579787) can0 33D#0000FFFFFFFFFFFF
(1786376586.599743) can0 39D#B30A0801
(1786376586.619778) can0 39D#B40B0801
(1786376586.659584) can0 39D#B50C0801
(1786376586.699690) can0 33D#0000FFFFFFFFFFFF
(1786376586.700060) can0 39D#B60D0801
(1786376586.739640) can0 39D#B70E0801
(1786376586.779747) can0 33D#0000FFFFFFFFFFFF
(1786376586.799823) can0 39D#B80F0801
(1786376586.819795) can0 39D#A9000801
(1786376586.859571) can0 39D#AA010801
(1786376586.899786) can0 33D#0000FFFFFFFFFFFF
(1786376586.900393) can0 39D#AB020801
(1786376586.939567) can0 39D#AC030801
(1786376586.979769) can0 33D#0000FFFFFFFFFFFF
(1786376586.999876) can0 39D#AD040801
(1786376587.019703) can0 39D#AE050801
(1786376587.059593) can0 39D#AF060801
(1786376587.099650) can0 33D#0000FFFFFFFFFFFF
(1786376587.100100) can0 39D#B0070801
(1786376587.139586) can0 39D#B1080801
(1786376587.179774) can0 35D#07555595552A0000
(1786376587.180273) can0 32D#0A01000000007000
(1786376587.180684) can0 33D#0000FFFFFFFFFFFF
(1786376587.199730) can0 39D#B2090801
(1786376587.219604) can0 39D#B30A0801
(1786376587.259616) can0 39D#B40B0801
(1786376587.299598) can0 33D#0000FFFFFFFFFFFF
(1786376587.299985) can0 39D#B50C0801
(1786376587.339628) can0 39D#B60D0801
(1786376587.379846) can0 33D#0000FFFFFFFFFFFF
(1786376587.399787) can0 39D#B70E0801
(1786376587.419678) can0 39D#B80F0801
(1786376587.459571) can0 39D#A9000801
(1786376587.499705) can0 33D#0000FFFFFFFFFFFF
(1786376587.500143) can0 39D#AA010801
(1786376587.539581) can0 39D#AB020801
(1786376587.579802) can0 33D#0000FFFFFFFFFFFF
(1786376587.599735) can0 39D#AC030801
(1786376587.619633) can0 39D#AD040801
(1786376587.659576) can0 39D#AE050801
(1786376587.699623) can0 33D#0000FFFFFFFFFFFF
(1786376587.700081) can0 39D#AF060801
(1786376587.739632) can0 39D#B0070801
(1786376587.779792) can0 33D#0000FFFFFFFFFFFF
(1786376587.799649) can0 39D#B1080801
(1786376587.819806) can0 39D#B2090801
(1786376587.859676) can0 39D#B30A0801
(1786376587.899578) can0 33D#0000FFFFFFFFFFFF
(1786376587.899932) can0 39D#B40B0801
(1786376587.939558) can0 39D#B50C0801
(1786376587.979654) can0 33D#0000FFFFFFFFFFFF
(1786376587.999691) can0 39D#B60D0801
(1786376588.019635) can0 39D#B70E0801
(1786376588.059676) can0 39D#B80F0801
(1786376588.099647) can0 33D#0000FFFFFFFFFFFF
(1786376588.100173) can0 39D#A9000801
(1786376588.139552) can0 39D#AA010801
(1786376588.179743) can0 35D#0055555555555555
(1786376588.180176) can0 33D#0000FFFFFFFFFFFF
(1786376588.199836) can0 39D#AB020801
(1786376588.219674) can0 39D#AC030801
(1786376588.259610) can0 39D#AD040801
(1786376588.299760) can0 33D#0000FFFFFFFFFFFF
(1786376588.300248) can0 39D#AE050801
(1786376588.339675) can0 39D#AF060801
(1786376588.379648) can0 33D#0000FFFFFFFFFFFF
(1786376588.399662) can0 39D#B0070801
(1786376588.419594) can0 39D#B1080801
(1786376588.459616) can0 39D#B2090801
(1786376588.499694) can0 33D#0000FFFFFFFFFFFF
(1786376588.500169) can0 39D#B30A0801
(1786376588.539585) can0 39D#B40B0801
(1786376588.579719) can0 33D#0000FFFFFFFFFFFF
(1786376588.599682) can0 39D#B50C0801
(1786376588.619679) can0 39D#B60D0801
(1786376588.659527) can0 39D#B70E0801
(1786376588.699587) can0 33D#0000FFFFFFFFFFFF
(1786376588.699957) can0 39D#B80F0801
(1786376588.739604) can0 39D#A9000801
(1786376588.779760) can0 33D#0000FFFFFFFFFFFF
(1786376588.799606) can0 39D#AA010801
(1786376588.819687) can0 39D#AB020801
(1786376588.859514) can0 39D#AC030801
(1786376588.899577) can0 33D#0000FFFFFFFFFFFF
(1786376588.899869) can0 39D#AD040801
(1786376588.939579) can0 39D#AE050801
(1786376588.979724) can0 33D#0000FFFFFFFFFFFF
(1786376588.999787) can0 39D#AF060801
(1786376589.019651) can0 39D#B0070801
(1786376589.059640) can0 39D#B1080801
(1786376589.099598) can0 33D#0000FFFFFFFFFFFF
(1786376589.100018) can0 39D#B2090801
(1786376589.139583) can0 39D#B30A0801
(1786376589.179683) can0 35D#0155555555555555
(1786376589.180121) can0 32D#0B00020101000000
(1786376589.180474) can0 33D#0000FFFFFFFFFFFF
(1786376589.199856) can0 39D#B40B0801
(1786376589.219618) can0 39D#B50C0801
(1786376589.259540) can0 39D#B60D0801
(1786376589.299690) can0 33D#0000FFFFFFFFFFFF
(1786376589.300132) can0 39D#B70E0801
(1786376589.339509) can0 39D#B80F0801
(1786376589.379701) can0 33D#0000FFFFFFFFFFFF
(1786376589.399701) can0 39D#A9000801
(1786376589.419718) can0 39D#AA010801
(1786376589.459514) can0 39D#AB020801
(1786376589.499662) can0 33D#0000FFFFFFFFFFFF
(1786376589.500070) can0 39D#AC030801
(1786376589.539657) can0 39D#AD040801
(1786376589.579648) can0 33D#0000FFFFFFFFFFFF
(1786376589.599680) can0 39D#AE050801
(1786376589.619597) can0 39D#AF060801
(1786376589.659579) can0 39D#B0070801
(1786376589.699616) can0 33D#0000FFFFFFFFFFFF
(1786376589.700036) can0 39D#B1080801
(1786376589.739584) can0 39D#B2090801
(1786376589.779724) can0 33D#0000FFFFFFFFFFFF
(1786376589.799678) can0 39D#B30A0801
(1786376589.819601) can0 39D#B40B0801
(1786376589.859541) can0 39D#B50C0801
(1786376589.899607) can0 33D#0000FFFFFFFFFFFF
(1786376589.900094) can0 39D#B60D0801
(1786376589.939520) can0 39D#B70E0801
(1786376589.979725) can0 33D#0000FFFFFFFFFFFF
(1786376589.999789) can0 39D#B80F0801
(1786376590.019704) can0 39D#A9000801
(1786376590.059697) can0 39D#AA010801
(1786376590.099565) can0 33D#0000FFFFFFFFFFFF
(1786376590.099964) can0 39D#AB020801
(1786376590.139641) can0 39D#AC030801
(1786376590.179718) can0 35D#0256555555555555
(1786376590.180161) can0 33D#0000FFFFFFFFFFFF
(1786376590.199646) can0 39D#AD040801
(1786376590.219632) can0 39D#AE050801
(1786376590.259556) can0 39D#AF060801
(1786376590.299499) can0 33D#0000FFFFFFFFFFFF
(1786376590.300050) can0 39D#B0070801
(1786376590.339610) can0 39D#B1080801
(1786376590.379658) can0 33D#0000FFFFFFFFFFFF
(1786376590.399835) can0 39D#B2090801
(1786376590.419714) can0 39D#B30A0801
(1786376590.459544) can0 39D#B40B0801
(1786376590.499548) can0 33D#0000FFFFFFFFFFFF
(1786376590.499938) can0 39D#B50C0801
(1786376590.539594) can0 39D#B60D0801
(1786376590.579467) can0 33D#0000FFFFFFFFFFFF
(1786376590.599665) can0 39D#B70E0801
(1786376590.619652) can0 39D#B80F0801
(1786376590.659547) can0 39D#A9000801
(1786376590.699617) can0 33D#0000FFFFFFFFFFFF
(1786376590.700160) can0 39D#AA010801
(1786376590.739527) can0 39D#AB020801
(1786376590.779727) can0 33D#0000FFFFFFFFFFFF
(1786376590.799621) can0 39D#AC030801
(1786376590.819622) can0 39D#AD040801
(1786376590.859549) can0 39D#AE050801
(1786376590.899614) can0 33D#0000FFFFFFFFFFFF
(1786376590.900030) can0 39D#AF060801
(1786376590.939572) can0 39D#B0070801
(1786376590.979669) can0 33D#0000FFFFFFFFFFFF
(1786376590.999707) can0 39D#B1080801
(1786376591.019542) can0 39D#B2090801
(1786376591.059531) can0 39D#B30A0801
(1786376591.099777) can0 33D#0000FFFFFFFFFFFF
(1786376591.100208) can0 39D#B40B0801
(1786376591.139507) can0 39D#B50C0801
(1786376591.179710) can0 35D#0355555555555555
(1786376591.180147) can0 32D#0D0000008D792021
(1786376591.180546) can0 33D#0000FFFFFFFFFFFF
(1786376591.199652) can0 39D#B60D0801
(1786376591.219603) can0 39D#B70E0801
(1786376591.259470) can0 39D#B80F0801
(1786376591.299663) can0 33D#0000FFFFFFFFFFFF
(1786376591.300067) can0 39D#A9000801
(1786376591.339564) can0 39D#AA010801
(1786376591.379631) can0 33D#0000FFFFFFFFFFFF
(1786376591.399662) can0 39D#AB020801
(1786376591.419703) can0 39D#AC030801
(1786376591.459587) can0 39D#AD040801
(1786376591.499732) can0 33D#0000FFFFFFFFFFFF
(1786376591.500252) can0 39D#AE050801
(1786376591.539550) can0 39D#AF060801
(1786376591.579711) can0 33D#0000FFFFFFFFFFFF
(1786376591.599690) can0 39D#B0070801
(1786376591.619583) can0 39D#B1080801
(1786376591.659490) can0 39D#B2090801
(1786376591.699563) can0 33D#0000FFFFFFFFFFFF
(1786376591.699990) can0 39D#B30A0801
(1786376591.739533) can0 39D#B40B0801
(1786376591.779608) can0 33D#0000FFFFFFFFFFFF
(1786376591.799607) can0 39D#B50C0801
(1786376591.819586) can0 39D#B60D0801
(1786376591.859529) can0 39D#B70E0801
(1786376591.899677) can0 33D#0000FFFFFFFFFFFF
(1786376591.900041) can0 39D#B80F0801
(1786376591.939600) can0 39D#A9000801
(1786376591.979703) can0 33D#0000FFFFFFFFFFFF
(1786376591.999705) can0 39D#AA010801
(1786376592.019735) can0 39D#AB020801
(1786376592.059536) can0 39D#AC030801
(1786376592.099603) can0 33D#0000FFFFFFFFFFFF
(1786376592.099969) can0 39D#AD040801
(1786376592.139475) can0 39D#AE050801
(1786376592.179596) can0 35D#0455555555555555
(1786376592.180069) can0 33D#0000FFFFFFFFFFFF
(1786376592.199652) can0 39D#AF060801
(1786376592.219568) can0 39D#B0070801
(1786376592.259526) can0 39D#B1080801
(1786376592.299507) can0 33D#0000FFFFFFFFFFFF
(1786376592.299871) can0 39D#B2090801
(1786376592.339546) can0 39D#B30A0801
(1786376592.379698) can0 33D#0000FFFFFFFFFFFF
(1786376592.399701) can0 39D#B40B0801
(1786376592.419669) can0 39D#B50C0801
(1786376592.459474) can0 39D#B60D0801
(1786376592.499628) can0 33D#0000FFFFFFFFFFFF
(1786376592.500120) can0 39D#B70E0801
(1786376592.539514) can0 39D#B80F0801
(1786376592.579560) can0 33D#0000FFFFFFFFFFFF
(1786376592.599637) can0 39D#A9000801
(1786376592.619653) can0 39D#AA010801
(1786376592.659465) can0 39D#AB020801
(1786376592.699666) can0 33D#0000FFFFFFFFFFFF
(1786376592.700050) can0 39D#AC030801
(1786376592.739482) can0 39D#AD040801
(1786376592.779572) can0 33D#0000FFFFFFFFFFFF
(1786376592.799703) can0 39D#AE050801
(1786376592.819648) can0 39D#AF060801
(1786376592.859479) can0 39D#B0070801
(1786376592.899685) can0 33D#0000FFFFFFFFFFFF
(1786376592.900120) can0 39D#B1080801
(1786376592.939506) can0 39D#B2090801
(1786376592.979728) can0 33D#0000FFFFFFFFFFFF
(1786376592.999633) can0 39D#B30A0801
(1786376593.019618) can0 39D#B40B0801
(1786376593.059511) can0 39D#B50C0801
(1786376593.099640) can0 33D#0000FFFFFFFFFFFF
(1786376593.100140) can0 39D#B60D0801
(1786376593.139513) can0 39D#B70E0801
(1786376593.179701) can0 35D#0555555555555555
(1786376593.180085) can0 32D#1405000060FCB070
(1786376593.180489) can0 33D#0000FFFFFFFFFFFF
(1786376593.199625) can0 39D#B80F0801
(1786376593.219511) can0 39D#A9000801
(1786376593.259484) can0 39D#AA010801
(1786376593.299598) can0 33D#0000FFFFFFFFFFFF
(1786376593.300001) can0 39D#AB020801
(1786376593.339451) can0 39D#AC030801
(1786376593.379594) can0 33D#0000FFFFFFFFFFFF
(1786376593.399637) can0 39D#AD040801
(1786376593.419540) can0 39D#AE050801
(1786376593.459506) can0 39D#AF060801
(1786376593.499572) can0 33D#0000FFFFFFFFFFFF
(1786376593.500018) can0 39D#B0070801
(1786376593.539542) can0 39D#B1080801
(1786376593.579603) can0 33D#0000FFFFFFFFFFFF
(1786376593.599559) can0 39D#B2090801
(1786376593.619634) can0 39D#B30A0801
(1786376593.659499) can0 39D#B40B0801
(1786376593.699546) can0 33D#0000FFFFFFFFFFFF
(1786376593.700020) can0 39D#B50C0801
(1786376593.739454) can0 39D#B60D0801
(1786376593.779659) can0 33D#0000FFFFFFFFFFFF
(1786376593.799658) can0 39D#B70E0801
(1786376593.819514) can0 39D#B80F0801
(1786376593.859539) can0 39D#A9000801
(1786376593.899475) can0 33D#0000FFFFFFFFFFFF
(1786376593.899814) can0 39D#AA010801
(1786376593.939497) can0 39D#AB020801
(1786376593.979594) can0 33D#0000FFFFFFFFFFFF
(1786376593.999617) can0 39D#AC030801
(1786376594.019511) can0 39D#AD040801
(1786376594.059530) can0 39D#AE050801
(1786376594.099494) can0 33D#0000FFFFFFFFFFFF
(1786376594.099926) can0 39D#AF060801
(1786376594.139597) can0 39D#B0070801
(1786376594.179614) can0 35D#0655556555555559
(1786376594.180059) can0 33D#0000FFFFFFFFFFFF
(1786376594.199562) can0 39D#B1080801
(1786376594.219602) can0 39D#B2090801
(1786376594.259500) can0 39D#B30A0801
(1786376594.299528) can0 33D#0000FFFFFFFFFFFF
(1786376594.299877) can0 39D#B40B0801
(1786376594.339473) can0 39D#B50C0801
(1786376594.379517) can0 33D#0000FFFFFFFFFFFF
(1786376594.399564) can0 39D#B60D0801
(1786376594.419531) can0 39D#B70E0801
(1786376594.459428) can0 39D#B80F0801
(1786376594.499477) can0 33D#0000FFFFFFFFFFFF
(1786376594.499810) can0 39D#A9000801
(1786376594.539467) can0 39D#AA010801
(1786376594.579663) can0 33D#0000FFFFFFFFFFFF
(1786376594.599651) can0 39D#AB020801
(1786376594.619542) can0 39D#AC030801
(1786376594.659535) can0 39D#AD040801
(1786376594.699530) can0 33D#0000FFFFFFFFFFFF
(1786376594.699925) can0 39D#AE050801
(1786376594.739489) can0 39D#AF060801
(1786376594.779605) can0 33D#0000FFFFFFFFFFFF
(1786376594.799598) can0 39D#B0070801
(1786376594.819406) can0 39D#B1080801
(1786376594.859474) can0 39D#B2090801
(1786376594.899535) can0 33D#0000FFFFFFFFFFFF
(1786376594.899848) can0 39D#B30A0801
(1786376594.939507) can0 39D#B40B0801
(1786376594.979603) can0 33D#0000FFFFFFFFFFFF
(1786376594.999550) can0 39D#B50C0801
(1786376595.019526) can0 39D#B60D0801
(1786376595.059411) can0 39D#B70E0801
(1786376595.099366) can0 33D#0000FFFFFFFFFFFF
(1786376595.099701) can0 39D#B80F0801
(1786376595.139458) can0 39D#A9000801
(1786376595.179675) can0 35D#07555595552A0000
(1786376595.180084) can0 32D#16000000E4ACA32F
(1786376595.180509) can0 33D#0000FFFFFFFFFFFF
(1786376595.199514) can0 39D#AA010801
(1786376595.219526) can0 39D#AB020801
(1786376595.259455) can0 39D#AC030801
(1786376595.299589) can0 33D#0000FFFFFFFFFFFF
(1786376595.300035) can0 39D#AD040801
(1786376595.339425) can0 39D#AE050801
(1786376595.379521) can0 33D#0000FFFFFFFFFFFF
(1786376595.399559) can0 39D#AF060801
(1786376595.419440) can0 39D#B0070801
(1786376595.459395) can0 39D#B1080801
(1786376595.499473) can0 33D#0000FFFFFFFFFFFF
(1786376595.499831) can0 39D#B2090801
(1786376595.539451) can0 39D#B30A0801
(1786376595.579432) can0 33D#0000FFFFFFFFFFFF
(1786376595.599600) can0 39D#B40B0801
(1786376595.619448) can0 39D#B50C0801
(1786376595.659475) can0 39D#B60D0801
(1786376595.699463) can0 33D#0000FFFFFFFFFFFF
(1786376595.699832) can0 39D#B70E0801
(1786376595.739406) can0 39D#B80F0801
(1786376595.779503) can0 33D#0000FFFFFFFFFFFF
(1786376595.799572) can0 39D#A9000801
(1786376595.819385) can0 39D#AA010801
(1786376595.859462) can0 39D#AB020801
(1786376595.899378) can0 33D#0000FFFFFFFFFFFF
(1786376595.899664) can0 39D#AC030801
(1786376595.939554) can0 39D#AD040801
(1786376595.979449) can0 33D#0000FFFFFFFFFFFF
(1786376595.999544) can0 39D#AE050801
(1786376596.019448) can0 39D#AF060801
(1786376596.059387) can0 39D#B0070801
(1786376596.099386) can0 33D#0000FFFFFFFFFFFF
(1786376596.099712) can0 39D#B1080801
(1786376596.139420) can0 39D#B2090801
(1786376596.179457) can0 35D#0055555555555555
(1786376596.179889) can0 33D#0000FFFFFFFFFFFF
(1786376596.199521) can0 39D#B30A0801
(1786376596.219372) can0 39D#B40B0801
(1786376596.259385) can0 39D#B50C0801
(1786376596.299381) can0 33D#0000FFFFFFFFFFFF
(1786376596.299662) can0 39D#B60D0801
(1786376596.339479) can0 39D#B70E0801
(1786376596.379580) can0 33D#0000FFFFFFFFFFFF
(1786376596.399459) can0 39D#B80F0801
(1786376596.419452) can0 39D#A9000801
(1786376596.459509) can0 39D#AA010801
(1786376596.499377) can0 33D#0000FFFFFFFFFFFF
(1786376596.499749) can0 39D#AB020801
(1786376596.539440) can0 39D#AC030801
(1786376596.579479) can0 33D#0000FFFFFFFFFFFF
(1786376596.599494) can0 39D#AD040801
(1786376596.619484) can0 39D#AE050801
(1786376596.659383) can0 39D#AF060801
(1786376596.699478) can0 33D#0000FFFFFFFFFFFF
(1786376596.699858) can0 39D#B0070801
(1786376596.739447) can0 39D#B1080801
(1786376596.779469) can0 33D#0000FFFFFFFFFFFF
(1786376596.799608) can0 39D#B2090801
(1786376596.819428) can0 39D#B30A0801
(1786376596.859458) can0 39D#B40B0801
(1786376596.899595) can0 33D#0000FFFFFFFFFFFF
(1786376596.899981) can0 39D#B50C0801
(1786376596.939456) can0 39D#B60D0801
(1786376596.979528) can0 33D#0000FFFFFFFFFFFF
(1786376596.999503) can0 39D#B70E0801
(1786376597.019429) can0 39D#B80F0801
(1786376597.059381) can0 39D#A9000801
(1786376597.099451) can0 33D#0000FFFFFFFFFFFF
(1786376597.099804) can0 39D#AA010801
(1786376597.139432) can0 39D#AB020801
(1786376597.179410) can0 35D#0155555555555555
(1786376597.179814) can0 32D#0A01000000007000
(1786376597.180220) can0 33D#0000FFFFFFFFFFFF
(1786376597.199561) can0 39D#AC030801
(1786376597.219487) can0 39D#AD040801
(1786376597.259332) can0 39D#AE050801
(1786376597.299452) can0 33D#0000FFFFFFFFFFFF
(1786376597.299792) can0 39D#AF060801
(1786376597.339435) can0 39D#B0070801
(1786376597.379418) can0 33D#0000FFFFFFFFFFFF
(1786376597.399562) can0 39D#B1080801
(1786376597.419397) can0 39D#B2090801
(1786376597.459388) can0 39D#B30A0801
(1786376597.499424) can0 33D#0000FFFFFFFFFFFF
(1786376597.499706) can0 39D#B40B0801
(1786376597.539401) can0 39D#B50C0801
(1786376597.579457) can0 33D#0000FFFFFFFFFFFF
(1786376597.599528) can0 39D#B60D0801
(1786376597.619504) can0 39D#B70E0801
(1786376597.659470) can0 39D#B80F0801
(1786376597.699473) can0 33D#0000FFFFFFFFFFFF
(1786376597.699868) can0 39D#A9000801
(1786376597.739383) can0 39D#AA010801
(1786376597.779338) can0 33D#0000FFFFFFFFFFFF
(1786376597.799546) can0 39D#AB020801
(1786376597.819454) can0 39D#AC030801
(1786376597.859376) can0 39D#AD040801
(1786376597.899472) can0 33D#0000FFFFFFFFFFFF
(1786376597.899867) can0 39D#AE050801
(1786376597.939341) can0 39D#AF060801
(1786376597.979406) can0 33D#0000FFFFFFFFFFFF
(1786376597.999639) can0 39D#B0070801
(1786376598.019400) can0 39D#B1080801
(1786376598.059423) can0 39D#B2090801
(1786376598.099390) can0 33D#0000FFFFFFFFFFFF
(1786376598.099790) can0 39D#B30A0801
(1786376598.139420) can0 39D#B40B0801
(1786376598.179489) can0 35D#0256555555555555
(1786376598.179902) can0 33D#0000FFFFFFFFFFFF
(1786376598.199569) can0 39D#B50C0801
(1786376598.219302) can0 39D#B60D0801
(1786376598.259380) can0 39D#B70E0801
(1786376598.299412) can0 33D#0000FFFFFFFFFFFF
(1786376598.299796) can0 39D#B80F0801
(1786376598.339476) can0 39D#A9000801
(1786376598.379543) can0 33D#0000FFFFFFFFFFFF
(1786376598.399479) can0 39D#AA010801
(1786376598.419428) can0 39D#AB020801
(1786376598.459397) can0 39D#AC030801
(1786376598.499340) can0 33D#0000FFFFFFFFFFFF
(1786376598.499658) can0 39D#AD040801
(1786376598.539378) can0 39D#AE050801
(1786376598.579402) can0 33D#0000FFFFFFFFFFFF
(1786376598.599582) can0 39D#AF060801
(1786376598.619498) can0 39D#B0070801
(1786376598.659423) can0 39D#B1080801
(1786376598.699402) can0 33D#0000FFFFFFFFFFFF
(1786376598.699739) can0 39D#B2090801
(1786376598.739434) can0 39D#B30A0801
(1786376598.779471) can0 33D#0000FFFFFFFFFFFF
(1786376598.799486) can0 39D#B40B0801
(1786376598.819521) can0 39D#B50C0801
(1786376598.859360) can0 39D#B60D0801
(1786376598.899352) can0 33D#0000FFFFFFFFFFFF
(1786376598.899711) can0 39D#B70E0801
(1786376598.939499) can0 39D#B80F0801
(1786376598.979370) can0 33D#0000FFFFFFFFFFFF
(1786376598.999480) can0 39D#A9000801
(1786376599.019312) can0 39D#AA010801
(1786376599.059328) can0 39D#AB020801
(1786376599.099385) can0 33D#0000FFFFFFFFFFFF
(1786376599.099755) can0 39D#AC030801
(1786376599.139390) can0 39D#AD040801
(1786376599.179256) can0 35D#0355555555555555
(1786376599.179562) can0 32D#0B00020101000000
(1786376599.179870) can0 33D#0000FFFFFFFFFFFF
(1786376599.199516) can0 39D#AE050801
(1786376599.219536) can0 39D#AF060801
(1786376599.259383) can0 39D#B0070801
(1786376599.299368) can0 33D#0000FFFFFFFFFFFF
(1786376599.299738) can0 39D#B1080801
(1786376599.339376) can0 39D#B2090801
(1786376599.379463) can0 33D#0000FFFFFFFFFFFF
(1786376599.399413) can0 39D#B30A0801
(1786376599.419390) can0 39D#B40B0801
(1786376599.459406) can0 39D#B50C0801
(1786376599.499279) can0 33D#0000FFFFFFFFFFFF
(1786376599.499599) can0 39D#B60D0801
(1786376599.539327) can0 39D#B70E0801
(1786376599.579407) can0 33D#0000FFFFFFFFFFFF
(1786376599.599503) can0 39D#B80F0801
(1786376599.619434) can0 39D#A9000801
(1786376599.659311) can0 39D#AA010801
(1786376599.699324) can0 33D#0000FFFFFFFFFFFF
(1786376599.699666) can0 39D#AB020801
(1786376599.739304) can0 39D#AC030801
(1786376599.779393) can0 33D#0000FFFFFFFFFFFF
(1786376599.799453) can0 39D#AD040801
(1786376599.819396) can0 39D#AE050801
(1786376599.859393) can0 39D#AF060801
(1786376599.899354) can0 33D#0000FFFFFFFFFFFF
(1786376599.899805) can0 39D#B0070801
(1786376599.939408) can0 39D#B1080801
(1786376599.979317) can0 33D#0000FFFFFFFFFFFF
(1786376599.999540) can0 39D#B2090801
(1786376600.019478) can0 39D#B30A0801
(1786376600.059410) can0 39D#B40B0801
(1786376600.099360) can0 33D#0000FFFFFFFFFFFF
(1786376600.099746) can0 39D#B50C0801
(1786376600.139349) can0 39D#B60D0801
(1786376600.179484) can0 35D#0455555555555555
(1786376600.179874) can0 33D#0000FFFFFFFFFFFF
(1786376600.199464) can0 39D#B70E0801
(1786376600.219311) can0 39D#B80F0801
(1786376600.259411) can0 39D#A9000801
(1786376600.299321) can0 33D#0000FFFFFFFFFFFF
(1786376600.299632) can0 39D#AA010801
(1786376600.339368) can0 39D#AB020801
(1786376600.379533) can0 33D#0000FFFFFFFFFFFF
(1786376600.399446) can0 39D#AC030801
(1786376600.419436) can0 39D#AD040801
(1786376600.459408) can0 39D#AE050801
(1786376600.499382) can0 33D#0000FFFFFFFFFFFF
(1786376600.499739) can0 39D#AF060801
(1786376600.539436) can0 39D#B0070801
(1786376600.579442) can0 33D#0000FFFFFFFFFFFF
(1786376600.599443) can0 39D#B1080801
(1786376600.619377) can0 39D#B2090801
(1786376600.659371) can0 39D#B30A0801
(1786376600.699319) can0 33D#0000FFFFFFFFFFFF
(1786376600.699637) can0 39D#B40B0801
(1786376600.739326) can0 39D#B50C0801
(1786376600.779449) can0 33D#0000FFFFFFFFFFFF
(1786376600.799554) can0 39D#B60D0801
(1786376600.819361) can0 39D#B70E0801
(1786376600.859403) can0 39D#B80F0801
(1786376600.899260) can0 33D#0000FFFFFFFFFFFF
(1786376600.899546) can0 39D#A9000801
(1786376600.939372) can0 39D#AA010801
(1786376600.979332) can0 33D#0000FFFFFFFFFFFF
(1786376600.999421) can0 39D#AB020801
(1786376601.019491) can0 39D#AC030801
(1786376601.059351) can0 39D#AD040801
(1786376601.099407) can0 33D#0000FFFFFFFFFFFF
(1786376601.099750) can0 39D#AE050801
(1786376601.139328) can0 39D#AF060801
(1786376601.179313) can0 35D#0555555555555555
(1786376601.179667) can0 32D#0D0000008D792021
(1786376601.179978) can0 33D#0000FFFFFFFFFFFF
(1786376601.199460) can0 39D#B0070801
(1786376601.219358) can0 39D#B1080801
(1786376601.259385) can0 39D#B2090801
(1786376601.299306) can0 33D#0000FFFFFFFFFFFF
(1786376601.299643) can0 39D#B30A0801
(1786376601.339302) can0 39D#B40B0801
(1786376601.379481) can0 33D#0000FFFFFFFFFFFF
(1786376601.399503) can0 39D#B50C0801
(1786376601.419335) can0 39D#B60D0801
(1786376601.459366) can0 39D#B70E0801
(1786376601.499333) can0 33D#0000FFFFFFFFFFFF
(1786376601.499571) can0 39D#B80F0801
(1786376601.539395) can0 39D#A9000801
(1786376601.579408) can0 33D#0000FFFFFFFFFFFF
(1786376601.599499) can0 39D#AA010801
(1786376601.619410) can0 39D#AB020801
(1786376601.659363) can0 39D#AC030801
(1786376601.699351) can0 33D#0000FFFFFFFFFFFF
(1786376601.699705) can0 39D#AD040801
(1786376601.739355) can0 39D#AE050801
(1786376601.779371) can0 33D#0000FFFFFFFFFFFF
(1786376601.799444) can0 39D#AF060801
(1786376601.819322) can0 39D#B0070801
(1786376601.859344) can0 39D#B1080801
(1786376601.899388) can0 33D#0000FFFFFFFFFFFF
(1786376601.899746) can0 39D#B2090801
(1786376601.939280) can0 39D#B30A0801
(1786376601.979277) can0 33D#0000FFFFFFFFFFFF
(1786376601.999523) can0 39D#B40B0801
(1786376602.019382) can0 39D#B50C0801
(1786376602.059291) can0 39D#B60D0801
(1786376602.099325) can0 33D#0000FFFFFFFFFFFF
(1786376602.099658) can0 39D#B70E0801
(1786376602.139256) can0 39D#B80F0801
(1786376602.179487) can0 35D#0655556555555559
(1786376602.179888) can0 33D#0000FFFFFFFFFFFF
(1786376602.199384) can0 39D#A9000801
(1786376602.219307) can0 39D#AA010801
(1786376602.259359) can0 39D#AB020801
(1786376602.299434) can0 33D#0000FFFFFFFFFFFF
(1786376602.299738) can0 39D#AC030801
(1786376602.339268) can0 39D#AD040801
(1786376602.379343) can0 33D#0000FFFFFFFFFFFF
(1786376602.399536) can0 39D#AE050801
(1786376602.419416) can0 39D#AF060801
(1786376602.459376) can0 39D#B0070801
(1786376602.499234) can0 33D#0000FFFFFFFFFFFF
(1786376602.499579) can0 39D#B1080801
(1786376602.539252) can0 39D#B2090801
(1786376602.579286) can0 33D#0000FFFFFFFFFFFF
(1786376602.599467) can0 39D#B30A0801
(1786376602.619237) can0 39D#B40B0801
(1786376602.659382) can0 39D#B50C0801
(1786376602.699328) can0 33D#0000FFFFFFFFFFFF
(1786376602.699723) can0 39D#B60D0801
(1786376602.739302) can0 39D#B70E0801
(1786376602.779429) can0 33D#0000FFFFFFFFFFFF
(1786376602.799411) can0 39D#B80F0801
(1786376602.819413) can0 39D#A9000801
(1786376602.859346) can0 39D#AA010801
(1786376602.899358) can0 33D#0000FFFFFFFFFFFF
(1786376602.899821) can0 39D#AB020801
(1786376602.939251) can0 39D#AC030801
(1786376602.979361) can0 33D#0000FFFFFFFFFFFF
(1786376602.999393) can0 39D#AD040801
(1786376603.019291) can0 39D#AE050801
(1786376603.059326) can0 39D#AF060801
(1786376603.099269) can0 33D#0000FFFFFFFFFFFF
(1786376603.099553) can0 39D#B0070801
(1786376603.139339) can0 39D#B1080801
(1786376603.179362) can0 35D#07555595552A0000
(1786376603.179730) can0 32D#1405000060FCB070
(1786376603.180058) can0 33D#0000FFFFFFFFFFFF
(1786376603.199359) can0 39D#B2090801
(1786376603.219280) can0 39D#B30A0801
(1786376603.259339) can0 39D#B40B0801
(1786376603.299356) can0 33D#0000FFFFFFFFFFFF
(1786376603.299778) can0 39D#B50C0801
(1786376603.339349) can0 39D#B60D0801
(1786376603.379335) can0 33D#0000FFFFFFFFFFFF
(1786376603.399432) can0 39D#B70E0801
(1786376603.419343) can0 39D#B80F0801
(1786376603.459283) can0 39D#A9000801
(1786376603.499297) can0 33D#0000FFFFFFFFFFFF
(1786376603.499671) can0 39D#AA010801
(1786376603.539291) can0 39D#AB020801
(1786376603.579419) can0 33D#0000FFFFFFFFFFFF
(1786376603.599426) can0 39D#AC030801
(1786376603.619299) can0 39D#AD040801
(1786376603.659283) can0 39D#AE050801
(1786376603.699273) can0 33D#0000FFFFFFFFFFFF
(1786376603.699562) can0 39D#AF060801
(1786376603.739225) can0 39D#B0070801
(1786376603.779274) can0 33D#0000FFFFFFFFFFFF
(1786376603.799337) can0 39D#B1080801
(1786376603.819367) can0 39D#B2090801
(1786376603.859246) can0 39D#B30A0801
(1786376603.899344) can0 33D#0000FFFFFFFFFFFF
(1786376603.899728) can0 39D#B40B0801
(1786376603.939312) can0 39D#B50C0801
(1786376603.979345) can0 33D#0000FFFFFFFFFFFF
(1786376603.999367) can0 39D#B60D0801
(1786376604.019319) can0 39D#B70E0801
(1786376604.059287) can0 39D#B80F0801
(1786376604.099326) can0 33D#0000FFFFFFFFFFFF
(1786376604.099678) can0 39D#A9000801
(1786376604.139304) can0 39D#AA010801
(1786376604.179316) can0 35D#0055555555555555
(1786376604.179684) can0 33D#0000FFFFFFFFFFFF
(1786376604.199454) can0 39D#AB020801
(1786376604.219353) can0 39D#AC030801
(1786376604.259379) can0 39D#AD040801
(1786376604.299281) can0 33D#0000FFFFFFFFFFFF
(1786376604.299736) can0 39D#AE050801
(1786376604.339333) can0 39D#AF060801
(1786376604.379265) can0 33D#0000FFFFFFFFFFFF
(1786376604.399450) can0 39D#B0070801
(1786376604.419382) can0 39D#B1080801
(1786376604.459330) can0 39D#B2090801
(1786376604.499357) can0 33D#0000FFFFFFFFFFFF
(1786376604.499677) can0 39D#B30A0801
(1786376604.539352) can0 39D#B40B0801
(1786376604.579359) can0 33D#0000FFFFFFFFFFFF
(1786376604.599418) can0 39D#B50C0801
(1786376604.619353) can0 39D#B60D0801
(1786376604.659206) can0 39D#B70E0801
(1786376604.699205) can0 33D#0000FFFFFFFFFFFF
(1786376604.699455) can0 39D#B80F0801
(1786376604.739268) can0 39D#A9000801
(1786376604.779349) can0 33D#0000FFFFFFFFFFFF
(1786376604.799404) can0 39D#AA010801
(1786376604.819280) can0 39D#AB020801
(1786376604.859257) can0 39D#AC030801
(1786376604.899268) can0 33D#0000FFFFFFFFFFFF
(1786376604.899568) can0 39D#AD040801
(1786376604.939222) can0 39D#AE050801
(1786376604.979212) can0 33D#0000FFFFFFFFFFFF
(1786376604.999366) can0 39D#AF060801
(1786376605.019287) can0 39D#B0070801
(1786376605.059305) can0 39D#B1080801
(1786376605.099238) can0 33D#0000FFFFFFFFFFFF
(1786376605.099590) can0 39D#B2090801
(1786376605.139265) can0 39D#B30A0801
(1786376605.179313) can0 35D#0155555555555555
(1786376605.179637) can0 32D#16000000E4ACA32F
(1786376605.179903) can0 33D#0000FFFFFFFFFFFF
(1786376605.199320) can0 39D#B40B0801
(1786376605.219340) can0 39D#B50C0801
(1786376605.259283) can0 39D#B60D0801
(1786376605.299285) can0 33D#0000FFFFFFFFFFFF
(1786376605.299645) can0 39D#B70E0801
(1786376605.339291) can0 39D#B80F0801
(1786376605.379510) can0 33D#0000FFFFFFFFFFFF
(1786376605.399421) can0 39D#A9000801
(1786376605.419175) can0 39D#AA010801
(1786376605.459285) can0 39D#AB020801
(1786376605.499327) can0 33D#0000FFFFFFFFFFFF
(1786376605.499632) can0 39D#AC030801
(1786376605.539204) can0 39D#AD040801
(1786376605.579243) can0 33D#0000FFFFFFFFFFFF
(1786376605.599296) can0 39D#AE050801
(1786376605.619231) can0 39D#AF060801
(1786376605.659306) can0 39D#B0070801
(1786376605.699206) can0 33D#0000FFFFFFFFFFFF
(1786376605.699619) can0 39D#B1080801
(1786376605.739262) can0 39D#B2090801
(1786376605.779241) can0 33D#0000FFFFFFFFFFFF
(1786376605.799393) can0 39D#B30A0801
(1786376605.819330) can0 39D#B40B0801
(1786376605.859233) can0 39D#B50C0801
(1786376605.899183) can0 33D#0000FFFFFFFFFFFF
(1786376605.899524) can0 39D#B60D0801
(1786376605.939166) can0 39D#B70E0801
(1786376605.979247) can0 33D#0000FFFFFFFFFFFF
(1786376605.999307) can0 39D#B80F0801
(1786376606.019256) can0 39D#A9000801
(1786376606.059137) can0 39D#AA010801
(1786376606.099344) can0 33D#0000FFFFFFFFFFFF
(1786376606.099750) can0 39D#AB020801
(1786376606.139270) can0 39D#AC030801
(1786376606.179353) can0 35D#0256555555555555
(1786376606.179720) can0 33D#0000FFFFFFFFFFFF
(1786376606.199377) can0 39D#AD040801
(1786376606.219372) can0 39D#AE050801
(1786376606.259207) can0 39D#AF060801
(1786376606.299298) can0 33D#0000FFFFFFFFFFFF
(1786376606.299648) can0 39D#B0070801
(1786376606.339244) can0 39D#B1080801
(1786376606.379219) can0 33D#0000FFFFFFFFFFFF
(1786376606.399458) can0 39D#B2090801
(1786376606.419339) can0 39D#B30A0801
(1786376606.459188) can0 39D#B40B0801
(1786376606.499229) can0 33D#0000FFFFFFFFFFFF
(1786376606.499562) can0 39D#B50C0801
(1786376606.539180) can0 39D#B60D0801
(1786376606.579271) can0 33D#0000FFFFFFFFFFFF
(1786376606.599416) can0 39D#B70E0801
(1786376606.619281) can0 39D#B80F0801
(1786376606.659271) can0 39D#A9000801
(1786376606.699340) can0 33D#0000FFFFFFFFFFFF
(1786376606.699757) can0 39D#AA010801
(1786376606.739249) can0 39D#AB020801
(1786376606.779455) can0 33D#0000FFFFFFFFFFFF
(1786376606.799443) can0 39D#AC030801
(1786376606.819277) can0 39D#AD040801
(1786376606.859213) can0 39D#AE050801
(1786376606.899288) can0 33D#0000FFFFFFFFFFFF
(1786376606.899718) can0 39D#AF060801
(1786376606.939248) can0 39D#B0070801
(1786376606.979380) can0 33D#0000FFFFFFFFFFFF
(1786376606.999374) can0 39D#B1080801
(1786376607.019223) can0 39D#B2090801
(1786376607.059245) can0 39D#B30A0801
(1786376607.099139) can0 33D#0000FFFFFFFFFFFF
(1786376607.099413) can0 39D#B40B0801
(1786376607.139215) can0 39D#B50C0801
(1786376607.179234) can0 35D#0355555555555555
(1786376607.179655) can0 32D#0A01000000007000
(1786376607.180027) can0 33D#0000FFFFFFFFFFFF
(1786376607.199327) can0 39D#B60D0801
(1786376607.219209) can0 39D#B70E0801
(1786376607.259271) can0 39D#B80F0801
(1786376607.299184) can0 33D#0000FFFFFFFFFFFF
(1786376607.299565) can0 39D#A9000801
(1786376607.339277) can0 39D#AA010801
(1786376607.379212) can0 33D#0000FFFFFFFFFFFF
(1786376607.399323) can0 39D#AB020801
(1786376607.419404) can0 39D#AC030801
(1786376607.459223) can0 39D#AD040801
(1786376607.499183) can0 33D#0000FFFFFFFFFFFF
(1786376607.499538) can0 39D#AE050801
(1786376607.539189) can0 39D#AF060801
(1786376607.579278) can0 33D#0000FFFFFFFFFFFF
(1786376607.599315) can0 39D#B0070801
(1786376607.619209) can0 39D#B1080801
(1786376607.659187) can0 39D#B2090801
(1786376607.699247) can0 33D#0000FFFFFFFFFFFF
(1786376607.699739) can0 39D#B30A0801
(1786376607.739279) can0 39D#B40B0801
(1786376607.779084) can0 33D#0000FFFFFFFFFFFF
(1786376607.799431) can0 39D#B50C0801
(1786376607.819306) can0 39D#B60D0801
(1786376607.859251) can0 39D#B70E0801
(1786376607.899172) can0 33D#0000FFFFFFFFFFFF
(1786376607.899457) can0 39D#B80F0801
(1786376607.939190) can0 39D#A9000801
(1786376607.979240) can0 33D#0000FFFFFFFFFFFF
(1786376607.999240) can0 39D#AA010801
(1786376608.019118) can0 39D#AB020801
(1786376608.059244) can0 39D#AC030801
(1786376608.099236) can0 33D#0000FFFFFFFFFFFF
(1786376608.099654) can0 39D#AD040801
(1786376608.139210) can0 39D#AE050801
(1786376608.179217) can0 35D#0455555555555555
(1786376608.179571) can0 33D#0000FFFFFFFFFFFF
(1786376608.199444) can0 39D#AF060801
(1786376608.219221) can0 39D#B0070801
(1786376608.259202) can0 39D#B1080801
(1786376608.299146) can0 33D#0000FFFFFFFFFFFF
(1786376608.299487) can0 39D#B2090801
(1786376608.339189) can0 39D#B30A0801
(1786376608.379287) can0 33D#0000FFFFFFFFFFFF
(1786376608.399270) can0 39D#B40B0801
(1786376608.419253) can0 39D#B50C0801
(1786376608.459313) can0 39D#B60D0801
(1786376608.499331) can0 33D#0000FFFFFFFFFFFF
(1786376608.499636) can0 39D#B70E0801
(1786376608.539195) can0 39D#B80F0801
(1786376608.579193) can0 33D#0000FFFFFFFFFFFF
(1786376608.599247) can0 39D#A9000801
(1786376608.619158) can0 39D#AA010801
(1786376608.659269) can0 39D#AB020801
(1786376608.699200) can0 33D#0000FFFFFFFFFFFF
(1786376608.699559) can0 39D#AC030801
(1786376608.739184) can0 39D#AD040801
(1786376608.779234) can0 33D#0000FFFFFFFFFFFF
(1786376608.799331) can0 39D#AE050801
(1786376608.819257) can0 39D#AF060801
(1786376608.859105) can0 39D#B0070801
(1786376608.899178) can0 33D#0000FFFFFFFFFFFF
(1786376608.899536) can0 39D#B1080801
(1786376608.939160) can0 39D#B2090801
(1786376608.979191) can0 33D#0000FFFFFFFFFFFF
(1786376608.999269) can0 39D#B30A0801
(1786376609.019197) can0 39D#B40B0801
(1786376609.059126) can0 39D#B50C0801
(1786376609.099205) can0 33D#0000FFFFFFFFFFFF
(1786376609.099460) can0 39D#B60D0801
(1786376609.139283) can0 39D#B70E0801
(1786376609.179247) can0 35D#0555555555555555
(1786376609.179656) can0 32D#0B00020101000000
(1786376609.179996) can0 33D#0000FFFFFFFFFFFF
(1786376609.199286) can0 39D#B80F0801
(1786376609.219146) can0 39D#A9000801
(1786376609.259171) can0 39D#AA010801
(1786376609.299074) can0 33D#0000FFFFFFFFFFFF
(1786376609.299315) can0 39D#AB020801
(1786376609.339184) can0 39D#AC030801
(1786376609.379171) can0 33D#0000FFFFFFFFFFFF
(1786376609.399330) can0 39D#AD040801
(1786376609.419207) can0 39D#AE050801
(1786376609.459182) can0 39D#AF060801
(1786376609.499166) can0 33D#0000FFFFFFFFFFFF
(1786376609.499504) can0 39D#B0070801
(1786376609.539199) can0 39D#B1080801
(1786376609.579293) can0 33D#0000FFFFFFFFFFFF
(1786376609.599269) can0 39D#B2090801
(1786376609.619259) can0 39D#B30A0801
(1786376609.659132) can0 39D#B40B0801
(1786376609.699355) can0 33D#0000FFFFFFFFFFFF
(1786376609.699742) can0 39D#B50C0801
(1786376609.739180) can0 39D#B60D0801
(1786376609.779402) can0 33D#0000FFFFFFFFFFFF
(1786376609.799272) can0 39D#B70E0801
(1786376609.819321) can0 39D#B80F0801
(1786376609.859261) can0 39D#A9000801
(1786376609.899173) can0 33D#0000FFFFFFFFFFFF
(1786376609.899505) can0 39D#AA010801
(1786376609.939134) can0 39D#AB020801
(1786376609.979101) can0 33D#0000FFFFFFFFFFFF
(1786376609.999292) can0 39D#AC030801
(1786376610.019220) can0 39D#AD040801
(1786376610.059177) can0 39D#AE050801
(1786376610.099234) can0 33D#0000FFFFFFFFFFFF
(1786376610.099587) can0 39D#AF060801
(1786376610.139246) can0 39D#B0070801
(1786376610.179319) can0 35D#0655556555555559
(1786376610.179755) can0 33D#0000FFFFFFFFFFFF
(1786376610.199272) can0 39D#B1080801
(1786376610.219280) can0 39D#B2090801
(1786376610.259200) can0 39D#B30A0801
(1786376610.299027) can0 33D#0000FFFFFFFFFFFF
(1786376610.299244) can0 39D#B40B0801
(1786376610.339155) can0 39D#B50C0801
(1786376610.379431) can0 33D#0000FFFFFFFFFFFF
(1786376610.399299) can0 39D#B60D0801
(1786376610.419225) can0 39D#B70E0801
(1786376610.459118) can0 39D#B80F0801
(1786376610.499112) can0 33D#0000FFFFFFFFFFFF
(1786376610.499381) can0 39D#A9000801
(1786376610.539103) can0 39D#AA010801
(1786376610.579206) can0 33D#0000FFFFFFFFFFFF
(1786376610.599277) can0 39D#AB020801
(1786376610.619300) can0 39D#AC030801
(1786376610.659184) can0 39D#AD040801
(1786376610.699135) can0 33D#0000FFFFFFFFFFFF
(1786376610.699398) can0 39D#AE050801
(1786376610.739053) can0 39D#AF060801
(1786376610.779207) can0 33D#0000FFFFFFFFFFFF
(1786376610.799278) can0 39D#B0070801
(1786376610.819233) can0 39D#B1080801
(1786376610.859249) can0 39D#B2090801
(1786376610.899114) can0 33D#0000FFFFFFFFFFFF
(1786376610.899379) can0 39D#B30A0801
(1786376610.939094) can0 39D#B40B0801
(1786376610.979268) can0 33D#0000FFFFFFFFFFFF
(1786376610.999331) can0 39D#B50C0801
(1786376611.019170) can0 39D#B60D0801
(1786376611.059231) can0 39D#B70E0801
(1786376611.099149) can0 33D#0000FFFFFFFFFFFF
(1786376611.099466) can0 39D#B80F0801
(1786376611.139204) can0 39D#A9000801
(1786376611.179270) can0 35D#07555595552A0000
(1786376611.179571) can0 32D#0D0000008D792021
(1786376611.179880) can0 33D#0000FFFFFFFFFFFF
(1786376611.199270) can0 39D#AA010801
(1786376611.219116) can0 39D#AB020801
(1786376611.259234) can0 39D#AC030801
(1786376611.299110) can0 33D#0000FFFFFFFFFFFF
(1786376611.299430) can0 39D#AD040801
(1786376611.339149) can0 39D#AE050801
(1786376611.379343) can0 33D#0000FFFFFFFFFFFF
(1786376611.399205) can0 39D#AF060801
(1786376611.419313) can0 39D#B0070801
(1786376611.459199) can0 39D#B1080801
(1786376611.499205) can0 33D#0000FFFFFFFFFFFF
(1786376611.499670) can0 39D#B2090801
(1786376611.539095) can0 39D#B30A0801
(1786376611.579060) can0 33D#0000FFFFFFFFFFFF
(1786376611.599236) can0 39D#B40B0801
(1786376611.619222) can0 39D#B50C0801
(1786376611.659168) can0 39D#B60D0801
(1786376611.699092) can0 33D#0000FFFFFFFFFFFF
(1786376611.699414) can0 39D#B70E0801
(1786376611.739158) can0 39D#B80F0801
(1786376611.779185) can0 33D#0000FFFFFFFFFFFF
(1786376611.799162) can0 39D#A9000801
(1786376611.819277) can0 39D#AA010801
(1786376611.859183) can0 39D#AB020801
(1786376611.899183) can0 33D#0000FFFFFFFFFFFF
(1786376611.899495) can0 39D#AC030801
(1786376611.939215) can0 39D#AD040801
(1786376611.979112) can0 33D#0000FFFFFFFFFFFF
(1786376611.999290) can0 39D#AE050801
(1786376612.019120) can0 39D#AF060801
(1786376612.059184) can0 39D#B0070801
(1786376612.099212) can0 33D#0000FFFFFFFFFFFF
(1786376612.099573) can0 39D#B1080801
(1786376612.139148) can0 39D#B2090801
(1786376612.179154) can0 35D#0055555555555555
(1786376612.179536) can0 33D#0000FFFFFFFFFFFF
(1786376612.199254) can0 39D#B30A0801
(1786376612.219186) can0 39D#B40B0801
(1786376612.259115) can0 39D#B50C0801
(1786376612.299111) can0 33D#0000FFFFFFFFFFFF
(1786376612.299531) can0 39D#B60D0801
(1786376612.339116) can0 39D#B70E0801
(1786376612.379154) can0 33D#0000FFFFFFFFFFFF
(1786376612.399147) can0 39D#B80F0801
(1786376612.419306) can0 39D#A9000801
(1786376612.459149) can0 39D#AA010801
(1786376612.499149) can0 33D#0000FFFFFFFFFFFF
(1786376612.499531) can0 39D#AB020801
(1786376612.539159) can0 39D#AC030801
(1786376612.579227) can0 33D#0000FFFFFFFFFFFF
(1786376612.599158) can0 39D#AD040801
(1786376612.619136) can0 39D#AE050801
(1786376612.659065) can0 39D#AF060801
(1786376612.699116) can0 33D#0000FFFFFFFFFFFF
(1786376612.699516) can0 39D#B0070801
(1786376612.739137) can0 39D#B1080801
(1786376612.779108) can0 33D#0000FFFFFFFFFFFF
(1786376612.799250) can0 39D#B2090801
(1786376612.819055) can0 39D#B30A0801
(1786376612.859132) can0 39D#B40B0801
(1786376612.899051) can0 33D#0000FFFFFFFFFFFF
(1786376612.899329) can0 39D#B50C0801
(1786376612.939019) can0 39D#B60D0801
(1786376612.979192) can0 33D#0000FFFFFFFFFFFF
(1786376612.999224) can0 39D#B70E0801
(1786376613.019111) can0 39D#B80F0801
(1786376613.059157) can0 39D#A9000801
(1786376613.099267) can0 33D#0000FFFFFFFFFFFF
(1786376613.099714) can0 39D#AA010801
(1786376613.139112) can0 39D#AB020801
(1786376613.179158) can0 35D#0155555555555555
(1786376613.179553) can0 32D#1405000060FCB070
(1786376613.179884) can0 33D#0000FFFFFFFFFFFF
(1786376613.199224) can0 39D#AC030801
(1786376613.219125) can0 39D#AD040801
(1786376613.259055) can0 39D#AE050801
(1786376613.299058) can0 33D#0000FFFFFFFFFFFF
(1786376613.299333) can0 39D#AF060801
(1786376613.339051) can0 39D#B0070801
(1786376613.379186) can0 33D#0000FFFFFFFFFFFF
(1786376613.399235) can0 39D#B1080801
(1786376613.419161) can0 39D#B2090801
(1786376613.459141) can0 39D#B30A0801
(1786376613.499033) can0 33D#0000FFFFFFFFFFFF
(1786376613.499376) can0 39D#B40B0801
(1786376613.539147) can0 39D#B50C0801
(1786376613.579237) can0 33D#0000FFFFFFFFFFFF
(1786376613.599156) can0 39D#B60D0801
(1786376613.619144) can0 39D#B70E0801
(1786376613.659154) can0 39D#B80F0801
(1786376613.699051) can0 33D#0000FFFFFFFFFFFF
(1786376613.699411) can0 39D#A9000801
(1786376613.739119) can0 39D#AA010801
(1786376613.779256) can0 33D#0000FFFFFFFFFFFF
(1786376613.799268) can0 39D#AB020801
(1786376613.819063) can0 39D#AC030801
(1786376613.859122) can0 39D#AD040801
(1786376613.899097) can0 33D#0000FFFFFFFFFFFF
(1786376613.899445) can0 39D#AE050801
(1786376613.939114) can0 39D#AF060801
(1786376613.979080) can0 33D#0000FFFFFFFFFFFF
(1786376613.999240) can0 39D#B0070801
(1786376614.019218) can0 39D#B1080801
(1786376614.059113) can0 39D#B2090801
(1786376614.099048) can0 33D#0000FFFFFFFFFFFF
(1786376614.099287) can0 39D#B30A0801
(1786376614.139175) can0 39D#B40B0801
(1786376614.179159) can0 35D#0256555555555555
(1786376614.179542) can0 33D#0000FFFFFFFFFFFF
(1786376614.199161) can0 39D#B50C0801
(1786376614.219185) can0 39D#B60D0801
(1786376614.259075) can0 39D#B70E0801
(1786376614.299097) can0 33D#0000FFFFFFFFFFFF
(1786376614.299596) can0 39D#B80F0801
(1786376614.339264) can0 39D#A9000801
(1786376614.379204) can0 33D#0000FFFFFFFFFFFF
(1786376614.399184) can0 39D#AA010801
(1786376614.419127) can0 39D#AB020801
(1786376614.459057) can0 39D#AC030801
(1786376614.499060) can0 33D#0000FFFFFFFFFFFF
(1786376614.499416) can0 39D#AD040801
(1786376614.539068) can0 39D#AE050801
(1786376614.579129) can0 33D#0000FFFFFFFFFFFF
(1786376614.599197) can0 39D#AF060801
(1786376614.619105) can0 39D#B0070801
(1786376614.659071) can0 39D#B1080801
(1786376614.699144) can0 33D#0000FFFFFFFFFFFF
(1786376614.699534) can0 39D#B2090801
(1786376614.739156) can0 39D#B30A0801
(1786376614.779194) can0 33D#0000FFFFFFFFFFFF
(1786376614.799187) can0 39D#B40B0801
(1786376614.819162) can0 39D#B50C0801
(1786376614.859124) can0 39D#B60D0801
(1786376614.899082) can0 33D#0000FFFFFFFFFFFF
(1786376614.899388) can0 39D#B70E0801
(1786376614.939157) can0 39D#B80F0801
(1786376614.979098) can0 33D#0000FFFFFFFFFFFF
(1786376614.999272) can0 39D#A9000801
(1786376615.019147) can0 39D#AA010801
(1786376615.059044) can0 39D#AB020801
(1786376615.099012) can0 33D#0000FFFFFFFFFFFF
(1786376615.099388) can0 39D#AC030801
(1786376615.139085) can0 39D#AD040801
(1786376615.179120) can0 35D#0355555555555555
(1786376615.179507) can0 32D#16000000E4ACA32F
(1786376615.179839) can0 33D#0000FFFFFFFFFFFF
(1786376615.199159) can0 39D#AE050801
(1786376615.219073) can0 39D#AF060801
(1786376615.259096) can0 39D#B0070801
(1786376615.299045) can0 33D#0000FFFFFFFFFFFF
(1786376615.299320) can0 39D#B1080801
(1786376615.339118) can0 39D#B2090801
(1786376615.379147) can0 33D#0000FFFFFFFFFFFF
(1786376615.399197) can0 39D#B30A0801
(1786376615.419195) can0 39D#B40B0801
(1786376615.459047) can0 39D#B50C0801
(1786376615.499175) can0 33D#0000FFFFFFFFFFFF
(1786376615.499498) can0 39D#B60D0801
(1786376615.539162) can0 39D#B70E0801
(1786376615.579085) can0 33D#0000FFFFFFFFFFFF
(1786376615.599236) can0 39D#B80F0801
(1786376615.619334) can0 39D#A9000801
(1786376615.659162) can0 39D#AA010801
(1786376615.698985) can0 33D#0000FFFFFFFFFFFF
(1786376615.699285) can0 39D#AB020801
(1786376615.739048) can0 39D#AC030801
(1786376615.779059) can0 33D#0000FFFFFFFFFFFF
(1786376615.799192) can0 39D#AD040801
(1786376615.819139) can0 39D#AE050801
(1786376615.859092) can0 39D#AF060801
(1786376615.899054) can0 33D#0000FFFFFFFFFFFF
(1786376615.899392) can0 39D#B0070801
(1786376615.939065) can0 39D#B1080801
(1786376615.979101) can0 33D#0000FFFFFFFFFFFF
(1786376615.999242) can0 39D#B2090801
(1786376616.019194) can0 39D#B30A0801
(1786376616.059059) can0 39D#B40B0801
(1786376616.099014) can0 33D#0000FFFFFFFFFFFF
(1786376616.099281) can0 39D#B50C0801
(1786376616.139095) can0 39D#B60D0801
(1786376616.179001) can0 35D#0455555555555555
(1786376616.179275) can0 33D#0000FFFFFFFFFFFF
(1786376616.199216) can0 39D#B70E0801
(1786376616.219085) can0 39D#B80F0801
(1786376616.259125) can0 39D#A9000801
(1786376616.299035) can0 33D#0000FFFFFFFFFFFF
(1786376616.299492) can0 39D#AA010801
(1786376616.339112) can0 39D#AB020801
(1786376616.379044) can0 33D#0000FFFFFFFFFFFF
(1786376616.399205) can0 39D#AC030801
(1786376616.419181) can0 39D#AD040801
(1786376616.459068) can0 39D#AE050801
(1786376616.499094) can0 33D#0000FFFFFFFFFFFF
(1786376616.499505) can0 39D#AF060801
(1786376616.539111) can0 39D#B0070801
(1786376616.579283) can0 33D#0000FFFFFFFFFFFF
(1786376616.599202) can0 39D#B1080801
(1786376616.619142) can0 39D#B2090801
(1786376616.659158) can0 39D#B30A0801
(1786376616.699082) can0 33D#0000FFFFFFFFFFFF
(1786376616.699370) can0 39D#B40B0801
(1786376616.739083) can0 39D#B50C0801
(1786376616.779143) can0 33D#0000FFFFFFFFFFFF
(1786376616.799159) can0 39D#B60D0801
(1786376616.819114) can0 39D#B70E0801
(1786376616.859066) can0 39D#B80F0801
(1786376616.899019) can0 33D#0000FFFFFFFFFFFF
(1786376616.899383) can0 39D#A9000801
(1786376616.939055) can0 39D#AA010801
(1786376616.979051) can0 33D#0000FFFFFFFFFFFF
(1786376616.999202) can0 39D#AB020801
(1786376617.019237) can0 39D#AC030801
(1786376617.059064) can0 39D#AD040801
(1786376617.099040) can0 33D#0000FFFFFFFFFFFF
(1786376617.099465) can0 39D#AE050801
(1786376617.139060) can0 39D#AF060801
(1786376617.179110) can0 35D#0555555555555555
(1786376617.179513) can0 32D#0A01000000007000
(1786376617.179858) can0 33D#0000FFFFFFFFFFFF
(1786376617.199190) can0 39D#B0070801
(1786376617.219107) can0 39D#B1080801
(1786376617.259051) can0 39D#B2090801
(1786376617.299065) can0 33D#0000FFFFFFFFFFFF
(1786376617.299466) can0 39D#B30A0801
(1786376617.339051) can0 39D#B40B0801
(1786376617.379069) can0 33D#0000FFFFFFFFFFFF
(1786376617.399213) can0 39D#B50C0801
(1786376617.419051) can0 39D#B60D0801
(1786376617.459012) can0 39D#B70E0801
(1786376617.499074) can0 33D#0000FFFFFFFFFFFF
(1786376617.499452) can0 39D#B80F0801
(1786376617.539066) can0 39D#A9000801
(1786376617.579169) can0 33D#0000FFFFFFFFFFFF
(1786376617.599138) can0 39D#AA010801
(1786376617.619042) can0 39D#AB020801
(1786376617.659008) can0 39D#AC030801
(1786376617.699079) can0 33D#0000FFFFFFFFFFFF
(1786376617.699376) can0 39D#AD040801
(1786376617.739146) can0 39D#AE050801
(1786376617.779083) can0 33D#0000FFFFFFFFFFFF
(1786376617.799076) can0 39D#AF060801
(1786376617.818995) can0 39D#B0070801
(1786376617.859086) can0 39D#B1080801
(1786376617.898977) can0 33D#0000FFFFFFFFFFFF
(1786376617.899334) can0 39D#B2090801
(1786376617.939010) can0 39D#B30A0801
(1786376617.979133) can0 33D#0000FFFFFFFFFFFF
(1786376617.999154) can0 39D#B40B0801
(1786376618.019042) can0 39D#B50C0801
(1786376618.059001) can0 39D#B60D0801
(1786376618.098912) can0 33D#0000FFFFFFFFFFFF
(1786376618.099214) can0 39D#B70E0801
(1786376618.139055) can0 39D#B80F0801
(1786376618.179106) can0 35D#0655556555555559
(1786376618.179485) can0 33D#0000FFFFFFFFFFFF
(1786376618.199193) can0 39D#A9000801
(1786376618.219072) can0 39D#AA010801
(1786376618.259013) can0 39D#AB020801
(1786376618.299119) can0 33D#0000FFFFFFFFFFFF
(1786376618.299549) can0 39D#AC030801
(1786376618.339049) can0 39D#AD040801
(1786376618.379013) can0 33D#0000FFFFFFFFFFFF
(1786376618.399122) can0 39D#AE050801
(1786376618.419069) can0 39D#AF060801
(1786376618.459078) can0 39D#B0070801
(1786376618.498989) can0 33D#0000FFFFFFFFFFFF
(1786376618.499297) can0 39D#B1080801
(1786376618.539038) can0 39D#B2090801
(1786376618.579094) can0 33D#0000FFFFFFFFFFFF
(1786376618.599155) can0 39D#B30A0801
(1786376618.619107) can0 39D#B40B0801
(1786376618.659005) can0 39D#B50C0801
(1786376618.699029) can0 33D#0000FFFFFFFFFFFF
(1786376618.699423) can0 39D#B60D0801
(1786376618.739060) can0 39D#B70E0801
(1786376618.779193) can0 33D#0000FFFFFFFFFFFF
(1786376618.799054) can0 39D#B80F0801
(1786376618.819118) can0 39D#A9000801
(1786376618.859070) can0 39D#AA010801
(1786376618.899024) can0 33D#0000FFFFFFFFFFFF
(1786376618.899313) can0 39D#AB020801
(1786376618.939078) can0 39D#AC030801
(1786376618.979096) can0 33D#0000FFFFFFFFFFFF
(1786376618.999154) can0 39D#AD040801
(1786376619.019124) can0 39D#AE050801
(1786376619.058926) can0 39D#AF060801
(1786376619.098970) can0 33D#0000FFFFFFFFFFFF
(1786376619.099297) can0 39D#B0070801
(1786376619.138949) can0 39D#B1080801
(1786376619.178981) can0 35D#07555595552A0000
(1786376619.179329) can0 32D#0B00020101000000
(1786376619.179631) can0 33D#0000FFFFFFFFFFFF
(1786376619.199127) can0 39D#B2090801
(1786376619.219004) can0 39D#B30A0801
(1786376619.259021) can0 39D#B40B0801
(1786376619.299062) can0 33D#0000FFFFFFFFFFFF
(1786376619.299392) can0 39D#B50C0801
(1786376619.339054) can0 39D#B60D0801
(1786376619.379263) can0 33D#0000FFFFFFFFFFFF
(1786376619.399078) can0 39D#B70E0801
(1786376619.419140) can0 39D#B80F0801
(1786376619.459051) can0 39D#A9000801
(1786376619.499034) can0 33D#0000FFFFFFFFFFFF
(1786376619.499369) can0 39D#AA010801
(1786376619.538940) can0 39D#AB020801
(1786376619.579156) can0 33D#0000FFFFFFFFFFFF
(1786376619.599348) can0 39D#AC030801
(1786376619.619112) can0 39D#AD040801
(1786376619.658996) can0 39D#AE050801
(1786376619.698981) can0 33D#0000FFFFFFFFFFFF
(1786376619.699323) can0 39D#AF060801
(1786376619.739114) can0 39D#B0070801
(1786376619.779065) can0 33D#0000FFFFFFFFFFFF
(1786376619.799198) can0 39D#B1080801
(1786376619.818960) can0 39D#B2090801
(1786376619.859002) can0 39D#B30A0801
(1786376619.899010) can0 33D#0000FFFFFFFFFFFF
(1786376619.899338) can0 39D#B40B0801
(1786376619.939003) can0 39D#B50C0801
(1786376619.979027) can0 33D#0000FFFFFFFFFFFF
(1786376619.999099) can0 39D#B60D0801
(1786376620.018986) can0 39D#B70E0801
(1786376620.058988) can0 39D#B80F0801
(1786376620.098918) can0 33D#0000FFFFFFFFFFFF
(1786376620.099175) can0 39D#A9000801
(1786376620.138963) can0 39D#AA010801
(1786376620.179059) can0 35D#0055555555555555
(1786376620.179432) can0 33D#0000FFFFFFFFFFFF
(1786376620.199114) can0 39D#AB020801
(1786376620.219013) can0 39D#AC030801
(1786376620.258943) can0 39D#AD040801
(1786376620.298969) can0 33D#0000FFFFFFFFFFFF
(1786376620.299323) can0 39D#AE050801
(1786376620.338941) can0 39D#AF060801
(1786376620.379070) can0 33D#0000FFFFFFFFFFFF
(1786376620.399088) can0 39D#B0070801
(1786376620.418998) can0 39D#B1080801
(1786376620.459134) can0 39D#B2090801
(1786376620.499053) can0 33D#0000FFFFFFFFFFFF
(1786376620.499445) can0 39D#B30A0801
(1786376620.539074) can0 39D#B40B0801
(1786376620.579129) can0 33D#0000FFFFFFFFFFFF
(1786376620.599181) can0 39D#B50C0801
(1786376620.619019) can0 39D#B60D0801
(1786376620.659061) can0 39D#B70E0801
(1786376620.699023) can0 33D#0000FFFFFFFFFFFF
(1786376620.699480) can0 39D#B80F0801
(1786376620.739044) can0 39D#A9000801
(1786376620.779041) can0 33D#0000FFFFFFFFFFFF
(1786376620.799062) can0 39D#AA010801
(1786376620.819147) can0 39D#AB020801
(1786376620.858947) can0 39D#AC030801
(1786376620.898964) can0 33D#0000FFFFFFFFFFFF
(1786376620.899356) can0 39D#AD040801
(1786376620.938975) can0 39D#AE050801
(1786376620.978988) can0 33D#0000FFFFFFFFFFFF
(1786376620.999078) can0 39D#AF060801
(1786376621.019199) can0 39D#B0070801
(1786376621.058977) can0 39D#B1080801
(1786376621.099032) can0 33D#0000FFFFFFFFFFFF
(1786376621.099369) can0 39D#B2090801
(1786376621.138936) can0 39D#B30A0801
(1786376621.179006) can0 35D#0155555555555555
(1786376621.179353) can0 32D#0D0000008D792021
(1786376621.179688) can0 33D#0000FFFFFFFFFFFF
(1786376621.199038) can0 39D#B40B0801
(1786376621.219033) can0 39D#B50C0801
(1786376621.258923) can0 39D#B60D0801
(1786376621.299019) can0 33D#0000FFFFFFFFFFFF
(1786376621.299440) can0 39D#B70E0801
(1786376621.338983) can0 39D#B80F0801
(1786376621.379118) can0 33D#0000FFFFFFFFFFFF
(1786376621.399123) can0 39D#A9000801
(1786376621.419045) can0 39D#AA010801
(1786376621.458999) can0 39D#AB020801
(1786376621.499035) can0 33D#0000FFFFFFFFFFFF
(1786376621.499353) can0 39D#AC030801
(1786376621.538857) can0 39D#AD040801
(1786376621.579051) can0 33D#0000FFFFFFFFFFFF
(1786376621.599093) can0 39D#AE050801
(1786376621.619040) can0 39D#AF060801
(1786376621.658920) can0 39D#B0070801
(1786376621.698965) can0 33D#0000FFFFFFFFFFFF
(1786376621.699290) can0 39D#B1080801
(1786376621.738949) can0 39D#B2090801
(1786376621.779048) can0 33D#0000FFFFFFFFFFFF
(1786376621.799039) can0 39D#B30A0801
(1786376621.818968) can0 39D#B40B0801
(1786376621.859001) can0 39D#B50C0801
(1786376621.898895) can0 33D#0000FFFFFFFFFFFF
(1786376621.899209) can0 39D#B60D0801
(1786376621.938970) can0 39D#B70E0801
(1786376621.978892) can0 33D#0000FFFFFFFFFFFF
(1786376621.999081) can0 39D#B80F0801
(1786376622.018915) can0 39D#A9000801
(1786376622.058890) can0 39D#AA010801
(1786376622.098879) can0 33D#0000FFFFFFFFFFFF
(1786376622.099194) can0 39D#AB020801
(1786376622.138953) can0 39D#AC030801
(1786376622.179018) can0 35D#0256555555555555
(1786376622.179480) can0 33D#0000FFFFFFFFFFFF
(1786376622.199050) can0 39D#AD040801
(1786376622.219002) can0 39D#AE050801
(1786376622.258965) can0 39D#AF060801
(1786376622.298913) can0 33D#0000FFFFFFFFFFFF
(1786376622.299235) can0 39D#B0070801
(1786376622.338954) can0 39D#B1080801
(1786376622.378955) can0 33D#0000FFFFFFFFFFFF
(1786376622.398966) can0 39D#B2090801
(1786376622.419046) can0 39D#B30A0801
(1786376622.458905) can0 39D#B40B0801
(1786376622.498915) can0 33D#0000FFFFFFFFFFFF
(1786376622.499149) can0 39D#B50C0801
(1786376622.539042) can0 39D#B60D0801
(1786376622.579008) can0 33D#0000FFFFFFFFFFFF
(1786376622.599079) can0 39D#B70E0801
(1786376622.618957) can0 39D#B80F0801
(1786376622.658940) can0 39D#A9000801
(1786376622.698949) can0 33D#0000FFFFFFFFFFFF
(1786376622.699214) can0 39D#AA010801
(1786376622.738971) can0 39D#AB020801
(1786376622.779063) can0 33D#0000FFFFFFFFFFFF
(1786376622.799022) can0 39D#AC030801
(1786376622.819031) can0 39D#AD040801
(1786376622.858954) can0 39D#AE050801
(1786376622.898946) can0 33D#0000FFFFFFFFFFFF
(1786376622.899340) can0 39D#AF060801
(1786376622.938982) can0 39D#B0070801
(1786376622.978920) can0 33D#0000FFFFFFFFFFFF
(1786376622.999101) can0 39D#B1080801
(1786376623.018954) can0 39D#B2090801
(1786376623.058901) can0 39D#B30A0801
(1786376623.098961) can0 33D#0000FFFFFFFFFFFF
(1786376623.099319) can0 39D#B40B0801
(1786376623.138884) can0 39D#B50C0801
(1786376623.178938) can0 35D#0355555555555555
(1786376623.179258) can0 32D#1405000060FCB070
(1786376623.179601) can0 33D#0000FFFFFFFFFFFF
(1786376623.199000) can0 39D#B60D0801
(1786376623.219023) can0 39D#B70E0801
(1786376623.258882) can0 39D#B80F0801
(1786376623.298957) can0 33D#0000FFFFFFFFFFFF
(1786376623.299287) can0 39D#A9000801
(1786376623.338960) can0 39D#AA010801
(1786376623.378935) can0 33D#0000FFFFFFFFFFFF
(1786376623.399036) can0 39D#AB020801
(1786376623.419049) can0 39D#AC030801
(1786376623.458969) can0 39D#AD040801
(1786376623.498900) can0 33D#0000FFFFFFFFFFFF
(1786376623.499241) can0 39D#AE050801
(1786376623.538986) can0 39D#AF060801
(1786376623.578839) can0 33D#0000FFFFFFFFFFFF
(1786376623.599189) can0 39D#B0070801
(1786376623.618911) can0 39D#B1080801
(1786376623.658933) can0 39D#B2090801
(1786376623.698888) can0 33D#0000FFFFFFFFFFFF
(1786376623.699239) can0 39D#B30A0801
(1786376623.738961) can0 39D#B40B0801
(1786376623.778923) can0 33D#0000FFFFFFFFFFFF
(1786376623.799129) can0 39D#B50C0801
(1786376623.818897) can0 39D#B60D0801
(1786376623.858915) can0 39D#B70E0801
(1786376623.898912) can0 33D#0000FFFFFFFFFFFF
(1786376623.899177) can0 39D#B80F0801
(1786376623.939014) can0 39D#A9000801
(1786376623.979037) can0 33D#0000FFFFFFFFFFFF
(1786376623.999102) can0 39D#AA010801
(1786376624.018971) can0 39D#AB020801
(1786376624.058953) can0 39D#AC030801
(1786376624.098952) can0 33D#0000FFFFFFFFFFFF
(1786376624.099336) can0 39D#AD040801
(1786376624.139026) can0 39D#AE050801
(1786376624.178952) can0 35D#0455555555555555
(1786376624.179388) can0 33D#0000FFFFFFFFFFFF
(1786376624.199014) can0 39D#AF060801
(1786376624.218877) can0 39D#B0070801
(1786376624.258929) can0 39D#B1080801
(1786376624.298889) can0 33D#0000FFFFFFFFFFFF
(1786376624.299278) can0 39D#B2090801
(1786376624.338879) can0 39D#B30A0801
(1786376624.378890) can0 33D#0000FFFFFFFFFFFF
(1786376624.399085) can0 39D#B40B0801
(1786376624.418960) can0 39D#B50C0801
(1786376624.458989) can0 39D#B60D0801
(1786376624.498825) can0 33D#0000FFFFFFFFFFFF
(1786376624.499171) can0 39D#B70E0801
(1786376624.538963) can0 39D#B80F0801
(1786376624.578957) can0 33D#0000FFFFFFFFFFFF
(1786376624.599053) can0 39D#A9000801
(1786376624.619091) can0 39D#AA010801
(1786376624.658918) can0 39D#AB020801
(1786376624.698895) can0 33D#0000FFFFFFFFFFFF
(1786376624.699333) can0 39D#AC030801
(1786376624.739007) can0 39D#AD040801
(1786376624.779043) can0 33D#0000FFFFFFFFFFFF
(1786376624.799233) can0 39D#AE050801
(1786376624.819039) can0 39D#AF060801
(1786376624.858919) can0 39D#B0070801
(1786376624.898912) can0 33D#0000FFFFFFFFFFFF
(1786376624.899289) can0 39D#B1080801
(1786376624.938916) can0 39D#B2090801
(1786376624.979045) can0 33D#0000FFFFFFFFFFFF
(1786376624.999080) can0 39D#B30A0801
(1786376625.019012) can0 39D#B40B0801
(1786376625.058920) can0 39D#B50C0801
(1786376625.098984) can0 33D#0000FFFFFFFFFFFF
(1786376625.099406) can0 39D#B60D0801
(1786376625.138889) can0 39D#B70E0801
(1786376625.179179) can0 35D#0555555555555555
(1786376625.179627) can0 32D#16000000E4ACA32F
(1786376625.180136) can0 33D#0000FFFFFFFFFFFF
(1786376625.198996) can0 39D#B80F0801
(1786376625.219055) can0 39D#A9000801
(1786376625.258941) can0 39D#AA010801
(1786376625.299057) can0 33D#0000FFFFFFFFFFFF
(1786376625.299498) can0 39D#AB020801
(1786376625.338926) can0 39D#AC030801
(1786376625.378900) can0 33D#0000FFFFFFFFFFFF
(1786376625.399117) can0 39D#AD040801
(1786376625.419071) can0 39D#AE050801
(1786376625.458896) can0 39D#AF060801
(1786376625.499009) can0 33D#0000FFFFFFFFFFFF
(1786376625.499516) can0 39D#B0070801
(1786376625.538906) can0 39D#B1080801
(1786376625.579046) can0 33D#0000FFFFFFFFFFFF
(1786376625.599196) can0 39D#B2090801
(1786376625.619129) can0 39D#B30A0801
(1786376625.658889) can0 39D#B40B0801
(1786376625.699156) can0 33D#0000FFFFFFFFFFFF
(1786376625.699582) can0 39D#B50C0801
(1786376625.738962) can0 39D#B60D0801
(1786376625.778907) can0 33D#0000FFFFFFFFFFFF
(1786376625.798999) can0 39D#B70E0801
(1786376625.819101) can0 39D#B80F0801
(1786376625.858885) can0 39D#A9000801
(1786376625.899116) can0 33D#0000FFFFFFFFFFFF
(1786376625.899632) can0 39D#AA010801
(1786376625.938923) can0 39D#AB020801
(1786376625.978988) can0 33D#0000FFFFFFFFFFFF
(1786376625.999095) can0 39D#AC030801
(1786376626.018954) can0 39D#AD040801
(1786376626.058909) can0 39D#AE050801
(1786376626.098817) can0 33D#0000FFFFFFFFFFFF
(1786376626.099151) can0 39D#AF060801
(1786376626.138927) can0 39D#B0070801
(1786376626.179000) can0 35D#0655556555555559
(1786376626.179405) can0 33D#0000FFFFFFFFFFFF
(1786376626.199097) can0 39D#B1080801
(1786376626.218961) can0 39D#B2090801
(1786376626.258945) can0 39D#B30A0801
(1786376626.298938) can0 33D#0000FFFFFFFFFFFF
(1786376626.299460) can0 39D#B40B0801
(1786376626.338942) can0 39D#B50C0801
(1786376626.378947) can0 33D#0000FFFFFFFFFFFF
(1786376626.399054) can0 39D#B60D0801
(1786376626.418824) can0 39D#B70E0801
(1786376626.458993) can0 39D#B80F0801
(1786376626.498881) can0 33D#0000FFFFFFFFFFFF
(1786376626.499253) can0 39D#A9000801
(1786376626.538887) can0 39D#AA010801
(1786376626.578781) can0 33D#0000FFFFFFFFFFFF
(1786376626.598980) can0 39D#AB020801
(1786376626.619134) can0 39D#AC030801
(1786376626.658890) can0 39D#AD040801
(1786376626.698847) can0 33D#0000FFFFFFFFFFFF
(1786376626.699266) can0 39D#AE050801
(1786376626.738966) can0 39D#AF060801
(1786376626.779074) can0 33D#0000FFFFFFFFFFFF
(1786376626.799003) can0 39D#B0070801
(1786376626.819127) can0 39D#B1080801
(1786376626.858949) can0 39D#B2090801
(1786376626.898947) can0 33D#0000FFFFFFFFFFFF
(1786376626.899386) can0 39D#B30A0801
(1786376626.938820) can0 39D#B40B0801
(1786376626.979026) can0 33D#0000FFFFFFFFFFFF
(1786376626.999093) can0 39D#B50C0801
(1786376627.018961) can0 39D#B60D0801
(1786376627.058938) can0 39D#B70E0801
(1786376627.099017) can0 33D#0000FFFFFFFFFFFF
(1786376627.099396) can0 39D#B80F0801
(1786376627.138870) can0 39D#A9000801
(1786376627.178884) can0 35D#07555595552A0000
(1786376627.179279) can0 32D#0A01000000007000
(1786376627.179672) can0 33D#0000FFFFFFFFFFFF
(1786376627.198994) can0 39D#AA010801
(1786376627.218885) can0 39D#AB020801
(1786376627.258898) can0 39D#AC030801
(1786376627.299005) can0 33D#0000FFFFFFFFFFFF
(1786376627.299632) can0 39D#AD040801
(1786376627.338993) can0 39D#AE050801
(1786376627.379097) can0 33D#0000FFFFFFFFFFFF
(1786376627.398976) can0 39D#AF060801
(1786376627.419082) can0 39D#B0070801
(1786376627.458906) can0 39D#B1080801
(1786376627.498833) can0 33D#0000FFFFFFFFFFFF
(1786376627.499144) can0 39D#B2090801
(1786376627.538904) can0 39D#B30A0801
(1786376627.579093) can0 33D#0000FFFFFFFFFFFF
(1786376627.599011) can0 39D#B40B0801
(1786376627.619027) can0 39D#B50C0801
(1786376627.658940) can0 39D#B60D0801
(1786376627.699038) can0 33D#0000FFFFFFFFFFFF
(1786376627.699483) can0 39D#B70E0801
(1786376627.738909) can0 39D#B80F0801
(1786376627.779015) can0 33D#0000FFFFFFFFFFFF
(1786376627.799021) can0 39D#A9000801
(1786376627.819115) can0 39D#AA010801
(1786376627.858917) can0 39D#AB020801
(1786376627.898996) can0 33D#0000FFFFFFFFFFFF
(1786376627.899499) can0 39D#AC030801
(1786376627.938838) can0 39D#AD040801
(1786376627.979016) can0 33D#0000FFFFFFFFFFFF
(1786376627.998995) can0 39D#AE050801
(1786376628.018962) can0 39D#AF060801
(1786376628.058907) can0 39D#B0070801
(1786376628.098859) can0 33D#0000FFFFFFFFFFFF
(1786376628.099280) can0 39D#B1080801
(1786376628.138870) can0 39D#B2090801
(1786376628.179047) can0 35D#0055555555555555
(1786376628.179467) can0 33D#0000FFFFFFFFFFFF
(1786376628.199011) can0 39D#B30A0801
(1786376628.218986) can0 39D#B40B0801
(1786376628.258851) can0 39D#B50C0801
(1786376628.298826) can0 33D#0000FFFFFFFFFFFF
(1786376628.299215) can0 39D#B60D0801
(1786376628.338909) can0 39D#B70E0801
(1786376628.379060) can0 33D#0000FFFFFFFFFFFF
(1786376628.398951) can0 39D#B80F0801
(1786376628.418823) can0 39D#A9000801
(1786376628.458873) can0 39D#AA010801
(1786376628.498895) can0 33D#0000FFFFFFFFFFFF
(1786376628.499255) can0 39D#AB020801
(1786376628.538877) can0 39D#AC030801
(1786376628.578999) can0 33D#0000FFFFFFFFFFFF
(1786376628.599062) can0 39D#AD040801
(1786376628.619029) can0 39D#AE050801
(1786376628.658914) can0 39D#AF060801
(1786376628.698944) can0 33D#0000FFFFFFFFFFFF
(1786376628.699327) can0 39D#B0070801
(1786376628.738857) can0 39D#B1080801
(1786376628.778982) can0 33D#0000FFFFFFFFFFFF
(1786376628.799026) can0 39D#B2090801
(1786376628.818974) can0 39D#B30A0801
(1786376628.858777) can0 39D#B40B0801
(1786376628.898985) can0 33D#0000FFFFFFFFFFFF
(1786376628.899445) can0 39D#B50C0801
(1786376628.938814) can0 39D#B60D0801
(1786376628.978972) can0 33D#0000FFFFFFFFFFFF
(1786376628.998954) can0 39D#B70E0801
(1786376629.018984) can0 39D#B80F0801
(1786376629.058872) can0 39D#A9000801
(1786376629.098839) can0 33D#0000FFFFFFFFFFFF
(1786376629.099163) can0 39D#AA010801
(1786376629.138869) can0 39D#AB020801
(1786376629.178981) can0 35D#0155555555555555
(1786376629.179356) can0 32D#0B00020101000000
(1786376629.179672) can0 33D#0000FFFFFFFFFFFF
(1786376629.198969) can0 39D#AC030801
(1786376629.218988) can0 39D#AD040801
(1786376629.258892) can0 39D#AE050801
(1786376629.298941) can0 33D#0000FFFFFFFFFFFF
(1786376629.299383) can0 39D#AF060801
(1786376629.338838) can0 39D#B0070801
(1786376629.378983) can0 33D#0000FFFFFFFFFFFF
(1786376629.399001) can0 39D#B1080801
(1786376629.419086) can0 39D#B2090801
(1786376629.458784) can0 39D#B30A0801
(1786376629.498930) can0 33D#0000FFFFFFFFFFFF
(1786376629.499332) can0 39D#B40B0801
(1786376629.538860) can0 39D#B50C0801
(1786376629.578951) can0 33D#0000FFFFFFFFFFFF
(1786376629.598945) can0 39D#B60D0801
(1786376629.619160) can0 39D#B70E0801
(1786376629.658820) can0 39D#B80F0801
(1786376629.698868) can0 33D#0000FFFFFFFFFFFF
(1786376629.699271) can0 39D#A9000801
(1786376629.738889) can0 39D#AA010801
(1786376629.779047) can0 33D#0000FFFFFFFFFFFF
(1786376629.799019) can0 39D#AB020801
(1786376629.818843) can0 39D#AC030801
(1786376629.858853) can0 39D#AD040801
(1786376629.898854) can0 33D#0000FFFFFFFFFFFF
(1786376629.899298) can0 39D#AE050801
(1786376629.938776) can0 39D#AF060801
(1786376629.978970) can0 33D#0000FFFFFFFFFFFF
(1786376629.999223) can0 39D#B0070801
(1786376630.019023) can0 39D#B1080801
(1786376630.058830) can0 39D#B2090801
(1786376630.098974) can0 33D#0000FFFFFFFFFFFF
(1786376630.099355) can0 39D#B30A0801
(1786376630.138720) can0 39D#B40B0801
(1786376630.179016) can0 35D#0256555555555555
(1786376630.179388) can0 33D#0000FFFFFFFFFFFF
(1786376630.199032) can0 39D#B50C0801
(1786376630.218995) can0 39D#B60D0801
(1786376630.258818) can0 39D#B70E0801
(1786376630.298883) can0 33D#0000FFFFFFFFFFFF
(1786376630.299259) can0 39D#B80F0801
(1786376630.338838) can0 39D#A9000801
(1786376630.378970) can0 33D#0000FFFFFFFFFFFF
(1786376630.398951) can0 39D#AA010801
(1786376630.418989) can0 39D#AB020801
(1786376630.458824) can0 39D#AC030801
(1786376630.498995) can0 33D#0000FFFFFFFFFFFF
(1786376630.499384) can0 39D#AD040801
(1786376630.538966) can0 39D#AE050801
(1786376630.578840) can0 33D#0000FFFFFFFFFFFF
(1786376630.599121) can0 39D#AF060801
(1786376630.618833) can0 39D#B0070801
(1786376630.658800) can0 39D#B1080801
(1786376630.698984) can0 33D#0000FFFFFFFFFFFF
(1786376630.699368) can0 39D#B2090801
(1786376630.738827) can0 39D#B30A0801
(1786376630.778964) can0 33D#0000FFFFFFFFFFFF
(1786376630.798851) can0 39D#B40B0801
(1786376630.818984) can0 39D#B50C0801
(1786376630.859078) can0 39D#B60D0801
(1786376630.898927) can0 33D#0000FFFFFFFFFFFF
(1786376630.899388) can0 39D#B70E0801
(1786376630.938806) can0 39D#B80F0801
(1786376630.978973) can0 33D#0000FFFFFFFFFFFF
(1786376630.998944) can0 39D#A9000801
(1786376631.019054) can0 39D#AA010801
(1786376631.058844) can0 39D#AB020801
(1786376631.098903) can0 33D#0000FFFFFFFFFFFF
(1786376631.099345) can0 39D#AC030801
(1786376631.138847) can0 39D#AD040801
(1786376631.178931) can0 35D#0355555555555555
(1786376631.179373) can0 32D#0D0000008D792021
(1786376631.179772) can0 33D#0000FFFFFFFFFFFF
(1786376631.198952) can0 39D#AE050801
(1786376631.218907) can0 39D#AF060801
(1786376631.258827) can0 39D#B0070801
(1786376631.298908) can0 33D#0000FFFFFFFFFFFF
(1786376631.299471) can0 39D#B1080801
(1786376631.338834) can0 39D#B2090801
(1786376631.378978) can0 33D#0000FFFFFFFFFFFF
(1786376631.398927) can0 39D#B30A0801
(1786376631.418834) can0 39D#B40B0801
(1786376631.458763) can0 39D#B50C0801
(1786376631.498765) can0 33D#0000FFFFFFFFFFFF
(1786376631.499101) can0 39D#B60D0801
(1786376631.538854) can0 39D#B70E0801
(1786376631.578913) can0 33D#0000FFFFFFFFFFFF
(1786376631.598929) can0 39D#B80F0801
(1786376631.619025) can0 39D#A9000801
(1786376631.658772) can0 39D#AA010801
(1786376631.698794) can0 33D#0000FFFFFFFFFFFF
(1786376631.699204) can0 39D#AB020801
(1786376631.738714) can0 39D#AC030801
(1786376631.778850) can0 33D#0000FFFFFFFFFFFF
(1786376631.798897) can0 39D#AD040801
(1786376631.818982) can0 39D#AE050801
(1786376631.858806) can0 39D#AF060801
(1786376631.898987) can0 33D#0000FFFFFFFFFFFF
(1786376631.899326) can0 39D#B0070801
(1786376631.938785) can0 39D#B1080801
(1786376631.978804) can0 33D#0000FFFFFFFFFFFF
(1786376631.998913) can0 39D#B2090801
(1786376632.018905) can0 39D#B30A0801
(1786376632.058787) can0 39D#B40B0801
(1786376632.098983) can0 33D#0000FFFFFFFFFFFF
(1786376632.099377) can0 39D#B50C0801
(1786376632.138846) can0 39D#B60D0801
(1786376632.178982) can0 35D#0455555555555555
(1786376632.179378) can0 33D#0000FFFFFFFFFFFF
(1786376632.199009) can0 39D#B70E0801
(1786376632.218891) can0 39D#B80F0801
(1786376632.258757) can0 39D#A9000801
(1786376632.298848) can0 33D#0000FFFFFFFFFFFF
(1786376632.299296) can0 39D#AA010801
(1786376632.338802) can0 39D#AB020801
(1786376632.378944) can0 33D#0000FFFFFFFFFFFF
(1786376632.398934) can0 39D#AC030801
(1786376632.418977) can0 39D#AD040801
(1786376632.458828) can0 39D#AE050801
(1786376632.498844) can0 33D#0000FFFFFFFFFFFF
(1786376632.499147) can0 39D#AF060801
(1786376632.538806) can0 39D#B0070801
(1786376632.579029) can0 33D#0000FFFFFFFFFFFF
(1786376632.598908) can0 39D#B1080801
(1786376632.618749) can0 39D#B2090801
(1786376632.658754) can0 39D#B30A0801
(1786376632.698873) can0 33D#0000FFFFFFFFFFFF
(1786376632.699316) can0 39D#B40B0801
(1786376632.738849) can0 39D#B50C0801
(1786376632.778922) can0 33D#0000FFFFFFFFFFFF
(1786376632.798897) can0 39D#B60D0801
(1786376632.818915) can0 39D#B70E0801
(1786376632.858818) can0 39D#B80F0801
(1786376632.898873) can0 33D#0000FFFFFFFFFFFF
(1786376632.899271) can0 39D#A9000801
(1786376632.938776) can0 39D#AA010801
(1786376632.978873) can0 33D#0000FFFFFFFFFFFF
(1786376632.998918) can0 39D#AB020801
(1786376633.018884) can0 39D#AC030801
(1786376633.058818) can0 39D#AD040801
(1786376633.098924) can0 33D#0000FFFFFFFFFFFF
(1786376633.099369) can0 39D#AE050801
(1786376633.138844) can0 39D#AF060801
(1786376633.178914) can0 35D#0555555555555555
(1786376633.179367) can0 32D#1405000060FCB070
(1786376633.179699) can0 33D#0000FFFFFFFFFFFF
(1786376633.198873) can0 39D#B0070801
(1786376633.218996) can0 39D#B1080801
(1786376633.258794) can0 39D#B2090801
(1786376633.298788) can0 33D#0000FFFFFFFFFFFF
(1786376633.299187) can0 39D#B30A0801
(1786376633.338744) can0 39D#B40B0801
(1786376633.378866) can0 33D#0000FFFFFFFFFFFF
(1786376633.398944) can0 39D#B50C0801
(1786376633.418944) can0 39D#B60D0801
(1786376633.458729) can0 39D#B70E0801
(1786376633.498817) can0 33D#0000FFFFFFFFFFFF
(1786376633.499245) can0 39D#B80F0801
(1786376633.538881) can0 39D#A9000801
(1786376633.578653) can0 33D#0000FFFFFFFFFFFF
(1786376633.598997) can0 39D#AA010801
(1786376633.618869) can0 39D#AB020801
(1786376633.658801) can0 39D#AC030801
(1786376633.698752) can0 33D#0000FFFFFFFFFFFF
(1786376633.699163) can0 39D#AD040801
(1786376633.738788) can0 39D#AE050801
(1786376633.778793) can0 33D#0000FFFFFFFFFFFF
(1786376633.798911) can0 39D#AF060801
(1786376633.818944) can0 39D#B0070801
(1786376633.858683) can0 39D#B1080801
(1786376633.898652) can0 33D#0000FFFFFFFFFFFF
(1786376633.898931) can0 39D#B2090801
(1786376633.938744) can0 39D#B30A0801
(1786376633.978905) can0 33D#0000FFFFFFFFFFFF
(1786376633.998956) can0 39D#B40B0801
(1786376634.018919) can0 39D#B50C0801
(1786376634.058652) can0 39D#B60D0801
(1786376634.098709) can0 33D#0000FFFFFFFFFFFF
(1786376634.099014) can0 39D#B70E0801
(1786376634.138736) can0 39D#B80F0801
(1786376634.178923) can0 35D#0655556555555559
(1786376634.179309) can0 33D#0000FFFFFFFFFFFF
(1786376634.198824) can0 39D#A9000801
(1786376634.218748) can0 39D#AA010801
(1786376634.258797) can0 39D#AB020801
(1786376634.298848) can0 33D#0000FFFFFFFFFFFF
(1786376634.299270) can0 39D#AC030801
(1786376634.338755) can0 39D#AD040801
(1786376634.378906) can0 33D#0000FFFFFFFFFFFF
(1786376634.398858) can0 39D#AE050801
(1786376634.418929) can0 39D#AF060801
(1786376634.458812) can0 39D#B0070801
(1786376634.498889) can0 33D#0000FFFFFFFFFFFF
(1786376634.499312) can0 39D#B1080801
(1786376634.538769) can0 39D#B2090801
(1786376634.578935) can0 33D#0000FFFFFFFFFFFF
(1786376634.598978) can0 39D#B30A0801
(1786376634.618763) can0 39D#B40B0801
(1786376634.658687) can0 39D#B50C0801
(1786376634.698777) can0 33D#0000FFFFFFFFFFFF
(1786376634.699204) can0 39D#B60D0801
(1786376634.738764) can0 39D#B70E0801
(1786376634.778908) can0 33D#0000FFFFFFFFFFFF
(1786376634.798840) can0 39D#B80F0801
(1786376634.818857) can0 39D#A9000801
(1786376634.858783) can0 39D#AA010801
(1786376634.898699) can0 33D#0000FFFFFFFFFFFF
(1786376634.899138) can0 39D#AB020801
(1786376634.938800) can0 39D#AC030801
(1786376634.978746) can0 33D#0000FFFFFFFFFFFF
(1786376634.998767) can0 39D#AD040801
(1786376635.018768) can0 39D#AE050801
(1786376635.058738) can0 39D#AF060801
(1786376635.098665) can0 33D#0000FFFFFFFFFFFF
(1786376635.098983) can0 39D#B0070801
(1786376635.138680) can0 39D#B1080801
(1786376635.178796) can0 35D#07555595552A0000
(1786376635.179239) can0 32D#16000000E4ACA32F
(1786376635.179606) can0 33D#0000FFFFFFFFFFFF
(1786376635.198813) can0 39D#B2090801
(1786376635.218690) can0 39D#B30A0801
(1786376635.258698) can0 39D#B40B0801
(1786376635.298735) can0 33D#0000FFFFFFFFFFFF
(1786376635.299120) can0 39D#B50C0801
(1786376635.338839) can0 39D#B60D0801
(1786376635.378792) can0 33D#0000FFFFFFFFFFFF
(1786376635.398784) can0 39D#B70E0801
(1786376635.418735) can0 39D#B80F0801
(1786376635.458749) can0 39D#A9000801
(1786376635.498734) can0 33D#0000FFFFFFFFFFFF
(1786376635.499071) can0 39D#AA010801
(1786376635.538676) can0 39D#AB020801
(1786376635.578774) can0 33D#0000FFFFFFFFFFFF
(1786376635.598811) can0 39D#AC030801
(1786376635.618757) can0 39D#AD040801
(1786376635.658748) can0 39D#AE050801
(1786376635.698691) can0 33D#0000FFFFFFFFFFFF
(1786376635.699095) can0 39D#AF060801
(1786376635.738696) can0 39D#B0070801
(1786376635.778726) can0 33D#0000FFFFFFFFFFFF
(1786376635.798862) can0 39D#B1080801
(1786376635.818703) can0 39D#B2090801
(1786376635.858711) can0 39D#B30A0801
(1786376635.898727) can0 33D#0000FFFFFFFFFFFF
(1786376635.899138) can0 39D#B40B0801
(1786376635.938697) can0 39D#B50C0801
(1786376635.978774) can0 33D#0000FFFFFFFFFFFF
(1786376635.998776) can0 39D#B60D0801
(1786376636.018986) can0 39D#B70E0801
(1786376636.058665) can0 39D#B80F0801
(1786376636.098698) can0 33D#0000FFFFFFFFFFFF
(1786376636.099133) can0 39D#A9000801
(1786376636.138823) can0 39D#AA010801
(1786376636.178851) can0 35D#0055555555555555
(1786376636.179297) can0 33D#0000FFFFFFFFFFFF
(1786376636.198896) can0 39D#AB020801
(1786376636.218789) can0 39D#AC030801
(1786376636.258723) can0 39D#AD040801
(1786376636.298736) can0 33D#0000FFFFFFFFFFFF
(1786376636.299132) can0 39D#AE050801
(1786376636.338722) can0 39D#AF060801
(1786376636.378696) can0 33D#0000FFFFFFFFFFFF
(1786376636.398775) can0 39D#B0070801
(1786376636.418942) can0 39D#B1080801
(1786376636.458702) can0 39D#B2090801
(1786376636.498717) can0 33D#0000FFFFFFFFFFFF
(1786376636.499078) can0 39D#B30A0801
(1786376636.538716) can0 39D#B40B0801
(1786376636.578781) can0 33D#0000FFFFFFFFFFFF
(1786376636.598746) can0 39D#B50C0801
(1786376636.618770) can0 39D#B60D0801
(1786376636.658762) can0 39D#B70E0801
(1786376636.698715) can0 33D#0000FFFFFFFFFFFF
(1786376636.699130) can0 39D#B80F0801
(1786376636.738549) can0 39D#A9000801
(1786376636.778780) can0 33D#0000FFFFFFFFFFFF
(1786376636.798870) can0 39D#AA010801
(1786376636.818712) can0 39D#AB020801
(1786376636.858690) can0 39D#AC030801
(1786376636.898677) can0 33D#0000FFFFFFFFFFFF
(1786376636.899003) can0 39D#AD040801
(1786376636.938708) can0 39D#AE050801
(1786376636.978788) can0 33D#0000FFFFFFFFFFFF
(1786376636.998829) can0 39D#AF060801
(1786376637.018680) can0 39D#B0070801
(1786376637.058703) can0 39D#B1080801
(1786376637.098658) can0 33D#0000FFFFFFFFFFFF
(1786376637.099030) can0 39D#B2090801
(1786376637.138728) can0 39D#B30A0801
(1786376637.178738) can0 35D#0155555555555555
(1786376637.179242) can0 32D#0A01000000007000
(1786376637.179637) can0 33D#0000FFFFFFFFFFFF
(1786376637.198757) can0 39D#B40B0801
(1786376637.218758) can0 39D#B50C0801
(1786376637.258724) can0 39D#B60D0801
(1786376637.298859) can0 33D#0000FFFFFFFFFFFF
(1786376637.299344) can0 39D#B70E0801
(1786376637.338733) can0 39D#B80F0801
(1786376637.378864) can0 33D#0000FFFFFFFFFFFF
(1786376637.398825) can0 39D#A9000801
(1786376637.418783) can0 39D#AA010801
(1786376637.458644) can0 39D#AB020801
(1786376637.498632) can0 33D#0000FFFFFFFFFFFF
(1786376637.498974) can0 39D#AC030801
(1786376637.538689) can0 39D#AD040801
(1786376637.578858) can0 33D#0000FFFFFFFFFFFF
(1786376637.598782) can0 39D#AE050801
(1786376637.618761) can0 39D#AF060801
(1786376637.658690) can0 39D#B0070801
(1786376637.698771) can0 33D#0000FFFFFFFFFFFF
(1786376637.699127) can0 39D#B1080801
(1786376637.738766) can0 39D#B2090801
(1786376637.778675) can0 33D#0000FFFFFFFFFFFF
(1786376637.798766) can0 39D#B30A0801
(1786376637.818799) can0 39D#B40B0801
(1786376637.858682) can0 39D#B50C0801
(1786376637.898736) can0 33D#0000FFFFFFFFFFFF
(1786376637.899145) can0 39D#B60D0801
(1786376637.938722) can0 39D#B70E0801
(1786376637.978805) can0 33D#0000FFFFFFFFFFFF
(1786376637.998802) can0 39D#B80F0801
(1786376638.018693) can0 39D#A9000801
(1786376638.058679) can0 39D#AA010801
(1786376638.098595) can0 33D#0000FFFFFFFFFFFF
(1786376638.098916) can0 39D#AB020801
(1786376638.138713) can0 39D#AC030801
(1786376638.178682) can0 35D#0256555555555555
(1786376638.179064) can0 33D#0000FFFFFFFFFFFF
(1786376638.198747) can0 39D#AD040801
(1786376638.218708) can0 39D#AE050801
(1786376638.258710) can0 39D#AF060801
(1786376638.298697) can0 33D#0000FFFFFFFFFFFF
(1786376638.299081) can0 39D#B0070801
(1786376638.338693) can0 39D#B1080801
(1786376638.378731) can0 33D#0000FFFFFFFFFFFF
(1786376638.398737) can0 39D#B2090801
(1786376638.418682) can0 39D#B30A0801
(1786376638.458601) can0 39D#B40B0801
(1786376638.498717) can0 33D#0000FFFFFFFFFFFF
(1786376638.499029) can0 39D#B50C0801
(1786376638.538631) can0 39D#B60D0801
(1786376638.578697) can0 33D#0000FFFFFFFFFFFF
(1786376638.598783) can0 39D#B70E0801
(1786376638.618552) can0 39D#B80F0801
(1786376638.658649) can0 39D#A9000801
(1786376638.698687) can0 33D#0000FFFFFFFFFFFF
(1786376638.699079) can0 39D#AA010801
(1786376638.738536) can0 39D#AB020801
(1786376638.778704) can0 33D#0000FFFFFFFFFFFF
(1786376638.798745) can0 39D#AC030801
(1786376638.818618) can0 39D#AD040801
(1786376638.858637) can0 39D#AE050801
(1786376638.898521) can0 33D#0000FFFFFFFFFFFF
(1786376638.898744) can0 39D#AF060801
(1786376638.938677) can0 39D#B0070801
(1786376638.978805) can0 33D#0000FFFFFFFFFFFF
(1786376638.998743) can0 39D#B1080801
(1786376639.018717) can0 39D#B2090801
(1786376639.058652) can0 39D#B30A0801
(1786376639.098613) can0 33D#0000FFFFFFFFFFFF
(1786376639.099060) can0 39D#B40B0801
(1786376639.138641) can0 39D#B50C0801
(1786376639.178616) can0 35D#0355555555555555
(1786376639.178969) can0 32D#0B00020101000000
(1786376639.179259) can0 33D#0000FFFFFFFFFFFF
(1786376639.198688) can0 39D#B60D0801
(1786376639.218575) can0 39D#B70E0801
(1786376639.258703) can0 39D#B80F0801
(1786376639.298569) can0 33D#0000FFFFFFFFFFFF
(1786376639.298876) can0 39D#A9000801
(1786376639.338593) can0 39D#AA010801
(1786376639.378642) can0 33D#0000FFFFFFFFFFFF
(1786376639.398679) can0 39D#AB020801
(1786376639.418635) can0 39D#AC030801
(1786376639.458642) can0 39D#AD040801
(1786376639.498517) can0 33D#0000FFFFFFFFFFFF
(1786376639.498754) can0 39D#AE050801
(1786376639.538598) can0 39D#AF060801
(1786376639.578600) can0 33D#0000FFFFFFFFFFFF
(1786376639.598694) can0 39D#B0070801
(1786376639.618765) can0 39D#B1080801
(1786376639.658583) can0 39D#B2090801
(1786376639.698565) can0 33D#0000FFFFFFFFFFFF
(1786376639.698860) can0 39D#B30A0801
(1786376639.738635) can0 39D#B40B0801
(1786376639.778592) can0 33D#0000FFFFFFFFFFFF
(1786376639.798728) can0 39D#B50C0801
(1786376639.818677) can0 39D#B60D0801
(1786376639.858605) can0 39D#B70E0801
(1786376639.898661) can0 33D#0000FFFFFFFFFFFF
(1786376639.898995) can0 39D#B80F0801
(1786376639.938641) can0 39D#A9000801
(1786376639.978684) can0 33D#0000FFFFFFFFFFFF
(1786376639.998744) can0 39D#AA010801
(1786376640.018620) can0 39D#AB020801
(1786376640.058682) can0 39D#AC030801
(1786376640.098643) can0 33D#0000FFFFFFFFFFFF
(1786376640.099030) can0 39D#AD040801
(1786376640.138616) can0 39D#AE050801
(1786376640.178559) can0 35D#0455555555555555
(1786376640.178846) can0 33D#0000FFFFFFFFFFFF
(1786376640.198756) can0 39D#AF060801
(1786376640.218793) can0 39D#B0070801
(1786376640.258540) can0 39D#B1080801
(1786376640.298633) can0 33D#0000FFFFFFFFFFFF
(1786376640.298957) can0 39D#B2090801
(1786376640.338538) can0 39D#B30A0801
(1786376640.378698) can0 33D#0000FFFFFFFFFFFF
(1786376640.398700) can0 39D#B40B0801
(1786376640.418725) can0 39D#B50C0801
(1786376640.458564) can0 39D#B60D0801
(1786376640.498646) can0 33D#0000FFFFFFFFFFFF
(1786376640.499099) can0 39D#B70E0801
(1786376640.538614) can0 39D#B80F0801
(1786376640.578791) can0 33D#0000FFFFFFFFFFFF
(1786376640.598741) can0 39D#A9000801
(1786376640.618585) can0 39D#AA010801
(1786376640.658651) can0 39D#AB020801
(1786376640.698633) can0 33D#0000FFFFFFFFFFFF
(1786376640.698979) can0 39D#AC030801
(1786376640.738636) can0 39D#AD040801
(1786376640.778583) can0 33D#0000FFFFFFFFFFFF
(1786376640.798683) can0 39D#AE050801
(1786376640.818535) can0 39D#AF060801
(1786376640.858556) can0 39D#B0070801
(1786376640.898607) can0 33D#0000FFFFFFFFFFFF
(1786376640.898956) can0 39D#B1080801
(1786376640.938605) can0 39D#B2090801
(1786376640.978597) can0 33D#0000FFFFFFFFFFFF
(1786376640.998724) can0 39D#B30A0801
(1786376641.018686) can0 39D#B40B0801
(1786376641.058627) can0 39D#B50C0801
(1786376641.098640) can0 33D#0000FFFFFFFFFFFF
(1786376641.098996) can0 39D#B60D0801
(1786376641.138703) can0 39D#B70E0801
(1786376641.178651) can0 35D#0555555555555555
(1786376641.179007) can0 32D#0D0000008D792021
(1786376641.179261) can0 33D#0000FFFFFFFFFFFF
(1786376641.198692) can0 39D#B80F0801
(1786376641.218856) can0 39D#A9000801
(1786376641.258566) can0 39D#AA010801
(1786376641.298537) can0 33D#0000FFFFFFFFFFFF
(1786376641.298809) can0 39D#AB020801
(1786376641.338637) can0 39D#AC030801
(1786376641.378686) can0 33D#0000FFFFFFFFFFFF
(1786376641.398789) can0 39D#AD040801
(1786376641.418781) can0 39D#AE050801
(1786376641.458632) can0 39D#AF060801
(1786376641.498554) can0 33D#0000FFFFFFFFFFFF
(1786376641.498841) can0 39D#B0070801
(1786376641.538538) can0 39D#B1080801
(1786376641.578703) can0 33D#0000FFFFFFFFFFFF
(1786376641.598702) can0 39D#B2090801
(1786376641.618555) can0 39D#B30A0801
(1786376641.658692) can0 39D#B40B0801
(1786376641.698599) can0 33D#0000FFFFFFFFFFFF
(1786376641.698902) can0 39D#B50C0801
(1786376641.738589) can0 39D#B60D0801
(1786376641.778580) can0 33D#0000FFFFFFFFFFFF
(1786376641.798676) can0 39D#B70E0801
(1786376641.818722) can0 39D#B80F0801
(1786376641.858585) can0 39D#A9000801
(1786376641.898469) can0 33D#0000FFFFFFFFFFFF
(1786376641.898758) can0 39D#AA010801
(1786376641.938633) can0 39D#AB020801
(1786376641.978594) can0 33D#0000FFFFFFFFFFFF
(1786376641.998733) can0 39D#AC030801
(1786376642.018734) can0 39D#AD040801
(1786376642.058623) can0 39D#AE050801
(1786376642.098525) can0 33D#0000FFFFFFFFFFFF
(1786376642.098804) can0 39D#AF060801
(1786376642.138585) can0 39D#B0070801
(1786376642.178517) can0 35D#0655556555555559
(1786376642.178839) can0 33D#0000FFFFFFFFFFFF
(1786376642.198723) can0 39D#B1080801
(1786376642.218733) can0 39D#B2090801
(1786376642.258573) can0 39D#B30A0801
(1786376642.298565) can0 33D#0000FFFFFFFFFFFF
(1786376642.298839) can0 39D#B40B0801
(1786376642.338508) can0 39D#B50C0801
(1786376642.378591) can0 33D#0000FFFFFFFFFFFF
(1786376642.398610) can0 39D#B60D0801
(1786376642.418626) can0 39D#B70E0801
(1786376642.458542) can0 39D#B80F0801
(1786376642.498562) can0 33D#0000FFFFFFFFFFFF
(1786376642.498883) can0 39D#A9000801
(1786376642.538568) can0 39D#AA010801
(1786376642.578706) can0 33D#0000FFFFFFFFFFFF
(1786376642.598776) can0 39D#AB020801
(1786376642.618583) can0 39D#AC030801
(1786376642.658576) can0 39D#AD040801
(1786376642.698455) can0 33D#0000FFFFFFFFFFFF
(1786376642.698682) can0 39D#AE050801
(1786376642.738511) can0 39D#AF060801
(1786376642.778525) can0 33D#0000FFFFFFFFFFFF
(1786376642.798749) can0 39D#B0070801
(1786376642.818575) can0 39D#B1080801
(1786376642.858577) can0 39D#B2090801
(1786376642.898602) can0 33D#0000FFFFFFFFFFFF
(1786376642.899023) can0 39D#B30A0801
(1786376642.938590) can0 39D#B40B0801
(1786376642.978626) can0 33D#0000FFFFFFFFFFFF
(1786376642.998714) can0 39D#B50C0801
(1786376643.018612) can0 39D#B60D0801
(1786376643.058670) can0 39D#B70E0801
(1786376643.098497) can0 33D#0000FFFFFFFFFFFF
(1786376643.098793) can0 39D#B80F0801
(1786376643.138590) can0 39D#A9000801
(1786376643.178595) can0 35D#07555595552A0000
(1786376643.178926) can0 32D#1405000060FCB070
(1786376643.179258) can0 33D#0000FFFFFFFFFFFF
(1786376643.198670) can0 39D#AA010801
(1786376643.218563) can0 39D#AB020801
(1786376643.258476) can0 39D#AC030801
(1786376643.298499) can0 33D#0000FFFFFFFFFFFF
(1786376643.298748) can0 39D#AD040801
(1786376643.338635) can0 39D#AE050801
(1786376643.378596) can0 33D#0000FFFFFFFFFFFF
(1786376643.398657) can0 39D#AF060801
(1786376643.418665) can0 39D#B0070801
(1786376643.458588) can0 39D#B1080801
(1786376643.498533) can0 33D#0000FFFFFFFFFFFF
(1786376643.498846) can0 39D#B2090801
(1786376643.538529) can0 39D#B30A0801
(1786376643.578520) can0 33D#0000FFFFFFFFFFFF
(1786376643.598602) can0 39D#B40B0801
(1786376643.618477) can0 39D#B50C0801
(1786376643.658578) can0 39D#B60D0801
(1786376643.698476) can0 33D#0000FFFFFFFFFFFF
(1786376643.698750) can0 39D#B70E0801
(1786376643.738487) can0 39D#B80F0801
(1786376643.778467) can0 33D#0000FFFFFFFFFFFF
(1786376643.798685) can0 39D#A9000801
(1786376643.862757) can0 39D#AA010801
(1786376643.863302) can0 39D#AB020801
(1786376643.898462) can0 33D#0000FFFFFFFFFFFF
(1786376643.898751) can0 39D#AC030801
(1786376643.938573) can0 39D#AD040801
(1786376643.978505) can0 33D#0000FFFFFFFFFFFF
(1786376643.998673) can0 39D#AE050801
(1786376644.018538) can0 39D#AF060801
(1786376644.058493) can0 39D#B0070801
(1786376644.107367) can0 33D#0000FFFFFFFFFFFF
(1786376644.107768) can0 39D#B1080801
(1786376644.138507) can0 39D#B2090801
(1786376644.178516) can0 35D#0055555555555555
(1786376644.178789) can0 33D#0000FFFFFFFFFFFF
(1786376644.198621) can0 39D#B30A0801
(1786376644.218479) can0 39D#B40B0801
(1786376644.258483) can0 39D#B50C0801
(1786376644.298511) can0 33D#0000FFFFFFFFFFFF
(1786376644.298786) can0 39D#B60D0801
(1786376644.338423) can0 39D#B70E0801
(1786376644.378450) can0 33D#0000FFFFFFFFFFFF
(1786376644.398656) can0 39D#B80F0801
(1786376644.418463) can0 39D#A9000801
(1786376644.458476) can0 39D#AA010801
(1786376644.498527) can0 33D#0000FFFFFFFFFFFF
(1786376644.498897) can0 39D#AB020801
(1786376644.538606) can0 39D#AC030801
(1786376644.578611) can0 33D#0000FFFFFFFFFFFF
(1786376644.598632) can0 39D#AD040801
(1786376644.618550) can0 39D#AE050801
(1786376644.658508) can0 39D#AF060801
(1786376644.698503) can0 33D#0000FFFFFFFFFFFF
(1786376644.698942) can0 39D#B0070801
(1786376644.738563) can0 39D#B1080801
(1786376644.778546) can0 33D#0000FFFFFFFFFFFF
(1786376644.798626) can0 39D#B2090801
(1786376644.818621) can0 39D#B30A0801
(1786376644.858547) can0 39D#B40B0801
(1786376644.898461) can0 33D#0000FFFFFFFFFFFF
(1786376644.898748) can0 39D#B50C0801
(1786376644.938442) can0 39D#B60D0801
(1786376644.978432) can0 33D#0000FFFFFFFFFFFF
(1786376644.998614) can0 39D#B70E0801
(1786376645.018487) can0 39D#B80F0801
(1786376645.058551) can0 39D#A9000801
(1786376645.098579) can0 33D#0000FFFFFFFFFFFF
(1786376645.098911) can0 39D#AA010801
(1786376645.138508) can0 39D#AB020801
(1786376645.178540) can0 35D#0155555555555555
(1786376645.178778) can0 32D#16000000E4ACA32F
(1786376645.178975) can0 33D#0000FFFFFFFFFFFF
(1786376645.198582) can0 39D#AC030801
(1786376645.218498) can0 39D#AD040801
(1786376645.258551) can0 39D#AE050801
(1786376645.298515) can0 33D#0000FFFFFFFFFFFF
(1786376645.298865) can0 39D#AF060801
(1786376645.338483) can0 39D#B0070801
(1786376645.378582) can0 33D#0000FFFFFFFFFFFF
(1786376645.398638) can0 39D#B1080801
(1786376645.418639) can0 39D#B2090801
(1786376645.458520) can0 39D#B30A0801
(1786376645.498506) can0 33D#0000FFFFFFFFFFFF
(1786376645.498817) can0 39D#B40B0801
(1786376645.538555) can0 39D#B50C0801
(1786376645.578468) can0 33D#0000FFFFFFFFFFFF
(1786376645.598630) can0 39D#B60D0801
(1786376645.618364) can0 39D#B70E0801
(1786376645.658590) can0 39D#B80F0801
(1786376645.698556) can0 33D#0000FFFFFFFFFFFF
(1786376645.698956) can0 39D#A9000801
(1786376645.738464) can0 39D#AA010801
(1786376645.778468) can0 33D#0000FFFFFFFFFFFF
(1786376645.798570) can0 39D#AB020801
(1786376645.818554) can0 39D#AC030801
(1786376645.858500) can0 39D#AD040801
(1786376645.898436) can0 33D#0000FFFFFFFFFFFF
(1786376645.898659) can0 39D#AE050801
(1786376645.938523) can0 39D#AF060801
(1786376645.978450) can0 33D#0000FFFFFFFFFFFF
(1786376645.998582) can0 39D#B0070801
(1786376646.018526) can0 39D#B1080801
(1786376646.058555) can0 39D#B2090801
(1786376646.098583) can0 33D#0000FFFFFFFFFFFF
(1786376646.098963) can0 39D#B30A0801
(1786376646.138477) can0 39D#B40B0801
(1786376646.178515) can0 35D#0256555555555555
(1786376646.178875) can0 33D#0000FFFFFFFFFFFF
(1786376646.198569) can0 39D#B50C0801
(1786376646.218617) can0 39D#B60D0801
(1786376646.258542) can0 39D#B70E0801
(1786376646.298472) can0 33D#0000FFFFFFFFFFFF
(1786376646.298719) can0 39D#B80F0801
(1786376646.338560) can0 39D#A9000801
(1786376646.378448) can0 33D#0000FFFFFFFFFFFF
(1786376646.398629) can0 39D#AA010801
(1786376646.418478) can0 39D#AB020801
(1786376646.458530) can0 39D#AC030801
(1786376646.498527) can0 33D#0000FFFFFFFFFFFF
(1786376646.498949) can0 39D#AD040801
(1786376646.538440) can0 39D#AE050801
(1786376646.578452) can0 33D#0000FFFFFFFFFFFF
(1786376646.598591) can0 39D#AF060801
(1786376646.618854) can0 39D#B0070801
(1786376646.658513) can0 39D#B1080801
(1786376646.698435) can0 33D#0000FFFFFFFFFFFF
(1786376646.698787) can0 39D#B2090801
(1786376646.738523) can0 39D#B30A0801
(1786376646.778603) can0 33D#0000FFFFFFFFFFFF
(1786376646.798603) can0 39D#B40B0801
(1786376646.818696) can0 39D#B50C0801
(1786376646.858507) can0 39D#B60D0801
(1786376646.898553) can0 33D#0000FFFFFFFFFFFF
(1786376646.898939) can0 39D#B70E0801
(1786376646.938411) can0 39D#B80F0801
(1786376646.978606) can0 33D#0000FFFFFFFFFFFF
(1786376646.998625) can0 39D#A9000801
(1786376647.018657) can0 39D#AA010801
(1786376647.058468) can0 39D#AB020801
(1786376647.098528) can0 33D#0000FFFFFFFFFFFF
(1786376647.099000) can0 39D#AC030801
(1786376647.138456) can0 39D#AD040801
(1786376647.178494) can0 35D#0355555555555555
(1786376647.178784) can0 32D#0A01000000007000
(1786376647.179121) can0 33D#0000FFFFFFFFFFFF
(1786376647.198594) can0 39D#AE050801
(1786376647.218640) can0 39D#AF060801
(1786376647.258497) can0 39D#B0070801
(1786376647.298530) can0 33D#0000FFFFFFFFFFFF
(1786376647.298918) can0 39D#B1080801
(1786376647.338409) can0 39D#B2090801
(1786376647.378609) can0 33D#0000FFFFFFFFFFFF
(1786376647.398592) can0 39D#B30A0801
(1786376647.418663) can0 39D#B40B0801
(1786376647.458524) can0 39D#B50C0801
(1786376647.498521) can0 33D#0000FFFFFFFFFFFF
(1786376647.498833) can0 39D#B60D0801
(1786376647.538601) can0 39D#B70E0801
(1786376647.578481) can0 33D#0000FFFFFFFFFFFF
(1786376647.598638) can0 39D#B80F0801
(1786376647.618475) can0 39D#A9000801
(1786376647.658468) can0 39D#AA010801
(1786376647.698653) can0 33D#0000FFFFFFFFFFFF
(1786376647.699136) can0 39D#AB020801
(1786376647.738502) can0 39D#AC030801
(1786376647.778438) can0 33D#0000FFFFFFFFFFFF
(1786376647.798584) can0 39D#AD040801
(1786376647.818575) can0 39D#AE050801
(1786376647.858452) can0 39D#AF060801
(1786376647.898771) can0 33D#0000FFFFFFFFFFFF
(1786376647.899358) can0 39D#B0070801
(1786376647.938538) can0 39D#B1080801
(1786376647.978711) can0 33D#0000FFFFFFFFFFFF
(1786376647.998546) can0 39D#B2090801
(1786376648.018776) can0 39D#B30A0801
(1786376648.058595) can0 39D#B40B0801
(1786376648.098456) can0 33D#0000FFFFFFFFFFFF
(1786376648.098794) can0 39D#B50C0801
(1786376648.138582) can0 39D#B60D0801
(1786376648.178507) can0 35D#0455555555555555
(1786376648.178937) can0 33D#0000FFFFFFFFFFFF
(1786376648.198570) can0 39D#B70E0801
(1786376648.218678) can0 39D#B80F0801
(1786376648.258491) can0 39D#A9000801
(1786376648.298415) can0 33D#0000FFFFFFFFFFFF
(1786376648.298678) can0 39D#AA010801
(1786376648.338524) can0 39D#AB020801
(1786376648.378521) can0 33D#0000FFFFFFFFFFFF
(1786376648.398625) can0 39D#AC030801
(1786376648.418457) can0 39D#AD040801
(1786376648.458489) can0 39D#AE050801
(1786376648.498476) can0 33D#0000FFFFFFFFFFFF
(1786376648.498780) can0 39D#AF060801
(1786376648.538578) can0 39D#B0070801
(1786376648.578514) can0 33D#0000FFFFFFFFFFFF
(1786376648.598522) can0 39D#B1080801
(1786376648.618658) can0 39D#B2090801
(1786376648.658491) can0 39D#B30A0801
(1786376648.698710) can0 33D#0000FFFFFFFFFFFF
(1786376648.699094) can0 39D#B40B0801
(1786376648.738442) can0 39D#B50C0801
(1786376648.778433) can0 33D#0000FFFFFFFFFFFF
(1786376648.798631) can0 39D#B60D0801
(1786376648.818735) can0 39D#B70E0801
(1786376648.858492) can0 39D#B80F0801
(1786376648.898483) can0 33D#0000FFFFFFFFFFFF
(1786376648.898936) can0 39D#A9000801
(1786376648.938427) can0 39D#AA010801
(1786376648.978455) can0 33D#0000FFFFFFFFFFFF
(1786376648.998553) can0 39D#AB020801
(1786376649.018625) can0 39D#AC030801
(1786376649.058378) can0 39D#AD040801
(1786376649.098561) can0 33D#0000FFFFFFFFFFFF
(1786376649.099011) can0 39D#AE050801
(1786376649.138561) can0 39D#AF060801
(1786376649.178470) can0 35D#0555555555555555
(1786376649.178815) can0 32D#0B00020101000000
(1786376649.179092) can0 33D#0000FFFFFFFFFFFF
(1786376649.198603) can0 39D#B0070801
(1786376649.218549) can0 39D#B1080801
(1786376649.258499) can0 39D#B2090801
(1786376649.298631) can0 33D#0000FFFFFFFFFFFF
(1786376649.299019) can0 39D#B30A0801
(1786376649.338465) can0 39D#B40B0801
(1786376649.378499) can0 33D#0000FFFFFFFFFFFF
(1786376649.398607) can0 39D#B50C0801
(1786376649.418485) can0 39D#B60D0801
(1786376649.458497) can0 39D#B70E0801
(1786376649.498386) can0 33D#0000FFFFFFFFFFFF
(1786376649.498756) can0 39D#B80F0801
(1786376649.538307) can0 39D#A9000801
(1786376649.578392) can0 33D#0000FFFFFFFFFFFF
(1786376649.598553) can0 39D#AA010801
(1786376649.618392) can0 39D#AB020801
(1786376649.658405) can0 39D#AC030801
(1786376649.698403) can0 33D#0000FFFFFFFFFFFF
(1786376649.698652) can0 39D#AD040801
(1786376649.738448) can0 39D#AE050801
(1786376649.778519) can0 33D#0000FFFFFFFFFFFF
(1786376649.798539) can0 39D#AF060801
(1786376649.818603) can0 39D#B0070801
(1786376649.858474) can0 39D#B1080801
(1786376649.898505) can0 33D#0000FFFFFFFFFFFF
(1786376649.898909) can0 39D#B2090801
(1786376649.938593) can0 39D#B30A0801
(1786376649.978454) can0 33D#0000FFFFFFFFFFFF
(1786376649.998562) can0 39D#B40B0801
(1786376650.018620) can0 39D#B50C0801
(1786376650.058472) can0 39D#B60D0801
(1786376650.098345) can0 33D#0000FFFFFFFFFFFF
(1786376650.098587) can0 39D#B70E0801
(1786376650.138397) can0 39D#B80F0801
(1786376650.178491) can0 35D#0655556555555559
(1786376650.178819) can0 33D#0000FFFFFFFFFFFF
(1786376650.198545) can0 39D#A9000801
(1786376650.218422) can0 39D#AA010801
(1786376650.258438) can0 39D#AB020801
(1786376650.362800) can0 33D#0000FFFFFFFFFFFF
(1786376650.372724) can0 39D#AC030801
(1786376650.374785) can0 39D#AD040801
(1786376650.379477) can0 33D#0000FFFFFFFFFFFF
(1786376650.398583) can0 39D#AE050801
(1786376650.418474) can0 39D#AF060801
(1786376650.458436) can0 39D#B0070801
(1786376650.498365) can0 33D#0000FFFFFFFFFFFF
(1786376650.498658) can0 39D#B1080801
(1786376650.538435) can0 39D#B2090801
(1786376650.578397) can0 33D#0000FFFFFFFFFFFF
(1786376650.598601) can0 39D#B30A0801
(1786376650.618442) can0 39D#B40B0801
(1786376650.658428) can0 39D#B50C0801
(1786376650.698427) can0 33D#0000FFFFFFFFFFFF
(1786376650.698741) can0 39D#B60D0801
(1786376650.738434) can0 39D#B70E0801
(1786376650.778406) can0 33D#0000FFFFFFFFFFFF
(1786376650.798566) can0 39D#B80F0801
(1786376650.818574) can0 39D#A9000801
(1786376650.858567) can0 39D#AA010801
(1786376650.898475) can0 33D#0000FFFFFFFFFFFF
(1786376650.898963) can0 39D#AB020801
(1786376650.938462) can0 39D#AC030801
(1786376650.978456) can0 33D#0000FFFFFFFFFFFF
(1786376650.998452) can0 39D#AD040801
(1786376651.018450) can0 39D#AE050801
(1786376651.058364) can0 39D#AF060801
(1786376651.098360) can0 33D#0000FFFFFFFFFFFF
(1786376651.098688) can0 39D#B0070801
(1786376651.138444) can0 39D#B1080801
(1786376651.178535) can0 35D#07555595552A0000
(1786376651.178830) can0 32D#0D0000008D792021
(1786376651.179105) can0 33D#0000FFFFFFFFFFFF
(1786376651.198661) can0 39D#B2090801
(1786376651.218605) can0 39D#B30A0801
(1786376651.258378) can0 39D#B40B0801
(1786376651.298355) can0 33D#0000FFFFFFFFFFFF
(1786376651.298609) can0 39D#B50C0801
(1786376651.338400) can0 39D#B60D0801
(1786376651.378480) can0 33D#0000FFFFFFFFFFFF
(1786376651.398538) can0 39D#B70E0801
(1786376651.418538) can0 39D#B80F0801
(1786376651.458517) can0 39D#A9000801
(1786376651.498393) can0 33D#0000FFFFFFFFFFFF
(1786376651.498773) can0 39D#AA010801
(1786376651.538452) can0 39D#AB020801
(1786376651.578403) can0 33D#0000FFFFFFFFFFFF
(1786376651.598565) can0 39D#AC030801
(1786376651.618570) can0 39D#AD040801
(1786376651.658470) can0 39D#AE050801
(1786376651.698462) can0 33D#0000FFFFFFFFFFFF
(1786376651.698838) can0 39D#AF060801
(1786376651.738445) can0 39D#B0070801
(1786376651.778525) can0 33D#0000FFFFFFFFFFFF
(1786376651.798549) can0 39D#B1080801
(1786376651.818647) can0 39D#B2090801
(1786376651.858409) can0 39D#B30A0801
(1786376651.898597) can0 33D#0000FFFFFFFFFFFF
(1786376651.899022) can0 39D#B40B0801
(1786376651.938424) can0 39D#B50C0801
(1786376651.978529) can0 33D#0000FFFFFFFFFFFF
(1786376651.998489) can0 39D#B60D0801
(1786376652.018346) can0 39D#B70E0801
(1786376652.058421) can0 39D#B80F0801
(1786376652.098380) can0 33D#0000FFFFFFFFFFFF
(1786376652.098642) can0 39D#A9000801
(1786376652.138447) can0 39D#AA010801
(1786376652.178419) can0 35D#0055555555555555
(1786376652.178746) can0 33D#0000FFFFFFFFFFFF
(1786376652.198463) can0 39D#AB020801
(1786376652.218421) can0 39D#AC030801
(1786376652.258377) can0 39D#AD040801
(1786376652.298362) can0 33D#0000FFFFFFFFFFFF
(1786376652.298719) can0 39D#AE050801
(1786376652.338390) can0 39D#AF060801
(1786376652.378385) can0 33D#0000FFFFFFFFFFFF
(1786376652.398617) can0 39D#B0070801
(1786376652.418451) can0 39D#B1080801
(1786376652.458450) can0 39D#B2090801
(1786376652.498318) can0 33D#0000FFFFFFFFFFFF
(1786376652.498699) can0 39D#B30A0801
(1786376652.538403) can0 39D#B40B0801
(1786376652.578399) can0 33D#0000FFFFFFFFFFFF
(1786376652.598484) can0 39D#B50C0801
(1786376652.618588) can0 39D#B60D0801
(1786376652.658398) can0 39D#B70E0801
(1786376652.698341) can0 33D#0000FFFFFFFFFFFF
(1786376652.698594) can0 39D#B80F0801
(1786376652.738458) can0 39D#A9000801
(1786376652.778366) can0 33D#0000FFFFFFFFFFFF
(1786376652.798533) can0 39D#AA010801
(1786376652.818355) can0 39D#AB020801
(1786376652.858357) can0 39D#AC030801
(1786376652.898315) can0 33D#0000FFFFFFFFFFFF
(1786376652.898597) can0 39D#AD040801
(1786376652.938302) can0 39D#AE050801
(1786376652.978449) can0 33D#0000FFFFFFFFFFFF
(1786376652.998541) can0 39D#AF060801
(1786376653.018467) can0 39D#B0070801
(1786376653.058438) can0 39D#B1080801
(1786376653.098530) can0 33D#0000FFFFFFFFFFFF
(1786376653.098991) can0 39D#B2090801
(1786376653.138571) can0 39D#B30A0801
(1786376653.178651) can0 35D#0155555555555555
(1786376653.179071) can0 32D#1405000060FCB070
(1786376653.179455) can0 33D#0000FFFFFFFFFFFF
(1786376653.198533) can0 39D#B40B0801
(1786376653.218562) can0 39D#B50C0801
(1786376653.258436) can0 39D#B60D0801
(1786376653.298456) can0 33D#0000FFFFFFFFFFFF
(1786376653.298933) can0 39D#B70E0801
(1786376653.338410) can0 39D#B80F0801
(1786376653.378439) can0 33D#0000FFFFFFFFFFFF
(1786376653.398528) can0 39D#A9000801
(1786376653.418597) can0 39D#AA010801
(1786376653.458370) can0 39D#AB020801
(1786376653.498471) can0 33D#0000FFFFFFFFFFFF
(1786376653.498878) can0 39D#AC030801
(1786376653.538461) can0 39D#AD040801
(1786376653.578526) can0 33D#0000FFFFFFFFFFFF
(1786376653.598485) can0 39D#AE050801
(1786376653.618670) can0 39D#AF060801
(1786376653.658434) can0 39D#B0070801
(1786376653.698496) can0 33D#0000FFFFFFFFFFFF
(1786376653.698847) can0 39D#B1080801
(1786376653.738363) can0 39D#B2090801
(1786376653.778430) can0 33D#0000FFFFFFFFFFFF
(1786376653.798470) can0 39D#B30A0801
(1786376653.818473) can0 39D#B40B0801
(1786376653.858449) can0 39D#B50C0801
(1786376653.898441) can0 33D#0000FFFFFFFFFFFF
(1786376653.898797) can0 39D#B60D0801
(1786376653.938296) can0 39D#B70E0801
(1786376653.978408) can0 33D#0000FFFFFFFFFFFF
(1786376653.998577) can0 39D#B80F0801
(1786376654.018595) can0 39D#A9000801
(1786376654.058384) can0 39D#AA010801
(1786376654.098334) can0 33D#0000FFFFFFFFFFFF
(1786376654.098656) can0 39D#AB020801
(1786376654.138441) can0 39D#AC030801
(1786376654.178499) can0 35D#0256555555555555
(1786376654.179015) can0 33D#0000FFFFFFFFFFFF
(1786376654.198473) can0 39D#AD040801
(1786376654.218324) can0 39D#AE050801
(1786376654.258458) can0 39D#AF060801
(1786376654.298411) can0 33D#0000FFFFFFFFFFFF
(1786376654.298837) can0 39D#B0070801
(1786376654.338307) can0 39D#B1080801
(1786376654.378392) can0 33D#0000FFFFFFFFFFFF
(1786376654.398500) can0 39D#B2090801
(1786376654.418532) can0 39D#B30A0801
(1786376654.458418) can0 39D#B40B0801
(1786376654.498464) can0 33D#0000FFFFFFFFFFFF
(1786376654.498862) can0 39D#B50C0801
(1786376654.538390) can0 39D#B60D0801
(1786376654.578484) can0 33D#0000FFFFFFFFFFFF
(1786376654.598478) can0 39D#B70E0801
(1786376654.618419) can0 39D#B80F0801
(1786376654.658339) can0 39D#A9000801
(1786376654.698362) can0 33D#0000FFFFFFFFFFFF
(1786376654.698782) can0 39D#AA010801
(1786376654.738309) can0 39D#AB020801
(1786376654.778285) can0 33D#0000FFFFFFFFFFFF
(1786376654.798376) can0 39D#AC030801
(1786376654.818313) can0 39D#AD040801
(1786376654.858431) can0 39D#AE050801
(1786376654.898344) can0 33D#0000FFFFFFFFFFFF
(1786376654.898591) can0 39D#AF060801
(1786376654.938409) can0 39D#B0070801
(1786376654.978278) can0 33D#0000FFFFFFFFFFFF
(1786376654.998419) can0 39D#B1080801
(1786376655.018260) can0 39D#B2090801
(1786376655.058381) can0 39D#B30A0801
(1786376655.098365) can0 33D#0000FFFFFFFFFFFF
(1786376655.098671) can0 39D#B40B0801
(1786376655.138360) can0 39D#B50C0801
(1786376655.178268) can0 35D#0355555555555555
(1786376655.178506) can0 32D#16000000E4ACA32F
(1786376655.178761) can0 33D#0000FFFFFFFFFFFF
(1786376655.198558) can0 39D#B60D0801
(1786376655.218354) can0 39D#B70E0801
(1786376655.258305) can0 39D#B80F0801
(1786376655.298355) can0 33D#0000FFFFFFFFFFFF
(1786376655.298763) can0 39D#A9000801
(1786376655.338329) can0 39D#AA010801
(1786376655.378422) can0 33D#0000FFFFFFFFFFFF
(1786376655.398402) can0 39D#AB020801
(1786376655.418528) can0 39D#AC030801
(1786376655.458426) can0 39D#AD040801
(1786376655.498339) can0 33D#0000FFFFFFFFFFFF
(1786376655.498673) can0 39D#AE050801
(1786376655.538269) can0 39D#AF060801
(1786376655.578310) can0 33D#0000FFFFFFFFFFFF
(1786376655.598401) can0 39D#B0070801
(1786376655.618263) can0 39D#B1080801
(1786376655.658331) can0 39D#B2090801
(1786376655.698268) can0 33D#0000FFFFFFFFFFFF
(1786376655.698509) can0 39D#B30A0801
(1786376655.738231) can0 39D#B40B0801
(1786376655.778284) can0 33D#0000FFFFFFFFFFFF
(1786376655.798442) can0 39D#B50C0801
(1786376655.818276) can0 39D#B60D0801
(1786376655.858365) can0 39D#B70E0801
(1786376655.898346) can0 33D#0000FFFFFFFFFFFF
(1786376655.898645) can0 39D#B80F0801
(1786376655.938236) can0 39D#A9000801
(1786376655.978390) can0 33D#0000FFFFFFFFFFFF
(1786376655.998386) can0 39D#AA010801
(1786376656.018331) can0 39D#AB020801
(1786376656.058382) can0 39D#AC030801
(1786376656.098371) can0 33D#0000FFFFFFFFFFFF
(1786376656.098739) can0 39D#AD040801
(1786376656.138316) can0 39D#AE050801
(1786376656.178315) can0 35D#0455555555555555
(1786376656.178615) can0 33D#0000FFFFFFFFFFFF
(1786376656.198651) can0 39D#AF060801
(1786376656.218410) can0 39D#B0070801
(1786376656.258351) can0 39D#B1080801
(1786376656.298336) can0 33D#0000FFFFFFFFFFFF
(1786376656.298637) can0 39D#B2090801
(1786376656.338332) can0 39D#B30A0801
(1786376656.378204) can0 33D#0000FFFFFFFFFFFF
(1786376656.398422) can0 39D#B40B0801
(1786376656.418248) can0 39D#B50C0801
(1786376656.458258) can0 39D#B60D0801
(1786376656.498237) can0 33D#0000FFFFFFFFFFFF
(1786376656.498481) can0 39D#B70E0801
(1786376656.538294) can0 39D#B80F0801
(1786376656.578344) can0 33D#0000FFFFFFFFFFFF
(1786376656.598395) can0 39D#A9000801
(1786376656.618242) can0 39D#AA010801
(1786376656.658321) can0 39D#AB020801
(1786376656.698269) can0 33D#0000FFFFFFFFFFFF
(1786376656.698533) can0 39D#AC030801
(1786376656.738268) can0 39D#AD040801
(1786376656.778270) can0 33D#0000FFFFFFFFFFFF
(1786376656.798404) can0 39D#AE050801
(1786376656.818291) can0 39D#AF060801
(1786376656.858281) can0 39D#B0070801
(1786376656.898306) can0 33D#0000FFFFFFFFFFFF
(1786376656.898586) can0 39D#B1080801
(1786376656.938326) can0 39D#B2090801
(1786376656.978259) can0 33D#0000FFFFFFFFFFFF
(1786376656.998368) can0 39D#B30A0801
(1786376657.018187) can0 39D#B40B0801
(1786376657.058287) can0 39D#B50C0801
(1786376657.098267) can0 33D#0000FFFFFFFFFFFF
(1786376657.098500) can0 39D#B60D0801
(1786376657.138265) can0 39D#B70E0801
(1786376657.178211) can0 35D#0555555555555555
(1786376657.178444) can0 32D#0A01000000007000
(1786376657.178646) can0 33D#0000FFFFFFFFFFFF
(1786376657.198404) can0 39D#B80F0801
(1786376657.218495) can0 39D#A9000801
(1786376657.258332) can0 39D#AA010801
(1786376657.298326) can0 33D#0000FFFFFFFFFFFF
(1786376657.298698) can0 39D#AB020801
(1786376657.338317) can0 39D#AC030801
(1786376657.378233) can0 33D#0000FFFFFFFFFFFF
(1786376657.398465) can0 39D#AD040801
(1786376657.418368) can0 39D#AE050801
(1786376657.458328) can0 39D#AF060801
(1786376657.498404) can0 33D#0000FFFFFFFFFFFF
(1786376657.498895) can0 39D#B0070801
(1786376657.538313) can0 39D#B1080801
(1786376657.578275) can0 33D#0000FFFFFFFFFFFF
(1786376657.598540) can0 39D#B2090801
(1786376657.618490) can0 39D#B30A0801
(1786376657.658262) can0 39D#B40B0801
(1786376657.698500) can0 33D#0000FFFFFFFFFFFF
(1786376657.698944) can0 39D#B50C0801
(1786376657.738360) can0 39D#B60D0801
(1786376657.778488) can0 33D#0000FFFFFFFFFFFF
(1786376657.798387) can0 39D#B70E0801
(1786376657.818414) can0 39D#B80F0801
(1786376657.858327) can0 39D#A9000801
(1786376657.898374) can0 33D#0000FFFFFFFFFFFF
(1786376657.898713) can0 39D#AA010801
(1786376657.938311) can0 39D#AB020801
(1786376657.978403) can0 33D#0000FFFFFFFFFFFF
(1786376657.998450) can0 39D#AC030801
(1786376658.018275) can0 39D#AD040801
(1786376658.058294) can0 39D#AE050801
(1786376658.098253) can0 33D#0000FFFFFFFFFFFF
(1786376658.098504) can0 39D#AF060801
(1786376658.138249) can0 39D#B0070801
(1786376658.178253) can0 35D#0655556555555559
(1786376658.178564) can0 33D#0000FFFFFFFFFFFF
(1786376658.198398) can0 39D#B1080801
(1786376658.218349) can0 39D#B2090801
(1786376658.258387) can0 39D#B30A0801
(1786376658.298404) can0 33D#0000FFFFFFFFFFFF
(1786376658.298793) can0 39D#B40B0801
(1786376658.338386) can0 39D#B50C0801
(1786376658.378389) can0 33D#0000FFFFFFFFFFFF
(1786376658.398355) can0 39D#B60D0801
(1786376658.418313) can0 39D#B70E0801
(1786376658.458359) can0 39D#B80F0801
(1786376658.498336) can0 33D#0000FFFFFFFFFFFF
(1786376658.498662) can0 39D#A9000801
(1786376658.538357) can0 39D#AA010801
(1786376658.578311) can0 33D#0000FFFFFFFFFFFF
(1786376658.598517) can0 39D#AB020801
(1786376658.618445) can0 39D#AC030801
(1786376658.658325) can0 39D#AD040801
(1786376658.698468) can0 33D#0000FFFFFFFFFFFF
(1786376658.698898) can0 39D#AE050801
(1786376658.738205) can0 39D#AF060801
(1786376658.778355) can0 33D#0000FFFFFFFFFFFF
(1786376658.798451) can0 39D#B0070801
(1786376658.818377) can0 39D#B1080801
(1786376658.858348) can0 39D#B2090801
(1786376658.898293) can0 33D#0000FFFFFFFFFFFF
(1786376658.898607) can0 39D#B30A0801
(1786376658.938301) can0 39D#B40B0801
(1786376658.978359) can0 33D#0000FFFFFFFFFFFF
(1786376658.998409) can0 39D#B50C0801
(1786376659.018367) can0 39D#B60D0801
(1786376659.058308) can0 39D#B70E0801
(1786376659.098299) can0 33D#0000FFFFFFFFFFFF
(1786376659.098684) can0 39D#B80F0801
(1786376659.138396) can0 39D#A9000801
(1786376659.178223) can0 35D#07555595552A0000
(1786376659.178716) can0 32D#0B00020101000000
(1786376659.179026) can0 33D#0000FFFFFFFFFFFF
(1786376659.198542) can0 39D#AA010801
(1786376659.218423) can0 39D#AB020801
(1786376659.258288) can0 39D#AC030801
(1786376659.298428) can0 33D#0000FFFFFFFFFFFF
(1786376659.298779) can0 39D#AD040801
(1786376659.338347) can0 39D#AE050801
(1786376659.378161) can0 33D#0000FFFFFFFFFFFF
(1786376659.398456) can0 39D#AF060801
(1786376659.418316) can0 39D#B0070801
(1786376659.458282) can0 39D#B1080801
(1786376659.498290) can0 33D#0000FFFFFFFFFFFF
(1786376659.498613) can0 39D#B2090801
(1786376659.538256) can0 39D#B30A0801
(1786376659.578220) can0 33D#0000FFFFFFFFFFFF
(1786376659.598340) can0 39D#B40B0801
(1786376659.618253) can0 39D#B50C0801
(1786376659.658276) can0 39D#B60D0801
(1786376659.698285) can0 33D#0000FFFFFFFFFFFF
(1786376659.698671) can0 39D#B70E0801
(1786376659.738249) can0 39D#B80F0801
(1786376659.778230) can0 33D#0000FFFFFFFFFFFF
(1786376659.798470) can0 39D#A9000801
(1786376659.818148) can0 39D#AA010801
(1786376659.858259) can0 39D#AB020801
(1786376659.898284) can0 33D#0000FFFFFFFFFFFF
(1786376659.898618) can0 39D#AC030801
(1786376659.938214) can0 39D#AD040801
(1786376659.978269) can0 33D#0000FFFFFFFFFFFF
(1786376659.998386) can0 39D#AE050801
(1786376660.018341) can0 39D#AF060801
(1786376660.058316) can0 39D#B0070801
(1786376660.098297) can0 33D#0000FFFFFFFFFFFF
(1786376660.098704) can0 39D#B1080801
(1786376660.138284) can0 39D#B2090801
(1786376660.178252) can0 35D#0055555555555555
(1786376660.178525) can0 33D#0000FFFFFFFFFFFF
(1786376660.198415) can0 39D#B30A0801
(1786376660.218296) can0 39D#B40B0801
(1786376660.258469) can0 39D#B50C0801
(1786376660.298431) can0 33D#0000FFFFFFFFFFFF
(1786376660.298879) can0 39D#B60D0801
(1786376660.338217) can0 39D#B70E0801
(1786376660.378260) can0 33D#0000FFFFFFFFFFFF
(1786376660.398380) can0 39D#B80F0801
(1786376660.418311) can0 39D#A9000801
(1786376660.458368) can0 39D#AA010801
(1786376660.498419) can0 33D#0000FFFFFFFFFFFF
(1786376660.498818) can0 39D#AB020801
(1786376660.538312) can0 39D#AC030801
(1786376660.578451) can0 33D#0000FFFFFFFFFFFF
(1786376660.598366) can0 39D#AD040801
(1786376660.618209) can0 39D#AE050801
(1786376660.658303) can0 39D#AF060801
(1786376660.698421) can0 33D#0000FFFFFFFFFFFF
(1786376660.698853) can0 39D#B0070801
(1786376660.738250) can0 39D#B1080801
(1786376660.778238) can0 33D#0000FFFFFFFFFFFF
(1786376660.798345) can0 39D#B2090801
(1786376660.818304) can0 39D#B30A0801
(1786376660.858293) can0 39D#B40B0801
(1786376660.898266) can0 33D#0000FFFFFFFFFFFF
(1786376660.898624) can0 39D#B50C0801
(1786376660.938264) can0 39D#B60D0801
(1786376660.978192) can0 33D#0000FFFFFFFFFFFF
(1786376660.998313) can0 39D#B70E0801
(1786376661.018218) can0 39D#B80F0801
(1786376661.058271) can0 39D#A9000801
(1786376661.098184) can0 33D#0000FFFFFFFFFFFF
(1786376661.098570) can0 39D#AA010801
(1786376661.138309) can0 39D#AB020801
(1786376661.178284) can0 35D#0155555555555555
(1786376661.178580) can0 32D#0D0000008D792021
(1786376661.178813) can0 33D#0000FFFFFFFFFFFF
(1786376661.198434) can0 39D#AC030801
(1786376661.218454) can0 39D#AD040801
(1786376661.258275) can0 39D#AE050801
(1786376661.298394) can0 33D#0000FFFFFFFFFFFF
(1786376661.298785) can0 39D#AF060801
(1786376661.338238) can0 39D#B0070801
(1786376661.378282) can0 33D#0000FFFFFFFFFFFF
(1786376661.398323) can0 39D#B1080801
(1786376661.418409) can0 39D#B2090801
(1786376661.458325) can0 39D#B30A0801
(1786376661.498258) can0 33D#0000FFFFFFFFFFFF
(1786376661.498673) can0 39D#B40B0801
(1786376661.538246) can0 39D#B50C0801
(1786376661.578197) can0 33D#0000FFFFFFFFFFFF
(1786376661.598411) can0 39D#B60D0801
(1786376661.618395) can0 39D#B70E0801
(1786376661.658180) can0 39D#B80F0801
(1786376661.698319) can0 33D#0000FFFFFFFFFFFF
(1786376661.698728) can0 39D#A9000801
(1786376661.738279) can0 39D#AA010801
(1786376661.778238) can0 33D#0000FFFFFFFFFFFF
(1786376661.798391) can0 39D#AB020801
(1786376661.818333) can0 39D#AC030801
(1786376661.858273) can0 39D#AD040801
(1786376661.898278) can0 33D#0000FFFFFFFFFFFF
(1786376661.898652) can0 39D#AE050801
(1786376661.938248) can0 39D#AF060801
(1786376661.978316) can0 33D#0000FFFFFFFFFFFF
(1786376661.998364) can0 39D#B0070801
(1786376662.018320) can0 39D#B1080801
(1786376662.058206) can0 39D#B2090801
(1786376662.098220) can0 33D#0000FFFFFFFFFFFF
(1786376662.098624) can0 39D#B30A0801
(1786376662.138167) can0 39D#B40B0801
(1786376662.178212) can0 35D#0256555555555555
(1786376662.178524) can0 33D#0000FFFFFFFFFFFF
(1786376662.198395) can0 39D#B50C0801
(1786376662.218436) can0 39D#B60D0801
(1786376662.258270) can0 39D#B70E0801
(1786376662.298329) can0 33D#0000FFFFFFFFFFFF
(1786376662.298701) can0 39D#B80F0801
(1786376662.338185) can0 39D#A9000801
(1786376662.378461) can0 33D#0000FFFFFFFFFFFF
(1786376662.398283) can0 39D#AA010801
(1786376662.418195) can0 39D#AB020801
(1786376662.458294) can0 39D#AC030801
(1786376662.498168) can0 33D#0000FFFFFFFFFFFF
(1786376662.498522) can0 39D#AD040801
(1786376662.538117) can0 39D#AE050801
(1786376662.578252) can0 33D#0000FFFFFFFFFFFF
(1786376662.598430) can0 39D#AF060801
(1786376662.618261) can0 39D#B0070801
(1786376662.658198) can0 39D#B1080801
(1786376662.698208) can0 33D#0000FFFFFFFFFFFF
(1786376662.698579) can0 39D#B2090801
(1786376662.738194) can0 39D#B30A0801
(1786376662.778221) can0 33D#0000FFFFFFFFFFFF
(1786376662.798462) can0 39D#B40B0801
(1786376662.818154) can0 39D#B50C0801
(1786376662.858298) can0 39D#B60D0801
(1786376662.898288) can0 33D#0000FFFFFFFFFFFF
(1786376662.898718) can0 39D#B70E0801
(1786376662.938227) can0 39D#B80F0801
(1786376662.978212) can0 33D#0000FFFFFFFFFFFF
(1786376662.998332) can0 39D#A9000801
(1786376663.018384) can0 39D#AA010801
(1786376663.058279) can0 39D#AB020801
(1786376663.098286) can0 33D#0000FFFFFFFFFFFF
(1786376663.098671) can0 39D#AC030801
(1786376663.138134) can0 39D#AD040801
(1786376663.178165) can0 35D#0355555555555555
(1786376663.178493) can0 32D#1405000060FCB070
(1786376663.178761) can0 33D#0000FFFFFFFFFFFF
(1786376663.198341) can0 39D#AE050801
(1786376663.218132) can0 39D#AF060801
(1786376663.258291) can0 39D#B0070801
(1786376663.298231) can0 33D#0000FFFFFFFFFFFF
(1786376663.298633) can0 39D#B1080801
(1786376663.338166) can0 39D#B2090801
(1786376663.378245) can0 33D#0000FFFFFFFFFFFF
(1786376663.398310) can0 39D#B30A0801
(1786376663.418250) can0 39D#B40B0801
(1786376663.458277) can0 39D#B50C0801
(1786376663.498233) can0 33D#0000FFFFFFFFFFFF
(1786376663.498582) can0 39D#B60D0801
(1786376663.538302) can0 39D#B70E0801
(1786376663.578347) can0 33D#0000FFFFFFFFFFFF
(1786376663.598405) can0 39D#B80F0801
(1786376663.618232) can0 39D#A9000801
(1786376663.658234) can0 39D#AA010801
(1786376663.698290) can0 33D#0000FFFFFFFFFFFF
(1786376663.698649) can0 39D#AB020801
(1786376663.738281) can0 39D#AC030801
(1786376663.778261) can0 33D#0000FFFFFFFFFFFF
(1786376663.798367) can0 39D#AD040801
(1786376663.818392) can0 39D#AE050801
(1786376663.858322) can0 39D#AF060801
(1786376663.898318) can0 33D#0000FFFFFFFFFFFF
(1786376663.898824) can0 39D#B0070801
(1786376663.938273) can0 39D#B1080801
(1786376663.978316) can0 33D#0000FFFFFFFFFFFF
(1786376663.998413) can0 39D#B2090801
(1786376664.018367) can0 39D#B30A0801
(1786376664.058235) can0 39D#B40B0801
(1786376664.098190) can0 33D#0000FFFFFFFFFFFF
(1786376664.098458) can0 39D#B50C0801
(1786376664.138249) can0 39D#B60D0801
(1786376664.178274) can0 35D#0455555555555555
(1786376664.178669) can0 33D#0000FFFFFFFFFFFF
(1786376664.198419) can0 39D#B70E0801
(1786376664.218290) can0 39D#B80F0801
(1786376664.258245) can0 39D#A9000801
(1786376664.298366) can0 33D#0000FFFFFFFFFFFF
(1786376664.298911) can0 39D#AA010801
(1786376664.338169) can0 39D#AB020801
(1786376664.378181) can0 33D#0000FFFFFFFFFFFF
(1786376664.398455) can0 39D#AC030801
(1786376664.418256) can0 39D#AD040801
(1786376664.458183) can0 39D#AE050801
(1786376664.498359) can0 33D#0000FFFFFFFFFFFF
(1786376664.498810) can0 39D#AF060801
(1786376664.538100) can0 39D#B0070801
(1786376664.578150) can0 33D#0000FFFFFFFFFFFF
(1786376664.598282) can0 39D#B1080801
(1786376664.618330) can0 39D#B2090801
(1786376664.658263) can0 39D#B30A0801
(1786376664.698253) can0 33D#0000FFFFFFFFFFFF
(1786376664.698665) can0 39D#B40B0801
(1786376664.738239) can0 39D#B50C0801
(1786376664.778396) can0 33D#0000FFFFFFFFFFFF
(1786376664.798367) can0 39D#B60D0801
(1786376664.818380) can0 39D#B70E0801
(1786376664.858318) can0 39D#B80F0801
(1786376664.898222) can0 33D#0000FFFFFFFFFFFF
(1786376664.898637) can0 39D#A9000801
(1786376664.938187) can0 39D#AA010801
(1786376664.978196) can0 33D#0000FFFFFFFFFFFF
(1786376664.998303) can0 39D#AB020801
(1786376665.018329) can0 39D#AC030801
(1786376665.058201) can0 39D#AD040801
(1786376665.098209) can0 33D#0000FFFFFFFFFFFF
(1786376665.098658) can0 39D#AE050801
(1786376665.138275) can0 39D#AF060801
(1786376665.178268) can0 35D#0555555555555555
(1786376665.178615) can0 32D#16000000E4ACA32F
(1786376665.178898) can0 33D#0000FFFFFFFFFFFF
(1786376665.198357) can0 39D#B0070801
(1786376665.218327) can0 39D#B1080801
(1786376665.258261) can0 39D#B2090801
(1786376665.298330) can0 33D#0000FFFFFFFFFFFF
(1786376665.298796) can0 39D#B30A0801
(1786376665.338264) can0 39D#B40B0801
(1786376665.378363) can0 33D#0000FFFFFFFFFFFF
(1786376665.398324) can0 39D#B50C0801
(1786376665.418440) can0 39D#B60D0801
(1786376665.458298) can0 39D#B70E0801
(1786376665.498190) can0 33D#0000FFFFFFFFFFFF
(1786376665.498574) can0 39D#B80F0801
(1786376665.538226) can0 39D#A9000801
(1786376665.578315) can0 33D#0000FFFFFFFFFFFF
(1786376665.598262) can0 39D#AA010801
(1786376665.618370) can0 39D#AB020801
(1786376665.658234) can0 39D#AC030801
(1786376665.698321) can0 33D#0000FFFFFFFFFFFF
(1786376665.698722) can0 39D#AD040801
(1786376665.738240) can0 39D#AE050801
(1786376665.778265) can0 33D#0000FFFFFFFFFFFF
(1786376665.798295) can0 39D#AF060801
(1786376665.818278) can0 39D#B0070801
(1786376665.858255) can0 39D#B1080801
(1786376665.898284) can0 33D#0000FFFFFFFFFFFF
(1786376665.898720) can0 39D#B2090801
(1786376665.938155) can0 39D#B30A0801
(1786376665.978248) can0 33D#0000FFFFFFFFFFFF
(1786376665.998446) can0 39D#B40B0801
(1786376666.018310) can0 39D#B50C0801
(1786376666.058205) can0 39D#B60D0801
(1786376666.098253) can0 33D#0000FFFFFFFFFFFF
(1786376666.098773) can0 39D#B70E0801
(1786376666.138191) can0 39D#B80F0801
(1786376666.178194) can0 35D#0655556555555559
(1786376666.178530) can0 33D#0000FFFFFFFFFFFF
(1786376666.198268) can0 39D#A9000801
(1786376666.218293) can0 39D#AA010801
(1786376666.258171) can0 39D#AB020801
(1786376666.298373) can0 33D#0000FFFFFFFFFFFF
(1786376666.298913) can0 39D#AC030801
(1786376666.338272) can0 39D#AD040801
(1786376666.378232) can0 33D#0000FFFFFFFFFFFF
(1786376666.398257) can0 39D#AE050801
(1786376666.418164) can0 39D#AF060801
(1786376666.458271) can0 39D#B0070801
(1786376666.498312) can0 33D#0000FFFFFFFFFFFF
(1786376666.498709) can0 39D#B1080801
(1786376666.538142) can0 39D#B2090801
(1786376666.578291) can0 33D#0000FFFFFFFFFFFF
(1786376666.598414) can0 39D#B30A0801
(1786376666.618196) can0 39D#B40B0801
(1786376666.658230) can0 39D#B50C0801
(1786376666.698067) can0 33D#0000FFFFFFFFFFFF
(1786376666.698511) can0 39D#B60D0801
(1786376666.738127) can0 39D#B70E0801
(1786376666.778139) can0 33D#0000FFFFFFFFFFFF
(1786376666.798290) can0 39D#B80F0801
(1786376666.818325) can0 39D#A9000801
(1786376666.858226) can0 39D#AA010801
(1786376666.898291) can0 33D#0000FFFFFFFFFFFF
(1786376666.898676) can0 39D#AB020801
(1786376666.938204) can0 39D#AC030801
(1786376666.978309) can0 33D#0000FFFFFFFFFFFF
(1786376666.998279) can0 39D#AD040801
(1786376667.018255) can0 39D#AE050801
(1786376667.058127) can0 39D#AF060801
(1786376667.098211) can0 33D#0000FFFFFFFFFFFF
(1786376667.098654) can0 39D#B0070801
(1786376667.138166) can0 39D#B1080801
(1786376667.178285) can0 35D#07555595552A0000
(1786376667.178730) can0 32D#0A01000000007000
(1786376667.179098) can0 33D#0000FFFFFFFFFFFF
(1786376667.198206) can0 39D#B2090801
(1786376667.218428) can0 39D#B30A0801
(1786376667.258189) can0 39D#B40B0801
(1786376667.298268) can0 33D#0000FFFFFFFFFFFF
(1786376667.298645) can0 39D#B50C0801
(1786376667.338118) can0 39D#B60D0801
(1786376667.378282) can0 33D#0000FFFFFFFFFFFF
(1786376667.398350) can0 39D#B70E0801
(1786376667.418248) can0 39D#B80F0801
(1786376667.458357) can0 39D#A9000801
(1786376667.498238) can0 33D#0000FFFFFFFFFFFF
(1786376667.498686) can0 39D#AA010801
(1786376667.538163) can0 39D#AB020801
(1786376667.578169) can0 33D#0000FFFFFFFFFFFF
(1786376667.598217) can0 39D#AC030801
(1786376667.618425) can0 39D#AD040801
(1786376667.658114) can0 39D#AE050801
(1786376667.698220) can0 33D#0000FFFFFFFFFFFF
(1786376667.698681) can0 39D#AF060801
(1786376667.738161) can0 39D#B0070801
(1786376667.778180) can0 33D#0000FFFFFFFFFFFF
(1786376667.798310) can0 39D#B1080801
(1786376667.818207) can0 39D#B2090801
(1786376667.858287) can0 39D#B30A0801
(1786376667.898167) can0 33D#0000FFFFFFFFFFFF
(1786376667.898619) can0 39D#B40B0801
(1786376667.938135) can0 39D#B50C0801
(1786376667.978142) can0 33D#0000FFFFFFFFFFFF
(1786376667.998370) can0 39D#B60D0801
(1786376668.018346) can0 39D#B70E0801
(1786376668.058140) can0 39D#B80F0801
(1786376668.098264) can0 33D#0000FFFFFFFFFFFF
(1786376668.098695) can0 39D#A9000801
(1786376668.138096) can0 39D#AA010801
(1786376668.178234) can0 35D#0055555555555555
(1786376668.178754) can0 33D#0000FFFFFFFFFFFF
(1786376668.198311) can0 39D#AB020801
(1786376668.218350) can0 39D#AC030801
(1786376668.258186) can0 39D#AD040801
(1786376668.298162) can0 33D#0000FFFFFFFFFFFF
(1786376668.298574) can0 39D#AE050801
(1786376668.338147) can0 39D#AF060801
(1786376668.378416) can0 33D#0000FFFFFFFFFFFF
(1786376668.398268) can0 39D#B0070801
(1786376668.418051) can0 39D#B1080801
(1786376668.458285) can0 39D#B2090801
(1786376668.498181) can0 33D#0000FFFFFFFFFFFF
(1786376668.498628) can0 39D#B30A0801
(1786376668.538116) can0 39D#B40B0801
(1786376668.578216) can0 33D#0000FFFFFFFFFFFF
(1786376668.598195) can0 39D#B50C0801
(1786376668.618328) can0 39D#B60D0801
(1786376668.658076) can0 39D#B70E0801
(1786376668.698368) can0 33D#0000FFFFFFFFFFFF
(1786376668.698724) can0 39D#B80F0801
(1786376668.738079) can0 39D#A9000801
(1786376668.778100) can0 33D#0000FFFFFFFFFFFF
(1786376668.798275) can0 39D#AA010801
(1786376668.818111) can0 39D#AB020801
(1786376668.858117) can0 39D#AC030801
(1786376668.898194) can0 33D#0000FFFFFFFFFFFF
(1786376668.898593) can0 39D#AD040801
(1786376668.938067) can0 39D#AE050801
(1786376668.978244) can0 33D#0000FFFFFFFFFFFF
(1786376668.998213) can0 39D#AF060801
(1786376669.018284) can0 39D#B0070801
(1786376669.058100) can0 39D#B1080801
(1786376669.098277) can0 33D#0000FFFFFFFFFFFF
(1786376669.098824) can0 39D#B2090801
(1786376669.138126) can0 39D#B30A0801
(1786376669.178175) can0 35D#0155555555555555
(1786376669.178558) can0 32D#0B00020101000000
(1786376669.178925) can0 33D#0000FFFFFFFFFFFF
(1786376669.198214) can0 39D#B40B0801
(1786376669.218300) can0 39D#B50C0801
(1786376669.258266) can0 39D#B60D0801
(1786376669.298092) can0 33D#0000FFFFFFFFFFFF
(1786376669.298425) can0 39D#B70E0801
(1786376669.338084) can0 39D#B80F0801
(1786376669.378121) can0 33D#0000FFFFFFFFFFFF
(1786376669.398224) can0 39D#A9000801
(1786376669.418067) can0 39D#AA010801
(1786376669.458171) can0 39D#AB020801
(1786376669.498257) can0 33D#0000FFFFFFFFFFFF
(1786376669.498635) can0 39D#AC030801
(1786376669.538039) can0 39D#AD040801
(1786376669.578090) can0 33D#0000FFFFFFFFFFFF
(1786376669.598223) can0 39D#AE050801
(1786376669.618178) can0 39D#AF060801
(1786376669.658247) can0 39D#B0070801
(1786376669.698038) can0 33D#0000FFFFFFFFFFFF
(1786376669.698350) can0 39D#B1080801
(1786376669.738127) can0 39D#B2090801
(1786376669.778090) can0 33D#0000FFFFFFFFFFFF
(1786376669.798217) can0 39D#B30A0801
(1786376669.818128) can0 39D#B40B0801
(1786376669.858090) can0 39D#B50C0801
(1786376669.898213) can0 33D#0000FFFFFFFFFFFF
(1786376669.898574) can0 39D#B60D0801
(1786376669.938100) can0 39D#B70E0801
(1786376669.978149) can0 33D#0000FFFFFFFFFFFF
(1786376669.998288) can0 39D#B80F0801
(1786376670.018117) can0 39D#A9000801
(1786376670.058127) can0 39D#AA010801
(1786376670.098246) can0 33D#0000FFFFFFFFFFFF
(1786376670.098705) can0 39D#AB020801
(1786376670.138062) can0 39D#AC030801
(1786376670.178020) can0 35D#0256555555555555
(1786376670.178343) can0 33D#0000FFFFFFFFFFFF
(1786376670.198333) can0 39D#AD040801
(1786376670.218128) can0 39D#AE050801
(1786376670.258142) can0 39D#AF060801
(1786376670.298350) can0 33D#0000FFFFFFFFFFFF
(1786376670.298782) can0 39D#B0070801
(1786376670.338124) can0 39D#B1080801
(1786376670.378097) can0 33D#0000FFFFFFFFFFFF
(1786376670.398247) can0 39D#B2090801
(1786376670.418327) can0 39D#B30A0801
(1786376670.458147) can0 39D#B40B0801
(1786376670.498154) can0 33D#0000FFFFFFFFFFFF
(1786376670.498536) can0 39D#B50C0801
(1786376670.538079) can0 39D#B60D0801
(1786376670.578130) can0 33D#0000FFFFFFFFFFFF
(1786376670.598344) can0 39D#B70E0801
(1786376670.618092) can0 39D#B80F0801
(1786376670.658089) can0 39D#A9000801
(1786376670.698158) can0 33D#0000FFFFFFFFFFFF
(1786376670.698513) can0 39D#AA010801
(1786376670.738020) can0 39D#AB020801
(1786376670.777923) can0 33D#0000FFFFFFFFFFFF
(1786376670.798283) can0 39D#AC030801
(1786376670.818133) can0 39D#AD040801
(1786376670.858066) can0 39D#AE050801
(1786376670.898127) can0 33D#0000FFFFFFFFFFFF
(1786376670.898542) can0 39D#AF060801
(1786376670.938107) can0 39D#B0070801
(1786376670.978128) can0 33D#0000FFFFFFFFFFFF
(1786376670.998197) can0 39D#B1080801
(1786376671.018165) can0 39D#B2090801
(1786376671.058133) can0 39D#B30A0801
(1786376671.098081) can0 33D#0000FFFFFFFFFFFF
(1786376671.098491) can0 39D#B40B0801
(1786376671.138030) can0 39D#B50C0801
(1786376671.178093) can0 35D#0355555555555555
(1786376671.178447) can0 32D#0D0000008D792021
(1786376671.178754) can0 33D#0000FFFFFFFFFFFF
(1786376671.198254) can0 39D#B60D0801
(1786376671.218147) can0 39D#B70E0801
(1786376671.258064) can0 39D#B80F0801
(1786376671.298203) can0 33D#0000FFFFFFFFFFFF
(1786376671.298636) can0 39D#A9000801
(1786376671.338020) can0 39D#AA010801
(1786376671.378125) can0 33D#0000FFFFFFFFFFFF
(1786376671.398174) can0 39D#AB020801
(1786376671.418036) can0 39D#AC030801
(1786376671.458159) can0 39D#AD040801
(1786376671.498135) can0 33D#0000FFFFFFFFFFFF
(1786376671.498597) can0 39D#AE050801
(1786376671.538062) can0 39D#AF060801
(1786376671.578083) can0 33D#0000FFFFFFFFFFFF
(1786376671.598199) can0 39D#B0070801
(1786376671.618091) can0 39D#B1080801
(1786376671.658064) can0 39D#B2090801
(1786376671.698156) can0 33D#0000FFFFFFFFFFFF
(1786376671.698665) can0 39D#B30A0801
(1786376671.738077) can0 39D#B40B0801
(1786376671.778054) can0 33D#0000FFFFFFFFFFFF
(1786376671.798232) can0 39D#B50C0801
(1786376671.818081) can0 39D#B60D0801
(1786376671.858078) can0 39D#B70E0801
(1786376671.898197) can0 33D#0000FFFFFFFFFFFF
(1786376671.898652) can0 39D#B80F0801
(1786376671.937967) can0 39D#A9000801
(1786376671.978028) can0 33D#0000FFFFFFFFFFFF
(1786376671.998165) can0 39D#AA010801
(1786376672.018064) can0 39D#AB020801
(1786376672.058091) can0 39D#AC030801
(1786376672.098074) can0 33D#0000FFFFFFFFFFFF
(1786376672.098450) can0 39D#AD040801
(1786376672.138103) can0 39D#AE050801
(1786376672.177967) can0 35D#0455555555555555
(1786376672.178240) can0 33D#0000FFFFFFFFFFFF
(1786376672.198139) can0 39D#AF060801
(1786376672.217965) can0 39D#B0070801
(1786376672.257995) can0 39D#B1080801
(1786376672.298128) can0 33D#0000FFFFFFFFFFFF
(1786376672.298482) can0 39D#B2090801
(1786376672.338020) can0 39D#B30A0801
(1786376672.377998) can0 33D#0000FFFFFFFFFFFF
(1786376672.398093) can0 39D#B40B0801
(1786376672.418038) can0 39D#B50C0801
(1786376672.458066) can0 39D#B60D0801
(1786376672.497913) can0 33D#0000FFFFFFFFFFFF
(1786376672.498151) can0 39D#B70E0801
(1786376672.537967) can0 39D#B80F0801
(1786376672.577990) can0 33D#0000FFFFFFFFFFFF
(1786376672.598115) can0 39D#A9000801
(1786376672.618011) can0 39D#AA010801
(1786376672.658004) can0 39D#AB020801
(1786376672.698046) can0 33D#0000FFFFFFFFFFFF
(1786376672.698370) can0 39D#AC030801
(1786376672.738042) can0 39D#AD040801
(1786376672.778042) can0 33D#0000FFFFFFFFFFFF
(1786376672.798081) can0 39D#AE050801
(1786376672.817927) can0 39D#AF060801
(1786376672.857962) can0 39D#B0070801
(1786376672.898075) can0 33D#0000FFFFFFFFFFFF
(1786376672.898345) can0 39D#B1080801
(1786376672.937978) can0 39D#B2090801
(1786376672.977945) can0 33D#0000FFFFFFFFFFFF
(1786376672.998178) can0 39D#B30A0801
(1786376673.017959) can0 39D#B40B0801
(1786376673.058072) can0 39D#B50C0801
(1786376673.098212) can0 33D#0000FFFFFFFFFFFF
(1786376673.098669) can0 39D#B60D0801
(1786376673.137963) can0 39D#B70E0801
(1786376673.178054) can0 35D#0555555555555555
(1786376673.178328) can0 32D#1405000060FCB070
(1786376673.178536) can0 33D#0000FFFFFFFFFFFF
(1786376673.198179) can0 39D#B80F0801
(1786376673.218069) can0 39D#A9000801
(1786376673.258080) can0 39D#AA010801
(1786376673.298008) can0 33D#0000FFFFFFFFFFFF
(1786376673.298297) can0 39D#AB020801
(1786376673.338038) can0 39D#AC030801
(1786376673.378051) can0 33D#0000FFFFFFFFFFFF
(1786376673.398099) can0 39D#AD040801
(1786376673.418057) can0 39D#AE050801
(1786376673.457987) can0 39D#AF060801
(1786376673.498033) can0 33D#0000FFFFFFFFFFFF
(1786376673.498319) can0 39D#B0070801
(1786376673.537958) can0 39D#B1080801
(1786376673.577977) can0 33D#0000FFFFFFFFFFFF
(1786376673.598105) can0 39D#B2090801
(1786376673.617936) can0 39D#B30A0801
(1786376673.657939) can0 39D#B40B0801
(1786376673.698017) can0 33D#0000FFFFFFFFFFFF
(1786376673.698364) can0 39D#B50C0801
(1786376673.738039) can0 39D#B60D0801
(1786376673.778012) can0 33D#0000FFFFFFFFFFFF
(1786376673.798040) can0 39D#B70E0801
(1786376673.818010) can0 39D#B80F0801
(1786376673.858044) can0 39D#A9000801
(1786376673.897935) can0 33D#0000FFFFFFFFFFFF
(1786376673.898186) can0 39D#AA010801
(1786376673.937960) can0 39D#AB020801
(1786376673.977981) can0 33D#0000FFFFFFFFFFFF
(1786376673.998064) can0 39D#AC030801
(1786376674.017971) can0 39D#AD040801
(1786376674.057998) can0 39D#AE050801
(1786376674.097930) can0 33D#0000FFFFFFFFFFFF
(1786376674.098181) can0 39D#AF060801
(1786376674.137974) can0 39D#B0070801
(1786376674.177973) can0 35D#0655556555555559
(1786376674.178279) can0 33D#0000FFFFFFFFFFFF
(1786376674.198174) can0 39D#B1080801
(1786376674.217972) can0 39D#B2090801
(1786376674.257989) can0 39D#B30A0801
(1786376674.297935) can0 33D#0000FFFFFFFFFFFF
(1786376674.298177) can0 39D#B40B0801
(1786376674.337966) can0 39D#B50C0801
(1786376674.377965) can0 33D#0000FFFFFFFFFFFF
(1786376674.398106) can0 39D#B60D0801
(1786376674.418014) can0 39D#B70E0801
(1786376674.457985) can0 39D#B80F0801
(1786376674.498055) can0 33D#0000FFFFFFFFFFFF
(1786376674.498428) can0 39D#A9000801
(1786376674.537918) can0 39D#AA010801
(1786376674.577949) can0 33D#0000FFFFFFFFFFFF
(1786376674.598123) can0 39D#AB020801
(1786376674.617905) can0 39D#AC030801
(1786376674.657948) can0 39D#AD040801
(1786376674.697962) can0 33D#0000FFFFFFFFFFFF
(1786376674.698258) can0 39D#AE050801
(1786376674.738015) can0 39D#AF060801
(1786376674.777957) can0 33D#0000FFFFFFFFFFFF
(1786376674.798066) can0 39D#B0070801
(1786376674.818054) can0 39D#B1080801
(1786376674.857923) can0 39D#B2090801
(1786376674.898044) can0 33D#0000FFFFFFFFFFFF
(1786376674.898350) can0 39D#B30A0801
(1786376674.938004) can0 39D#B40B0801
(1786376674.977983) can0 33D#0000FFFFFFFFFFFF
(1786376674.998142) can0 39D#B50C0801
(1786376675.017894) can0 39D#B60D0801
(1786376675.058073) can0 39D#B70E0801
(1786376675.097986) can0 33D#0000FFFFFFFFFFFF
(1786376675.098348) can0 39D#B80F0801
(1786376675.138003) can0 39D#A9000801
(1786376675.177939) can0 35D#07555595552A0000
(1786376675.178229) can0 32D#16000000E4ACA32F
(1786376675.178495) can0 33D#0000FFFFFFFFFFFF
(1786376675.198117) can0 39D#AA010801
(1786376675.217954) can0 39D#AB020801
(1786376675.257934) can0 39D#AC030801
(1786376675.297973) can0 33D#0000FFFFFFFFFFFF
(1786376675.298355) can0 39D#AD040801
(1786376675.337953) can0 39D#AE050801
(1786376675.377887) can0 33D#0000FFFFFFFFFFFF
(1786376675.398033) can0 39D#AF060801
(1786376675.417900) can0 39D#B0070801
(1786376675.457963) can0 39D#B1080801
(1786376675.498036) can0 33D#0000FFFFFFFFFFFF
(1786376675.498471) can0 39D#B2090801
(1786376675.538011) can0 39D#B30A0801
(1786376675.577956) can0 33D#0000FFFFFFFFFFFF
(1786376675.598046) can0 39D#B40B0801
(1786376675.617969) can0 39D#B50C0801
(1786376675.658103) can0 39D#B60D0801
(1786376675.697949) can0 33D#0000FFFFFFFFFFFF
(1786376675.698216) can0 39D#B70E0801
(1786376675.738024) can0 39D#B80F0801
(1786376675.778018) can0 33D#0000FFFFFFFFFFFF
(1786376675.798043) can0 39D#A9000801
(1786376675.817997) can0 39D#AA010801
(1786376675.857992) can0 39D#AB020801
(1786376675.897949) can0 33D#0000FFFFFFFFFFFF
(1786376675.898246) can0 39D#AC030801
(1786376675.937917) can0 39D#AD040801
(1786376675.977924) can0 33D#0000FFFFFFFFFFFF
(1786376675.998045) can0 39D#AE050801
(1786376676.018012) can0 39D#AF060801
(1786376676.058064) can0 39D#B0070801
(1786376676.098174) can0 33D#0000FFFFFFFFFFFF
(1786376676.098631) can0 39D#B1080801
(1786376676.138036) can0 39D#B2090801
(1786376676.177939) can0 35D#0055555555555555
(1786376676.178174) can0 33D#0000FFFFFFFFFFFF
(1786376676.198020) can0 39D#B30A0801
(1786376676.217980) can0 39D#B40B0801
(1786376676.258030) can0 39D#B50C0801
(1786376676.297890) can0 33D#0000FFFFFFFFFFFF
(1786376676.298213) can0 39D#B60D0801
(1786376676.337947) can0 39D#B70E0801
(1786376676.377875) can0 33D#0000FFFFFFFFFFFF
(1786376676.398106) can0 39D#B80F0801
(1786376676.417983) can0 39D#A9000801
(1786376676.457999) can0 39D#AA010801
(1786376676.497970) can0 33D#0000FFFFFFFFFFFF
(1786376676.498244) can0 39D#AB020801
(1786376676.538097) can0 39D#AC030801
(1786376676.577799) can0 33D#0000FFFFFFFFFFFF
(1786376676.598121) can0 39D#AD040801
(1786376676.617918) can0 39D#AE050801
(1786376676.657922) can0 39D#AF060801
(1786376676.697926) can0 33D#0000FFFFFFFFFFFF
(1786376676.698260) can0 39D#B0070801
(1786376676.737883) can0 39D#B1080801
(1786376676.777904) can0 33D#0000FFFFFFFFFFFF
(1786376676.798045) can0 39D#B2090801
(1786376676.817952) can0 39D#B30A0801
(1786376676.857975) can0 39D#B40B0801
(1786376676.897913) can0 33D#0000FFFFFFFFFFFF
(1786376676.898209) can0 39D#B50C0801
(1786376676.937855) can0 39D#B60D0801
(1786376676.977946) can0 33D#0000FFFFFFFFFFFF
(1786376676.998129) can0 39D#B70E0801
(1786376677.017840) can0 39D#B80F0801
(1786376677.057873) can0 39D#A9000801
(1786376677.097911) can0 33D#0000FFFFFFFFFFFF
(1786376677.098307) can0 39D#AA010801
(1786376677.137920) can0 39D#AB020801
(1786376677.177947) can0 35D#0155555555555555
(1786376677.178318) can0 32D#0A01000000007000
(1786376677.178548) can0 33D#0000FFFFFFFFFFFF
(1786376677.198034) can0 39D#AC030801
(1786376677.217900) can0 39D#AD040801
(1786376677.257991) can0 39D#AE050801
(1786376677.298153) can0 33D#0000FFFFFFFFFFFF
(1786376677.298585) can0 39D#AF060801
(1786376677.337921) can0 39D#B0070801
(1786376677.377900) can0 33D#0000FFFFFFFFFFFF
(1786376677.398098) can0 39D#B1080801
(1786376677.417920) can0 39D#B2090801
(1786376677.457999) can0 39D#B30A0801
(1786376677.497995) can0 33D#0000FFFFFFFFFFFF
(1786376677.498437) can0 39D#B40B0801
(1786376677.537969) can0 39D#B50C0801
(1786376677.577920) can0 33D#0000FFFFFFFFFFFF
(1786376677.598034) can0 39D#B60D0801
(1786376677.618012) can0 39D#B70E0801
(1786376677.657955) can0 39D#B80F0801
(1786376677.697878) can0 33D#0000FFFFFFFFFFFF
(1786376677.698130) can0 39D#A9000801
(1786376677.737921) can0 39D#AA010801
(1786376677.777955) can0 33D#0000FFFFFFFFFFFF
(1786376677.798084) can0 39D#AB020801
(1786376677.817908) can0 39D#AC030801
(1786376677.858084) can0 39D#AD040801
(1786376677.897954) can0 33D#0000FFFFFFFFFFFF
(1786376677.898325) can0 39D#AE050801
(1786376677.937894) can0 39D#AF060801
(1786376677.977856) can0 33D#0000FFFFFFFFFFFF
(1786376677.998037) can0 39D#B0070801
(1786376678.018038) can0 39D#B1080801
(1786376678.058003) can0 39D#B2090801
(1786376678.097868) can0 33D#0000FFFFFFFFFFFF
(1786376678.098173) can0 39D#B30A0801
(1786376678.137925) can0 39D#B40B0801
(1786376678.177876) can0 35D#0256555555555555
(1786376678.178228) can0 33D#0000FFFFFFFFFFFF
(1786376678.198006) can0 39D#B50C0801
(1786376678.217856) can0 39D#B60D0801
(1786376678.257918) can0 39D#B70E0801
(1786376678.297891) can0 33D#0000FFFFFFFFFFFF
(1786376678.298268) can0 39D#B80F0801
(1786376678.337975) can0 39D#A9000801
(1786376678.377910) can0 33D#0000FFFFFFFFFFFF
(1786376678.398063) can0 39D#AA010801
(1786376678.417953) can0 39D#AB020801
(1786376678.457875) can0 39D#AC030801
(1786376678.497995) can0 33D#0000FFFFFFFFFFFF
(1786376678.498427) can0 39D#AD040801
(1786376678.537881) can0 39D#AE050801
(1786376678.578011) can0 33D#0000FFFFFFFFFFFF
(1786376678.598096) can0 39D#AF060801
(1786376678.617802) can0 39D#B0070801
(1786376678.657948) can0 39D#B1080801
(1786376678.697905) can0 33D#0000FFFFFFFFFFFF
(1786376678.698227) can0 39D#B2090801
(1786376678.737903) can0 39D#B30A0801
(1786376678.777841) can0 33D#0000FFFFFFFFFFFF
(1786376678.798127) can0 39D#B40B0801
(1786376678.817920) can0 39D#B50C0801
(1786376678.857824) can0 39D#B60D0801
(1786376678.897852) can0 33D#0000FFFFFFFFFFFF
(1786376678.898080) can0 39D#B70E0801
(1786376678.937949) can0 39D#B80F0801
(1786376678.977935) can0 33D#0000FFFFFFFFFFFF
(1786376678.997993) can0 39D#A9000801
(1786376679.017981) can0 39D#AA010801
(1786376679.057838) can0 39D#AB020801
(1786376679.097806) can0 33D#0000FFFFFFFFFFFF
(1786376679.098036) can0 39D#AC030801
(1786376679.137913) can0 39D#AD040801
(1786376679.177874) can0 35D#0355555555555555
(1786376679.178113) can0 32D#0B00020101000000
(1786376679.178337) can0 33D#0000FFFFFFFFFFFF
(1786376679.198070) can0 39D#AE050801
(1786376679.218077) can0 39D#AF060801
(1786376679.257960) can0 39D#B0070801
(1786376679.297913) can0 33D#0000FFFFFFFFFFFF
(1786376679.298240) can0 39D#B1080801
(1786376679.337864) can0 39D#B2090801
(1786376679.377930) can0 33D#0000FFFFFFFFFFFF
(1786376679.398058) can0 39D#B30A0801
(1786376679.417965) can0 39D#B40B0801
(1786376679.457912) can0 39D#B50C0801
(1786376679.498145) can0 33D#0000FFFFFFFFFFFF
(1786376679.498594) can0 39D#B60D0801
(1786376679.537869) can0 39D#B70E0801
(1786376679.577901) can0 33D#0000FFFFFFFFFFFF
(1786376679.598058) can0 39D#B80F0801
(1786376679.617940) can0 39D#A9000801
(1786376679.657908) can0 39D#AA010801
(1786376679.697863) can0 33D#0000FFFFFFFFFFFF
(1786376679.698074) can0 39D#AB020801
(1786376679.737893) can0 39D#AC030801
(1786376679.777911) can0 33D#0000FFFFFFFFFFFF
(1786376679.798087) can0 39D#AD040801
(1786376679.817807) can0 39D#AE050801
(1786376679.857866) can0 39D#AF060801
(1786376679.897890) can0 33D#0000FFFFFFFFFFFF
(1786376679.898216) can0 39D#B0070801
(1786376679.937940) can0 39D#B1080801
(1786376679.977932) can0 33D#0000FFFFFFFFFFFF
(1786376679.998078) can0 39D#B2090801
(1786376680.017888) can0 39D#B30A0801
(1786376680.057862) can0 39D#B40B0801
(1786376680.097866) can0 33D#0000FFFFFFFFFFFF
(1786376680.098122) can0 39D#B50C0801
(1786376680.137796) can0 39D#B60D0801
(1786376680.177859) can0 35D#0455555555555555
(1786376680.178206) can0 33D#0000FFFFFFFFFFFF
(1786376680.197965) can0 39D#B70E0801
(1786376680.217800) can0 39D#B80F0801
(1786376680.257945) can0 39D#A9000801
(1786376680.297861) can0 33D#0000FFFFFFFFFFFF
(1786376680.298207) can0 39D#AA010801
(1786376680.337852) can0 39D#AB020801
(1786376680.377825) can0 33D#0000FFFFFFFFFFFF
(1786376680.398131) can0 39D#AC030801
(1786376680.417858) can0 39D#AD040801
(1786376680.457813) can0 39D#AE050801
(1786376680.497864) can0 33D#0000FFFFFFFFFFFF
(1786376680.498179) can0 39D#AF060801
(1786376680.537804) can0 39D#B0070801
(1786376680.577875) can0 33D#0000FFFFFFFFFFFF
(1786376680.598006) can0 39D#B1080801
(1786376680.617931) can0 39D#B2090801
(1786376680.658005) can0 39D#B30A0801
(1786376680.697891) can0 33D#0000FFFFFFFFFFFF
(1786376680.698264) can0 39D#B40B0801
(1786376680.737917) can0 39D#B50C0801
(1786376680.777948) can0 33D#0000FFFFFFFFFFFF
(1786376680.798014) can0 39D#B60D0801
(1786376680.817840) can0 39D#B70E0801
(1786376680.857830) can0 39D#B80F0801
(1786376680.897989) can0 33D#0000FFFFFFFFFFFF
(1786376680.898450) can0 39D#A9000801
(1786376680.937837) can0 39D#AA010801
(1786376680.977852) can0 33D#0000FFFFFFFFFFFF
(1786376680.997985) can0 39D#AB020801
(1786376681.017902) can0 39D#AC030801
(1786376681.057881) can0 39D#AD040801
(1786376681.097860) can0 33D#0000FFFFFFFFFFFF
(1786376681.098252) can0 39D#AE050801
(1786376681.137901) can0 39D#AF060801
(1786376681.177848) can0 35D#0555555555555555
(1786376681.178086) can0 32D#0D0000008D792021
(1786376681.178292) can0 33D#0000FFFFFFFFFFFF
(1786376681.197942) can0 39D#B0070801
(1786376681.217885) can0 39D#B1080801
(1786376681.257873) can0 39D#B2090801
(1786376681.297900) can0 33D#0000FFFFFFFFFFFF
(1786376681.298353) can0 39D#B30A0801
(1786376681.337833) can0 39D#B40B0801
(1786376681.377945) can0 33D#0000FFFFFFFFFFFF
(1786376681.397979) can0 39D#B50C0801
(1786376681.417836) can0 39D#B60D0801
(1786376681.457894) can0 39D#B70E0801
(1786376681.497901) can0 33D#0000FFFFFFFFFFFF
(1786376681.498343) can0 39D#B80F0801
(1786376681.537843) can0 39D#A9000801
(1786376681.577842) can0 33D#0000FFFFFFFFFFFF
(1786376681.598030) can0 39D#AA010801
(1786376681.617959) can0 39D#AB020801
(1786376681.657868) can0 39D#AC030801
(1786376681.697910) can0 33D#0000FFFFFFFFFFFF
(1786376681.698285) can0 39D#AD040801
(1786376681.737805) can0 39D#AE050801
(1786376681.777806) can0 33D#0000FFFFFFFFFFFF
(1786376681.797908) can0 39D#AF060801
(1786376681.817774) can0 39D#B0070801
(1786376681.857801) can0 39D#B1080801
(1786376681.897884) can0 33D#0000FFFFFFFFFFFF
(1786376681.898261) can0 39D#B2090801
(1786376681.937881) can0 39D#B30A0801
(1786376681.977866) can0 33D#0000FFFFFFFFFFFF
(1786376681.998020) can0 39D#B40B0801
(1786376682.017943) can0 39D#B50C0801
(1786376682.057903) can0 39D#B60D0801
(1786376682.098044) can0 33D#0000FFFFFFFFFFFF
(1786376682.098510) can0 39D#B70E0801
(1786376682.137880) can0 39D#B80F0801
(1786376682.177876) can0 35D#0655556555555559
(1786376682.178212) can0 33D#0000FFFFFFFFFFFF
(1786376682.198074) can0 39D#A9000801
(1786376682.217968) can0 39D#AA010801
(1786376682.257882) can0 39D#AB020801
(1786376682.298047) can0 33D#0000FFFFFFFFFFFF
(1786376682.298396) can0 39D#AC030801
(1786376682.337879) can0 39D#AD040801
(1786376682.377897) can0 33D#0000FFFFFFFFFFFF
(1786376682.398083) can0 39D#AE050801
(1786376682.417910) can0 39D#AF060801
(1786376682.457941) can0 39D#B0070801
(1786376682.497934) can0 33D#0000FFFFFFFFFFFF
(1786376682.498312) can0 39D#B1080801
(1786376682.537868) can0 39D#B2090801
(1786376682.577880) can0 33D#0000FFFFFFFFFFFF
(1786376682.598000) can0 39D#B30A0801
(1786376682.618024) can0 39D#B40B0801
(1786376682.658026) can0 39D#B50C0801
(1786376682.697945) can0 33D#0000FFFFFFFFFFFF
(1786376682.698305) can0 39D#B60D0801
(1786376682.737887) can0 39D#B70E0801
(1786376682.777894) can0 33D#0000FFFFFFFFFFFF
(1786376682.798021) can0 39D#B80F0801
(1786376682.817788) can0 39D#A9000801
(1786376682.857939) can0 39D#AA010801
(1786376682.897960) can0 33D#0000FFFFFFFFFFFF
(1786376682.898384) can0 39D#AB020801
(1786376682.937911) can0 39D#AC030801
(1786376682.977901) can0 33D#0000FFFFFFFFFFFF
(1786376682.998002) can0 39D#AD040801
(1786376683.018095) can0 39D#AE050801
(1786376683.057891) can0 39D#AF060801
(1786376683.098036) can0 33D#0000FFFFFFFFFFFF
(1786376683.098566) can0 39D#B0070801
(1786376683.137868) can0 39D#B1080801
(1786376683.177745) can0 35D#07555595552A0000
(1786376683.178167) can0 32D#1405000060FCB070
(1786376683.178528) can0 33D#0000FFFFFFFFFFFF
(1786376683.198044) can0 39D#B2090801
(1786376683.217903) can0 39D#B30A0801
(1786376683.257905) can0 39D#B40B0801
(1786376683.297902) can0 33D#0000FFFFFFFFFFFF
(1786376683.298311) can0 39D#B50C0801
(1786376683.337883) can0 39D#B60D0801
(1786376683.377903) can0 33D#0000FFFFFFFFFFFF
(1786376683.397978) can0 39D#B70E0801
(1786376683.417898) can0 39D#B80F0801
(1786376683.457813) can0 39D#A9000801
(1786376683.498055) can0 33D#0000FFFFFFFFFFFF
(1786376683.498486) can0 39D#AA010801
(1786376683.537828) can0 39D#AB020801
(1786376683.577878) can0 33D#0000FFFFFFFFFFFF
(1786376683.597983) can0 39D#AC030801
(1786376683.617894) can0 39D#AD040801
(1786376683.657920) can0 39D#AE050801
(1786376683.697985) can0 33D#0000FFFFFFFFFFFF
(1786376683.698351) can0 39D#AF060801
(1786376683.737898) can0 39D#B0070801
(1786376683.777912) can0 33D#0000FFFFFFFFFFFF
(1786376683.798151) can0 39D#B1080801
(1786376683.818079) can0 39D#B2090801
(1786376683.857880) can0 39D#B30A0801
(1786376683.897961) can0 33D#0000FFFFFFFFFFFF
(1786376683.898376) can0 39D#B40B0801
(1786376683.937803) can0 39D#B50C0801
(1786376683.977820) can0 33D#0000FFFFFFFFFFFF
(1786376683.998039) can0 39D#B60D0801
(1786376684.017880) can0 39D#B70E0801
(1786376684.057862) can0 39D#B80F0801
(1786376684.097919) can0 33D#0000FFFFFFFFFFFF
(1786376684.098299) can0 39D#A9000801
(1786376684.137871) can0 39D#AA010801
(1786376684.177876) can0 35D#0055555555555555
(1786376684.178220) can0 33D#0000FFFFFFFFFFFF
(1786376684.197926) can0 39D#AB020801
(1786376684.217829) can0 39D#AC030801
(1786376684.257844) can0 39D#AD040801
(1786376684.297922) can0 33D#0000FFFFFFFFFFFF
(1786376684.298291) can0 39D#AE050801
(1786376684.337877) can0 39D#AF060801
(1786376684.377913) can0 33D#0000FFFFFFFFFFFF
(1786376684.398069) can0 39D#B0070801
(1786376684.417870) can0 39D#B1080801
(1786376684.457890) can0 39D#B2090801
(1786376684.497816) can0 33D#0000FFFFFFFFFFFF
(1786376684.498156) can0 39D#B30A0801
(1786376684.537791) can0 39D#B40B0801
(1786376684.577861) can0 33D#0000FFFFFFFFFFFF
(1786376684.597957) can0 39D#B50C0801
(1786376684.617965) can0 39D#B60D0801
(1786376684.657906) can0 39D#B70E0801
(1786376684.697898) can0 33D#0000FFFFFFFFFFFF
(1786376684.698344) can0 39D#B80F0801
(1786376684.737846) can0 39D#A9000801
(1786376684.777862) can0 33D#0000FFFFFFFFFFFF
(1786376684.797861) can0 39D#AA010801
(1786376684.817889) can0 39D#AB020801
(1786376684.857844) can0 39D#AC030801
(1786376684.897722) can0 33D#0000FFFFFFFFFFFF
(1786376684.898045) can0 39D#AD040801
(1786376684.937830) can0 39D#AE050801
