(1786378260.250708) can0 33D#0000FFFFFFFFFFFF
(1786378260.336393) can0 39D#A2010001
(1786378260.356216) can0 39D#A3020001
(1786378260.396259) can0 5BD#3840010000000000
(1786378260.415865) can0 39D#A4030001
(1786378260.436241) can0 33D#0000FFFFFFFFFFFF
(1786378260.436515) can0 39D#A5040001
(1786378260.476190) can0 39D#A6050001
(1786378260.516259) can0 33D#0000FFFFFFFFFFFF
(1786378260.536481) can0 39D#A7060001
(1786378260.556258) can0 39D#A8070001
(1786378260.596389) can0 39D#A9080001
(1786378260.636276) can0 33D#0000FFFFFFFFFFFF
(1786378260.636677) can0 39D#AA090001
(1786378260.676328) can0 39D#AB0A0001
(1786378260.716240) can0 33D#0000FFFFFFFFFFFF
(1786378260.736421) can0 39D#AC0B0001
(1786378260.756315) can0 39D#AD0C0001
(1786378260.796320) can0 39D#AE0D0001
(1786378260.836233) can0 33D#0000FFFFFFFFFFFF
(1786378260.836752) can0 39D#AF0E0001
(1786378260.876195) can0 39D#B00F0001
(1786378260.916316) can0 33D#0000FFFFFFFFFFFF
(1786378260.936784) can0 39D#A1000001
(1786378260.956300) can0 39D#A2010001
(1786378260.996337) can0 39D#A3020001
(1786378261.036381) can0 33D#0000FFFFFFFFFFFF
(1786378261.036759) can0 39D#A4030001
(1786378261.076299) can0 39D#A5040001
(1786378261.116334) can0 33D#0000FFFFFFFFFFFF
(1786378261.136840) can0 39D#A6050001
(1786378261.156258) can0 39D#A7060001
(1786378261.196585) can0 39D#A8070001
(1786378261.236485) can0 33D#0000FFFFFFFFFFFF
(1786378261.236907) can0 39D#A9080001
(1786378261.276323) can0 39D#AA090001
(1786378261.316385) can0 35D#0055555555555555
(1786378261.316798) can0 33D#0000FFFFFFFFFFFF
(1786378261.336740) can0 39D#AB0A0001
(1786378261.356282) can0 39D#AC0B0001
(1786378261.396579) can0 39D#AD0C0001
(1786378261.436343) can0 33D#0000FFFFFFFFFFFF
(1786378261.436756) can0 39D#AE0D0001
(1786378261.476295) can0 39D#AF0E0001
(1786378261.516269) can0 33D#0000FFFFFFFFFFFF
(1786378261.536789) can0 39D#B00F0001
(1786378261.556262) can0 39D#A1000001
(1786378261.596358) can0 39D#A2010001
(1786378261.636291) can0 33D#0000FFFFFFFFFFFF
(1786378261.636667) can0 30D#0D0060504D548206
(1786378261.666829) can0 39D#A3020001
(1786378261.676361) can0 39D#A4030001
(1786378261.716636) can0 33D#0000FFFFFFFFFFFF
(1786378261.736806) can0 39D#A5040001
(1786378261.756300) can0 39D#A6050001
(1786378261.796652) can0 39D#A7060001
(1786378261.836662) can0 33D#0000FFFFFFFFFFFF
(1786378261.837074) can0 39D#A8070001
(1786378261.876322) can0 39D#A9080001
(1786378261.916460) can0 33D#0000FFFFFFFFFFFF
(1786378261.936752) can0 39D#AA090001
(1786378261.956583) can0 39D#AB0A0001
(1786378261.996694) can0 39D#AC0B0001
(1786378262.036374) can0 33D#0000FFFFFFFFFFFF
(1786378262.036721) can0 39D#AD0C0001
(1786378262.076212) can0 39D#AE0D0001
(1786378262.116230) can0 33D#0000FFFFFFFFFFFF
(1786378262.136752) can0 39D#AF0E0001
(1786378262.156281) can0 39D#B00F0001
(1786378262.196388) can0 39D#A1000001
(1786378262.236287) can0 33D#0000FFFFFFFFFFFF
(1786378262.236776) can0 39D#A2010001
(1786378262.276365) can0 39D#A3020001
(1786378262.316227) can0 35D#0155555555555555
(1786378262.316517) can0 32D#0A01000000007000
(1786378262.316802) can0 33D#0000FFFFFFFFFFFF
(1786378262.336681) can0 39D#A4030001
(1786378262.356358) can0 39D#A5040001
(1786378262.396697) can0 39D#AE050801
(1786378262.436360) can0 33D#0000FFFFFFFFFFFF
(1786378262.436763) can0 3AD#1500002004000010
(1786378262.446748) can0 39D#AF060801
(1786378262.476561) can0 39D#B0070801
(1786378262.516411) can0 33D#0000FFFFFFFFFFFF
(1786378262.536810) can0 39D#B1080801
(1786378262.556286) can0 39D#B2090801
(1786378262.596618) can0 39D#B30A0801
(1786378262.636425) can0 33D#0000FFFFFFFFFFFF
(1786378262.636869) can0 39D#B40B0801
(1786378262.676318) can0 39D#B50C0801
(1786378262.716313) can0 33D#0000FFFFFFFFFFFF
(1786378262.736734) can0 39D#B60D0801
(1786378262.756206) can0 39D#B70E0801
(1786378262.796313) can0 39D#B80F0801
(1786378262.836356) can0 33D#0000FFFFFFFFFFFF
(1786378262.836775) can0 39D#A9000801
(1786378262.876265) can0 39D#AA010801
(1786378262.916417) can0 33D#0000FFFFFFFFFFFF
(1786378262.936685) can0 39D#AB020801
(1786378262.956275) can0 39D#AC030801
(1786378262.996304) can0 39D#AD040801
(1786378263.036288) can0 33D#0000FFFFFFFFFFFF
(1786378263.036667) can0 39D#AE050801
(1786378263.076308) can0 39D#AF060801
(1786378263.116583) can0 33D#0000FFFFFFFFFFFF
(1786378263.136785) can0 39D#B0070801
(1786378263.156267) can0 39D#B1080801
(1786378263.196283) can0 39D#B2090801
(1786378263.236316) can0 33D#0000FFFFFFFFFFFF
(1786378263.236677) can0 39D#B30A0801
(1786378263.276178) can0 39D#B40B0801
(1786378263.316349) can0 35D#0256555555555555
(1786378263.316712) can0 5BD#B240010000000000
(1786378263.336318) can0 33D#0000FFFFFFFFFFFF
(1786378263.336739) can0 39D#B50C0801
(1786378263.356308) can0 39D#B60D0801
(1786378263.396319) can0 39D#B70E0801
(1786378263.436250) can0 33D#0000FFFFFFFFFFFF
(1786378263.436711) can0 39D#B80F0801
(1786378263.476229) can0 39D#A9000801
(1786378263.516387) can0 5BD#D440010000000000
(1786378263.536355) can0 33D#0000FFFFFFFFFFFF
(1786378263.536739) can0 39D#AA010801
(1786378263.556285) can0 39D#AB020801
(1786378263.596465) can0 39D#AC030801
(1786378263.636263) can0 33D#0000FFFFFFFFFFFF
(1786378263.636678) can0 39D#AD040801
(1786378263.676330) can0 39D#AE050801
(1786378263.716350) can0 5BD#D540010000000000
(1786378263.736396) can0 33D#0000FFFFFFFFFFFF
(1786378263.736748) can0 39D#AF060801
(1786378263.756317) can0 39D#B0070801
(1786378263.796248) can0 39D#B1080801
(1786378263.836296) can0 33D#0000FFFFFFFFFFFF
(1786378263.836704) can0 39D#B2090801
(1786378263.876176) can0 39D#B30A0801
(1786378263.916303) can0 5BD#D640010000000000
(1786378263.936251) can0 33D#0000FFFFFFFFFFFF
(1786378263.936693) can0 39D#B40B0801
(1786378263.956270) can0 39D#B50C0801
(1786378263.996364) can0 39D#B60D0801
(1786378264.036252) can0 33D#0000FFFFFFFFFFFF
(1786378264.036605) can0 39D#B70E0801
(1786378264.076276) can0 39D#B80F0801
(1786378264.116443) can0 33D#0000FFFFFFFFFFFF
(1786378264.136786) can0 39D#A9000801
(1786378264.156360) can0 39D#AA010801
(1786378264.196602) can0 39D#AB020801
(1786378264.236476) can0 33D#0000FFFFFFFFFFFF
(1786378264.236893) can0 39D#AC030801
(1786378264.276231) can0 39D#AD040801
(1786378264.316313) can0 35D#0355555555555555
(1786378264.316721) can0 32D#0B00020101000000
(1786378264.317077) can0 33D#0000FFFFFFFFFFFF
(1786378264.336347) can0 39D#AE050801
(1786378264.356618) can0 39D#AF060801
(1786378264.396341) can0 39D#B0070801
(1786378264.436243) can0 33D#0000FFFFFFFFFFFF
(1786378264.436756) can0 39D#B1080801
(1786378264.476257) can0 39D#B2090801
(1786378264.516299) can0 33D#0000FFFFFFFFFFFF
(1786378264.536808) can0 39D#B30A0801
(1786378264.556216) can0 39D#B40B0801
(1786378264.596460) can0 39D#B50C0801
(1786378264.636403) can0 33D#0000FFFFFFFFFFFF
(1786378264.636830) can0 39D#B60D0801
(1786378264.676255) can0 39D#B70E0801
(1786378264.716343) can0 33D#0000FFFFFFFFFFFF
(1786378264.736713) can0 39D#B80F0801
(1786378264.756280) can0 39D#A9000801
(1786378264.796650) can0 5BD#C140010000000000
(1786378264.836280) can0 39D#AA010801
(1786378264.836691) can0 33D#0000FFFFFFFFFFFF
(1786378264.836986) can0 39D#AB020801
(1786378264.955106) can0 39D#AC030801
(1786378264.956236) can0 33D#0000FFFFFFFFFFFF
(1786378264.957542) can0 39D#AD040801
(1786378264.957919) can0 39D#AE050801
(1786378264.996181) can0 39D#AF060801
(1786378265.036189) can0 33D#0000FFFFFFFFFFFF
(1786378265.036603) can0 39D#B0070801
(1786378265.076235) can0 39D#B1080801
(1786378265.116369) can0 33D#0000FFFFFFFFFFFF
(1786378265.136672) can0 39D#B2090801
(1786378265.156286) can0 39D#B30A0801
(1786378265.196248) can0 39D#B40B0801
(1786378265.236254) can0 33D#0000FFFFFFFFFFFF
(1786378265.236791) can0 39D#B50C0801
(1786378265.276254) can0 39D#B60D0801
(1786378265.316412) can0 35D#0455555555555555
(1786378265.316910) can0 33D#0000FFFFFFFFFFFF
(1786378265.336673) can0 39D#B70E0801
(1786378265.356209) can0 39D#B80F0801
(1786378265.396392) can0 39D#A9000801
(1786378265.436381) can0 33D#0000FFFFFFFFFFFF
(1786378265.436842) can0 39D#AA010801
(1786378265.476280) can0 39D#AB020801
(1786378265.516267) can0 33D#0000FFFFFFFFFFFF
(1786378265.536684) can0 39D#AC030801
(1786378265.556275) can0 39D#BD041801
(1786378265.596367) can0 39D#BE051801
(1786378265.636318) can0 33D#0000FFFFFFFFFFFF
(1786378265.637045) can0 39D#DF063801
(1786378265.676272) can0 39D#20077801
(1786378265.716322) can0 33D#0000FFFFFFFFFFFF
(1786378265.736747) can0 39D#7108C801
(1786378265.756236) can0 39D#03095802
(1786378265.796709) can0 39D#E50A3803
(1786378265.836596) can0 33D#0000FFFFFFFFFFFF
(1786378265.836947) can0 39D#C70B1804
(1786378265.876604) can0 39D#D80C2804
(1786378265.916636) can0 33D#0000FFFFFFFFFFFF
(1786378265.936715) can0 39D#B90D0804
(1786378265.956302) can0 39D#CA0E1804
(1786378265.996394) can0 39D#1B0F6804
(1786378266.036545) can0 33D#0000FFFFFFFFFFFF
(1786378266.036952) can0 39D#DD003805
(1786378266.076633) can0 39D#DF013806
(1786378266.116368) can0 33D#0000FFFFFFFFFFFF
(1786378266.136704) can0 39D#5002A806
(1786378266.156227) can0 39D#9103E806
(1786378266.196548) can0 39D#D3042807
(1786378266.236305) can0 33D#0000FFFFFFFFFFFF
(1786378266.236785) can0 39D#14056807
(1786378266.276250) can0 39D#45069807
(1786378266.316586) can0 35D#0555555555555555
(1786378266.316988) can0 32D#0D0000008D792021
(1786378266.317386) can0 33D#0000FFFFFFFFFFFF
(1786378266.336694) can0 39D#6607B807
(1786378266.356534) can0 39D#8708D807
(1786378266.396730) can0 39D#B9090808
(1786378266.436307) can0 33D#0000FFFFFFFFFFFF
(1786378266.436667) can0 39D#1A0A6808
(1786378266.476489) can0 39D#AB0BF808
(1786378266.516528) can0 33D#0000FFFFFFFFFFFF
(1786378266.536601) can0 39D#5D0CA809
(1786378266.556645) can0 39D#0F0D580A
(1786378266.596546) can0 39D#700EB80A
(1786378266.636260) can0 33D#0000FFFFFFFFFFFF
(1786378266.636638) can0 39D#710FB80A
(1786378266.676223) can0 39D#8200D80A
(1786378266.716294) can0 33D#0000FFFFFFFFFFFF
(1786378266.736718) can0 39D#8301D80A
(1786378266.756208) can0 39D#8402D80A
(1786378266.796503) can0 39D#3503880A
(1786378266.836572) can0 33D#0000FFFFFFFFFFFF
(1786378266.837006) can0 39D#35048809
(1786378266.876591) can0 39D#F6054809
(1786378266.916171) can0 33D#0000FFFFFFFFFFFF
(1786378266.936697) can0 39D#17066809
(1786378266.956546) can0 39D#7807C809
(1786378266.996717) can0 39D#EA08380A
(1786378267.036559) can0 33D#0000FFFFFFFFFFFF
(1786378267.036922) can0 39D#7B09C80A
(1786378267.076231) can0 39D#0D0A580B
(1786378267.116585) can0 33D#0000FFFFFFFFFFFF
(1786378267.136673) can0 39D#8E0BD80B
(1786378267.156306) can0 39D#E00C280C
(1786378267.196594) can0 39D#D10D180C
(1786378267.236252) can0 33D#0000FFFFFFFFFFFF
(1786378267.236774) can0 39D#D20E180C
(1786378267.276359) can0 39D#B20FF80B
(1786378267.316288) can0 35D#0655556555555559
(1786378267.316768) can0 33D#0000FFFFFFFFFFFF
(1786378267.336753) can0 39D#8300D80B
(1786378267.356207) can0 39D#6401B80B
(1786378267.396284) can0 39D#2502780B
(1786378267.436219) can0 33D#0000FFFFFFFFFFFF
(1786378267.436672) can0 39D#F603480B
(1786378267.476301) can0 39D#E704380B
(1786378267.516270) can0 33D#0000FFFFFFFFFFFF
(1786378267.536699) can0 39D#D805280B
(1786378267.556473) can0 39D#D906280B
(1786378267.596563) can0 39D#DA07280B
(1786378267.636531) can0 33D#0000FFFFFFFFFFFF
(1786378267.636878) can0 39D#DB08280B
(1786378267.676267) can0 39D#DC09280B
(1786378267.716240) can0 33D#0000FFFFFFFFFFFF
(1786378267.736699) can0 39D#DD0A280B
(1786378267.756274) can0 39D#DE0B280B
(1786378267.796635) can0 39D#DF0C280B
(1786378267.836407) can0 33D#0000FFFFFFFFFFFF
(1786378267.836828) can0 39D#F00D380B
(1786378267.876208) can0 39D#F10E380B
(1786378267.916288) can0 33D#0000FFFFFFFFFFFF
(1786378267.936623) can0 39D#F20F380B
(1786378267.956193) can0 39D#E300380B
(1786378267.996199) can0 39D#F401480B
(1786378268.036319) can0 33D#0000FFFFFFFFFFFF
(1786378268.036715) can0 39D#1502680B
(1786378268.076504) can0 39D#4603980B
(1786378268.116577) can0 33D#0000FFFFFFFFFFFF
(1786378268.136725) can0 39D#8704D80B
(1786378268.156229) can0 39D#B905080C
(1786378268.196632) can0 39D#CA06180C
(1786378268.236556) can0 33D#0000FFFFFFFFFFFF
(1786378268.236924) can0 39D#CB07180C
(1786378268.276602) can0 39D#CC08180C
(1786378268.316283) can0 35D#07555555552A0000
(1786378268.316745) can0 32D#1405000060FCB070
(1786378268.317165) can0 33D#0000FFFFFFFFFFFF
(1786378268.336653) can0 39D#CD09180C
(1786378268.356144) can0 39D#CE0A180C
(1786378268.396263) can0 39D#CF0B180C
(1786378268.436345) can0 33D#0000FFFFFFFFFFFF
(1786378268.436806) can0 39D#D00C180C
(1786378268.476223) can0 39D#D10D180C
(1786378268.516224) can0 33D#0000FFFFFFFFFFFF
(1786378268.536630) can0 39D#D20E180C
(1786378268.556213) can0 39D#D30F180C
(1786378268.596542) can0 39D#C400180C
(1786378268.636257) can0 33D#0000FFFFFFFFFFFF
(1786378268.636722) can0 39D#C501180C
(1786378268.676322) can0 39D#C602180C
(1786378268.716257) can0 33D#0000FFFFFFFFFFFF
(1786378268.736657) can0 39D#C703180C
(1786378268.756212) can0 39D#C804180C
(1786378268.796376) can0 39D#C905180C
(1786378268.836204) can0 33D#0000FFFFFFFFFFFF
(1786378268.836596) can0 39D#CA06180C
(1786378268.876196) can0 39D#CB07180C
(1786378268.916268) can0 33D#0000FFFFFFFFFFFF
(1786378268.936662) can0 39D#CC08180C
(1786378268.956146) can0 39D#CD09180C
(1786378268.996239) can0 39D#CE0A180C
(1786378269.036246) can0 33D#0000FFFFFFFFFFFF
(1786378269.036591) can0 39D#CF0B180C
(1786378269.076165) can0 39D#D00C180C
(1786378269.116227) can0 33D#0000FFFFFFFFFFFF
(1786378269.136711) can0 39D#D10D180C
(1786378269.156191) can0 39D#D20E180C
(1786378269.196366) can0 39D#D30F180C
(1786378269.236257) can0 33D#0000FFFFFFFFFFFF
(1786378269.236791) can0 39D#C400180C
(1786378269.276526) can0 39D#C501180C
(1786378269.324622) can0 35D#0055555555555555
(1786378269.325017) can0 33D#0000FFFFFFFFFFFF
(1786378269.336730) can0 39D#C602180C
(1786378269.356467) can0 39D#C703180C
(1786378269.396227) can0 39D#C804180C
(1786378269.436182) can0 33D#0000FFFFFFFFFFFF
(1786378269.436698) can0 39D#C905180C
(1786378269.476258) can0 39D#CA06180C
(1786378269.516542) can0 33D#0000FFFFFFFFFFFF
(1786378269.536718) can0 39D#CB07180C
(1786378269.556189) can0 39D#CC08180C
(1786378269.596312) can0 39D#CD09180C
(1786378269.636291) can0 33D#0000FFFFFFFFFFFF
(1786378269.636801) can0 39D#CE0A180C
(1786378269.676200) can0 39D#CF0B180C
(1786378269.716184) can0 33D#0000FFFFFFFFFFFF
(1786378269.736716) can0 39D#C00C080C
(1786378269.756175) can0 39D#C10D080C
(1786378269.796400) can0 39D#C20E080C
(1786378269.836642) can0 33D#0000FFFFFFFFFFFF
(1786378269.837155) can0 39D#C30F080C
(1786378269.876267) can0 39D#B400080C
(1786378269.916270) can0 33D#0000FFFFFFFFFFFF
(1786378269.936571) can0 39D#B501080C
(1786378269.956159) can0 39D#B602080C
(1786378269.996672) can0 39D#B703080C
(1786378270.036252) can0 33D#0000FFFFFFFFFFFF
(1786378270.036734) can0 39D#B804080C
(1786378270.076225) can0 39D#B905080C
(1786378270.116272) can0 33D#0000FFFFFFFFFFFF
(1786378270.136703) can0 39D#A906F80B
(1786378270.156152) can0 39D#AA07F80B
(1786378270.196256) can0 39D#AB08F80B
(1786378270.236253) can0 33D#0000FFFFFFFFFFFF
(1786378270.236729) can0 39D#AC09F80B
(1786378270.276277) can0 39D#AD0AF80B
(1786378270.316271) can0 35D#0155555555555555
(1786378270.316805) can0 32D#16000000E4ACA32F
(1786378270.317185) can0 33D#0000FFFFFFFFFFFF
(1786378270.336746) can0 39D#AE0BF80B
(1786378270.356182) can0 39D#AF0CF80B
(1786378270.396507) can0 39D#B00DF80B
(1786378270.436256) can0 33D#0000FFFFFFFFFFFF
(1786378270.436715) can0 39D#B10EF80B
(1786378270.476212) can0 39D#A20FE80B
(1786378270.516254) can0 33D#0000FFFFFFFFFFFF
(1786378270.536644) can0 39D#9300E80B
(1786378270.556206) can0 39D#9401E80B
(1786378270.596350) can0 39D#8502D80B
(1786378270.636335) can0 33D#0000FFFFFFFFFFFF
(1786378270.636732) can0 39D#8603D80B
(1786378270.676195) can0 39D#8704D80B
(1786378270.716318) can0 33D#0000FFFFFFFFFFFF
(1786378270.736664) can0 39D#7805C80B
(1786378270.756171) can0 39D#7906C80B
(1786378270.796206) can0 39D#6A07B80B
(1786378270.836209) can0 33D#0000FFFFFFFFFFFF
(1786378270.836667) can0 39D#6B08B80B
(1786378270.876222) can0 39D#5C09A80B
(1786378270.916215) can0 33D#0000FFFFFFFFFFFF
(1786378270.936712) can0 39D#5D0AA80B
(1786378270.956166) can0 39D#5E0BA80B
(1786378270.996472) can0 39D#4F0C980B
(1786378271.036604) can0 33D#0000FFFFFFFFFFFF
(1786378271.036984) can0 39D#500D980B
(1786378271.076556) can0 39D#410E880B
(1786378271.116324) can0 33D#0000FFFFFFFFFFFF
(1786378271.136626) can0 39D#420F880B
(1786378271.156186) can0 39D#3300880B
(1786378271.196574) can0 39D#3401880B
(1786378271.236502) can0 33D#0000FFFFFFFFFFFF
(1786378271.236931) can0 39D#3502880B
(1786378271.276213) can0 39D#3603880B
(1786378271.316200) can0 35D#0256555555555555
(1786378271.316683) can0 33D#0000FFFFFFFFFFFF
(1786378271.336826) can0 39D#3704880B
(1786378271.356106) can0 39D#3805880B
(1786378271.396209) can0 39D#5906A80B
(1786378271.436206) can0 33D#0000FFFFFFFFFFFF
(1786378271.436742) can0 39D#6A07B80B
(1786378271.476174) can0 39D#7B08C80B
(1786378271.516541) can0 33D#0000FFFFFFFFFFFF
(1786378271.536650) can0 39D#8C09D80B
(1786378271.556562) can0 39D#9D0AE80B
(1786378271.596428) can0 39D#9E0BE80B
(1786378271.636589) can0 33D#0000FFFFFFFFFFFF
(1786378271.636917) can0 39D#9F0CE80B
(1786378271.676203) can0 39D#A00DE80B
(1786378271.716497) can0 33D#0000FFFFFFFFFFFF
(1786378271.736681) can0 39D#A10EE80B
(1786378271.756086) can0 39D#A20FE80B
(1786378271.796088) can0 39D#9300E80B
(1786378271.836330) can0 33D#0000FFFFFFFFFFFF
(1786378271.836763) can0 39D#9401E80B
(1786378271.876075) can0 39D#9502E80B
(1786378271.916202) can0 33D#0000FFFFFFFFFFFF
(1786378271.936627) can0 39D#9603E80B
(1786378271.956146) can0 39D#9704E80B
(1786378271.996432) can0 39D#9805E80B
(1786378272.036430) can0 33D#0000FFFFFFFFFFFF
(1786378272.036849) can0 39D#9906E80B
(1786378272.076149) can0 39D#9A07E80B
(1786378272.116195) can0 33D#0000FFFFFFFFFFFF
(1786378272.136508) can0 39D#9B08E80B
(1786378272.156126) can0 39D#9C09E80B
(1786378272.196191) can0 39D#9D0AE80B
(1786378272.236159) can0 33D#0000FFFFFFFFFFFF
(1786378272.236531) can0 39D#9E0BE80B
(1786378272.276131) can0 39D#9F0CE80B
(1786378272.316196) can0 35D#0355555555555555
(1786378272.316633) can0 32D#0A01000000007000
(1786378272.316971) can0 33D#0000FFFFFFFFFFFF
(1786378272.336731) can0 39D#A00DE80B
(1786378272.356147) can0 39D#A10EE80B
(1786378272.396134) can0 39D#A20FE80B
(1786378272.436181) can0 33D#0000FFFFFFFFFFFF
(1786378272.436594) can0 39D#9300E80B
(1786378272.476107) can0 39D#9401E80B
(1786378272.516113) can0 33D#0000FFFFFFFFFFFF
(1786378272.536550) can0 39D#9502E80B
(1786378272.556095) can0 39D#9603E80B
(1786378272.596119) can0 39D#9704E80B
(1786378272.636169) can0 33D#0000FFFFFFFFFFFF
(1786378272.636555) can0 39D#9805E80B
(1786378272.676102) can0 39D#9906E80B
(1786378272.716393) can0 33D#0000FFFFFFFFFFFF
(1786378272.736616) can0 39D#9A07E80B
(1786378272.756448) can0 39D#9B08E80B
(1786378272.796525) can0 39D#9C09E80B
(1786378272.836150) can0 33D#0000FFFFFFFFFFFF
(1786378272.836543) can0 39D#9D0AE80B
(1786378272.876084) can0 39D#9E0BE80B
(1786378272.916145) can0 33D#0000FFFFFFFFFFFF
(1786378272.936598) can0 39D#9F0CE80B
(1786378272.956357) can0 39D#A00DE80B
(1786378272.996051) can0 39D#A10EE80B
(1786378273.036115) can0 33D#0000FFFFFFFFFFFF
(1786378273.036495) can0 39D#A20FE80B
(1786378273.076064) can0 39D#9300E80B
(1786378273.116040) can0 33D#0000FFFFFFFFFFFF
(1786378273.136555) can0 39D#9401E80B
(1786378273.156063) can0 39D#9502E80B
(1786378273.196177) can0 39D#9603E80B
(1786378273.236209) can0 33D#0000FFFFFFFFFFFF
(1786378273.236785) can0 39D#9704E80B
(1786378273.276379) can0 39D#9805E80B
(1786378273.316188) can0 35D#0455555555555555
(1786378273.316622) can0 33D#0000FFFFFFFFFFFF
(1786378273.336516) can0 39D#9906E80B
(1786378273.356151) can0 39D#9A07E80B
(1786378273.396172) can0 39D#9B08E80B
(1786378273.436461) can0 33D#0000FFFFFFFFFFFF
(1786378273.436799) can0 39D#9C09E80B
(1786378273.476065) can0 39D#9D0AE80B
(1786378273.516216) can0 33D#0000FFFFFFFFFFFF
(1786378273.536538) can0 39D#9E0BE80B
(1786378273.556124) can0 39D#9F0CE80B
(1786378273.596251) can0 39D#A00DE80B
(1786378273.636159) can0 33D#0000FFFFFFFFFFFF
(1786378273.636620) can0 39D#A10EE80B
(1786378273.676086) can0 39D#A20FE80B
(1786378273.755685) can0 33D#0000FFFFFFFFFFFF
(1786378273.762361) can0 39D#9300E80B
(1786378273.762783) can0 39D#9401E80B
(1786378273.796085) can0 39D#9502E80B
(1786378273.836447) can0 33D#0000FFFFFFFFFFFF
(1786378273.836790) can0 39D#9603E80B
(1786378273.876089) can0 39D#9704E80B
(1786378273.916191) can0 33D#0000FFFFFFFFFFFF
(1786378273.936549) can0 39D#9805E80B
(1786378273.956124) can0 39D#9906E80B
(1786378273.996395) can0 39D#9A07E80B
(1786378274.036263) can0 33D#0000FFFFFFFFFFFF
(1786378274.036584) can0 39D#9B08E80B
(1786378274.076145) can0 39D#9C09E80B
(1786378274.116107) can0 33D#0000FFFFFFFFFFFF
(1786378274.136691) can0 39D#9D0AE80B
(1786378274.156095) can0 39D#9E0BE80B
(1786378274.196179) can0 39D#9F0CE80B
(1786378274.236052) can0 33D#0000FFFFFFFFFFFF
(1786378274.236535) can0 39D#A00DE80B
(1786378274.276016) can0 39D#A10EE80B
(1786378274.316054) can0 35D#0555555555555555
(1786378274.316386) can0 32D#0B00020101000000
(1786378274.316675) can0 33D#0000FFFFFFFFFFFF
(1786378274.336542) can0 39D#A20FE80B
(1786378274.356130) can0 39D#9300E80B
(1786378274.396438) can0 39D#9401E80B
(1786378274.436420) can0 33D#0000FFFFFFFFFFFF
(1786378274.436923) can0 39D#9502E80B
(1786378274.476372) can0 39D#9603E80B
(1786378274.516461) can0 33D#0000FFFFFFFFFFFF
(1786378274.536514) can0 39D#9704E80B
(1786378274.556074) can0 39D#9805E80B
(1786378274.596172) can0 39D#9906E80B
(1786378274.636160) can0 33D#0000FFFFFFFFFFFF
(1786378274.636741) can0 39D#9A07E80B
(1786378274.676404) can0 39D#9B08E80B
(1786378274.716096) can0 33D#0000FFFFFFFFFFFF
(1786378274.736601) can0 39D#9C09E80B
(1786378274.756054) can0 39D#9D0AE80B
(1786378274.796401) can0 39D#9E0BE80B
(1786378274.836075) can0 33D#0000FFFFFFFFFFFF
(1786378274.836585) can0 39D#9F0CE80B
(1786378274.876015) can0 39D#A00DE80B
(1786378274.916115) can0 33D#0000FFFFFFFFFFFF
(1786378274.936501) can0 39D#A10EE80B
(1786378274.956126) can0 39D#A20FE80B
(1786378274.996434) can0 39D#9300E80B
(1786378275.036133) can0 33D#0000FFFFFFFFFFFF
(1786378275.036557) can0 39D#9401E80B
(1786378275.076067) can0 39D#9502E80B
(1786378275.116090) can0 33D#0000FFFFFFFFFFFF
(1786378275.136562) can0 39D#9603E80B
(1786378275.156402) can0 39D#9704E80B
(1786378275.196150) can0 39D#9805E80B
(1786378275.236232) can0 33D#0000FFFFFFFFFFFF
(1786378275.236585) can0 39D#9906E80B
(1786378275.276131) can0 39D#9A07E80B
(1786378275.316252) can0 35D#0655556555555559
(1786378275.316759) can0 33D#0000FFFFFFFFFFFF
(1786378275.336539) can0 39D#9B08E80B
(1786378275.356030) can0 39D#9C09E80B
(1786378275.396065) can0 39D#9D0AE80B
(1786378275.436308) can0 33D#0000FFFFFFFFFFFF
(1786378275.436891) can0 39D#9E0BE80B
(1786378275.476323) can0 39D#9F0CE80B
(1786378275.516000) can0 33D#0000FFFFFFFFFFFF
(1786378275.536560) can0 39D#A00DE80B
(1786378275.556399) can0 39D#A10EE80B
(1786378275.596348) can0 39D#A20FE80B
(1786378275.636074) can0 33D#0000FFFFFFFFFFFF
(1786378275.636498) can0 39D#9300E80B
(1786378275.676037) can0 39D#9401E80B
(1786378275.716425) can0 33D#0000FFFFFFFFFFFF
(1786378275.736593) can0 39D#9502E80B
(1786378275.756086) can0 39D#9603E80B
(1786378275.796414) can0 39D#9704E80B
(1786378275.836136) can0 33D#0000FFFFFFFFFFFF
(1786378275.836477) can0 39D#9805E80B
(1786378275.876051) can0 39D#9906E80B
(1786378275.915978) can0 33D#0000FFFFFFFFFFFF
(1786378275.936533) can0 39D#9A07E80B
(1786378275.956011) can0 39D#9B08E80B
(1786378275.996272) can0 39D#9C09E80B
(1786378276.036105) can0 33D#0000FFFFFFFFFFFF
(1786378276.036604) can0 39D#9D0AE80B
(1786378276.076045) can0 39D#9E0BE80B
(1786378276.116061) can0 33D#0000FFFFFFFFFFFF
(1786378276.136463) can0 39D#9F0CE80B
(1786378276.156377) can0 39D#A00DE80B
(1786378276.196405) can0 39D#A10EE80B
(1786378276.236380) can0 33D#0000FFFFFFFFFFFF
(1786378276.236831) can0 39D#A20FE80B
(1786378276.276102) can0 39D#9300E80B
(1786378276.316004) can0 35D#07555555552A0000
(1786378276.316359) can0 32D#0D0000008D792021
(1786378276.316683) can0 33D#0000FFFFFFFFFFFF
(1786378276.336586) can0 39D#9401E80B
(1786378276.356082) can0 39D#9502E80B
(1786378276.396516) can0 39D#9603E80B
(1786378276.436092) can0 33D#0000FFFFFFFFFFFF
(1786378276.436445) can0 39D#9704E80B
(1786378276.476050) can0 39D#5805A80B
(1786378276.516380) can0 33D#0000FFFFFFFFFFFF
(1786378276.536577) can0 39D#2906780B
(1786378276.556066) can0 39D#3A07880B
(1786378276.596277) can0 39D#9B08E80B
(1786378276.636419) can0 33D#0000FFFFFFFFFFFF
(1786378276.636936) can0 39D#1D09680C
(1786378276.676401) can0 39D#9E0AE80C
(1786378276.716470) can0 33D#0000FFFFFFFFFFFF
(1786378276.736616) can0 39D#D00B180D
(1786378276.756342) can0 39D#F10C380D
(1786378276.796388) can0 39D#F20D380D
(1786378276.836626) can0 33D#0000FFFFFFFFFFFF
(1786378276.837036) can0 39D#430E880D
(1786378276.876403) can0 39D#C50F080E
(1786378276.916101) can0 33D#0000FFFFFFFFFFFF
(1786378276.936505) can0 39D#8600D80E
(1786378276.955969) can0 39D#49019810
(1786378276.996422) can0 39D#BD020813
(1786378277.036092) can0 33D#0000FFFFFFFFFFFF
(1786378277.036411) can0 39D#9F03E814
(1786378277.076055) can0 39D#C2040816
(1786378277.116104) can0 33D#0000FFFFFFFFFFFF
(1786378277.136561) can0 39D#C4050817
(1786378277.156064) can0 39D#D6061818
(1786378277.196568) can0 39D#7707B818
(1786378277.236036) can0 33D#0000FFFFFFFFFFFF
(1786378277.236441) can0 39D#C9080819
(1786378277.276429) can0 39D#0A094819
(1786378277.316003) can0 35D#0055555555555555
(1786378277.316331) can0 33D#0000FFFFFFFFFFFF
(1786378277.336530) can0 39D#2B0A6819
(1786378277.356029) can0 39D#4C0B8819
(1786378277.396122) can0 39D#5D0C9819
(1786378277.436514) can0 33D#0000FFFFFFFFFFFF
(1786378277.436903) can0 39D#5E0D9819
(1786378277.476304) can0 39D#7F0EB819
(1786378277.516415) can0 33D#0000FFFFFFFFFFFF
(1786378277.536537) can0 39D#B00FE819
(1786378277.556088) can0 39D#E200281A
(1786378277.596373) can0 39D#2301681A
(1786378277.636181) can0 33D#0000FFFFFFFFFFFF
(1786378277.636661) can0 39D#6402A81A
(1786378277.676069) can0 39D#8503C81A
(1786378277.716021) can0 33D#0000FFFFFFFFFFFF
(1786378277.736552) can0 39D#A604E81A
(1786378277.756011) can0 39D#B705F81A
(1786378277.796086) can0 39D#C906081B
(1786378277.836391) can0 33D#0000FFFFFFFFFFFF
(1786378277.836871) can0 39D#DA07181B
(1786378277.876352) can0 39D#DB08181B
(1786378277.916475) can0 33D#0000FFFFFFFFFFFF
(1786378277.936489) can0 39D#DC09181B
(1786378277.956397) can0 39D#DD0A181B
(1786378277.996113) can0 39D#DE0B181B
(1786378278.036016) can0 33D#0000FFFFFFFFFFFF
(1786378278.036448) can0 39D#DF0C181B
(1786378278.076365) can0 39D#E00D181B
(1786378278.116377) can0 33D#0000FFFFFFFFFFFF
(1786378278.136539) can0 39D#E10E181B
(1786378278.156013) can0 39D#E20F181B
(1786378278.196114) can0 39D#D300181B
(1786378278.236051) can0 33D#0000FFFFFFFFFFFF
(1786378278.236533) can0 39D#C401081B
(1786378278.276042) can0 39D#C502081B
(1786378278.316024) can0 35D#0155555555555555
(1786378278.316396) can0 32D#1405000060FCB070
(1786378278.316786) can0 33D#0000FFFFFFFFFFFF
(1786378278.336501) can0 39D#C603081B
(1786378278.356054) can0 39D#B604F81A
(1786378278.396344) can0 39D#A705E81A
(1786378278.436381) can0 33D#0000FFFFFFFFFFFF
(1786378278.436665) can0 39D#A806E81A
(1786378278.476090) can0 39D#A907E81A
(1786378278.515983) can0 33D#0000FFFFFFFFFFFF
(1786378278.536589) can0 39D#AA08E81A
(1786378278.555983) can0 39D#AB09E81A
(1786378278.596453) can0 39D#AC0AE81A
(1786378278.636193) can0 33D#0000FFFFFFFFFFFF
(1786378278.636766) can0 39D#AD0BE81A
(1786378278.675972) can0 39D#AE0CE81A
(1786378278.716062) can0 33D#0000FFFFFFFFFFFF
(1786378278.736559) can0 39D#AF0DE81A
(1786378278.755982) can0 39D#B00EE81A
(1786378278.796079) can0 39D#B10FE81A
(1786378278.835999) can0 33D#0000FFFFFFFFFFFF
(1786378278.836403) can0 39D#A200E81A
(1786378278.876152) can0 39D#A301E81A
(1786378278.916094) can0 33D#0000FFFFFFFFFFFF
(1786378278.936557) can0 39D#A402E81A
(1786378278.955979) can0 39D#A503E81A
(1786378278.996397) can0 39D#A604E81A
(1786378279.036081) can0 33D#0000FFFFFFFFFFFF
(1786378279.036438) can0 39D#A705E81A
(1786378279.076010) can0 39D#A806E81A
(1786378279.115982) can0 33D#0000FFFFFFFFFFFF
(1786378279.136472) can0 39D#A907E81A
(1786378279.155985) can0 39D#AA08E81A
(1786378279.196041) can0 39D#AB09E81A
(1786378279.236062) can0 33D#0000FFFFFFFFFFFF
(1786378279.236516) can0 39D#AC0AE81A
(1786378279.276046) can0 39D#AD0BE81A
(1786378279.316070) can0 35D#0256555555555555
(1786378279.316492) can0 33D#0000FFFFFFFFFFFF
(1786378279.336528) can0 39D#AE0CE81A
(1786378279.356009) can0 39D#AF0DE81A
(1786378279.395984) can0 39D#B00EE81A
(1786378279.436006) can0 33D#0000FFFFFFFFFFFF
(1786378279.436540) can0 39D#B10FE81A
(1786378279.476043) can0 39D#A200E81A
(1786378279.516077) can0 33D#0000FFFFFFFFFFFF
(1786378279.536439) can0 39D#A301E81A
(1786378279.555961) can0 39D#A402E81A
(1786378279.596395) can0 39D#A503E81A
(1786378279.636321) can0 33D#0000FFFFFFFFFFFF
(1786378279.636727) can0 39D#A604E81A
(1786378279.676447) can0 39D#A705E81A
(1786378279.715950) can0 33D#0000FFFFFFFFFFFF
(1786378279.736475) can0 39D#A806E81A
(1786378279.756002) can0 39D#A907E81A
(1786378279.796252) can0 39D#AA08E81A
(1786378279.836318) can0 33D#0000FFFFFFFFFFFF
(1786378279.836702) can0 39D#AB09E81A
(1786378279.875988) can0 39D#AC0AE81A
(1786378279.916006) can0 33D#0000FFFFFFFFFFFF
(1786378279.936414) can0 39D#AD0BE81A
(1786378279.956043) can0 39D#AE0CE81A
(1786378279.996090) can0 39D#AF0DE81A
(1786378280.036068) can0 33D#0000FFFFFFFFFFFF
(1786378280.036558) can0 39D#B00EE81A
(1786378280.076026) can0 39D#B10FE81A
(1786378280.115991) can0 33D#0000FFFFFFFFFFFF
(1786378280.136405) can0 39D#A200E81A
(1786378280.156229) can0 39D#A301E81A
(1786378280.196083) can0 39D#A402E81A
(1786378280.236058) can0 33D#0000FFFFFFFFFFFF
(1786378280.236501) can0 39D#A503E81A
(1786378280.276044) can0 39D#A604E81A
(1786378280.316382) can0 35D#0355555555555555
(1786378280.316863) can0 32D#16000000E4ACA32F
(1786378280.317175) can0 33D#0000FFFFFFFFFFFF
(1786378280.336522) can0 39D#A705E81A
(1786378280.355955) can0 39D#A806E81A
(1786378280.395992) can0 39D#A907E81A
(1786378280.436185) can0 33D#0000FFFFFFFFFFFF
(1786378280.436748) can0 39D#AA08E81A
(1786378280.475952) can0 39D#AB09E81A
(1786378280.516033) can0 33D#0000FFFFFFFFFFFF
(1786378280.536508) can0 39D#AC0AE81A
(1786378280.555948) can0 39D#AD0BE81A
(1786378280.596015) can0 39D#AE0CE81A
(1786378280.636343) can0 33D#0000FFFFFFFFFFFF
(1786378280.636759) can0 39D#AF0DE81A
(1786378280.675890) can0 39D#B00EE81A
(1786378280.716294) can0 33D#0000FFFFFFFFFFFF
(1786378280.736404) can0 39D#B10FE81A
(1786378280.755953) can0 39D#A200E81A
(1786378280.795957) can0 39D#A301E81A
(1786378280.835971) can0 33D#0000FFFFFFFFFFFF
(1786378280.836368) can0 39D#A402E81A
(1786378280.875992) can0 39D#A503E81A
(1786378280.916023) can0 33D#0000FFFFFFFFFFFF
(1786378280.936412) can0 39D#A604E81A
(1786378280.955970) can0 39D#A705E81A
(1786378280.995944) can0 39D#A806E81A
(1786378281.035963) can0 33D#0000FFFFFFFFFFFF
(1786378281.036412) can0 39D#A907E81A
(1786378281.075983) can0 39D#AA08E81A
(1786378281.115993) can0 33D#0000FFFFFFFFFFFF
(1786378281.136415) can0 39D#AB09E81A
(1786378281.155928) can0 39D#AC0AE81A
(1786378281.195990) can0 39D#AD0BE81A
(1786378281.236001) can0 33D#0000FFFFFFFFFFFF
(1786378281.236550) can0 39D#AE0CE81A
(1786378281.276037) can0 39D#AF0DE81A
(1786378281.316241) can0 35D#0455555555555555
(1786378281.316538) can0 33D#0000FFFFFFFFFFFF
(1786378281.336431) can0 39D#B00EE81A
(1786378281.356209) can0 39D#B10FE81A
(1786378281.396287) can0 39D#A200E81A
(1786378281.436037) can0 33D#0000FFFFFFFFFFFF
(1786378281.436430) can0 39D#A301E81A
(1786378281.476018) can0 39D#A402E81A
(1786378281.515951) can0 33D#0000FFFFFFFFFFFF
(1786378281.536392) can0 39D#A503E81A
(1786378281.556218) can0 39D#A604E81A
(1786378281.595966) can0 39D#A705E81A
(1786378281.636079) can0 33D#0000FFFFFFFFFFFF
(1786378281.636592) can0 39D#A806E81A
(1786378281.675979) can0 39D#A907E81A
(1786378281.715928) can0 33D#0000FFFFFFFFFFFF
(1786378281.736471) can0 39D#AA08E81A
(1786378281.755937) can0 39D#AB09E81A
(1786378281.795984) can0 39D#AC0AE81A
(1786378281.836147) can0 33D#0000FFFFFFFFFFFF
(1786378281.836585) can0 39D#AD0BE81A
(1786378281.876242) can0 39D#AE0CE81A
(1786378281.915973) can0 33D#0000FFFFFFFFFFFF
(1786378281.936386) can0 39D#AF0DE81A
(1786378281.955933) can0 39D#B00EE81A
(1786378281.995995) can0 39D#B10FE81A
(1786378282.036302) can0 33D#0000FFFFFFFFFFFF
(1786378282.036650) can0 39D#A200E81A
(1786378282.076015) can0 39D#A301E81A
(1786378282.115837) can0 33D#0000FFFFFFFFFFFF
(1786378282.136435) can0 39D#A402E81A
(1786378282.155989) can0 39D#A503E81A
(1786378282.196128) can0 39D#A604E81A
(1786378282.235992) can0 33D#0000FFFFFFFFFFFF
(1786378282.236468) can0 39D#A705E81A
(1786378282.276045) can0 39D#A806E81A
(1786378282.316008) can0 35D#0555555555555555
(1786378282.316463) can0 32D#0A01000000007000
(1786378282.316873) can0 33D#0000FFFFFFFFFFFF
(1786378282.336440) can0 39D#A907E81A
(1786378282.355976) can0 39D#AA08E81A
(1786378282.395951) can0 39D#AB09E81A
(1786378282.436278) can0 33D#0000FFFFFFFFFFFF
(1786378282.436693) can0 39D#AC0AE81A
(1786378282.476067) can0 39D#AD0BE81A
(1786378282.516049) can0 33D#0000FFFFFFFFFFFF
(1786378282.536434) can0 39D#AE0CE81A
(1786378282.555990) can0 39D#AF0DE81A
(1786378282.595980) can0 39D#B00EE81A
(1786378282.635971) can0 33D#0000FFFFFFFFFFFF
(1786378282.636430) can0 39D#B10FE81A
(1786378282.675987) can0 39D#A200E81A
(1786378282.715992) can0 33D#0000FFFFFFFFFFFF
(1786378282.736520) can0 39D#A301E81A
(1786378282.755898) can0 39D#A402E81A
(1786378282.795967) can0 39D#A503E81A
(1786378282.836035) can0 33D#0000FFFFFFFFFFFF
(1786378282.836425) can0 39D#A604E81A
(1786378282.875955) can0 39D#A705E81A
(1786378282.915925) can0 33D#0000FFFFFFFFFFFF
(1786378282.936388) can0 39D#A806E81A
(1786378282.955900) can0 39D#A907E81A
(1786378282.996051) can0 39D#9A08D81A
(1786378283.036289) can0 33D#0000FFFFFFFFFFFF
(1786378283.036633) can0 39D#9B09D81A
(1786378283.076230) can0 39D#9C0AD81A
(1786378283.116291) can0 33D#0000FFFFFFFFFFFF
(1786378283.136381) can0 39D#9D0BD81A
(1786378283.155935) can0 39D#8E0CC81A
(1786378283.195916) can0 39D#8F0DC81A
(1786378283.235943) can0 33D#0000FFFFFFFFFFFF
(1786378283.236392) can0 39D#900EC81A
(1786378283.276172) can0 39D#910FC81A
(1786378283.315883) can0 35D#0655556555555559
(1786378283.316153) can0 33D#0000FFFFFFFFFFFF
(1786378283.336374) can0 39D#7200B81A
(1786378283.355895) can0 39D#7301B81A
(1786378283.395919) can0 39D#7402B81A
(1786378283.436083) can0 33D#0000FFFFFFFFFFFF
(1786378283.436464) can0 39D#7503B81A
(1786378283.475896) can0 39D#7604B81A
(1786378283.516034) can0 33D#0000FFFFFFFFFFFF
(1786378283.536486) can0 39D#7705B81A
(1786378283.555958) can0 39D#7806B81A
(1786378283.596318) can0 39D#7907B81A
(1786378283.635912) can0 33D#0000FFFFFFFFFFFF
(1786378283.636309) can0 39D#7A08B81A
(1786378283.675918) can0 39D#7B09B81A
(1786378283.715857) can0 33D#0000FFFFFFFFFFFF
(1786378283.736375) can0 39D#7C0AB81A
(1786378283.756207) can0 39D#6D0BA81A
(1786378283.796188) can0 39D#7E0CB81A
(1786378283.835927) can0 33D#0000FFFFFFFFFFFF
(1786378283.836311) can0 39D#7F0DB81A
(1786378283.875929) can0 39D#800EB81A
(1786378283.915820) can0 33D#0000FFFFFFFFFFFF
(1786378283.936475) can0 39D#810FB81A
(1786378283.955902) can0 39D#7200B81A
(1786378283.996020) can0 39D#7301B81A
(1786378284.036023) can0 33D#0000FFFFFFFFFFFF
(1786378284.036403) can0 39D#7402B81A
(1786378284.075944) can0 39D#7503B81A
(1786378284.115932) can0 33D#0000FFFFFFFFFFFF
(1786378284.136347) can0 39D#7604B81A
(1786378284.156179) can0 39D#7705B81A
(1786378284.196190) can0 39D#7806B81A
(1786378284.235993) can0 33D#0000FFFFFFFFFFFF
(1786378284.236444) can0 39D#7907B81A
(1786378284.275869) can0 39D#7A08B81A
(1786378284.315870) can0 35D#07555555552A0000
(1786378284.316185) can0 32D#0B00020101000000
(1786378284.316440) can0 33D#0000FFFFFFFFFFFF
(1786378284.336367) can0 39D#7B09B81A
(1786378284.355893) can0 39D#7C0AB81A
(1786378284.396219) can0 39D#7D0BB81A
(1786378284.435888) can0 33D#0000FFFFFFFFFFFF
(1786378284.436322) can0 39D#7E0CB81A
(1786378284.475927) can0 39D#7F0DB81A
(1786378284.515885) can0 33D#0000FFFFFFFFFFFF
(1786378284.536335) can0 39D#800EB81A
(1786378284.555852) can0 39D#810FB81A
(1786378284.595893) can0 39D#7200B81A
(1786378284.635889) can0 33D#0000FFFFFFFFFFFF
(1786378284.636288) can0 39D#7301B81A
(1786378284.675875) can0 39D#7402B81A
(1786378284.715855) can0 33D#0000FFFFFFFFFFFF
(1786378284.736372) can0 39D#7503B81A
(1786378284.756176) can0 39D#7604B81A
(1786378284.796204) can0 39D#7705B81A
(1786378284.836218) can0 33D#0000FFFFFFFFFFFF
(1786378284.836568) can0 39D#7806B81A
(1786378284.875889) can0 39D#7907B81A
(1786378284.915952) can0 33D#0000FFFFFFFFFFFF
(1786378284.936326) can0 39D#7A08B81A
(1786378284.956153) can0 39D#7B09B81A
(1786378284.996433) can0 39D#7C0AB81A
(1786378285.035975) can0 33D#0000FFFFFFFFFFFF
(1786378285.036408) can0 39D#7D0BB81A
(1786378285.075905) can0 39D#7E0CB81A
(1786378285.115859) can0 33D#0000FFFFFFFFFFFF
(1786378285.136318) can0 39D#7F0DB81A
(1786378285.155829) can0 39D#800EB81A
(1786378285.195948) can0 39D#810FB81A
(1786378285.236057) can0 33D#0000FFFFFFFFFFFF
(1786378285.236460) can0 39D#7200B81A
(1786378285.275907) can0 39D#6301A81A
(1786378285.316207) can0 35D#0055555555555555
(1786378285.316504) can0 33D#0000FFFFFFFFFFFF
(1786378285.336324) can0 39D#5402981A
(1786378285.355930) can0 39D#5503981A
(1786378285.396172) can0 39D#5604981A
(1786378285.435931) can0 33D#0000FFFFFFFFFFFF
(1786378285.436321) can0 39D#4705881A
(1786378285.476327) can0 39D#4806881A
(1786378285.516003) can0 33D#0000FFFFFFFFFFFF
(1786378285.536372) can0 39D#3907781A
(1786378285.555906) can0 39D#3A08781A
(1786378285.596142) can0 39D#2B09681A
(1786378285.635882) can0 33D#0000FFFFFFFFFFFF
(1786378285.636351) can0 39D#2C0A681A
(1786378285.675873) can0 39D#2D0B681A
(1786378285.715936) can0 33D#0000FFFFFFFFFFFF
(1786378285.736435) can0 39D#2E0C681A
(1786378285.755902) can0 39D#2F0D681A
(1786378285.796160) can0 39D#300E681A
(1786378285.835875) can0 33D#0000FFFFFFFFFFFF
(1786378285.836409) can0 39D#310F681A
(1786378285.875915) can0 39D#2200681A
(1786378285.915872) can0 33D#0000FFFFFFFFFFFF
(1786378285.936338) can0 39D#1301581A
(1786378285.955886) can0 39D#F402381A
(1786378285.995982) can0 39D#9403D819
(1786378286.036329) can0 33D#0000FFFFFFFFFFFF
(1786378286.036846) can0 39D#35047819
(1786378286.076201) can0 39D#A505E818
(1786378286.116214) can0 33D#0000FFFFFFFFFFFF
(1786378286.136343) can0 39D#06064818
(1786378286.155894) can0 39D#6607A817
(1786378286.195970) can0 39D#E7082817
(1786378286.235891) can0 33D#0000FFFFFFFFFFFF
(1786378286.236412) can0 39D#A709E816
(1786378286.275851) can0 39D#780AB816
(1786378286.315941) can0 35D#0155555555555555
(1786378286.316405) can0 32D#0D0000008D792021
(1786378286.316742) can0 33D#0000FFFFFFFFFFFF
(1786378286.336382) can0 39D#490B8816
(1786378286.355919) can0 39D#CA0C0816
(1786378286.395949) can0 39D#2A0D6815
(1786378286.435919) can0 33D#0000FFFFFFFFFFFF
(1786378286.436372) can0 39D#5A0E9814
(1786378286.476186) can0 39D#6A0FA813
(1786378286.516275) can0 33D#0000FFFFFFFFFFFF
(1786378286.536378) can0 39D#3A008812
(1786378286.556185) can0 39D#CB011812
(1786378286.595958) can0 39D#3C028812
(1786378286.635866) can0 33D#0000FFFFFFFFFFFF
(1786378286.636280) can0 39D#3E038813
(1786378286.676097) can0 39D#F1043815
(1786378286.716306) can0 33D#0000FFFFFFFFFFFF
(1786378286.736383) can0 39D#8305C816
(1786378286.755895) can0 39D#E6062818
(1786378286.796217) can0 39D#E8072819
(1786378286.836178) can0 33D#0000FFFFFFFFFFFF
(1786378286.836576) can0 39D#6908A819
(1786378286.875839) can0 39D#BA09F819
(1786378286.915901) can0 33D#0000FFFFFFFFFFFF
(1786378286.936453) can0 39D#DC0A181A
(1786378286.956143) can0 39D#3D0B781A
(1786378286.996217) can0 39D#7E0CB81A
(1786378287.036180) can0 33D#0000FFFFFFFFFFFF
(1786378287.036515) can0 39D#100D481B
(1786378287.076117) can0 39D#020E381C
(1786378287.116159) can0 33D#0000FFFFFFFFFFFF
(1786378287.136307) can0 39D#B30FE81C
(1786378287.155926) can0 39D#E500281D
(1786378287.196413) can0 39D#3601781D
(1786378287.235983) can0 33D#0000FFFFFFFFFFFF
(1786378287.236431) can0 39D#C802081E
(1786378287.275809) can0 39D#DA03181F
(1786378287.316147) can0 35D#0256555555555555
(1786378287.316476) can0 33D#0000FFFFFFFFFFFF
(1786378287.336364) can0 39D#EC042820
(1786378287.355828) can0 39D#5E059821
(1786378287.395941) can0 39D#7006A822
(1786378287.436040) can0 33D#0000FFFFFFFFFFFF
(1786378287.436547) can0 39D#B207E823
(1786378287.476082) can0 39D#B408E824
(1786378287.516244) can0 33D#0000FFFFFFFFFFFF
(1786378287.536354) can0 39D#07093826
(1786378287.555897) can0 39D#B80AE826
(1786378287.596309) can0 39D#1A0B4827
(1786378287.635900) can0 33D#0000FFFFFFFFFFFF
(1786378287.636286) can0 39D#2B0C5827
(1786378287.675846) can0 39D#1C0D4827
(1786378287.715908) can0 33D#0000FFFFFFFFFFFF
(1786378287.736396) can0 39D#2D0E5827
(1786378287.755876) can0 39D#2E0F5827
(1786378287.796079) can0 39D#2F006827
(1786378287.836180) can0 33D#0000FFFFFFFFFFFF
(1786378287.836636) can0 39D#50018827
(1786378287.875872) can0 39D#9102C827
(1786378287.915802) can0 33D#0000FFFFFFFFFFFF
(1786378287.936307) can0 39D#D3030828
(1786378287.955800) can0 39D#F4042828
(1786378287.995809) can0 39D#15054828
(1786378288.035840) can0 33D#0000FFFFFFFFFFFF
(1786378288.036231) can0 39D#16064828
(1786378288.075811) can0 39D#17074828
(1786378288.115798) can0 33D#0000FFFFFFFFFFFF
(1786378288.136255) can0 39D#18084828
(1786378288.155882) can0 39D#19094828
(1786378288.196183) can0 39D#1A0A4828
(1786378288.235880) can0 33D#0000FFFFFFFFFFFF
(1786378288.236252) can0 39D#1B0B4828
(1786378288.276073) can0 39D#1C0C4828
(1786378288.315807) can0 35D#0355555555555555
(1786378288.316062) can0 32D#1405000060FCB070
(1786378288.316271) can0 33D#0000FFFFFFFFFFFF
(1786378288.336328) can0 39D#1D0D4828
(1786378288.355736) can0 39D#1E0E4828
(1786378288.396163) can0 39D#1F0F4828
(1786378288.436152) can0 33D#0000FFFFFFFFFFFF
(1786378288.436528) can0 39D#10004828
(1786378288.475835) can0 39D#11014828
(1786378288.515810) can0 33D#0000FFFFFFFFFFFF
(1786378288.536334) can0 39D#12024828
(1786378288.555854) can0 39D#13034828
(1786378288.595886) can0 39D#14044828
(1786378288.635781) can0 33D#0000FFFFFFFFFFFF
(1786378288.636231) can0 39D#15054828
(1786378288.675802) can0 39D#16064828
(1786378288.715888) can0 33D#0000FFFFFFFFFFFF
(1786378288.736267) can0 39D#17074828
(1786378288.755805) can0 39D#18084828
(1786378288.795790) can0 39D#19094828
(1786378288.835858) can0 33D#0000FFFFFFFFFFFF
(1786378288.836275) can0 39D#1A0A4828
(1786378288.875816) can0 39D#1B0B4828
(1786378288.916058) can0 33D#0000FFFFFFFFFFFF
(1786378288.936190) can0 39D#1C0C4828
(1786378288.955873) can0 39D#1D0D4828
(1786378288.995722) can0 39D#1E0E4828
(1786378289.035944) can0 33D#0000FFFFFFFFFFFF
(1786378289.036450) can0 39D#1F0F4828
(1786378289.075769) can0 39D#10004828
(1786378289.115806) can0 33D#0000FFFFFFFFFFFF
(1786378289.136362) can0 39D#11014828
(1786378289.155850) can0 39D#12024828
(1786378289.195825) can0 39D#13034828
(1786378289.235861) can0 33D#0000FFFFFFFFFFFF
(1786378289.236287) can0 39D#14044828
(1786378289.275807) can0 39D#05053828
(1786378289.315929) can0 35D#0455555555555555
(1786378289.316361) can0 33D#0000FFFFFFFFFFFF
(1786378289.336328) can0 39D#06063828
(1786378289.355798) can0 39D#07073828
(1786378289.395821) can0 39D#08083828
(1786378289.435756) can0 33D#0000FFFFFFFFFFFF
(1786378289.436250) can0 39D#09093828
(1786378289.475872) can0 39D#0A0A3828
(1786378289.515784) can0 33D#0000FFFFFFFFFFFF
(1786378289.536315) can0 39D#0B0B3828
(1786378289.555874) can0 39D#0C0C3828
(1786378289.595884) can0 39D#0D0D3828
(1786378289.635881) can0 33D#0000FFFFFFFFFFFF
(1786378289.636303) can0 39D#0E0E3828
(1786378289.675792) can0 39D#0F0F3828
(1786378289.715897) can0 33D#0000FFFFFFFFFFFF
(1786378289.736344) can0 39D#00003828
(1786378289.755775) can0 39D#01013828
(1786378289.795991) can0 39D#02023828
(1786378289.835784) can0 33D#0000FFFFFFFFFFFF
(1786378289.836181) can0 39D#03033828
(1786378289.875817) can0 39D#04043828
(1786378289.915817) can0 33D#0000FFFFFFFFFFFF
(1786378289.936325) can0 39D#05053828
(1786378289.955839) can0 39D#06063828
(1786378289.996104) can0 39D#07073828
(1786378290.035926) can0 33D#0000FFFFFFFFFFFF
(1786378290.036244) can0 39D#08083828
(1786378290.075779) can0 39D#09093828
(1786378290.115843) can0 33D#0000FFFFFFFFFFFF
(1786378290.135957) can0 39D#0A0A3828
(1786378290.156038) can0 39D#0B0B3828
(1786378290.195771) can0 39D#0C0C3828
(1786378290.235757) can0 33D#0000FFFFFFFFFFFF
(1786378290.236284) can0 39D#0D0D3828
(1786378290.275757) can0 39D#0E0E3828
(1786378290.315808) can0 35D#0555555555555555
(1786378290.316174) can0 32D#16000000E4ACA32F
(1786378290.316501) can0 33D#0000FFFFFFFFFFFF
(1786378290.336331) can0 39D#0F0F3828
(1786378290.355753) can0 39D#00003828
(1786378290.395810) can0 39D#01013828
(1786378290.435832) can0 33D#0000FFFFFFFFFFFF
(1786378290.436282) can0 39D#02023828
(1786378290.475808) can0 39D#03033828
(1786378290.515790) can0 33D#0000FFFFFFFFFFFF
(1786378290.536376) can0 39D#04043828
(1786378290.555777) can0 39D#05053828
(1786378290.595917) can0 39D#06063828
(1786378290.636111) can0 33D#0000FFFFFFFFFFFF
(1786378290.636466) can0 39D#07073828
(1786378290.675771) can0 39D#08083828
(1786378290.715751) can0 33D#0000FFFFFFFFFFFF
(1786378290.736254) can0 39D#09093828
(1786378290.755764) can0 39D#0A0A3828
(1786378290.795745) can0 39D#0B0B3828
(1786378290.835842) can0 33D#0000FFFFFFFFFFFF
(1786378290.836323) can0 39D#0C0C3828
(1786378290.875749) can0 39D#0D0D3828
(1786378290.915773) can0 33D#0000FFFFFFFFFFFF
(1786378290.936328) can0 39D#0E0E3828
(1786378290.955818) can0 39D#0F0F3828
(1786378290.995771) can0 39D#00003828
(1786378291.035879) can0 33D#0000FFFFFFFFFFFF
(1786378291.036264) can0 39D#01013828
(1786378291.075862) can0 39D#02023828
(1786378291.115867) can0 33D#0000FFFFFFFFFFFF
(1786378291.136229) can0 39D#03033828
(1786378291.155778) can0 39D#F4042828
(1786378291.196103) can0 39D#F5052828
(1786378291.235915) can0 33D#0000FFFFFFFFFFFF
(1786378291.236369) can0 39D#E6061828
(1786378291.275826) can0 39D#E7071828
(1786378291.315991) can0 35D#0655556555555559
(1786378291.316508) can0 33D#0000FFFFFFFFFFFF
(1786378291.336329) can0 39D#D8080828
(1786378291.355841) can0 39D#C809F827
(1786378291.395934) can0 39D#C90AF827
(1786378291.435876) can0 33D#0000FFFFFFFFFFFF
(1786378291.436435) can0 39D#BA0BE827
(1786378291.475824) can0 39D#BB0CE827
(1786378291.515979) can0 33D#0000FFFFFFFFFFFF
(1786378291.536289) can0 39D#AC0DD827
(1786378291.555784) can0 39D#AD0ED827
(1786378291.595881) can0 39D#AE0FD827
(1786378291.635934) can0 33D#0000FFFFFFFFFFFF
(1786378291.636464) can0 39D#9F00D827
(1786378291.676068) can0 39D#B001E827
(1786378291.716089) can0 33D#0000FFFFFFFFFFFF
(1786378291.736317) can0 39D#B102E827
(1786378291.755799) can0 39D#C203F827
(1786378291.795807) can0 39D#D4040828
(1786378291.836221) can0 33D#0000FFFFFFFFFFFF
(1786378291.836616) can0 39D#E5051828
(1786378291.876145) can0 39D#F6062828
(1786378291.915821) can0 33D#0000FFFFFFFFFFFF
(1786378291.936469) can0 39D#F7072828
(1786378291.955790) can0 39D#08083828
(1786378291.996139) can0 39D#09093828
(1786378292.035894) can0 33D#0000FFFFFFFFFFFF
(1786378292.036348) can0 39D#0A0A3828
(1786378292.075828) can0 39D#0B0B3828
(1786378292.115751) can0 33D#0000FFFFFFFFFFFF
(1786378292.136193) can0 39D#0C0C3828
(1786378292.155744) can0 39D#0D0D3828
(1786378292.196100) can0 39D#0E0E3828
(1786378292.235851) can0 33D#0000FFFFFFFFFFFF
(1786378292.236422) can0 39D#0F0F3828
(1786378292.275838) can0 39D#00003828
(1786378292.315739) can0 35D#07555555552A0000
(1786378292.316007) can0 32D#0A01000000007000
(1786378292.316275) can0 33D#0000FFFFFFFFFFFF
(1786378292.335856) can0 39D#01013828
(1786378292.356072) can0 39D#02023828
(1786378292.395777) can0 39D#03033828
(1786378292.435809) can0 33D#0000FFFFFFFFFFFF
(1786378292.436310) can0 39D#04043828
(1786378292.475822) can0 39D#05053828
(1786378292.515740) can0 33D#0000FFFFFFFFFFFF
(1786378292.536253) can0 39D#06063828
(1786378292.555750) can0 39D#07073828
(1786378292.595835) can0 39D#08083828
(1786378292.635855) can0 33D#0000FFFFFFFFFFFF
(1786378292.636299) can0 39D#09093828
(1786378292.675885) can0 39D#0A0A3828
(1786378292.715815) can0 33D#0000FFFFFFFFFFFF
(1786378292.736329) can0 39D#0B0B3828
(1786378292.755789) can0 39D#0C0C3828
(1786378292.795784) can0 39D#0D0D3828
(1786378292.835848) can0 33D#0000FFFFFFFFFFFF
(1786378292.836337) can0 39D#0E0E3828
(1786378292.875796) can0 39D#0F0F3828
(1786378292.915729) can0 33D#0000FFFFFFFFFFFF
(1786378292.936179) can0 39D#00003828
(1786378292.955777) can0 39D#01013828
(1786378292.995800) can0 39D#02023828
(1786378293.035754) can0 33D#0000FFFFFFFFFFFF
(1786378293.036217) can0 39D#03033828
(1786378293.075782) can0 39D#04043828
(1786378293.115698) can0 33D#0000FFFFFFFFFFFF
(1786378293.136200) can0 39D#05053828
(1786378293.155729) can0 39D#06063828
(1786378293.195806) can0 39D#07073828
(1786378293.235813) can0 33D#0000FFFFFFFFFFFF
(1786378293.236261) can0 39D#08083828
(1786378293.275729) can0 39D#09093828
(1786378293.315715) can0 35D#0055555555555555
(1786378293.316146) can0 33D#0000FFFFFFFFFFFF
(1786378293.336235) can0 39D#0A0A3828
(1786378293.355808) can0 39D#0B0B3828
(1786378293.396084) can0 39D#0C0C3828
(1786378293.436063) can0 33D#0000FFFFFFFFFFFF
(1786378293.436352) can0 39D#0D0D3828
(1786378293.475712) can0 39D#0E0E3828
(1786378293.515814) can0 33D#0000FFFFFFFFFFFF
(1786378293.536304) can0 39D#0F0F3828
(1786378293.555748) can0 39D#00003828
(1786378293.596025) can0 39D#01013828
(1786378293.635807) can0 33D#0000FFFFFFFFFFFF
(1786378293.636270) can0 39D#02023828
(1786378293.675737) can0 39D#03033828
(1786378293.715799) can0 33D#0000FFFFFFFFFFFF
(1786378293.736416) can0 39D#04043828
(1786378293.755746) can0 39D#05053828
(1786378293.795704) can0 39D#06063828
(1786378293.835823) can0 33D#0000FFFFFFFFFFFF
(1786378293.836452) can0 39D#07073828
(1786378293.875751) can0 39D#08083828
(1786378293.915810) can0 33D#0000FFFFFFFFFFFF
(1786378293.936183) can0 39D#09093828
(1786378293.955749) can0 39D#0A0A3828
(1786378293.996055) can0 39D#0B0B3828
(1786378294.035754) can0 33D#0000FFFFFFFFFFFF
(1786378294.036258) can0 39D#0C0C3828
(1786378294.076051) can0 39D#0D0D3828
(1786378294.115725) can0 33D#0000FFFFFFFFFFFF
(1786378294.136242) can0 39D#0E0E3828
(1786378294.155713) can0 39D#0F0F3828
(1786378294.195957) can0 39D#00003828
(1786378294.235870) can0 33D#0000FFFFFFFFFFFF
(1786378294.236276) can0 39D#01013828
(1786378294.275707) can0 39D#02023828
(1786378294.315725) can0 35D#0155555555555555
(1786378294.316052) can0 32D#0B00020101000000
(1786378294.316426) can0 33D#0000FFFFFFFFFFFF
(1786378294.336255) can0 39D#03033828
(1786378294.355733) can0 39D#04043828
(1786378294.396035) can0 39D#05053828
(1786378294.435731) can0 33D#0000FFFFFFFFFFFF
(1786378294.436225) can0 39D#06063828
(1786378294.475769) can0 39D#07073828
(1786378294.515810) can0 33D#0000FFFFFFFFFFFF
(1786378294.536182) can0 39D#08083828
(1786378294.555781) can0 39D#09093828
(1786378294.595827) can0 39D#0A0A3828
(1786378294.635767) can0 33D#0000FFFFFFFFFFFF
(1786378294.636143) can0 39D#0B0B3828
(1786378294.675738) can0 39D#0C0C3828
(1786378294.715830) can0 33D#0000FFFFFFFFFFFF
(1786378294.736123) can0 39D#0D0D3828
(1786378294.755661) can0 39D#0E0E3828
(1786378294.795782) can0 39D#0F0F3828
(1786378294.835728) can0 33D#0000FFFFFFFFFFFF
(1786378294.836088) can0 39D#00003828
(1786378294.875747) can0 39D#01013828
(1786378294.915641) can0 33D#0000FFFFFFFFFFFF
(1786378294.936227) can0 39D#02023828
(1786378294.955698) can0 39D#03033828
(1786378294.995701) can0 39D#04043828
(1786378295.035749) can0 33D#0000FFFFFFFFFFFF
(1786378295.036174) can0 39D#05053828
(1786378295.075947) can0 39D#06063828
(1786378295.115711) can0 33D#0000FFFFFFFFFFFF
(1786378295.136222) can0 39D#07073828
(1786378295.156044) can0 39D#08083828
(1786378295.195755) can0 39D#09093828
(1786378295.235711) can0 33D#0000FFFFFFFFFFFF
(1786378295.236176) can0 39D#0A0A3828
(1786378295.275739) can0 39D#0B0B3828
(1786378295.316024) can0 35D#0256555555555555
(1786378295.316369) can0 33D#0000FFFFFFFFFFFF
(1786378295.336176) can0 39D#0C0C3828
(1786378295.355723) can0 39D#0D0D3828
(1786378295.395648) can0 39D#0E0E3828
(1786378295.435737) can0 33D#0000FFFFFFFFFFFF
(1786378295.436180) can0 39D#0F0F3828
(1786378295.475697) can0 39D#00003828
(1786378295.515657) can0 33D#0000FFFFFFFFFFFF
(1786378295.536086) can0 39D#01013828
(1786378295.555714) can0 39D#02023828
(1786378295.600376) can0 39D#03033828
(1786378295.638527) can0 33D#0000FFFFFFFFFFFF
(1786378295.639647) can0 39D#04043828
(1786378295.677483) can0 39D#05053828
(1786378295.716007) can0 33D#0000FFFFFFFFFFFF
(1786378295.736484) can0 39D#06063828
(1786378295.756199) can0 39D#07073828
(1786378295.796047) can0 39D#08083828
(1786378295.835757) can0 33D#0000FFFFFFFFFFFF
(1786378295.836117) can0 39D#09093828
(1786378295.875663) can0 39D#0A0A3828
(1786378295.915716) can0 33D#0000FFFFFFFFFFFF
(1786378295.936884) can0 39D#0B0B3828
(1786378295.955674) can0 39D#0C0C3828
(1786378295.997437) can0 39D#0D0D3828
(1786378296.036035) can0 33D#0000FFFFFFFFFFFF
(1786378296.036475) can0 39D#0E0E3828
(1786378296.075718) can0 39D#0F0F3828
(1786378296.115973) can0 33D#0000FFFFFFFFFFFF
(1786378296.136467) can0 39D#00003828
(1786378296.155703) can0 39D#01013828
(1786378296.195954) can0 39D#02023828
(1786378296.235726) can0 33D#0000FFFFFFFFFFFF
(1786378296.236098) can0 39D#03033828
(1786378296.275663) can0 39D#04043828
(1786378296.315690) can0 35D#0355555555555555
(1786378296.316019) can0 32D#0D0000008D792021
(1786378296.316341) can0 33D#0000FFFFFFFFFFFF
(1786378296.336424) can0 39D#05053828
(1786378296.355762) can0 39D#06063828
(1786378296.395679) can0 39D#07073828
(1786378296.435903) can0 33D#0000FFFFFFFFFFFF
(1786378296.436307) can0 39D#08083828
(1786378296.475656) can0 39D#09093828
(1786378296.515701) can0 33D#0000FFFFFFFFFFFF
(1786378296.536407) can0 39D#FA0A2828
(1786378296.555699) can0 39D#FB0B2828
(1786378296.603877) can0 39D#FC0C2828
(1786378296.637871) can0 33D#0000FFFFFFFFFFFF
(1786378296.639230) can0 39D#FD0D2828
(1786378296.675710) can0 39D#FE0E2828
(1786378296.715669) can0 33D#0000FFFFFFFFFFFF
(1786378296.736170) can0 39D#FF0F2828
(1786378296.755713) can0 39D#F0002828
(1786378296.795968) can0 39D#F1012828
(1786378296.836197) can0 33D#0000FFFFFFFFFFFF
(1786378296.836683) can0 39D#E2021828
(1786378296.876028) can0 39D#E3031828
(1786378296.915660) can0 33D#0000FFFFFFFFFFFF
(1786378296.936170) can0 39D#E4041828
(1786378296.955724) can0 39D#E5051828
(1786378296.995706) can0 39D#E6061828
(1786378297.035982) can0 33D#0000FFFFFFFFFFFF
(1786378297.036308) can0 39D#E7071828
(1786378297.075610) can0 39D#E8081828
(1786378297.115649) can0 33D#0000FFFFFFFFFFFF
(1786378297.136133) can0 39D#E9091828
(1786378297.155680) can0 39D#EA0A1828
(1786378297.195666) can0 39D#EB0B1828
(1786378297.235659) can0 33D#0000FFFFFFFFFFFF
(1786378297.236038) can0 39D#EC0C1828
(1786378297.275663) can0 39D#ED0D1828
(1786378297.315738) can0 35D#0455555555555555
(1786378297.316205) can0 33D#0000FFFFFFFFFFFF
(1786378297.336032) can0 39D#EE0E1828
(1786378297.355643) can0 39D#EF0F1828
(1786378297.395634) can0 39D#E0001828
(1786378297.435697) can0 33D#0000FFFFFFFFFFFF
(1786378297.436116) can0 39D#E1011828
(1786378297.475706) can0 39D#E2021828
(1786378297.515713) can0 33D#0000FFFFFFFFFFFF
(1786378297.536084) can0 39D#E3031828
(1786378297.555658) can0 39D#E4041828
(1786378297.595642) can0 39D#E5051828
(1786378297.636021) can0 33D#0000FFFFFFFFFFFF
(1786378297.636720) can0 39D#E6061828
(1786378297.675614) can0 39D#E7071828
(1786378297.715837) can0 33D#0000FFFFFFFFFFFF
(1786378297.736215) can0 39D#E8081828
(1786378297.755618) can0 39D#E9091828
(1786378297.795715) can0 39D#EA0A1828
(1786378297.835712) can0 33D#0000FFFFFFFFFFFF
(1786378297.836119) can0 39D#EB0B1828
(1786378297.875629) can0 39D#EC0C1828
(1786378297.915676) can0 33D#0000FFFFFFFFFFFF
(1786378297.936082) can0 39D#ED0D1828
(1786378297.955647) can0 39D#EE0E1828
(1786378297.995679) can0 39D#EF0F1828
(1786378298.035669) can0 33D#0000FFFFFFFFFFFF
(1786378298.036055) can0 39D#E0001828
(1786378298.075732) can0 39D#E1011828
(1786378298.115748) can0 33D#0000FFFFFFFFFFFF
(1786378298.136209) can0 39D#E2021828
(1786378298.155678) can0 39D#E3031828
(1786378298.195705) can0 39D#E4041828
(1786378298.235717) can0 33D#0000FFFFFFFFFFFF
(1786378298.236266) can0 39D#E5051828
(1786378298.275781) can0 39D#E6061828
(1786378298.315648) can0 35D#0555555555555555
(1786378298.316093) can0 32D#1405000060FCB070
(1786378298.316604) can0 33D#0000FFFFFFFFFFFF
(1786378298.336139) can0 39D#E7071828
(1786378298.355575) can0 39D#E8081828
(1786378298.395648) can0 39D#E9091828
(1786378298.435701) can0 33D#0000FFFFFFFFFFFF
(1786378298.436255) can0 39D#EA0A1828
(1786378298.475663) can0 39D#EB0B1828
(1786378298.515911) can0 33D#0000FFFFFFFFFFFF
(1786378298.535989) can0 39D#EC0C1828
(1786378298.555952) can0 39D#ED0D1828
(1786378298.595981) can0 39D#EE0E1828
(1786378298.636923) can0 33D#0000FFFFFFFFFFFF
(1786378298.637912) can0 39D#EF0F1828
(1786378298.675648) can0 39D#D0000828
(1786378298.715993) can0 33D#0000FFFFFFFFFFFF
(1786378298.736120) can0 39D#D1010828
(1786378298.755917) can0 39D#D2020828
(1786378298.795716) can0 39D#D3030828
(1786378298.835660) can0 33D#0000FFFFFFFFFFFF
(1786378298.836226) can0 39D#D4040828
(1786378298.875651) can0 39D#D5050828
(1786378298.915629) can0 33D#0000FFFFFFFFFFFF
(1786378298.936138) can0 39D#D6060828
(1786378298.955555) can0 39D#D7070828
(1786378298.995600) can0 39D#D8080828
(1786378299.035717) can0 33D#0000FFFFFFFFFFFF
(1786378299.036115) can0 39D#D9090828
(1786378299.075892) can0 39D#DA0A0828
(1786378299.115667) can0 33D#0000FFFFFFFFFFFF
(1786378299.136084) can0 39D#DB0B0828
(1786378299.155645) can0 39D#DC0C0828
(1786378299.195603) can0 39D#DD0D0828
(1786378299.235921) can0 33D#0000FFFFFFFFFFFF
(1786378299.236219) can0 39D#DE0E0828
(1786378299.275621) can0 39D#DF0F0828
(1786378299.315539) can0 35D#0655556555555559
(1786378299.315785) can0 33D#0000FFFFFFFFFFFF
(1786378299.336072) can0 39D#D0000828
(1786378299.355588) can0 39D#D1010828
(1786378299.395610) can0 39D#D2020828
(1786378299.435678) can0 33D#0000FFFFFFFFFFFF
(1786378299.436067) can0 39D#C203F827
(1786378299.475549) can0 39D#C304F827
(1786378299.515616) can0 33D#0000FFFFFFFFFFFF
(1786378299.536076) can0 39D#C405F827
(1786378299.555629) can0 39D#C506F827
(1786378299.595563) can0 39D#C607F827
(1786378299.635632) can0 33D#0000FFFFFFFFFFFF
(1786378299.636096) can0 39D#C708F827
(1786378299.675607) can0 39D#C809F827
(1786378299.715564) can0 33D#0000FFFFFFFFFFFF
(1786378299.736090) can0 39D#C90AF827
(1786378299.755694) can0 39D#CA0BF827
(1786378299.795684) can0 39D#CB0CF827
(1786378299.835649) can0 33D#0000FFFFFFFFFFFF
(1786378299.836022) can0 39D#CC0DF827
(1786378299.875570) can0 39D#CD0EF827
(1786378299.915684) can0 33D#0000FFFFFFFFFFFF
(1786378299.936099) can0 39D#CE0FF827
(1786378299.955661) can0 39D#BF00F827
(1786378299.995654) can0 39D#C001F827
(1786378300.035561) can0 33D#0000FFFFFFFFFFFF
(1786378300.036050) can0 39D#B102E827
(1786378300.075604) can0 39D#B203E827
(1786378300.115827) can0 33D#0000FFFFFFFFFFFF
(1786378300.136105) can0 39D#B304E827
(1786378300.155662) can0 39D#B405E827
(1786378300.195611) can0 39D#A506D827
(1786378300.235931) can0 33D#0000FFFFFFFFFFFF
(1786378300.236382) can0 39D#A607D827
(1786378300.275768) can0 39D#B708E827
(1786378300.315943) can0 35D#07555555552A0000
(1786378300.316337) can0 32D#16000000E4ACA32F
(1786378300.316720) can0 33D#0000FFFFFFFFFFFF
(1786378300.336208) can0 39D#A809D827
(1786378300.355611) can0 39D#A90AD827
(1786378300.395865) can0 39D#AA0BD827
(1786378300.435745) can0 33D#0000FFFFFFFFFFFF
(1786378300.436190) can0 39D#AB0CD827
(1786378300.476010) can0 39D#AC0DD827
(1786378300.515574) can0 33D#0000FFFFFFFFFFFF
(1786378300.536177) can0 39D#AD0ED827
(1786378300.555594) can0 39D#AE0FD827
(1786378300.595627) can0 39D#AF00E827
(1786378300.635584) can0 33D#0000FFFFFFFFFFFF
(1786378300.636030) can0 39D#B001E827
(1786378300.675532) can0 39D#C102F827
(1786378300.715905) can0 33D#0000FFFFFFFFFFFF
(1786378300.736069) can0 39D#C203F827
(1786378300.755877) can0 39D#D4040828
(1786378300.796002) can0 39D#D5050828
(1786378300.835742) can0 33D#0000FFFFFFFFFFFF
(1786378300.836306) can0 39D#E6061828
(1786378300.875881) can0 39D#E7071828
(1786378300.915680) can0 33D#0000FFFFFFFFFFFF
(1786378300.936059) can0 39D#E8081828
(1786378300.955909) can0 39D#E9091828
(1786378300.995780) can0 39D#EA0A1828
(1786378301.035751) can0 33D#0000FFFFFFFFFFFF
(1786378301.036282) can0 39D#0B0B3828
(1786378301.075958) can0 39D#4C0C7828
(1786378301.115616) can0 33D#0000FFFFFFFFFFFF
(1786378301.136210) can0 39D#7D0DA828
(1786378301.155606) can0 39D#AE0ED828
(1786378301.195930) can0 39D#400F6829
(1786378301.235966) can0 33D#0000FFFFFFFFFFFF
(1786378301.236300) can0 39D#F200282A
(1786378301.275978) can0 39D#9301C82A
(1786378301.315635) can0 35D#0055555555555555
(1786378301.316035) can0 33D#0000FFFFFFFFFFFF
(1786378301.336140) can0 39D#2502582B
(1786378301.355952) can0 39D#C603F82B
(1786378301.395845) can0 39D#1804482C
(1786378301.435696) can0 33D#0000FFFFFFFFFFFF
(1786378301.436239) can0 39D#6905982C
(1786378301.475652) can0 39D#AA06D82C
(1786378301.516030) can0 33D#0000FFFFFFFFFFFF
(1786378301.536109) can0 39D#FC07282D
(1786378301.555705) can0 39D#0D08382D
(1786378301.596202) can0 39D#3E09682D
(1786378301.635722) can0 33D#0000FFFFFFFFFFFF
(1786378301.636245) can0 39D#5F0A882D
(1786378301.675653) can0 39D#700B982D
(1786378301.715675) can0 33D#0000FFFFFFFFFFFF
(1786378301.736116) can0 39D#710C982D
(1786378301.755565) can0 39D#720D982D
(1786378301.795540) can0 39D#730E982D
(1786378301.835731) can0 33D#0000FFFFFFFFFFFF
(1786378301.836060) can0 39D#740F982D
(1786378301.875568) can0 39D#9500C82D
(1786378301.915988) can0 33D#0000FFFFFFFFFFFF
(1786378301.936181) can0 39D#B601E82D
(1786378301.955948) can0 39D#C702F82D
(1786378301.996152) can0 39D#D903082E
(1786378302.035953) can0 33D#0000FFFFFFFFFFFF
(1786378302.036308) can0 39D#EA04182E
(1786378302.075644) can0 39D#0B05382E
(1786378302.115674) can0 33D#0000FFFFFFFFFFFF
(1786378302.136198) can0 39D#1C06482E
(1786378302.155901) can0 39D#4D07782E
(1786378302.196109) can0 39D#5E08882E
(1786378302.235696) can0 33D#0000FFFFFFFFFFFF
(1786378302.236220) can0 39D#6F09982E
(1786378302.275598) can0 39D#800AA82E
(1786378302.316034) can0 35D#0155555555555555
(1786378302.316414) can0 32D#0A01000000007000
(1786378302.316801) can0 33D#0000FFFFFFFFFFFF
(1786378302.336165) can0 39D#A10BC82E
(1786378302.355664) can0 39D#C20CE82E
(1786378302.395559) can0 39D#F40D182F
(1786378302.435865) can0 33D#0000FFFFFFFFFFFF
(1786378302.436203) can0 39D#250E482F
(1786378302.475870) can0 39D#560F782F
(1786378302.516050) can0 33D#0000FFFFFFFFFFFF
(1786378302.536116) can0 39D#6700982F
(1786378302.555906) can0 39D#7801A82F
(1786378302.596022) can0 39D#8902B82F
(1786378302.636009) can0 33D#0000FFFFFFFFFFFF
(1786378302.636450) can0 39D#AA03D82F
(1786378302.676055) can0 39D#BB04E82F
(1786378302.715912) can0 33D#0000FFFFFFFFFFFF
(1786378302.736164) can0 39D#CC05F82F
(1786378302.755648) can0 39D#DE060830
(1786378302.796157) can0 39D#EF071830
(1786378302.835769) can0 33D#0000FFFFFFFFFFFF
(1786378302.836211) can0 39D#10083830
(1786378302.875698) can0 39D#21094830
(1786378302.915666) can0 33D#0000FFFFFFFFFFFF
(1786378302.936075) can0 39D#520A7830
(1786378302.955909) can0 39D#830BA830
(1786378302.996201) can0 39D#B40CD830
(1786378303.035678) can0 33D#0000FFFFFFFFFFFF
(1786378303.036113) can0 39D#F60D1831
(1786378303.075928) can0 39D#370E5831
(1786378303.115709) can0 33D#0000FFFFFFFFFFFF
(1786378303.136119) can0 39D#580F7831
(1786378303.155905) can0 39D#59008831
(1786378303.195866) can0 39D#5A018831
(1786378303.235671) can0 33D#0000FFFFFFFFFFFF
(1786378303.236109) can0 39D#6B029831
(1786378303.275621) can0 39D#6C039831
(1786378303.315735) can0 35D#0256555555555555
(1786378303.316247) can0 33D#0000FFFFFFFFFFFF
(1786378303.336128) can0 39D#6D049831
(1786378303.355622) can0 39D#8E05B831
(1786378303.395877) can0 39D#AF06D831
(1786378303.435689) can0 33D#0000FFFFFFFFFFFF
(1786378303.436199) can0 39D#DF070632
(1786378303.475625) can0 3AD#AF01001804000010
(1786378303.486171) can0 39D#00082632
(1786378303.515659) can0 33D#0000FFFFFFFFFFFF
(1786378303.536305) can0 39D#11093632
(1786378303.555884) can0 5BD#CF40010000000000
(1786378303.575646) can0 39D#220A4632
(1786378303.595777) can0 39D#230B4632
(1786378303.635697) can0 33D#0000FFFFFFFFFFFF
(1786378303.636095) can0 39D#240C4632
(1786378303.675667) can0 39D#250D4632
(1786378303.715648) can0 33D#0000FFFFFFFFFFFF
(1786378303.736040) can0 39D#260E4632
(1786378303.755869) can0 39D#270F4632
(1786378303.795711) can0 39D#18004632
(1786378303.835644) can0 33D#0000FFFFFFFFFFFF
(1786378303.836266) can0 39D#19014632
(1786378303.875653) can0 39D#1A024632
(1786378303.915928) can0 33D#0000FFFFFFFFFFFF
(1786378303.936060) can0 39D#1B034632
(1786378303.955598) can0 39D#1C044632
(1786378303.995658) can0 39D#1D054632
(1786378304.035666) can0 33D#0000FFFFFFFFFFFF
(1786378304.036137) can0 39D#1E064632
(1786378304.075559) can0 39D#1F074632
(1786378304.115622) can0 33D#0000FFFFFFFFFFFF
(1786378304.136151) can0 39D#20084632
(1786378304.155634) can0 39D#21094632
(1786378304.195740) can0 39D#220A4632
(1786378304.235608) can0 33D#0000FFFFFFFFFFFF
(1786378304.236163) can0 39D#230B4632
(1786378304.275562) can0 39D#240C4632
(1786378304.315651) can0 35D#0355555555555555
(1786378304.316211) can0 32D#0B00020101000000
(1786378304.316597) can0 33D#0000FFFFFFFFFFFF
(1786378304.336053) can0 39D#250D4632
(1786378304.355607) can0 39D#260E4632
(1786378304.395955) can0 39D#270F4632
(1786378304.435639) can0 33D#0000FFFFFFFFFFFF
(1786378304.436278) can0 39D#18004632
(1786378304.475543) can0 39D#19014632
(1786378304.515764) can0 33D#0000FFFFFFFFFFFF
(1786378304.536211) can0 39D#1A024632
(1786378304.555542) can0 39D#1B034632
(1786378304.595786) can0 39D#1C044632
(1786378304.635594) can0 33D#0000FFFFFFFFFFFF
(1786378304.636099) can0 39D#1D054632
(1786378304.675583) can0 39D#1E064632
(1786378304.715641) can0 33D#0000FFFFFFFFFFFF
(1786378304.736098) can0 39D#1F074632
(1786378304.755508) can0 39D#20084632
(1786378304.795872) can0 39D#21094632
(1786378304.835679) can0 33D#0000FFFFFFFFFFFF
(1786378304.836147) can0 39D#220A4632
(1786378304.875550) can0 39D#230B4632
(1786378304.915592) can0 33D#0000FFFFFFFFFFFF
(1786378304.936035) can0 39D#240C4632
(1786378304.955620) can0 39D#150D3632
(1786378304.995699) can0 39D#160E3632
(1786378305.035917) can0 33D#0000FFFFFFFFFFFF
(1786378305.036358) can0 39D#070F2632
(1786378305.075556) can0 39D#F8002632
(1786378305.115660) can0 33D#0000FFFFFFFFFFFF
(1786378305.136071) can0 39D#F9012632
(1786378305.155599) can0 39D#EA021632
(1786378305.195716) can0 39D#EB031632
(1786378305.235585) can0 33D#0000FFFFFFFFFFFF
(1786378305.236030) can0 39D#DC040632
(1786378305.275585) can0 39D#DD050632
(1786378305.315648) can0 35D#0455555555555555
(1786378305.316108) can0 33D#0000FFFFFFFFFFFF
(1786378305.336135) can0 39D#DE060632
(1786378305.355588) can0 39D#DF070632
(1786378305.395948) can0 39D#E0080632
(1786378305.435914) can0 33D#0000FFFFFFFFFFFF
(1786378305.436304) can0 39D#E1090632
(1786378305.475786) can0 39D#E20A0632
(1786378305.515597) can0 33D#0000FFFFFFFFFFFF
(1786378305.536039) can0 39D#E30B0632
(1786378305.555564) can0 39D#E40C0632
(1786378305.595598) can0 39D#E50D0632
(1786378305.635876) can0 33D#0000FFFFFFFFFFFF
(1786378305.636217) can0 39D#E60E0632
(1786378305.675525) can0 39D#E70F0632
(1786378305.715510) can0 33D#0000FFFFFFFFFFFF
(1786378305.736001) can0 39D#D8000632
(1786378305.755570) can0 39D#D9010632
(1786378305.795560) can0 39D#EA021632
(1786378305.835512) can0 33D#0000FFFFFFFFFFFF
(1786378305.835915) can0 39D#0B033632
(1786378305.875599) can0 39D#2C045632
(1786378305.915781) can0 33D#0000FFFFFFFFFFFF
(1786378305.935937) can0 39D#5D058632
(1786378305.955836) can0 39D#8E06B632
(1786378305.995791) can0 39D#AF07D632
(1786378306.035810) can0 33D#0000FFFFFFFFFFFF
(1786378306.036175) can0 39D#D008F632
(1786378306.075746) can0 39D#F2091633
(1786378306.115846) can0 33D#0000FFFFFFFFFFFF
(1786378306.135976) can0 39D#130A3633
(1786378306.155498) can0 39D#540B7633
(1786378306.195473) can0 39D#A50CC633
(1786378306.235826) can0 33D#0000FFFFFFFFFFFF
(1786378306.236135) can0 39D#070D2634
(1786378306.275472) can0 39D#880EA634
(1786378306.315800) can0 35D#0555555555555555
(1786378306.316069) can0 32D#0D0000008D792021
(1786378306.316245) can0 33D#0000FFFFFFFFFFFF
(1786378306.336091) can0 39D#B90FD634
(1786378306.355519) can0 39D#8A00B634
(1786378306.395487) can0 39D#8B01B634
(1786378306.435784) can0 33D#0000FFFFFFFFFFFF
(1786378306.436137) can0 39D#8C02B634
(1786378306.475508) can0 39D#8D03B634
(1786378306.515758) can0 33D#0000FFFFFFFFFFFF
(1786378306.535892) can0 39D#9E04C634
(1786378306.555475) can0 39D#9F05C634
(1786378306.595503) can0 39D#A006C634
(1786378306.635589) can0 33D#0000FFFFFFFFFFFF
(1786378306.635929) can0 39D#A107C634
(1786378306.675725) can0 39D#A208C634
(1786378306.715426) can0 33D#0000FFFFFFFFFFFF
(1786378306.735977) can0 39D#A309C634
(1786378306.755475) can0 39D#A40AC634
(1786378306.795582) can0 39D#A50BC634
(1786378306.835517) can0 33D#0000FFFFFFFFFFFF
(1786378306.835950) can0 39D#B60CD634
(1786378306.875601) can0 39D#C70DE634
(1786378306.915474) can0 33D#0000FFFFFFFFFFFF
(1786378306.935960) can0 39D#A80EC634
(1786378306.955522) can0 39D#A90FC634
(1786378306.995696) can0 39D#BA00E634
(1786378307.035603) can0 33D#0000FFFFFFFFFFFF
(1786378307.036007) can0 39D#AB01D634
(1786378307.075482) can0 39D#9C02C634
(1786378307.115800) can0 33D#0000FFFFFFFFFFFF
(1786378307.135926) can0 39D#AD03D634
(1786378307.155554) can0 39D#AE04D634
(1786378307.195833) can0 39D#AF05D634
(1786378307.235538) can0 33D#0000FFFFFFFFFFFF
(1786378307.235908) can0 39D#B006D634
(1786378307.275540) can0 39D#B107D634
(1786378307.315544) can0 35D#0655556555555559
(1786378307.315933) can0 33D#0000FFFFFFFFFFFF
(1786378307.335849) can0 39D#B208D634
(1786378307.355823) can0 39D#B309D634
(1786378307.395561) can0 39D#B40AD634
(1786378307.435529) can0 33D#0000FFFFFFFFFFFF
(1786378307.435938) can0 39D#A50BC634
(1786378307.475466) can0 39D#A60CC634
(1786378307.515555) can0 33D#0000FFFFFFFFFFFF
(1786378307.535905) can0 39D#A70DC634
(1786378307.555405) can0 39D#A80EC634
(1786378307.595510) can0 39D#B90FD634
(1786378307.635506) can0 33D#0000FFFFFFFFFFFF
(1786378307.635878) can0 39D#AA00D634
(1786378307.675456) can0 39D#9B01C634
(1786378307.715508) can0 33D#0000FFFFFFFFFFFF
(1786378307.735948) can0 39D#9C02C634
(1786378307.755479) can0 39D#9D03C634
(1786378307.795501) can0 39D#9E04C634
(1786378307.835774) can0 33D#0000FFFFFFFFFFFF
(1786378307.836045) can0 39D#9F05C634
(1786378307.875561) can0 39D#A006C634
(1786378307.915428) can0 33D#0000FFFFFFFFFFFF
(1786378307.935905) can0 39D#B107D634
(1786378307.955494) can0 39D#B208D634
(1786378307.995426) can0 39D#B309D634
(1786378308.035569) can0 33D#0000FFFFFFFFFFFF
(1786378308.035910) can0 39D#B40AD634
(1786378308.075462) can0 39D#B50BD634
(1786378308.115537) can0 33D#0000FFFFFFFFFFFF
(1786378308.135891) can0 39D#B60CD634
(1786378308.155512) can0 39D#B70DD634
(1786378308.195516) can0 39D#B80ED634
(1786378308.235492) can0 33D#0000FFFFFFFFFFFF
(1786378308.235935) can0 39D#B90FD634
(1786378308.275546) can0 39D#AA00D634
(1786378308.315514) can0 35D#07555595552A0000
(1786378308.315873) can0 32D#1405000060FCB070
(1786378308.316226) can0 33D#0000FFFFFFFFFFFF
(1786378308.335917) can0 39D#AB01D634
(1786378308.355437) can0 39D#AC02D634
(1786378308.395458) can0 39D#AD03D634
(1786378308.435457) can0 33D#0000FFFFFFFFFFFF
(1786378308.435849) can0 39D#9E04C634
(1786378308.475467) can0 39D#9F05C634
(1786378308.515437) can0 33D#0000FFFFFFFFFFFF
(1786378308.535912) can0 39D#A006C634
(1786378308.555544) can0 39D#A107C634
(1786378308.595540) can0 39D#A208C634
(1786378308.635475) can0 33D#0000FFFFFFFFFFFF
(1786378308.635956) can0 39D#A309C634
(1786378308.675421) can0 39D#A40AC634
(1786378308.715469) can0 33D#0000FFFFFFFFFFFF
(1786378308.735879) can0 39D#A50BC634
(1786378308.755505) can0 39D#A60CC634
(1786378308.795684) can0 39D#A70DC634
(1786378308.835832) can0 33D#0000FFFFFFFFFFFF
(1786378308.836248) can0 39D#A80EC634
(1786378308.875812) can0 39D#A90FC634
(1786378308.915869) can0 33D#0000FFFFFFFFFFFF
(1786378308.935930) can0 39D#9A00C634
(1786378308.955515) can0 39D#9B01C634
(1786378308.995495) can0 39D#8C02B634
(1786378309.035799) can0 33D#0000FFFFFFFFFFFF
(1786378309.036220) can0 39D#8D03B634
(1786378309.075796) can0 39D#8E04B634
(1786378309.115538) can0 33D#0000FFFFFFFFFFFF
(1786378309.135937) can0 39D#8F05B634
(1786378309.155425) can0 39D#9006B634
(1786378309.195503) can0 39D#9107B634
(1786378309.235621) can0 33D#0000FFFFFFFFFFFF
(1786378309.235989) can0 39D#9208B634
(1786378309.275462) can0 39D#9309B634
(1786378309.315419) can0 35D#0055555555555555
(1786378309.315671) can0 33D#0000FFFFFFFFFFFF
(1786378309.335915) can0 39D#840AA634
(1786378309.355479) can0 39D#850BA634
(1786378309.395767) can0 39D#760C9634
(1786378309.435447) can0 33D#0000FFFFFFFFFFFF
(1786378309.435857) can0 39D#770D9634
(1786378309.475460) can0 39D#780E9634
(1786378309.515404) can0 33D#0000FFFFFFFFFFFF
(1786378309.535797) can0 39D#790F9634
(1786378309.555686) can0 39D#3A006634
(1786378309.595457) can0 39D#1B014634
(1786378309.635477) can0 33D#0000FFFFFFFFFFFF
(1786378309.635929) can0 39D#FC022634
(1786378309.675452) can0 39D#DD030634
(1786378309.715441) can0 33D#0000FFFFFFFFFFFF
(1786378309.735928) can0 39D#BD04E633
(1786378309.755400) can0 39D#AE05D633
(1786378309.795407) can0 39D#AF06D633
(1786378309.835469) can0 33D#0000FFFFFFFFFFFF
(1786378309.835965) can0 39D#9007B633
(1786378309.875699) can0 39D#71089633
(1786378309.915401) can0 33D#0000FFFFFFFFFFFF
(1786378309.935896) can0 39D#72099633
(1786378309.955707) can0 39D#A30AC633
(1786378309.995447) can0 39D#950BB634
(1786378310.035517) can0 33D#0000FFFFFFFFFFFF
(1786378310.035873) can0 39D#B60CD634
(1786378310.075406) can0 39D#F80D1635
(1786378310.151582) can0 33D#0000FFFFFFFFFFFF
(1786378310.181279) can0 39D#480E6634
(1786378310.183138) can0 39D#0A0F2635
(1786378310.206787) can0 39D#6A009634
(1786378310.235432) can0 33D#0000FFFFFFFFFFFF
(1786378310.235838) can0 39D#CB01F634
(1786378310.275685) can0 39D#9C02C634
(1786378310.315400) can0 35D#0155555555555555
(1786378310.315677) can0 32D#16000000E4ACA32F
(1786378310.315919) can0 33D#0000FFFFFFFFFFFF
(1786378310.335952) can0 39D#9D03C634
(1786378310.355465) can0 39D#AE04D634
(1786378310.395468) can0 39D#8F05B634
(1786378310.435543) can0 33D#0000FFFFFFFFFFFF
(1786378310.435910) can0 39D#B006D634
(1786378310.475438) can0 39D#9107B634
(1786378310.515815) can0 33D#0000FFFFFFFFFFFF
(1786378310.535808) can0 39D#9208B634
(1786378310.555685) can0 39D#C309E634
(1786378310.595848) can0 39D#840AA634
(1786378310.635834) can0 33D#0000FFFFFFFFFFFF
(1786378310.636214) can0 39D#C50BE634
(1786378310.675446) can0 39D#660C8634
(1786378310.715486) can0 33D#0000FFFFFFFFFFFF
(1786378310.735913) can0 39D#770D9634
(1786378310.755750) can0 39D#680E8634
(1786378310.795794) can0 39D#690F8634
(1786378310.835461) can0 33D#0000FFFFFFFFFFFF
(1786378310.835897) can0 39D#2A005634
(1786378310.875442) can0 39D#FB012634
(1786378310.915748) can0 33D#0000FFFFFFFFFFFF
(1786378310.935975) can0 39D#AB02D633
(1786378310.955478) can0 39D#5C038633
(1786378310.995685) can0 39D#FD042633
(1786378311.035451) can0 33D#0000FFFFFFFFFFFF
(1786378311.035947) can0 39D#9D05C632
(1786378311.075771) can0 39D#1E064632
(1786378311.115743) can0 33D#0000FFFFFFFFFFFF
(1786378311.135841) can0 39D#8E07B631
(1786378311.155392) can0 39D#E1080831
(1786378311.195715) can0 3AD#FD01002004000010
(1786378311.205849) can0 39D#41096830
(1786378311.235497) can0 33D#0000FFFFFFFFFFFF
(1786378311.235922) can0 39D#B10AD82F
(1786378311.275858) can0 39D#520B782F
(1786378311.315510) can0 35D#0256555555555555
(1786378311.315960) can0 33D#0000FFFFFFFFFFFF
(1786378311.335933) can0 39D#F30C182F
(1786378311.355465) can0 39D#A30DC82E
(1786378311.395701) can0 39D#540E782E
(1786378311.435388) can0 33D#0000FFFFFFFFFFFF
(1786378311.435842) can0 39D#C40FE82D
(1786378311.475426) can0 39D#2500582D
(1786378311.515546) can0 33D#0000FFFFFFFFFFFF
(1786378311.535950) can0 39D#8501B82C
(1786378311.555440) can0 39D#D602082C
(1786378311.595782) can0 39D#2603582B
(1786378311.635539) can0 33D#0000FFFFFFFFFFFF
(1786378311.636052) can0 39D#7604A82A
(1786378311.675720) can0 39D#E705182A
(1786378311.715463) can0 33D#0000FFFFFFFFFFFF
(1786378311.735831) can0 39D#67069829
(1786378311.755374) can0 39D#E8071829
(1786378311.795398) can0 39D#68089828
(1786378311.835463) can0 33D#0000FFFFFFFFFFFF
(1786378311.835889) can0 39D#D9090828
(1786378311.875415) can0 39D#290A5827
(1786378311.915401) can0 33D#0000FFFFFFFFFFFF
(1786378311.935952) can0 39D#790BA826
(1786378311.955458) can0 39D#B90CE825
(1786378311.995488) can0 39D#FA0D2825
(1786378312.035472) can0 33D#0000FFFFFFFFFFFF
(1786378312.035956) can0 39D#4A0E7824
(1786378312.075430) can0 39D#9A0FC823
(1786378312.115458) can0 33D#0000FFFFFFFFFFFF
(1786378312.135969) can0 39D#BA00F822
(1786378312.155424) can0 39D#EB012822
(1786378312.195510) can0 39D#0B024821
(1786378312.235417) can0 33D#0000FFFFFFFFFFFF
(1786378312.235874) can0 39D#2B036820
(1786378312.275767) can0 39D#2B04681F
(1786378312.315701) can0 35D#0355555555555555
(1786378312.315948) can0 32D#0A01000000007000
(1786378312.316180) can0 33D#0000FFFFFFFFFFFF
(1786378312.335902) can0 39D#2B05681E
(1786378312.355781) can0 39D#4B06881D
(1786378312.395467) can0 39D#9B07D81C
(1786378312.435454) can0 33D#0000FFFFFFFFFFFF
(1786378312.435850) can0 39D#1C08581C
(1786378312.475826) can0 39D#AC09E81B
(1786378312.515755) can0 33D#0000FFFFFFFFFFFF
(1786378312.535952) can0 39D#2D0A681B
(1786378312.555360) can0 39D#9D0BD81A
(1786378312.595675) can0 39D#1E0C581A
(1786378312.635709) can0 33D#0000FFFFFFFFFFFF
(1786378312.636044) can0 39D#9E0DD819
(1786378312.675349) can0 39D#1F0E5819
(1786378312.715369) can0 33D#0000FFFFFFFFFFFF
(1786378312.735900) can0 39D#9F0FD818
(1786378312.755455) can0 39D#20006818
(1786378312.795853) can0 39D#C1010818
(1786378312.835783) can0 33D#0000FFFFFFFFFFFF
(1786378312.836183) can0 39D#51029817
(1786378312.875426) can0 39D#02034817
(1786378312.915745) can0 33D#0000FFFFFFFFFFFF
(1786378312.935919) can0 39D#A204E816
(1786378312.955676) can0 39D#53059816
(1786378312.995972) can0 39D#04064816
(1786378313.035699) can0 33D#0000FFFFFFFFFFFF
(1786378313.036020) can0 39D#C5070816
(1786378313.075344) can0 39D#7508B815
(1786378313.115730) can0 33D#0000FFFFFFFFFFFF
(1786378313.135925) can0 39D#36097815
(1786378313.155369) can0 39D#E70A2815
(1786378313.195672) can0 39D#970BD814
(1786378313.235457) can0 33D#0000FFFFFFFFFFFF
(1786378313.235822) can0 39D#480C8814
(1786378313.275670) can0 39D#F90D3814
(1786378313.315780) can0 35D#0455555555555555
(1786378313.316145) can0 33D#0000FFFFFFFFFFFF
(1786378313.335875) can0 39D#990ED813
(1786378313.355407) can0 39D#3A0F7813
(1786378313.395705) can0 39D#BB000813
(1786378313.435764) can0 33D#0000FFFFFFFFFFFF
(1786378313.436052) can0 39D#4B019812
(1786378313.475664) can0 39D#CC021812
(1786378313.515392) can0 33D#0000FFFFFFFFFFFF
(1786378313.535853) can0 39D#2C037811
(1786378313.555670) can0 39D#7C04C810
(1786378313.595798) can0 39D#BD050810
(1786378313.635704) can0 33D#0000FFFFFFFFFFFF
(1786378313.635982) can0 39D#ED06380F
(1786378313.675385) can0 39D#4D07980E
(1786378313.715383) can0 33D#0000FFFFFFFFFFFF
(1786378313.735871) can0 39D#BE08080E
(1786378313.755437) can0 39D#3E09880D
(1786378313.795338) can0 39D#AE0AF80C
(1786378313.835356) can0 33D#0000FFFFFFFFFFFF
(1786378313.835772) can0 39D#0F0B580C
(1786378313.875351) can0 39D#5F0CA80B
(1786378313.915339) can0 33D#0000FFFFFFFFFFFF
(1786378313.935749) can0 39D#9F0DE80A
(1786378313.955412) can0 39D#E00E280A
(1786378313.995797) can0 39D#300F7809
(1786378314.035710) can0 33D#0000FFFFFFFFFFFF
(1786378314.035990) can0 39D#7000C808
(1786378314.075778) can0 39D#C1011808
(1786378314.115502) can0 33D#0000FFFFFFFFFFFF
(1786378314.135864) can0 39D#11026807
(1786378314.155342) can0 39D#9103E806
(1786378314.195613) can0 39D#42049806
(1786378314.235717) can0 33D#0000FFFFFFFFFFFF
(1786378314.236086) can0 39D#23057806
(1786378314.275386) can0 39D#04065806
(1786378314.315497) can0 35D#0555555555555555
(1786378314.315918) can0 32D#0B00020101000000
(1786378314.316345) can0 33D#0000FFFFFFFFFFFF
(1786378314.335869) can0 39D#D5072806
(1786378314.355649) can0 39D#A508F805
(1786378314.395358) can0 39D#6609B805
(1786378314.435438) can0 33D#0000FFFFFFFFFFFF
(1786378314.435853) can0 39D#270A7805
(1786378314.475638) can0 39D#D80B2805
(1786378314.515637) can0 33D#0000FFFFFFFFFFFF
(1786378314.535857) can0 39D#980CE804
(1786378314.555700) can0 39D#590DA804
(1786378314.595427) can0 39D#0A0E5804
(1786378314.635695) can0 33D#0000FFFFFFFFFFFF
(1786378314.636009) can0 39D#AA0FF803
(1786378314.675408) can0 39D#5B00B803
(1786378314.715810) can0 33D#0000FFFFFFFFFFFF
(1786378314.735886) can0 39D#FC015803
(1786378314.755746) can0 39D#8C02E802
(1786378314.795474) can0 39D#1D037802
(1786378314.835738) can0 33D#0000FFFFFFFFFFFF
(1786378314.836035) can0 39D#AE040802
(1786378314.875383) can0 39D#4E05A801
(1786378314.915382) can0 33D#0000FFFFFFFFFFFF
(1786378314.935838) can0 39D#FF065801
(1786378314.955342) can0 39D#C0071801
(1786378314.995420) can0 39D#C1081801
(1786378315.035427) can0 33D#0000FFFFFFFFFFFF
(1786378315.035929) can0 39D#C2091801
(1786378315.075307) can0 39D#C30A1801
(1786378315.115424) can0 33D#0000FFFFFFFFFFFF
(1786378315.135805) can0 39D#C40B1801
(1786378315.155371) can0 39D#C50C1801
(1786378315.195420) can0 39D#C60D1801
(1786378315.235464) can0 33D#0000FFFFFFFFFFFF
(1786378315.235828) can0 39D#C70E1801
(1786378315.275364) can0 39D#C80F1801
(1786378315.315383) can0 35D#0655556555555559
(1786378315.315821) can0 33D#0000FFFFFFFFFFFF
(1786378315.335861) can0 39D#B9001801
(1786378315.355390) can0 39D#BA011801
(1786378315.395283) can0 39D#BB021801
(1786378315.435254) can0 33D#0000FFFFFFFFFFFF
(1786378315.435748) can0 39D#BC031801
(1786378315.475277) can0 39D#BD041801
(1786378315.515319) can0 33D#0000FFFFFFFFFFFF
(1786378315.535825) can0 39D#BE051801
(1786378315.555348) can0 39D#BF061801
(1786378315.595669) can0 39D#C0071801
(1786378315.635356) can0 33D#0000FFFFFFFFFFFF
(1786378315.635738) can0 39D#C1081801
(1786378315.675332) can0 39D#C2091801
(1786378315.715429) can0 33D#0000FFFFFFFFFFFF
(1786378315.735852) can0 39D#C30A1801
(1786378315.755409) can0 39D#C40B1801
(1786378315.795646) can0 39D#C50C1801
(1786378315.835341) can0 33D#0000FFFFFFFFFFFF
(1786378315.835738) can0 39D#C60D1801
(1786378315.875330) can0 39D#C70E1801
(1786378315.915318) can0 33D#0000FFFFFFFFFFFF
(1786378315.935810) can0 39D#C80F1801
(1786378315.955597) can0 39D#B9001801
(1786378315.995428) can0 39D#BA011801
(1786378316.035391) can0 33D#0000FFFFFFFFFFFF
(1786378316.035815) can0 39D#BB021801
(1786378316.075422) can0 39D#BC031801
(1786378316.115398) can0 33D#0000FFFFFFFFFFFF
(1786378316.135761) can0 39D#BD041801
(1786378316.155382) can0 39D#BE051801
(1786378316.195385) can0 39D#BF061801
(1786378316.235406) can0 33D#0000FFFFFFFFFFFF
(1786378316.235873) can0 39D#C0071801
(1786378316.275614) can0 39D#C1081801
(1786378316.315285) can0 35D#07555595552A0000
(1786378316.315552) can0 32D#0D0000008D792021
(1786378316.315779) can0 33D#0000FFFFFFFFFFFF
(1786378316.335758) can0 39D#C2091801
(1786378316.355348) can0 39D#C30A1801
(1786378316.395365) can0 39D#C40B1801
(1786378316.435701) can0 33D#0000FFFFFFFFFFFF
(1786378316.436116) can0 39D#B50C0801
(1786378316.475361) can0 39D#B60D0801
(1786378316.515274) can0 33D#0000FFFFFFFFFFFF
(1786378316.535388) can0 3AD#3202002004000010
(1786378316.545355) can0 39D#B70E0801
(1786378316.555249) can0 39D#B80F0801
(1786378316.595188) can0 39D#A9000801
(1786378316.635251) can0 33D#0000FFFFFFFFFFFF
(1786378316.635674) can0 39D#AA010801
(1786378316.675236) can0 39D#AB020801
(1786378316.715221) can0 33D#0000FFFFFFFFFFFF
(1786378316.735448) can0 39D#AC030801
(1786378316.755240) can0 39D#AD040801
(1786378316.795173) can0 39D#AE050801
(1786378316.835280) can0 33D#0000FFFFFFFFFFFF
(1786378316.835866) can0 39D#AF060801
(1786378316.875251) can0 39D#B0070801
(1786378316.915277) can0 31D#3602700000030005
(1786378316.925365) can0 33D#0000FFFFFFFFFFFF
(1786378316.935338) can0 33D#19000A0053535455
(1786378316.945319) can0 39D#B1080801
(1786378316.955246) can0 34D#E901A8040728C803
(1786378316.965363) can0 36D#9D060000002AE68D
(1786378316.985338) can0 39D#B2090801
(1786378316.995222) can0 37D#640500000058D70A
(1786378317.005656) can0 38D#00000000701D1500
(1786378317.025342) can0 39D#B30A0801
(1786378317.035226) can0 33D#0000FFFFFFFFFFFF
(1786378317.035555) can0 39D#B40B0801
(1786378317.075230) can0 39D#B50C0801
(1786378317.115400) can0 33D#0000FFFFFFFFFFFF
(1786378317.135410) can0 39D#B60D0801
(1786378317.155272) can0 39D#B70E0801
(1786378317.195308) can0 39D#B80F0801
(1786378317.235137) can0 33D#0000FFFFFFFFFFFF
(1786378317.235397) can0 39D#A9000801
(1786378317.275131) can0 39D#AA010801
(1786378317.315256) can0 35D#0055555555555555
(1786378317.315704) can0 33D#0000FFFFFFFFFFFF
(1786378317.335420) can0 39D#AB020801
(1786378317.355203) can0 39D#AC030801
(1786378317.395212) can0 39D#AD040801
(1786378317.435229) can0 33D#0000FFFFFFFFFFFF
(1786378317.435653) can0 39D#AE050801
(1786378317.475211) can0 39D#AF060801
(1786378317.515190) can0 33D#0000FFFFFFFFFFFF
(1786378317.535382) can0 39D#B0070801
(1786378317.555249) can0 39D#B1080801
(1786378317.595291) can0 39D#B2090801
(1786378317.635280) can0 33D#0000FFFFFFFFFFFF
(1786378317.635633) can0 39D#B30A0801
(1786378317.675319) can0 39D#B40B0801
(1786378317.715205) can0 33D#0000FFFFFFFFFFFF
(1786378317.735369) can0 39D#B50C0801
(1786378317.755230) can0 39D#B60D0801
(1786378317.795430) can0 39D#B70E0801
(1786378317.835255) can0 33D#0000FFFFFFFFFFFF
(1786378317.835559) can0 39D#B80F0801
(1786378317.875110) can0 39D#A9000801
(1786378317.915157) can0 33D#0000FFFFFFFFFFFF
(1786378317.935399) can0 39D#AA010801
(1786378317.955244) can0 39D#AB020801
(1786378317.995213) can0 39D#AC030801
(1786378318.035269) can0 33D#0000FFFFFFFFFFFF
(1786378318.035577) can0 39D#AD040801
(1786378318.075228) can0 39D#AE050801
(1786378318.115249) can0 33D#0000FFFFFFFFFFFF
(1786378318.135404) can0 39D#AF060801
(1786378318.155217) can0 39D#B0070801
(1786378318.195176) can0 39D#B1080801
(1786378318.235179) can0 33D#0000FFFFFFFFFFFF
(1786378318.235561) can0 39D#B2090801
(1786378318.275250) can0 39D#B30A0801
(1786378318.315174) can0 35D#0155555555555555
(1786378318.315485) can0 32D#1405000060FCB070
(1786378318.315796) can0 33D#0000FFFFFFFFFFFF
(1786378318.335442) can0 39D#B40B0801
(1786378318.355214) can0 39D#B50C0801
(1786378318.395224) can0 39D#B60D0801
(1786378318.435361) can0 33D#0000FFFFFFFFFFFF
(1786378318.435816) can0 39D#B70E0801
(1786378318.475313) can0 39D#B80F0801
(1786378318.515251) can0 33D#0000FFFFFFFFFFFF
(1786378318.535402) can0 39D#A9000801
(1786378318.555215) can0 39D#AA010801
(1786378318.595248) can0 39D#AB020801
(1786378318.635123) can0 33D#0000FFFFFFFFFFFF
(1786378318.635380) can0 39D#AC030801
(1786378318.675194) can0 39D#AD040801
(1786378318.715161) can0 33D#0000FFFFFFFFFFFF
(1786378318.735367) can0 39D#AE050801
(1786378318.755175) can0 39D#AF060801
(1786378318.795376) can0 39D#B0070801
(1786378318.835167) can0 33D#0000FFFFFFFFFFFF
(1786378318.835470) can0 39D#B1080801
(1786378318.875155) can0 39D#B2090801
(1786378318.915090) can0 33D#0000FFFFFFFFFFFF
(1786378318.935320) can0 39D#B30A0801
(1786378318.955173) can0 39D#B40B0801
(1786378318.995241) can0 39D#B50C0801
(1786378319.035158) can0 33D#0000FFFFFFFFFFFF
(1786378319.035524) can0 39D#B60D0801
(1786378319.075156) can0 39D#B70E0801
(1786378319.115212) can0 33D#0000FFFFFFFFFFFF
(1786378319.135324) can0 39D#B80F0801
(1786378319.155295) can0 39D#A9000801
(1786378319.195254) can0 39D#AA010801
(1786378319.235336) can0 33D#0000FFFFFFFFFFFF
(1786378319.235839) can0 39D#AB020801
(1786378319.275142) can0 39D#AC030801
(1786378319.315147) can0 35D#0256555555555555
(1786378319.315446) can0 33D#0000FFFFFFFFFFFF
(1786378319.335431) can0 39D#AD040801
(1786378319.355245) can0 39D#AE050801
(1786378319.395278) can0 39D#AF060801
(1786378319.435131) can0 33D#0000FFFFFFFFFFFF
(1786378319.435396) can0 39D#B0070801
(1786378319.475205) can0 39D#B1080801
(1786378319.515201) can0 33D#0000FFFFFFFFFFFF
(1786378319.535255) can0 39D#B2090801
(1786378319.555137) can0 39D#B30A0801
(1786378319.595288) can0 39D#B40B0801
(1786378319.635135) can0 33D#0000FFFFFFFFFFFF
(1786378319.635413) can0 39D#B50C0801
(1786378319.675230) can0 39D#B60D0801
(1786378319.715303) can0 33D#0000FFFFFFFFFFFF
(1786378319.735330) can0 39D#B70E0801
(1786378319.755196) can0 39D#B80F0801
(1786378319.795253) can0 39D#A9000801
(1786378319.835191) can0 33D#0000FFFFFFFFFFFF
(1786378319.835597) can0 39D#AA010801
(1786378319.875235) can0 39D#AB020801
(1786378319.915104) can0 33D#0000FFFFFFFFFFFF
(1786378319.935359) can0 39D#AC030801
(1786378319.955138) can0 39D#AD040801
(1786378319.995204) can0 39D#AE050801
(1786378320.035133) can0 33D#0000FFFFFFFFFFFF
(1786378320.035386) can0 39D#AF060801
(1786378320.075162) can0 39D#B0070801
(1786378320.115189) can0 33D#0000FFFFFFFFFFFF
(1786378320.135357) can0 39D#B1080801
(1786378320.155184) can0 39D#B2090801
(1786378320.195213) can0 39D#B30A0801
(1786378320.235209) can0 33D#0000FFFFFFFFFFFF
(1786378320.235551) can0 39D#B40B0801
(1786378320.275287) can0 39D#B50C0801
(1786378320.315177) can0 35D#0355555555555555
(1786378320.315468) can0 32D#16000000E4ACA32F
(1786378320.315719) can0 33D#0000FFFFFFFFFFFF
(1786378320.335269) can0 39D#B60D0801
(1786378320.355183) can0 39D#B70E0801
(1786378320.395113) can0 39D#B80F0801
(1786378320.435220) can0 33D#0000FFFFFFFFFFFF
(1786378320.435597) can0 39D#A9000801
(1786378320.475139) can0 39D#AA010801
(1786378320.515193) can0 33D#0000FFFFFFFFFFFF
(1786378320.535331) can0 39D#AB020801
(1786378320.555145) can0 39D#AC030801
(1786378320.595220) can0 39D#AD040801
(1786378320.635230) can0 33D#0000FFFFFFFFFFFF
(1786378320.635656) can0 39D#AE050801
(1786378320.675172) can0 39D#AF060801
(1786378320.715165) can0 33D#0000FFFFFFFFFFFF
(1786378320.735328) can0 39D#B0070801
(1786378320.755101) can0 39D#B1080801
(1786378320.795175) can0 39D#B2090801
(1786378320.835189) can0 33D#0000FFFFFFFFFFFF
(1786378320.835502) can0 39D#B30A0801
(1786378320.875152) can0 39D#B40B0801
(1786378320.915215) can0 33D#0000FFFFFFFFFFFF
(1786378320.935316) can0 39D#B50C0801
(1786378320.955207) can0 39D#B60D0801
(1786378320.995105) can0 39D#B70E0801
(1786378321.035205) can0 33D#0000FFFFFFFFFFFF
(1786378321.035572) can0 39D#B80F0801
(1786378321.075160) can0 39D#A9000801
(1786378321.115140) can0 33D#0000FFFFFFFFFFFF
(1786378321.135294) can0 39D#AA010801
(1786378321.155171) can0 39D#AB020801
(1786378321.195291) can0 39D#AC030801
(1786378321.235253) can0 33D#0000FFFFFFFFFFFF
(1786378321.235670) can0 39D#AD040801
(1786378321.275105) can0 39D#AE050801
(1786378321.315118) can0 35D#0455555555555555
(1786378321.315416) can0 33D#0000FFFFFFFFFFFF
(1786378321.335287) can0 39D#AF060801
(1786378321.355139) can0 39D#B0070801
(1786378321.395119) can0 39D#B1080801
(1786378321.435179) can0 33D#0000FFFFFFFFFFFF
(1786378321.435530) can0 39D#B2090801
(1786378321.475117) can0 39D#B30A0801
(1786378321.515206) can0 33D#0000FFFFFFFFFFFF
(1786378321.535288) can0 39D#B40B0801
(1786378321.555150) can0 39D#B50C0801
(1786378321.595251) can0 39D#B60D0801
(1786378321.635161) can0 33D#0000FFFFFFFFFFFF
(1786378321.635482) can0 39D#B70E0801
(1786378321.675123) can0 39D#B80F0801
(1786378321.715198) can0 33D#0000FFFFFFFFFFFF
(1786378321.735390) can0 39D#A9000801
(1786378321.755172) can0 39D#AA010801
(1786378321.795195) can0 39D#AB020801
(1786378321.835089) can0 33D#0000FFFFFFFFFFFF
(1786378321.835497) can0 39D#AC030801
(1786378321.875143) can0 39D#AD040801
(1786378321.915282) can0 33D#0000FFFFFFFFFFFF
(1786378321.935402) can0 39D#AE050801
(1786378321.955094) can0 39D#AF060801
(1786378321.995136) can0 39D#B0070801
(1786378322.035187) can0 33D#0000FFFFFFFFFFFF
(1786378322.035596) can0 39D#B1080801
(1786378322.075118) can0 39D#B2090801
(1786378322.115156) can0 33D#0000FFFFFFFFFFFF
(1786378322.135359) can0 39D#B30A0801
(1786378322.155145) can0 39D#B40B0801
(1786378322.195112) can0 39D#B50C0801
(1786378322.235223) can0 33D#0000FFFFFFFFFFFF
(1786378322.235545) can0 39D#B60D0801
(1786378322.275138) can0 39D#B70E0801
(1786378322.315123) can0 35D#0555555555555555
(1786378322.315393) can0 32D#0A01000000007000
(1786378322.315652) can0 33D#0000FFFFFFFFFFFF
(1786378322.335260) can0 39D#B80F0801
(1786378322.355194) can0 39D#A9000801
(1786378322.395167) can0 39D#AA010801
(1786378322.435193) can0 33D#0000FFFFFFFFFFFF
(1786378322.435611) can0 39D#AB020801
(1786378322.475126) can0 39D#AC030801
(1786378322.515129) can0 33D#0000FFFFFFFFFFFF
(1786378322.535310) can0 39D#AD040801
(1786378322.555167) can0 39D#AE050801
(1786378322.595148) can0 39D#AF060801
(1786378322.635208) can0 33D#0000FFFFFFFFFFFF
(1786378322.635604) can0 39D#B0070801
(1786378322.675175) can0 39D#B1080801
(1786378322.715239) can0 33D#0000FFFFFFFFFFFF
(1786378322.735290) can0 39D#B2090801
(1786378322.755153) can0 39D#B30A0801
(1786378322.795108) can0 39D#B40B0801
(1786378322.835124) can0 33D#0000FFFFFFFFFFFF
(1786378322.835566) can0 39D#B50C0801
(1786378322.875114) can0 39D#B60D0801
(1786378322.915147) can0 33D#0000FFFFFFFFFFFF
(1786378322.935282) can0 39D#B70E0801
(1786378322.955172) can0 39D#B80F0801
(1786378322.995126) can0 39D#A9000801
(1786378323.035154) can0 33D#0000FFFFFFFFFFFF
(1786378323.035521) can0 39D#AA010801
(1786378323.075159) can0 39D#AB020801
(1786378323.115107) can0 33D#0000FFFFFFFFFFFF
(1786378323.135289) can0 39D#AC030801
(1786378323.155131) can0 39D#AD040801
(1786378323.195177) can0 39D#AE050801
(1786378323.235293) can0 33D#0000FFFFFFFFFFFF
(1786378323.235813) can0 39D#AF060801
(1786378323.275101) can0 39D#B0070801
(1786378323.315164) can0 35D#0655556555555559
(1786378323.315411) can0 33D#0000FFFFFFFFFFFF
(1786378323.335191) can0 39D#B1080801
(1786378323.355147) can0 39D#B2090801
(1786378323.395072) can0 39D#B30A0801
(1786378323.435124) can0 33D#0000FFFFFFFFFFFF
(1786378323.435465) can0 39D#B40B0801
(1786378323.475088) can0 39D#B50C0801
(1786378323.515157) can0 33D#0000FFFFFFFFFFFF
(1786378323.535296) can0 39D#B60D0801
(1786378323.555040) can0 39D#B70E0801
(1786378323.595103) can0 39D#B80F0801
(1786378323.635235) can0 33D#0000FFFFFFFFFFFF
(1786378323.635625) can0 39D#A9000801
(1786378323.675074) can0 39D#BA011801
(1786378323.715152) can0 33D#0000FFFFFFFFFFFF
(1786378323.735205) can0 39D#AB020801
(1786378323.755150) can0 39D#AC030801
(1786378323.795120) can0 39D#AD040801
(1786378323.835247) can0 33D#0000FFFFFFFFFFFF
(1786378323.835710) can0 39D#AE050801
(1786378323.875223) can0 39D#AF060801
(1786378323.915205) can0 33D#0000FFFFFFFFFFFF
(1786378323.935264) can0 39D#B0070801
(1786378323.955175) can0 39D#B1080801
(1786378323.995079) can0 39D#B2090801
(1786378324.035138) can0 33D#0000FFFFFFFFFFFF
(1786378324.035688) can0 39D#B30A0801
(1786378324.075092) can0 39D#B40B0801
(1786378324.115138) can0 33D#0000FFFFFFFFFFFF
(1786378324.135363) can0 39D#B50C0801
(1786378324.155077) can0 39D#B60D0801
(1786378324.195079) can0 39D#B70E0801
(1786378324.235029) can0 33D#0000FFFFFFFFFFFF
(1786378324.235402) can0 39D#B80F0801
(1786378324.275099) can0 39D#A9000801
(1786378324.315192) can0 35D#07555595552A0000
(1786378324.315572) can0 32D#0B00020101000000
(1786378324.315912) can0 33D#0000FFFFFFFFFFFF
(1786378324.335205) can0 39D#AA010801
(1786378324.355155) can0 39D#AB020801
(1786378324.395168) can0 39D#AC030801
(1786378324.435003) can0 33D#0000FFFFFFFFFFFF
(1786378324.435225) can0 39D#AD040801
(1786378324.475022) can0 39D#AE050801
(1786378324.515063) can0 33D#0000FFFFFFFFFFFF
(1786378324.535176) can0 39D#AF060801
(1786378324.555103) can0 39D#B0070801
(1786378324.595131) can0 39D#B1080801
(1786378324.635047) can0 33D#0000FFFFFFFFFFFF
(1786378324.635373) can0 39D#B2090801
(1786378324.675084) can0 39D#B30A0801
(1786378324.715058) can0 33D#0000FFFFFFFFFFFF
(1786378324.735207) can0 39D#B40B0801
(1786378324.755048) can0 39D#B50C0801
(1786378324.795125) can0 39D#B60D0801
(1786378324.835106) can0 33D#0000FFFFFFFFFFFF
(1786378324.835526) can0 39D#B70E0801
(1786378324.875113) can0 39D#B80F0801
(1786378324.915108) can0 33D#0000FFFFFFFFFFFF
(1786378324.935253) can0 39D#A9000801
(1786378324.955133) can0 39D#AA010801
(1786378324.995140) can0 39D#AB020801
(1786378325.035128) can0 33D#0000FFFFFFFFFFFF
(1786378325.035588) can0 39D#AC030801
(1786378325.075140) can0 39D#AD040801
(1786378325.115104) can0 33D#0000FFFFFFFFFFFF
(1786378325.135293) can0 39D#AE050801
(1786378325.155149) can0 39D#AF060801
(1786378325.195071) can0 39D#B0070801
(1786378325.235164) can0 33D#0000FFFFFFFFFFFF
(1786378325.235685) can0 39D#B1080801
(1786378325.275031) can0 39D#B2090801
(1786378325.315204) can0 35D#0055555555555555
(1786378325.315662) can0 33D#0000FFFFFFFFFFFF
(1786378325.335288) can0 39D#B30A0801
(1786378325.355149) can0 39D#B40B0801
(1786378325.395112) can0 39D#B50C0801
(1786378325.435199) can0 33D#0000FFFFFFFFFFFF
(1786378325.435633) can0 39D#B60D0801
(1786378325.475149) can0 39D#B70E0801
(1786378325.515176) can0 33D#0000FFFFFFFFFFFF
(1786378325.535262) can0 39D#B80F0801
(1786378325.555103) can0 39D#A9000801
(1786378325.595163) can0 39D#AA010801
(1786378325.635099) can0 33D#0000FFFFFFFFFFFF
(1786378325.635436) can0 39D#AB020801
(1786378325.675115) can0 39D#AC030801
(1786378325.715070) can0 33D#0000FFFFFFFFFFFF
(1786378325.735247) can0 39D#AD040801
(1786378325.755076) can0 39D#AE050801
(1786378325.795085) can0 39D#AF060801
(1786378325.835071) can0 33D#0000FFFFFFFFFFFF
(1786378325.835478) can0 39D#B0070801
(1786378325.875066) can0 39D#B1080801
(1786378325.915108) can0 33D#0000FFFFFFFFFFFF
(1786378325.935228) can0 39D#B2090801
(1786378325.955048) can0 39D#B30A0801
(1786378325.995147) can0 39D#B40B0801
(1786378326.035075) can0 33D#0000FFFFFFFFFFFF
(1786378326.035521) can0 39D#B50C0801
(1786378326.075155) can0 39D#B60D0801
(1786378326.115126) can0 33D#0000FFFFFFFFFFFF
(1786378326.135317) can0 39D#B70E0801
(1786378326.155096) can0 39D#B80F0801
(1786378326.195192) can0 39D#A9000801
(1786378326.235283) can0 33D#0000FFFFFFFFFFFF
(1786378326.235808) can0 39D#AA010801
(1786378326.275092) can0 39D#AB020801
(1786378326.315085) can0 35D#0155555555555555
(1786378326.315429) can0 32D#0D0000008D792021
(1786378326.315757) can0 33D#0000FFFFFFFFFFFF
(1786378326.335223) can0 39D#AC030801
(1786378326.355029) can0 39D#AD040801
(1786378326.395279) can0 39D#AE050801
(1786378326.435151) can0 33D#0000FFFFFFFFFFFF
(1786378326.435645) can0 39D#AF060801
(1786378326.475062) can0 39D#B0070801
(1786378326.515058) can0 33D#0000FFFFFFFFFFFF
(1786378326.535272) can0 39D#B1080801
(1786378326.555090) can0 39D#B2090801
(1786378326.595113) can0 39D#B30A0801
(1786378326.635114) can0 33D#0000FFFFFFFFFFFF
(1786378326.635533) can0 39D#B40B0801
(1786378326.675123) can0 39D#B50C0801
(1786378326.715109) can0 33D#0000FFFFFFFFFFFF
(1786378326.735218) can0 39D#B60D0801
(1786378326.755191) can0 39D#B70E0801
(1786378326.795070) can0 39D#B80F0801
(1786378326.835088) can0 33D#0000FFFFFFFFFFFF
(1786378326.835595) can0 39D#A9000801
(1786378326.875064) can0 39D#AA010801
(1786378326.915040) can0 33D#0000FFFFFFFFFFFF
(1786378326.935306) can0 39D#AB020801
(1786378326.955124) can0 39D#AC030801
(1786378326.995054) can0 39D#AD040801
(1786378327.035147) can0 33D#0000FFFFFFFFFFFF
(1786378327.035581) can0 39D#AE050801
(1786378327.075185) can0 39D#AF060801
(1786378327.115057) can0 33D#0000FFFFFFFFFFFF
(1786378327.135228) can0 39D#B0070801
(1786378327.155098) can0 39D#B1080801
(1786378327.195164) can0 39D#B2090801
(1786378327.235013) can0 33D#0000FFFFFFFFFFFF
(1786378327.235331) can0 39D#B30A0801
(1786378327.275112) can0 39D#B40B0801
(1786378327.315208) can0 35D#0256555555555555
(1786378327.315614) can0 33D#0000FFFFFFFFFFFF
(1786378327.335161) can0 39D#B50C0801
(1786378327.355086) can0 39D#B60D0801
(1786378327.395083) can0 39D#B70E0801
(1786378327.435080) can0 33D#0000FFFFFFFFFFFF
(1786378327.435523) can0 39D#B80F0801
(1786378327.475116) can0 39D#A9000801
(1786378327.515127) can0 33D#0000FFFFFFFFFFFF
(1786378327.535198) can0 39D#AA010801
(1786378327.555023) can0 39D#AB020801
(1786378327.595063) can0 39D#AC030801
(1786378327.635141) can0 33D#0000FFFFFFFFFFFF
(1786378327.635557) can0 39D#AD040801
(1786378327.675017) can0 39D#AE050801
(1786378327.715069) can0 33D#0000FFFFFFFFFFFF
(1786378327.735248) can0 39D#AF060801
(1786378327.755149) can0 39D#B0070801
(1786378327.795140) can0 39D#B1080801
(1786378327.835258) can0 33D#0000FFFFFFFFFFFF
(1786378327.835655) can0 39D#B2090801
(1786378327.875078) can0 39D#B30A0801
(1786378327.915050) can0 33D#0000FFFFFFFFFFFF
(1786378327.935266) can0 39D#B40B0801
(1786378327.955087) can0 39D#B50C0801
(1786378327.995101) can0 39D#B60D0801
(1786378328.035067) can0 33D#0000FFFFFFFFFFFF
(1786378328.035444) can0 39D#B70E0801
(1786378328.075090) can0 39D#B80F0801
(1786378328.115033) can0 33D#0000FFFFFFFFFFFF
(1786378328.135193) can0 39D#A9000801
(1786378328.155029) can0 39D#AA010801
(1786378328.195025) can0 39D#AB020801
(1786378328.235160) can0 33D#0000FFFFFFFFFFFF
(1786378328.235663) can0 39D#AC030801
(1786378328.275165) can0 39D#AD040801
(1786378328.315123) can0 35D#0355555555555555
(1786378328.315606) can0 32D#1405000060FCB070
(1786378328.315947) can0 33D#0000FFFFFFFFFFFF
(1786378328.335256) can0 39D#AE050801
(1786378328.355047) can0 39D#AF060801
(1786378328.395153) can0 39D#B0070801
(1786378328.435087) can0 33D#0000FFFFFFFFFFFF
(1786378328.435538) can0 39D#B1080801
(1786378328.475198) can0 39D#B2090801
(1786378328.515013) can0 33D#0000FFFFFFFFFFFF
(1786378328.535180) can0 39D#B30A0801
(1786378328.555051) can0 39D#B40B0801
(1786378328.595055) can0 39D#B50C0801
(1786378328.634958) can0 33D#0000FFFFFFFFFFFF
(1786378328.635242) can0 39D#B60D0801
(1786378328.675052) can0 39D#B70E0801
(1786378328.714995) can0 33D#0000FFFFFFFFFFFF
(1786378328.735393) can0 39D#B80F0801
(1786378328.755050) can0 39D#A9000801
(1786378328.795130) can0 39D#AA010801
(1786378328.835113) can0 33D#0000FFFFFFFFFFFF
(1786378328.835475) can0 39D#AB020801
(1786378328.875081) can0 39D#AC030801
(1786378328.915114) can0 33D#0000FFFFFFFFFFFF
(1786378328.935195) can0 39D#AD040801
(1786378328.955042) can0 39D#AE050801
(1786378328.995061) can0 39D#AF060801
(1786378329.035127) can0 33D#0000FFFFFFFFFFFF
(1786378329.035645) can0 39D#B0070801
(1786378329.075048) can0 39D#B1080801
(1786378329.115169) can0 33D#0000FFFFFFFFFFFF
(1786378329.135269) can0 39D#B2090801
(1786378329.155004) can0 39D#B30A0801
(1786378329.195029) can0 39D#B40B0801
(1786378329.235117) can0 33D#0000FFFFFFFFFFFF
(1786378329.235607) can0 39D#B50C0801
(1786378329.274992) can0 39D#B60D0801
(1786378329.315149) can0 35D#0455555555555555
(1786378329.315524) can0 33D#0000FFFFFFFFFFFF
(1786378329.335260) can0 39D#B70E0801
(1786378329.354989) can0 39D#B80F0801
(1786378329.395062) can0 39D#A9000801
(1786378329.435042) can0 33D#0000FFFFFFFFFFFF
(1786378329.435488) can0 39D#AA010801
(1786378329.475020) can0 39D#AB020801
(1786378329.515003) can0 33D#0000FFFFFFFFFFFF
(1786378329.535168) can0 39D#AC030801
(1786378329.555101) can0 39D#AD040801
(1786378329.595183) can0 39D#AE050801
(1786378329.635025) can0 33D#0000FFFFFFFFFFFF
(1786378329.635418) can0 39D#AF060801
(1786378329.675068) can0 39D#B0070801
(1786378329.715037) can0 33D#0000FFFFFFFFFFFF
(1786378329.735172) can0 39D#B1080801
(1786378329.754989) can0 39D#B2090801
(1786378329.795020) can0 39D#B30A0801
(1786378329.835050) can0 33D#0000FFFFFFFFFFFF
(1786378329.835507) can0 39D#B40B0801
(1786378329.875101) can0 39D#B50C0801
(1786378329.914920) can0 33D#0000FFFFFFFFFFFF
(1786378329.935169) can0 39D#B60D0801
(1786378329.954974) can0 39D#B70E0801
(1786378329.995018) can0 39D#B80F0801
(1786378330.035000) can0 33D#0000FFFFFFFFFFFF
(1786378330.035263) can0 39D#A9000801
(1786378330.074976) can0 39D#AA010801
(1786378330.115077) can0 33D#0000FFFFFFFFFFFF
(1786378330.135133) can0 39D#AB020801
(1786378330.155031) can0 39D#AC030801
(1786378330.195138) can0 39D#AD040801
(1786378330.234984) can0 33D#0000FFFFFFFFFFFF
(1786378330.235324) can0 39D#AE050801
(1786378330.274931) can0 39D#AF060801
(1786378330.315026) can0 35D#0555555555555555
(1786378330.315401) can0 32D#16000000E4ACA32F
(1786378330.315700) can0 33D#0000FFFFFFFFFFFF
(1786378330.335177) can0 39D#B0070801
(1786378330.354936) can0 39D#B1080801
(1786378330.395013) can0 39D#B2090801
(1786378330.434993) can0 33D#0000FFFFFFFFFFFF
(1786378330.435381) can0 39D#B30A0801
(1786378330.475018) can0 39D#B40B0801
(1786378330.515048) can0 33D#0000FFFFFFFFFFFF
(1786378330.535215) can0 39D#B50C0801
(1786378330.554968) can0 39D#B60D0801
(1786378330.595021) can0 39D#B70E0801
(1786378330.635000) can0 33D#0000FFFFFFFFFFFF
(1786378330.635411) can0 39D#B80F0801
(1786378330.675029) can0 39D#A9000801
(1786378330.715002) can0 33D#0000FFFFFFFFFFFF
(1786378330.735118) can0 39D#AA010801
(1786378330.755025) can0 39D#AB020801
(1786378330.795050) can0 39D#AC030801
(1786378330.835091) can0 33D#0000FFFFFFFFFFFF
(1786378330.835418) can0 39D#AD040801
(1786378330.875013) can0 39D#AE050801
(1786378330.915084) can0 33D#0000FFFFFFFFFFFF
(1786378330.935148) can0 39D#AF060801
(1786378330.955002) can0 39D#B0070801
(1786378330.995010) can0 39D#B1080801
(1786378331.035073) can0 33D#0000FFFFFFFFFFFF
(1786378331.035564) can0 39D#B2090801
(1786378331.075047) can0 39D#B30A0801
(1786378331.115000) can0 33D#0000FFFFFFFFFFFF
(1786378331.135106) can0 39D#B40B0801
(1786378331.155051) can0 39D#B50C0801
(1786378331.195148) can0 39D#B60D0801
(1786378331.235005) can0 33D#0000FFFFFFFFFFFF
(1786378331.235418) can0 39D#B70E0801
(1786378331.275018) can0 39D#B80F0801
(1786378331.314997) can0 35D#0655556555555559
(1786378331.315353) can0 33D#0000FFFFFFFFFFFF
(1786378331.335216) can0 39D#A9000801
(1786378331.355048) can0 39D#AA010801
(1786378331.395089) can0 39D#AB020801
(1786378331.435072) can0 33D#0000FFFFFFFFFFFF
(1786378331.435406) can0 39D#AC030801
(1786378331.475013) can0 39D#AD040801
(1786378331.514987) can0 33D#0000FFFFFFFFFFFF
(1786378331.535138) can0 39D#AE050801
(1786378331.555046) can0 39D#AF060801
(1786378331.595178) can0 39D#B0070801
(1786378331.635005) can0 33D#0000FFFFFFFFFFFF
(1786378331.635413) can0 39D#B1080801
(1786378331.675025) can0 39D#B2090801
(1786378331.714985) can0 33D#0000FFFFFFFFFFFF
(1786378331.735083) can0 39D#B30A0801
(1786378331.755017) can0 39D#B40B0801
(1786378331.795018) can0 39D#B50C0801
(1786378331.835057) can0 33D#0000FFFFFFFFFFFF
(1786378331.835455) can0 39D#B60D0801
(1786378331.874962) can0 39D#B70E0801
(1786378331.915099) can0 33D#0000FFFFFFFFFFFF
(1786378331.935183) can0 39D#B80F0801
(1786378331.955013) can0 39D#A9000801
(1786378331.994975) can0 39D#AA010801
(1786378332.035009) can0 33D#0000FFFFFFFFFFFF
(1786378332.035420) can0 39D#AB020801
(1786378332.074964) can0 39D#AC030801
(1786378332.115020) can0 33D#0000FFFFFFFFFFFF
(1786378332.135580) can0 39D#AD040801
(1786378332.154952) can0 39D#AE050801
(1786378332.194983) can0 39D#AF060801
(1786378332.235042) can0 33D#0000FFFFFFFFFFFF
(1786378332.235402) can0 39D#B0070801
(1786378332.274977) can0 39D#B1080801
(1786378332.314939) can0 35D#07555595552A0000
(1786378332.315216) can0 32D#0A01000000007000
(1786378332.315479) can0 33D#0000FFFFFFFFFFFF
(1786378332.335135) can0 39D#B2090801
(1786378332.354966) can0 39D#B30A0801
(1786378332.395040) can0 39D#B40B0801
(1786378332.435137) can0 33D#0000FFFFFFFFFFFF
(1786378332.435599) can0 39D#B50C0801
(1786378332.474961) can0 39D#B60D0801
(1786378332.515026) can0 33D#0000FFFFFFFFFFFF
(1786378332.535090) can0 39D#B70E0801
(1786378332.554989) can0 39D#B80F0801
(1786378332.595035) can0 39D#A9000801
(1786378332.635020) can0 33D#0000FFFFFFFFFFFF
(1786378332.635433) can0 39D#AA010801
(1786378332.675035) can0 39D#AB020801
(1786378332.714942) can0 33D#0000FFFFFFFFFFFF
(1786378332.735145) can0 39D#AC030801
(1786378332.754924) can0 39D#AD040801
(1786378332.795101) can0 39D#AE050801
(1786378332.834991) can0 33D#0000FFFFFFFFFFFF
(1786378332.835449) can0 39D#AF060801
(1786378332.874944) can0 39D#B0070801
(1786378332.914941) can0 33D#0000FFFFFFFFFFFF
(1786378332.935083) can0 39D#B1080801
(1786378332.954987) can0 39D#B2090801
(1786378332.995076) can0 39D#B30A0801
(1786378333.034897) can0 33D#0000FFFFFFFFFFFF
(1786378333.035219) can0 39D#B40B0801
(1786378333.074938) can0 39D#B50C0801
(1786378333.114985) can0 33D#0000FFFFFFFFFFFF
(1786378333.135146) can0 39D#B60D0801
(1786378333.155027) can0 39D#B70E0801
(1786378333.194999) can0 39D#B80F0801
(1786378333.235114) can0 33D#0000FFFFFFFFFFFF
(1786378333.235627) can0 39D#A9000801
(1786378333.275022) can0 39D#AA010801
(1786378333.314988) can0 35D#0055555555555555
(1786378333.315366) can0 33D#0000FFFFFFFFFFFF
(1786378333.335154) can0 39D#AB020801
(1786378333.354973) can0 39D#AC030801
(1786378333.395124) can0 39D#AD040801
(1786378333.435029) can0 33D#0000FFFFFFFFFFFF
(1786378333.435369) can0 39D#AE050801
(1786378333.475067) can0 39D#AF060801
(1786378333.515009) can0 33D#0000FFFFFFFFFFFF
(1786378333.535105) can0 39D#B0070801
(1786378333.554978) can0 39D#B1080801
(1786378333.594994) can0 39D#B2090801
(1786378333.635069) can0 33D#0000FFFFFFFFFFFF
(1786378333.635556) can0 39D#B30A0801
(1786378333.674977) can0 39D#B40B0801
(1786378333.714936) can0 33D#0000FFFFFFFFFFFF
(1786378333.735164) can0 39D#B50C0801
(1786378333.754991) can0 39D#B60D0801
(1786378333.794941) can0 39D#B70E0801
(1786378333.835029) can0 33D#0000FFFFFFFFFFFF
(1786378333.835522) can0 39D#B80F0801
(1786378333.875018) can0 39D#A9000801
(1786378333.915052) can0 33D#0000FFFFFFFFFFFF
(1786378333.935131) can0 39D#AA010801
(1786378333.955002) can0 39D#AB020801
(1786378333.994936) can0 39D#AC030801
(1786378334.035093) can0 33D#0000FFFFFFFFFFFF
(1786378334.035558) can0 39D#AD040801
(1786378334.074956) can0 39D#AE050801
(1786378334.114965) can0 33D#0000FFFFFFFFFFFF
(1786378334.135156) can0 39D#AF060801
(1786378334.154943) can0 39D#B0070801
(1786378334.195093) can0 39D#B1080801
(1786378334.234885) can0 33D#0000FFFFFFFFFFFF
(1786378334.235139) can0 39D#B2090801
(1786378334.274906) can0 39D#B30A0801
(1786378334.314961) can0 35D#0155555555555555
(1786378334.315389) can0 32D#0B00020101000000
(1786378334.315764) can0 33D#0000FFFFFFFFFFFF
(1786378334.335110) can0 39D#B40B0801
(1786378334.354966) can0 39D#B50C0801
(1786378334.394932) can0 39D#B60D0801
(1786378334.434884) can0 33D#0000FFFFFFFFFFFF
(1786378334.435154) can0 39D#B70E0801
(1786378334.474898) can0 39D#B80F0801
(1786378334.515046) can0 33D#0000FFFFFFFFFFFF
(1786378334.535025) can0 39D#A9000801
(1786378334.555046) can0 39D#AA010801
(1786378334.594949) can0 39D#AB020801
(1786378334.635084) can0 33D#0000FFFFFFFFFFFF
(1786378334.635465) can0 39D#AC030801
(1786378334.674989) can0 39D#AD040801
(1786378334.714956) can0 33D#0000FFFFFFFFFFFF
(1786378334.735035) can0 39D#AE050801
(1786378334.754950) can0 39D#AF060801
(1786378334.795019) can0 39D#B0070801
(1786378334.835015) can0 33D#0000FFFFFFFFFFFF
(1786378334.835339) can0 39D#B1080801
(1786378334.875045) can0 39D#B2090801
(1786378334.914853) can0 33D#0000FFFFFFFFFFFF
(1786378334.935035) can0 39D#B30A0801
(1786378334.954964) can0 39D#B40B0801
(1786378334.994946) can0 39D#B50C0801
(1786378335.034989) can0 33D#0000FFFFFFFFFFFF
(1786378335.035385) can0 39D#B60D0801
(1786378335.074933) can0 39D#B70E0801
(1786378335.114924) can0 33D#0000FFFFFFFFFFFF
(1786378335.135083) can0 39D#B80F0801
(1786378335.154919) can0 39D#A9000801
(1786378335.194950) can0 39D#AA010801
(1786378335.234954) can0 33D#0000FFFFFFFFFFFF
(1786378335.235281) can0 39D#AB020801
(1786378335.274882) can0 39D#AC030801
(1786378335.315004) can0 35D#0256555555555555
(1786378335.315457) can0 33D#0000FFFFFFFFFFFF
(1786378335.335054) can0 39D#AD040801
(1786378335.354954) can0 39D#AE050801
(1786378335.394890) can0 39D#AF060801
(1786378335.434930) can0 33D#0000FFFFFFFFFFFF
(1786378335.435183) can0 39D#B0070801
(1786378335.474879) can0 39D#B1080801
(1786378335.514881) can0 33D#0000FFFFFFFFFFFF
(1786378335.535257) can0 39D#B2090801
(1786378335.554909) can0 39D#B30A0801
(1786378335.594859) can0 39D#B40B0801
(1786378335.635011) can0 33D#0000FFFFFFFFFFFF
(1786378335.635430) can0 39D#B50C0801
(1786378335.674934) can0 39D#B60D0801
(1786378335.714813) can0 33D#0000FFFFFFFFFFFF
(1786378335.735062) can0 39D#B70E0801
(1786378335.754979) can0 39D#B80F0801
(1786378335.794944) can0 39D#A9000801
(1786378335.834903) can0 33D#0000FFFFFFFFFFFF
(1786378335.835179) can0 39D#AA010801
(1786378335.875158) can0 39D#AB020801
(1786378335.914995) can0 33D#0000FFFFFFFFFFFF
(1786378335.935090) can0 39D#AC030801
(1786378335.954985) can0 39D#AD040801
(1786378335.995204) can0 39D#AE050801
(1786378336.034977) can0 33D#0000FFFFFFFFFFFF
(1786378336.035373) can0 39D#AF060801
(1786378336.074924) can0 39D#B0070801
(1786378336.115044) can0 33D#0000FFFFFFFFFFFF
(1786378336.135091) can0 39D#B1080801
(1786378336.154905) can0 39D#B2090801
(1786378336.195059) can0 39D#B30A0801
(1786378336.234906) can0 33D#0000FFFFFFFFFFFF
(1786378336.235317) can0 39D#B40B0801
(1786378336.274993) can0 39D#B50C0801
(1786378336.314970) can0 35D#0355555555555555
(1786378336.315437) can0 32D#0D0000008D792021
(1786378336.315788) can0 33D#0000FFFFFFFFFFFF
(1786378336.335078) can0 39D#B60D0801
(1786378336.354967) can0 39D#B70E0801
(1786378336.395062) can0 39D#B80F0801
(1786378336.435121) can0 33D#0000FFFFFFFFFFFF
(1786378336.435615) can0 39D#A9000801
(1786378336.474957) can0 39D#AA010801
(1786378336.514950) can0 33D#0000FFFFFFFFFFFF
(1786378336.535070) can0 39D#AB020801
(1786378336.555002) can0 39D#AC030801
(1786378336.595214) can0 39D#AD040801
(1786378336.635020) can0 33D#0000FFFFFFFFFFFF
(1786378336.635506) can0 39D#AE050801
(1786378336.674924) can0 39D#AF060801
(1786378336.714994) can0 33D#0000FFFFFFFFFFFF
(1786378336.735068) can0 39D#B0070801
(1786378336.754867) can0 39D#B1080801
(1786378336.795028) can0 39D#B2090801
(1786378336.834929) can0 33D#0000FFFFFFFFFFFF
(1786378336.835298) can0 39D#B30A0801
(1786378336.874987) can0 39D#B40B0801
(1786378336.915077) can0 33D#0000FFFFFFFFFFFF
(1786378336.935061) can0 39D#B50C0801
(1786378336.954925) can0 39D#B60D0801
(1786378336.995031) can0 39D#B70E0801
(1786378337.034996) can0 33D#0000FFFFFFFFFFFF
(1786378337.035443) can0 39D#B80F0801
(1786378337.075055) can0 39D#B9001801
(1786378337.115035) can0 33D#0000FFFFFFFFFFFF
(1786378337.134994) can0 39D#AA010801
(1786378337.154971) can0 39D#AB020801
(1786378337.195040) can0 39D#AC030801
(1786378337.235010) can0 33D#0000FFFFFFFFFFFF
(1786378337.235610) can0 39D#AD040801
(1786378337.274973) can0 39D#AE050801
(1786378337.315072) can0 35D#0455555555555555
(1786378337.315598) can0 33D#0000FFFFFFFFFFFF
(1786378337.335071) can0 39D#AF060801
(1786378337.354951) can0 39D#B0070801
(1786378337.395092) can0 39D#B1080801
(1786378337.434978) can0 33D#0000FFFFFFFFFFFF
(1786378337.435418) can0 39D#B2090801
(1786378337.474924) can0 39D#B30A0801
(1786378337.514956) can0 33D#0000FFFFFFFFFFFF
(1786378337.535096) can0 39D#B40B0801
(1786378337.554874) can0 39D#B50C0801
(1786378337.595170) can0 39D#B60D0801
(1786378337.634972) can0 33D#0000FFFFFFFFFFFF
(1786378337.635493) can0 39D#B70E0801
(1786378337.674892) can0 39D#B80F0801
(1786378337.714985) can0 33D#0000FFFFFFFFFFFF
(1786378337.734978) can0 39D#A9000801
(1786378337.754891) can0 39D#AA010801
(1786378337.795005) can0 39D#AB020801
(1786378337.834985) can0 33D#0000FFFFFFFFFFFF
(1786378337.835493) can0 39D#AC030801
(1786378337.874866) can0 39D#AD040801
(1786378337.914931) can0 33D#0000FFFFFFFFFFFF
(1786378337.935102) can0 39D#AE050801
(1786378337.954883) can0 39D#AF060801
(1786378337.994939) can0 39D#B0070801
(1786378338.035016) can0 33D#0000FFFFFFFFFFFF
(1786378338.035484) can0 39D#B1080801
(1786378338.074952) can0 39D#B2090801
(1786378338.115076) can0 33D#0000FFFFFFFFFFFF
(1786378338.135106) can0 39D#B30A0801
(1786378338.154929) can0 39D#B40B0801
(1786378338.195111) can0 39D#B50C0801
(1786378338.234911) can0 33D#0000FFFFFFFFFFFF
(1786378338.235275) can0 39D#B60D0801
(1786378338.274940) can0 39D#B70E0801
(1786378338.315005) can0 35D#0555555555555555
(1786378338.315408) can0 32D#1405000060FCB070
(1786378338.315765) can0 33D#0000FFFFFFFFFFFF
(1786378338.335100) can0 39D#B80F0801
(1786378338.354877) can0 39D#A9000801
(1786378338.394954) can0 39D#AA010801
(1786378338.434994) can0 33D#0000FFFFFFFFFFFF
(1786378338.435597) can0 39D#AB020801
(1786378338.474884) can0 39D#AC030801
(1786378338.514891) can0 33D#0000FFFFFFFFFFFF
(1786378338.535069) can0 39D#AD040801
(1786378338.554850) can0 39D#AE050801
(1786378338.595104) can0 39D#AF060801
(1786378338.635020) can0 33D#0000FFFFFFFFFFFF
(1786378338.635414) can0 39D#B0070801
(1786378338.674926) can0 39D#B1080801
(1786378338.714907) can0 33D#0000FFFFFFFFFFFF
(1786378338.734986) can0 39D#B2090801
(1786378338.754906) can0 39D#B30A0801
(1786378338.795097) can0 39D#B40B0801
(1786378338.834896) can0 33D#0000FFFFFFFFFFFF
(1786378338.835333) can0 39D#B50C0801
(1786378338.874861) can0 39D#B60D0801
(1786378338.915047) can0 33D#0000FFFFFFFFFFFF
(1786378338.935059) can0 39D#B70E0801
(1786378338.954838) can0 39D#B80F0801
(1786378338.994932) can0 39D#A9000801
(1786378339.034956) can0 33D#0000FFFFFFFFFFFF
(1786378339.035593) can0 39D#AA010801
(1786378339.074976) can0 39D#AB020801
(1786378339.115114) can0 33D#0000FFFFFFFFFFFF
(1786378339.135076) can0 39D#AC030801
(1786378339.154866) can0 39D#AD040801
(1786378339.195038) can0 39D#AE050801
(1786378339.234928) can0 33D#0000FFFFFFFFFFFF
(1786378339.235370) can0 39D#AF060801
(1786378339.274899) can0 39D#B0070801
(1786378339.314958) can0 35D#0655556555555559
(1786378339.315392) can0 33D#0000FFFFFFFFFFFF
(1786378339.335105) can0 39D#B1080801
(1786378339.354894) can0 39D#B2090801
(1786378339.394996) can0 39D#B30A0801
(1786378339.434966) can0 33D#0000FFFFFFFFFFFF
(1786378339.435436) can0 39D#B40B0801
(1786378339.474942) can0 39D#B50C0801
(1786378339.514920) can0 33D#0000FFFFFFFFFFFF
(1786378339.534984) can0 39D#B60D0801
(1786378339.554875) can0 39D#B70E0801
(1786378339.594985) can0 39D#B80F0801
(1786378339.634938) can0 33D#0000FFFFFFFFFFFF
(1786378339.635402) can0 39D#A9000801
(1786378339.674854) can0 39D#AA010801
(1786378339.714881) can0 33D#0000FFFFFFFFFFFF
(1786378339.734981) can0 39D#AB020801
(1786378339.754911) can0 39D#AC030801
(1786378339.794956) can0 39D#AD040801
(1786378339.834984) can0 33D#0000FFFFFFFFFFFF
(1786378339.835522) can0 39D#AE050801
(1786378339.874982) can0 39D#AF060801
(1786378339.914892) can0 33D#0000FFFFFFFFFFFF
(1786378339.935050) can0 39D#B0070801
(1786378339.954861) can0 39D#B1080801
(1786378339.994840) can0 39D#B2090801
(1786378340.035059) can0 33D#0000FFFFFFFFFFFF
(1786378340.035518) can0 39D#B30A0801
(1786378340.074869) can0 39D#B40B0801
(1786378340.115015) can0 33D#0000FFFFFFFFFFFF
(1786378340.134988) can0 39D#B50C0801
(1786378340.154865) can0 39D#B60D0801
(1786378340.195006) can0 39D#B70E0801
(1786378340.234832) can0 33D#0000FFFFFFFFFFFF
(1786378340.235275) can0 39D#B80F0801
(1786378340.274951) can0 39D#A9000801
(1786378340.314881) can0 35D#07555595552A0000
(1786378340.315263) can0 32D#16000000E4ACA32F
(1786378340.315596) can0 33D#0000FFFFFFFFFFFF
(1786378340.334978) can0 39D#AA010801
(1786378340.354863) can0 39D#AB020801
(1786378340.394904) can0 39D#AC030801
(1786378340.434950) can0 33D#0000FFFFFFFFFFFF
(1786378340.435409) can0 39D#AD040801
(1786378340.474866) can0 39D#AE050801
(1786378340.515002) can0 33D#0000FFFFFFFFFFFF
(1786378340.535040) can0 39D#AF060801
(1786378340.554842) can0 39D#B0070801
(1786378340.594984) can0 39D#B1080801
(1786378340.634911) can0 33D#0000FFFFFFFFFFFF
(1786378340.635294) can0 39D#B2090801
(1786378340.674781) can0 39D#B30A0801
(1786378340.715003) can0 33D#0000FFFFFFFFFFFF
(1786378340.735058) can0 39D#B40B0801
(1786378340.754876) can0 39D#B50C0801
(1786378340.795145) can0 39D#B60D0801
(1786378340.834960) can0 33D#0000FFFFFFFFFFFF
(1786378340.835311) can0 39D#B70E0801
(1786378340.874834) can0 39D#B80F0801
(1786378340.914905) can0 33D#0000FFFFFFFFFFFF
(1786378340.935016) can0 39D#A9000801
(1786378340.954848) can0 39D#AA010801
(1786378340.994979) can0 39D#AB020801
(1786378341.034865) can0 33D#0000FFFFFFFFFFFF
(1786378341.035343) can0 39D#AC030801
(1786378341.074848) can0 39D#AD040801
(1786378341.114886) can0 33D#0000FFFFFFFFFFFF
(1786378341.135008) can0 39D#AE050801
(1786378341.154891) can0 39D#AF060801
(1786378341.194926) can0 39D#B0070801
(1786378341.234821) can0 33D#0000FFFFFFFFFFFF
(1786378341.235234) can0 39D#B1080801
(1786378341.274883) can0 39D#B2090801
(1786378341.314844) can0 35D#0055555555555555
(1786378341.315270) can0 33D#0000FFFFFFFFFFFF
(1786378341.334993) can0 39D#B30A0801
(1786378341.354892) can0 39D#B40B0801
(1786378341.394954) can0 39D#B50C0801
(1786378341.434909) can0 33D#0000FFFFFFFFFFFF
(1786378341.435309) can0 39D#B60D0801
(1786378341.474883) can0 39D#B70E0801
(1786378341.515162) can0 33D#0000FFFFFFFFFFFF
(1786378341.534951) can0 39D#B80F0801
(1786378341.554894) can0 39D#A9000801
(1786378341.595031) can0 39D#AA010801
(1786378341.634866) can0 33D#0000FFFFFFFFFFFF
(1786378341.635526) can0 39D#AB020801
(1786378341.674881) can0 39D#AC030801
(1786378341.714936) can0 33D#0000FFFFFFFFFFFF
(1786378341.734933) can0 39D#AD040801
(1786378341.754900) can0 39D#AE050801
(1786378341.794968) can0 39D#AF060801
(1786378341.834881) can0 33D#0000FFFFFFFFFFFF
(1786378341.835315) can0 39D#B0070801
(1786378341.874866) can0 39D#B1080801
(1786378341.914973) can0 33D#0000FFFFFFFFFFFF
(1786378341.934998) can0 39D#B2090801
(1786378341.954824) can0 39D#B30A0801
(1786378341.994921) can0 39D#B40B0801
(1786378342.034904) can0 33D#0000FFFFFFFFFFFF
(1786378342.035459) can0 39D#B50C0801
(1786378342.074918) can0 39D#B60D0801
(1786378342.114891) can0 33D#0000FFFFFFFFFFFF
(1786378342.134949) can0 39D#B70E0801
(1786378342.154837) can0 39D#B80F0801
(1786378342.194841) can0 39D#A9000801
(1786378342.234988) can0 33D#0000FFFFFFFFFFFF
(1786378342.235373) can0 39D#AA010801
(1786378342.274904) can0 39D#AB020801
(1786378342.314898) can0 35D#0155555555555555
(1786378342.315436) can0 32D#0A01000000007000
(1786378342.315808) can0 33D#0000FFFFFFFFFFFF
(1786378342.334984) can0 39D#AC030801
(1786378342.354815) can0 39D#AD040801
(1786378342.394950) can0 39D#AE050801
(1786378342.434897) can0 33D#0000FFFFFFFFFFFF
(1786378342.435299) can0 39D#AF060801
(1786378342.474816) can0 39D#B0070801
(1786378342.514839) can0 33D#0000FFFFFFFFFFFF
(1786378342.535048) can0 39D#B1080801
(1786378342.554867) can0 39D#B2090801
(1786378342.594867) can0 39D#B30A0801
(1786378342.634936) can0 33D#0000FFFFFFFFFFFF
(1786378342.635490) can0 39D#B40B0801
(1786378342.675022) can0 39D#B50C0801
(1786378342.714860) can0 33D#0000FFFFFFFFFFFF
(1786378342.735078) can0 39D#B60D0801
(1786378342.754765) can0 39D#B70E0801
(1786378342.794895) can0 39D#B80F0801
(1786378342.834930) can0 33D#0000FFFFFFFFFFFF
(1786378342.835468) can0 39D#A9000801
(1786378342.874890) can0 39D#AA010801
(1786378342.914850) can0 33D#0000FFFFFFFFFFFF
(1786378342.935016) can0 39D#AB020801
(1786378342.954850) can0 39D#AC030801
(1786378342.994883) can0 39D#AD040801
(1786378343.034908) can0 33D#0000FFFFFFFFFFFF
(1786378343.035269) can0 39D#AE050801
(1786378343.074806) can0 39D#AF060801
(1786378343.114859) can0 33D#0000FFFFFFFFFFFF
(1786378343.134954) can0 39D#B0070801
(1786378343.154731) can0 39D#B1080801
(1786378343.194976) can0 39D#B2090801
(1786378343.234995) can0 33D#0000FFFFFFFFFFFF
(1786378343.235422) can0 39D#B30A0801
(1786378343.274913) can0 39D#B40B0801
(1786378343.314880) can0 35D#0256555555555555
(1786378343.315321) can0 33D#0000FFFFFFFFFFFF
(1786378343.334945) can0 39D#B50C0801
(1786378343.354801) can0 39D#B60D0801
(1786378343.394831) can0 39D#B70E0801
(1786378343.434937) can0 33D#0000FFFFFFFFFFFF
(1786378343.435368) can0 39D#B80F0801
(1786378343.474897) can0 39D#A9000801
(1786378343.514932) can0 33D#0000FFFFFFFFFFFF
(1786378343.534996) can0 39D#AA010801
(1786378343.554765) can0 39D#AB020801
(1786378343.594852) can0 39D#AC030801
(1786378343.634863) can0 33D#0000FFFFFFFFFFFF
(1786378343.635218) can0 39D#AD040801
(1786378343.674798) can0 39D#AE050801
(1786378343.714938) can0 33D#0000FFFFFFFFFFFF
(1786378343.734982) can0 39D#AF060801
(1786378343.754914) can0 39D#B0070801
(1786378343.794890) can0 39D#B1080801
(1786378343.834862) can0 33D#0000FFFFFFFFFFFF
(1786378343.835217) can0 39D#B2090801
(1786378343.874857) can0 39D#B30A0801
(1786378343.914851) can0 33D#0000FFFFFFFFFFFF
(1786378343.934902) can0 39D#B40B0801
(1786378343.954799) can0 39D#B50C0801
(1786378343.994871) can0 39D#B60D0801
(1786378344.034685) can0 33D#0000FFFFFFFFFFFF
(1786378344.034971) can0 39D#B70E0801
(1786378344.074854) can0 39D#B80F0801
(1786378344.114727) can0 33D#0000FFFFFFFFFFFF
(1786378344.134962) can0 39D#A9000801
(1786378344.154771) can0 39D#AA010801
(1786378344.194934) can0 39D#AB020801
(1786378344.234882) can0 33D#0000FFFFFFFFFFFF
(1786378344.235256) can0 39D#AC030801
(1786378344.274863) can0 39D#AD040801
(1786378344.314826) can0 35D#0355555555555555
(1786378344.315307) can0 32D#0B00020101000000
(1786378344.315710) can0 33D#0000FFFFFFFFFFFF
(1786378344.335029) can0 39D#AE050801
(1786378344.354809) can0 39D#AF060801
(1786378344.394856) can0 39D#B0070801
(1786378344.434867) can0 33D#0000FFFFFFFFFFFF
(1786378344.435296) can0 39D#B1080801
(1786378344.474951) can0 39D#B2090801
(1786378344.514850) can0 33D#0000FFFFFFFFFFFF
(1786378344.534901) can0 39D#B30A0801
(1786378344.554855) can0 39D#B40B0801
(1786378344.594818) can0 39D#B50C0801
(1786378344.634841) can0 33D#0000FFFFFFFFFFFF
(1786378344.635250) can0 39D#B60D0801
(1786378344.674928) can0 39D#B70E0801
(1786378344.714826) can0 33D#0000FFFFFFFFFFFF
(1786378344.734969) can0 39D#B80F0801
(1786378344.754810) can0 39D#A9000801
(1786378344.794796) can0 39D#AA010801
(1786378344.834888) can0 33D#0000FFFFFFFFFFFF
(1786378344.835326) can0 39D#AB020801
(1786378344.874825) can0 39D#AC030801
(1786378344.914838) can0 33D#0000FFFFFFFFFFFF
(1786378344.934936) can0 39D#AD040801
(1786378344.954817) can0 39D#AE050801
(1786378344.994899) can0 39D#AF060801
(1786378345.034903) can0 33D#0000FFFFFFFFFFFF
(1786378345.035334) can0 39D#B0070801
(1786378345.074823) can0 39D#B1080801
(1786378345.114807) can0 33D#0000FFFFFFFFFFFF
(1786378345.134965) can0 39D#B2090801
(1786378345.154776) can0 39D#B30A0801
(1786378345.194862) can0 39D#B40B0801
(1786378345.234842) can0 33D#0000FFFFFFFFFFFF
(1786378345.235356) can0 39D#B50C0801
(1786378345.274945) can0 39D#B60D0801
(1786378345.314918) can0 35D#0455555555555555
(1786378345.315420) can0 33D#0000FFFFFFFFFFFF
(1786378345.334871) can0 39D#B70E0801
(1786378345.354726) can0 39D#B80F0801
(1786378345.394791) can0 39D#A9000801
(1786378345.434895) can0 33D#0000FFFFFFFFFFFF
(1786378345.435546) can0 39D#AA010801
(1786378345.474834) can0 39D#AB020801
(1786378345.514831) can0 33D#0000FFFFFFFFFFFF
(1786378345.534921) can0 39D#AC030801
(1786378345.554825) can0 39D#AD040801
(1786378345.594798) can0 39D#AE050801
(1786378345.634800) can0 33D#0000FFFFFFFFFFFF
(1786378345.635091) can0 39D#AF060801
(1786378345.674790) can0 39D#B0070801
(1786378345.714738) can0 33D#0000FFFFFFFFFFFF
(1786378345.734958) can0 39D#B1080801
(1786378345.754798) can0 39D#B2090801
(1786378345.794816) can0 39D#B30A0801
(1786378345.834779) can0 33D#0000FFFFFFFFFFFF
(1786378345.835144) can0 39D#B40B0801
(1786378345.874795) can0 39D#B50C0801
(1786378345.914714) can0 33D#0000FFFFFFFFFFFF
(1786378345.934833) can0 39D#B60D0801
(1786378345.954738) can0 39D#B70E0801
(1786378345.994813) can0 39D#B80F0801
(1786378346.034694) can0 33D#0000FFFFFFFFFFFF
(1786378346.035057) can0 39D#A9000801
(1786378346.074792) can0 39D#AA010801
(1786378346.114726) can0 33D#0000FFFFFFFFFFFF
(1786378346.134912) can0 39D#AB020801
(1786378346.154783) can0 39D#AC030801
(1786378346.194791) can0 39D#AD040801
(1786378346.234879) can0 33D#0000FFFFFFFFFFFF
(1786378346.235287) can0 39D#AE050801
(1786378346.274733) can0 39D#AF060801
(1786378346.314770) can0 35D#0555555555555555
(1786378346.315158) can0 32D#0D0000008D792021
(1786378346.315515) can0 33D#0000FFFFFFFFFFFF
(1786378346.334926) can0 39D#B0070801
(1786378346.354742) can0 39D#B1080801
(1786378346.394711) can0 39D#B2090801
(1786378346.434829) can0 33D#0000FFFFFFFFFFFF
(1786378346.435354) can0 39D#B30A0801
(1786378346.474665) can0 39D#B40B0801
(1786378346.514724) can0 33D#0000FFFFFFFFFFFF
(1786378346.534973) can0 39D#B50C0801
(1786378346.554784) can0 39D#B60D0801
(1786378346.594701) can0 39D#B70E0801
(1786378346.634730) can0 33D#0000FFFFFFFFFFFF
(1786378346.635005) can0 39D#B80F0801
(1786378346.674823) can0 39D#A9000801
(1786378346.714797) can0 33D#0000FFFFFFFFFFFF
(1786378346.734866) can0 39D#AA010801
(1786378346.754758) can0 39D#AB020801
(1786378346.794761) can0 39D#AC030801
(1786378346.834757) can0 33D#0000FFFFFFFFFFFF
(1786378346.835123) can0 39D#AD040801
(1786378346.874750) can0 39D#AE050801
(1786378346.914814) can0 33D#0000FFFFFFFFFFFF
(1786378346.934908) can0 39D#AF060801
(1786378346.954737) can0 39D#B0070801
(1786378346.994759) can0 39D#B1080801
(1786378347.034925) can0 33D#0000FFFFFFFFFFFF
(1786378347.035530) can0 39D#B2090801
(1786378347.074719) can0 39D#B30A0801
(1786378347.114652) can0 33D#0000FFFFFFFFFFFF
(1786378347.134922) can0 39D#B40B0801
(1786378347.154782) can0 39D#B50C0801
(1786378347.194699) can0 39D#B60D0801
(1786378347.234779) can0 33D#0000FFFFFFFFFFFF
(1786378347.235225) can0 39D#B70E0801
(1786378347.274704) can0 39D#B80F0801
(1786378347.314801) can0 35D#0655556555555559
(1786378347.315213) can0 33D#0000FFFFFFFFFFFF
(1786378347.334830) can0 39D#A9000801
(1786378347.354724) can0 39D#AA010801
(1786378347.394799) can0 39D#AB020801
(1786378347.434767) can0 33D#0000FFFFFFFFFFFF
(1786378347.435202) can0 39D#AC030801
(1786378347.474698) can0 39D#AD040801
(1786378347.514716) can0 33D#0000FFFFFFFFFFFF
(1786378347.534969) can0 39D#AE050801
(1786378347.554697) can0 39D#AF060801
(1786378347.594777) can0 39D#B0070801
(1786378347.634787) can0 33D#0000FFFFFFFFFFFF
(1786378347.635225) can0 39D#B1080801
(1786378347.674774) can0 39D#B2090801
(1786378347.714839) can0 33D#0000FFFFFFFFFFFF
(1786378347.734920) can0 39D#B30A0801
(1786378347.754730) can0 39D#B40B0801
(1786378347.794752) can0 39D#B50C0801
(1786378347.834675) can0 33D#0000FFFFFFFFFFFF
(1786378347.834937) can0 39D#B60D0801
(1786378347.874820) can0 39D#B70E0801
(1786378347.914672) can0 33D#0000FFFFFFFFFFFF
(1786378347.934831) can0 39D#B80F0801
(1786378347.954737) can0 39D#A9000801
(1786378347.994706) can0 39D#AA010801
(1786378348.034694) can0 33D#0000FFFFFFFFFFFF
(1786378348.034946) can0 39D#AB020801
(1786378348.074636) can0 39D#AC030801
(1786378348.114682) can0 33D#0000FFFFFFFFFFFF
(1786378348.134868) can0 39D#AD040801
(1786378348.154727) can0 39D#AE050801
(1786378348.194690) can0 39D#AF060801
(1786378348.234707) can0 33D#0000FFFFFFFFFFFF
(1786378348.235103) can0 39D#B0070801
(1786378348.274695) can0 39D#B1080801
(1786378348.314759) can0 35D#07555595552A0000
(1786378348.315099) can0 32D#1405000060FCB070
(1786378348.315367) can0 33D#0000FFFFFFFFFFFF
(1786378348.334775) can0 39D#B2090801
(1786378348.354820) can0 39D#B30A0801
(1786378348.394705) can0 39D#B40B0801
(1786378348.434658) can0 33D#0000FFFFFFFFFFFF
(1786378348.435099) can0 39D#B50C0801
(1786378348.474729) can0 39D#B60D0801
(1786378348.514664) can0 33D#0000FFFFFFFFFFFF
(1786378348.534852) can0 39D#B70E0801
(1786378348.554675) can0 39D#B80F0801
(1786378348.594690) can0 39D#A9000801
(1786378348.634753) can0 33D#0000FFFFFFFFFFFF
(1786378348.635078) can0 39D#AA010801
(1786378348.674662) can0 39D#AB020801
(1786378348.714755) can0 33D#0000FFFFFFFFFFFF
(1786378348.734849) can0 39D#AC030801
(1786378348.754706) can0 39D#AD040801
(1786378348.794675) can0 39D#AE050801
(1786378348.834700) can0 33D#0000FFFFFFFFFFFF
(1786378348.835041) can0 39D#AF060801
(1786378348.874679) can0 39D#B0070801
(1786378348.914738) can0 33D#0000FFFFFFFFFFFF
(1786378348.934853) can0 39D#B1080801
(1786378348.954723) can0 39D#B2090801
(1786378348.994721) can0 39D#B30A0801
(1786378349.034737) can0 33D#0000FFFFFFFFFFFF
(1786378349.035078) can0 39D#B40B0801
(1786378349.074749) can0 39D#B50C0801
(1786378349.114660) can0 33D#0000FFFFFFFFFFFF
(1786378349.134779) can0 39D#B60D0801
(1786378349.154715) can0 39D#B70E0801
(1786378349.194775) can0 39D#B80F0801
(1786378349.234707) can0 33D#0000FFFFFFFFFFFF
(1786378349.235023) can0 39D#A9000801
(1786378349.274681) can0 39D#AA010801
(1786378349.314687) can0 35D#0055555555555555
(1786378349.314986) can0 33D#0000FFFFFFFFFFFF
(1786378349.334915) can0 39D#AB020801
(1786378349.354700) can0 39D#AC030801
(1786378349.394780) can0 39D#AD040801
(1786378349.434761) can0 33D#0000FFFFFFFFFFFF
(1786378349.435258) can0 39D#AE050801
(1786378349.474614) can0 39D#AF060801
(1786378349.514709) can0 33D#0000FFFFFFFFFFFF
(1786378349.534848) can0 39D#B0070801
(1786378349.554756) can0 39D#B1080801
(1786378349.594778) can0 39D#B2090801
(1786378349.634815) can0 33D#0000FFFFFFFFFFFF
(1786378349.635321) can0 39D#B30A0801
(1786378349.674742) can0 39D#B40B0801
(1786378349.714687) can0 33D#0000FFFFFFFFFFFF
(1786378349.734875) can0 39D#B50C0801
(1786378349.754717) can0 39D#B60D0801
(1786378349.794661) can0 39D#B70E0801
(1786378349.834732) can0 33D#0000FFFFFFFFFFFF
(1786378349.835097) can0 39D#B80F0801
(1786378349.874743) can0 39D#A9000801
(1786378349.914773) can0 33D#0000FFFFFFFFFFFF
(1786378349.934884) can0 39D#AA010801
(1786378349.954637) can0 39D#AB020801
(1786378350.023040) can0 39D#AC030801
(1786378350.034656) can0 33D#0000FFFFFFFFFFFF
(1786378350.034941) can0 39D#AD040801
(1786378350.074710) can0 39D#AE050801
(1786378350.114647) can0 33D#0000FFFFFFFFFFFF
(1786378350.134774) can0 39D#AF060801
(1786378350.154697) can0 39D#B0070801
(1786378350.194793) can0 39D#B1080801
(1786378350.234635) can0 33D#0000FFFFFFFFFFFF
(1786378350.234919) can0 39D#B2090801
(1786378350.274662) can0 39D#B30A0801
(1786378350.314797) can0 35D#0155555555555555
(1786378350.315251) can0 32D#16000000E4ACA32F
(1786378350.315718) can0 33D#0000FFFFFFFFFFFF
(1786378350.334796) can0 39D#B40B0801
(1786378350.354721) can0 39D#B50C0801
(1786378350.394710) can0 39D#B60D0801
(1786378350.434790) can0 33D#0000FFFFFFFFFFFF
(1786378350.435214) can0 39D#B70E0801
(1786378350.474685) can0 39D#B80F0801
(1786378350.514679) can0 33D#0000FFFFFFFFFFFF
(1786378350.534800) can0 39D#A9000801
(1786378350.554621) can0 39D#AA010801
(1786378350.594699) can0 39D#AB020801
(1786378350.634605) can0 33D#0000FFFFFFFFFFFF
(1786378350.635009) can0 39D#AC030801
(1786378350.674657) can0 39D#AD040801
(1786378350.714612) can0 33D#0000FFFFFFFFFFFF
(1786378350.734770) can0 39D#AE050801
(1786378350.754638) can0 39D#AF060801
(1786378350.794672) can0 39D#B0070801
(1786378350.834773) can0 33D#0000FFFFFFFFFFFF
(1786378350.835130) can0 39D#B1080801
(1786378350.874644) can0 39D#B2090801
(1786378350.914556) can0 33D#0000FFFFFFFFFFFF
(1786378350.934756) can0 39D#B30A0801
(1786378350.954660) can0 39D#B40B0801
(1786378350.994606) can0 39D#B50C0801
(1786378351.034629) can0 33D#0000FFFFFFFFFFFF
(1786378351.034923) can0 39D#B60D0801
(1786378351.074566) can0 39D#B70E0801
(1786378351.114661) can0 33D#0000FFFFFFFFFFFF
(1786378351.134719) can0 39D#B80F0801
(1786378351.154645) can0 39D#A9000801
(1786378351.194695) can0 39D#AA010801
(1786378351.234646) can0 33D#0000FFFFFFFFFFFF
(1786378351.235013) can0 39D#AB020801
(1786378351.274692) can0 39D#AC030801
(1786378351.314618) can0 35D#0256555555555555
(1786378351.314919) can0 33D#0000FFFFFFFFFFFF
(1786378351.334801) can0 39D#AD040801
(1786378351.354669) can0 39D#AE050801
(1786378351.394680) can0 39D#AF060801
(1786378351.434594) can0 33D#0000FFFFFFFFFFFF
(1786378351.434908) can0 39D#B0070801
(1786378351.474615) can0 39D#B1080801
(1786378351.514695) can0 33D#0000FFFFFFFFFFFF
(1786378351.534802) can0 39D#B2090801
(1786378351.554660) can0 39D#B30A0801
(1786378351.594689) can0 39D#B40B0801
(1786378351.634586) can0 33D#0000FFFFFFFFFFFF
(1786378351.634950) can0 39D#B50C0801
(1786378351.674653) can0 39D#B60D0801
(1786378351.714640) can0 33D#0000FFFFFFFFFFFF
(1786378351.734777) can0 39D#B70E0801
(1786378351.754611) can0 39D#B80F0801
(1786378351.794637) can0 39D#A9000801
(1786378351.834608) can0 33D#0000FFFFFFFFFFFF
(1786378351.835043) can0 39D#AA010801
(1786378351.874635) can0 39D#AB020801
(1786378351.914668) can0 33D#0000FFFFFFFFFFFF
(1786378351.934804) can0 39D#AC030801
(1786378351.954592) can0 39D#AD040801
(1786378351.994633) can0 39D#AE050801
(1786378352.034601) can0 33D#0000FFFFFFFFFFFF
(1786378352.034870) can0 39D#AF060801
(1786378352.074732) can0 39D#B0070801
(1786378352.114611) can0 33D#0000FFFFFFFFFFFF
(1786378352.134785) can0 39D#B1080801
(1786378352.154615) can0 39D#B2090801
(1786378352.194693) can0 39D#B30A0801
(1786378352.234571) can0 33D#0000FFFFFFFFFFFF
(1786378352.234956) can0 39D#B40B0801
(1786378352.274649) can0 39D#B50C0801
(1786378352.314681) can0 35D#0355555555555555
(1786378352.315037) can0 32D#0A01000000007000
(1786378352.315422) can0 33D#0000FFFFFFFFFFFF
(1786378352.334809) can0 39D#B60D0801
(1786378352.354620) can0 39D#B70E0801
(1786378352.394628) can0 39D#B80F0801
(1786378352.434624) can0 33D#0000FFFFFFFFFFFF
(1786378352.434899) can0 39D#A9000801
(1786378352.474649) can0 39D#AA010801
(1786378352.514671) can0 33D#0000FFFFFFFFFFFF
(1786378352.534732) can0 39D#AB020801
(1786378352.554651) can0 39D#AC030801
(1786378352.594655) can0 39D#AD040801
(1786378352.634548) can0 33D#0000FFFFFFFFFFFF
(1786378352.634954) can0 39D#AE050801
(1786378352.674652) can0 39D#AF060801
(1786378352.714579) can0 33D#0000FFFFFFFFFFFF
(1786378352.734803) can0 39D#B0070801
(1786378352.754599) can0 39D#B1080801
(1786378352.794691) can0 39D#B2090801
(1786378352.834589) can0 33D#0000FFFFFFFFFFFF
(1786378352.834902) can0 39D#B30A0801
(1786378352.874625) can0 39D#B40B0801
(1786378352.914621) can0 33D#0000FFFFFFFFFFFF
(1786378352.934779) can0 39D#B50C0801
(1786378352.954628) can0 39D#B60D0801
(1786378352.994614) can0 39D#B70E0801
(1786378353.034619) can0 33D#0000FFFFFFFFFFFF
(1786378353.035021) can0 39D#B80F0801
(1786378353.074567) can0 39D#A9000801
(1786378353.114719) can0 33D#0000FFFFFFFFFFFF
(1786378353.134686) can0 39D#AA010801
(1786378353.154627) can0 39D#AB020801
(1786378353.194684) can0 39D#AC030801
(1786378353.234523) can0 33D#0000FFFFFFFFFFFF
(1786378353.234802) can0 39D#AD040801
(1786378353.274598) can0 39D#AE050801
(1786378353.314583) can0 35D#0455555555555555
(1786378353.315024) can0 33D#0000FFFFFFFFFFFF
(1786378353.334716) can0 39D#AF060801
(1786378353.354563) can0 39D#B0070801
(1786378353.394583) can0 39D#B1080801
(1786378353.434533) can0 33D#0000FFFFFFFFFFFF
(1786378353.434779) can0 39D#B2090801
(1786378353.474551) can0 39D#B30A0801
(1786378353.514581) can0 33D#0000FFFFFFFFFFFF
(1786378353.534721) can0 39D#B40B0801
(1786378353.554634) can0 39D#B50C0801
(1786378353.594667) can0 39D#B60D0801
(1786378353.634670) can0 33D#0000FFFFFFFFFFFF
(1786378353.635186) can0 39D#B70E0801
(1786378353.674690) can0 39D#B80F0801
(1786378353.714581) can0 33D#0000FFFFFFFFFFFF
(1786378353.734813) can0 39D#A9000801
(1786378353.754599) can0 39D#AA010801
(1786378353.794695) can0 39D#AB020801
(1786378353.834639) can0 33D#0000FFFFFFFFFFFF
(1786378353.835099) can0 39D#AC030801
(1786378353.874568) can0 39D#AD040801
(1786378353.914671) can0 33D#0000FFFFFFFFFFFF
(1786378353.934670) can0 39D#AE050801
(1786378353.954554) can0 39D#AF060801
(1786378353.994559) can0 39D#B0070801
(1786378354.034680) can0 33D#0000FFFFFFFFFFFF
(1786378354.035126) can0 39D#B1080801
(1786378354.074620) can0 39D#B2090801
(1786378354.114730) can0 33D#0000FFFFFFFFFFFF
(1786378354.134737) can0 39D#B30A0801
(1786378354.154608) can0 39D#B40B0801
(1786378354.194665) can0 39D#B50C0801
(1786378354.234637) can0 33D#0000FFFFFFFFFFFF
(1786378354.235117) can0 39D#B60D0801
(1786378354.274639) can0 39D#B70E0801
(1786378354.314668) can0 35D#0555555555555555
(1786378354.315156) can0 32D#0B00020101000000
(1786378354.315571) can0 33D#0000FFFFFFFFFFFF
(1786378354.334677) can0 39D#B80F0801
(1786378354.354513) can0 39D#A9000801
(1786378354.394547) can0 39D#AA010801
(1786378354.434602) can0 33D#0000FFFFFFFFFFFF
(1786378354.435047) can0 39D#AB020801
(1786378354.474579) can0 39D#AC030801
(1786378354.514512) can0 33D#0000FFFFFFFFFFFF
(1786378354.534733) can0 39D#AD040801
(1786378354.554573) can0 39D#AE050801
(1786378354.594608) can0 39D#AF060801
(1786378354.634528) can0 33D#0000FFFFFFFFFFFF
(1786378354.634921) can0 39D#B0070801
(1786378354.674625) can0 39D#B1080801
(1786378354.714596) can0 33D#0000FFFFFFFFFFFF
(1786378354.734651) can0 39D#B2090801
(1786378354.754539) can0 39D#B30A0801
(1786378354.794587) can0 39D#B40B0801
(1786378354.834546) can0 33D#0000FFFFFFFFFFFF
(1786378354.834791) can0 39D#B50C0801
(1786378354.874530) can0 39D#B60D0801
(1786378354.914537) can0 33D#0000FFFFFFFFFFFF
(1786378354.934756) can0 39D#B70E0801
(1786378354.954554) can0 39D#B80F0801
(1786378354.994602) can0 39D#A9000801
(1786378355.034620) can0 33D#0000FFFFFFFFFFFF
(1786378355.035006) can0 39D#AA010801
(1786378355.074539) can0 39D#AB020801
(1786378355.114522) can0 33D#0000FFFFFFFFFFFF
(1786378355.134745) can0 39D#AC030801
(1786378355.154590) can0 39D#AD040801
(1786378355.194628) can0 39D#AE050801
(1786378355.234551) can0 33D#0000FFFFFFFFFFFF
(1786378355.234924) can0 39D#AF060801
(1786378355.274625) can0 39D#B0070801
(1786378355.314575) can0 35D#0655556555555559
(1786378355.314906) can0 33D#0000FFFFFFFFFFFF
(1786378355.334696) can0 39D#B1080801
(1786378355.354604) can0 39D#B2090801
(1786378355.394548) can0 39D#B30A0801
(1786378355.434557) can0 33D#0000FFFFFFFFFFFF
(1786378355.434958) can0 39D#B40B0801
(1786378355.474701) can0 39D#B50C0801
(1786378355.514600) can0 33D#0000FFFFFFFFFFFF
(1786378355.534711) can0 39D#B60D0801
(1786378355.554548) can0 39D#B70E0801
(1786378355.594557) can0 39D#B80F0801
(1786378355.634572) can0 33D#0000FFFFFFFFFFFF
(1786378355.634933) can0 39D#A9000801
(1786378355.674550) can0 39D#AA010801
(1786378355.714566) can0 33D#0000FFFFFFFFFFFF
(1786378355.734715) can0 39D#AB020801
(1786378355.754676) can0 39D#AC030801
(1786378355.794595) can0 39D#AD040801
(1786378355.834714) can0 33D#0000FFFFFFFFFFFF
(1786378355.835222) can0 39D#AE050801
(1786378355.874581) can0 39D#AF060801
(1786378355.914649) can0 33D#0000FFFFFFFFFFFF
(1786378355.934684) can0 39D#B0070801
(1786378355.954579) can0 39D#B1080801
(1786378355.994606) can0 39D#B2090801
(1786378356.034582) can0 33D#0000FFFFFFFFFFFF
(1786378356.035007) can0 39D#B30A0801
(1786378356.074504) can0 39D#B40B0801
(1786378356.114660) can0 33D#0000FFFFFFFFFFFF
(1786378356.134689) can0 39D#B50C0801
(1786378356.154563) can0 39D#B60D0801
(1786378356.194617) can0 39D#B70E0801
(1786378356.234585) can0 33D#0000FFFFFFFFFFFF
(1786378356.234961) can0 39D#B80F0801
(1786378356.274598) can0 39D#A9000801
(1786378356.314559) can0 35D#07555595552A0000
(1786378356.314894) can0 32D#0D0000008D792021
(1786378356.315173) can0 33D#0000FFFFFFFFFFFF
(1786378356.334761) can0 39D#AA010801
(1786378356.354552) can0 39D#AB020801
(1786378356.394610) can0 39D#AC030801
(1786378356.434542) can0 33D#0000FFFFFFFFFFFF
(1786378356.434831) can0 39D#AD040801
(1786378356.474581) can0 39D#AE050801
(1786378356.514558) can0 33D#0000FFFFFFFFFFFF
(1786378356.534760) can0 39D#AF060801
(1786378356.554606) can0 39D#B0070801
(1786378356.594621) can0 39D#B1080801
(1786378356.634670) can0 33D#0000FFFFFFFFFFFF
(1786378356.635096) can0 39D#B2090801
(1786378356.674532) can0 39D#B30A0801
(1786378356.714504) can0 33D#0000FFFFFFFFFFFF
(1786378356.734646) can0 39D#B40B0801
(1786378356.754563) can0 39D#B50C0801
(1786378356.794545) can0 39D#B60D0801
(1786378356.834467) can0 33D#0000FFFFFFFFFFFF
(1786378356.834810) can0 39D#B70E0801
(1786378356.874492) can0 39D#B80F0801
(1786378356.914582) can0 33D#0000FFFFFFFFFFFF
(1786378356.934712) can0 39D#A9000801
(1786378356.954591) can0 39D#AA010801
(1786378356.994576) can0 39D#AB020801
(1786378357.034646) can0 33D#0000FFFFFFFFFFFF
(1786378357.034981) can0 39D#AC030801
(1786378357.074580) can0 39D#AD040801
(1786378357.114511) can0 33D#0000FFFFFFFFFFFF
(1786378357.134644) can0 39D#AE050801
(1786378357.154493) can0 39D#AF060801
(1786378357.194663) can0 39D#B0070801
(1786378357.234683) can0 33D#0000FFFFFFFFFFFF
(1786378357.235126) can0 39D#B1080801
(1786378357.274534) can0 39D#B2090801
(1786378357.314475) can0 35D#0055555555555555
(1786378357.314744) can0 33D#0000FFFFFFFFFFFF
(1786378357.334657) can0 39D#B30A0801
(1786378357.354533) can0 39D#B40B0801
(1786378357.394572) can0 39D#B50C0801
(1786378357.434432) can0 33D#0000FFFFFFFFFFFF
(1786378357.434709) can0 39D#B60D0801
(1786378357.474504) can0 39D#B70E0801
(1786378357.514539) can0 33D#0000FFFFFFFFFFFF
(1786378357.534642) can0 39D#B80F0801
(1786378357.554540) can0 39D#A9000801
(1786378357.594604) can0 39D#AA010801
(1786378357.634666) can0 33D#0000FFFFFFFFFFFF
(1786378357.635073) can0 39D#AB020801
(1786378357.674542) can0 39D#AC030801
(1786378357.714564) can0 33D#0000FFFFFFFFFFFF
(1786378357.734601) can0 39D#AD040801
(1786378357.754501) can0 39D#AE050801
(1786378357.794697) can0 39D#AF060801
(1786378357.834572) can0 33D#0000FFFFFFFFFFFF
(1786378357.834948) can0 39D#B0070801
(1786378357.874531) can0 39D#B1080801
(1786378357.914539) can0 33D#0000FFFFFFFFFFFF
(1786378357.934774) can0 39D#B2090801
(1786378357.954461) can0 39D#B30A0801
(1786378357.994602) can0 39D#B40B0801
(1786378358.034556) can0 33D#0000FFFFFFFFFFFF
(1786378358.034897) can0 39D#B50C0801
(1786378358.074534) can0 39D#B60D0801
(1786378358.114493) can0 33D#0000FFFFFFFFFFFF
(1786378358.134600) can0 39D#B70E0801
(1786378358.154516) can0 39D#B80F0801
(1786378358.194584) can0 39D#A9000801
(1786378358.234601) can0 33D#0000FFFFFFFFFFFF
(1786378358.234932) can0 39D#AA010801
(1786378358.274491) can0 39D#AB020801
(1786378358.314504) can0 35D#0155555555555555
(1786378358.314826) can0 32D#1405000060FCB070
(1786378358.315128) can0 33D#0000FFFFFFFFFFFF
(1786378358.334732) can0 39D#AC030801
(1786378358.354577) can0 39D#AD040801
(1786378358.394651) can0 39D#AE050801
(1786378358.434536) can0 33D#0000FFFFFFFFFFFF
(1786378358.434950) can0 39D#AF060801
(1786378358.474554) can0 39D#B0070801
(1786378358.514467) can0 33D#0000FFFFFFFFFFFF
(1786378358.534658) can0 39D#B1080801
(1786378358.554537) can0 39D#B2090801
(1786378358.594686) can0 39D#B30A0801
(1786378358.634509) can0 33D#0000FFFFFFFFFFFF
(1786378358.634962) can0 39D#B40B0801
(1786378358.674523) can0 39D#B50C0801
(1786378358.714529) can0 33D#0000FFFFFFFFFFFF
(1786378358.734583) can0 39D#B60D0801
(1786378358.754598) can0 39D#B70E0801
(1786378358.794740) can0 39D#B80F0801
(1786378358.834511) can0 33D#0000FFFFFFFFFFFF
(1786378358.834862) can0 39D#B9001801
(1786378358.874544) can0 39D#AA010801
(1786378358.914506) can0 33D#0000FFFFFFFFFFFF
(1786378358.934616) can0 39D#AB020801
(1786378358.954570) can0 39D#AC030801
(1786378358.994518) can0 39D#AD040801
(1786378359.034442) can0 33D#0000FFFFFFFFFFFF
(1786378359.034693) can0 39D#AE050801
(1786378359.074503) can0 39D#AF060801
(1786378359.114512) can0 33D#0000FFFFFFFFFFFF
(1786378359.134763) can0 39D#B0070801
(1786378359.154553) can0 39D#B1080801
(1786378359.194541) can0 39D#B2090801
(1786378359.234577) can0 33D#0000FFFFFFFFFFFF
(1786378359.234948) can0 39D#B30A0801
(1786378359.274574) can0 39D#B40B0801
(1786378359.314563) can0 35D#0256555555555555
(1786378359.314937) can0 33D#0000FFFFFFFFFFFF
(1786378359.334663) can0 39D#B50C0801
(1786378359.354569) can0 39D#B60D0801
(1786378359.394625) can0 39D#B70E0801
(1786378359.434482) can0 33D#0000FFFFFFFFFFFF
(1786378359.434967) can0 39D#B80F0801
(1786378359.474507) can0 39D#A9000801
(1786378359.514423) can0 33D#0000FFFFFFFFFFFF
(1786378359.534624) can0 39D#AA010801
(1786378359.554573) can0 39D#AB020801
(1786378359.594520) can0 39D#AC030801
(1786378359.634512) can0 33D#0000FFFFFFFFFFFF
(1786378359.634913) can0 39D#AD040801
(1786378359.674528) can0 39D#AE050801
(1786378359.714480) can0 33D#0000FFFFFFFFFFFF
(1786378359.734631) can0 39D#AF060801
(1786378359.754533) can0 39D#B0070801
(1786378359.794414) can0 39D#B1080801
(1786378359.834530) can0 33D#0000FFFFFFFFFFFF
(1786378359.834929) can0 39D#B2090801
(1786378359.874492) can0 39D#B30A0801
(1786378359.914464) can0 33D#0000FFFFFFFFFFFF
(1786378359.934589) can0 39D#B40B0801
(1786378359.954479) can0 39D#B50C0801
(1786378359.994529) can0 39D#B60D0801
(1786378360.034451) can0 33D#0000FFFFFFFFFFFF
(1786378360.034693) can0 39D#B70E0801
(1786378360.074530) can0 39D#B80F0801
(1786378360.114554) can0 33D#0000FFFFFFFFFFFF
(1786378360.134689) can0 39D#A9000801
(1786378360.154473) can0 39D#AA010801
(1786378360.194493) can0 39D#AB020801
(1786378360.234454) can0 33D#0000FFFFFFFFFFFF
(1786378360.234790) can0 39D#AC030801
(1786378360.274448) can0 39D#AD040801
(1786378360.314429) can0 35D#0355555555555555
(1786378360.314688) can0 32D#16000000E4ACA32F
(1786378360.314948) can0 33D#0000FFFFFFFFFFFF
(1786378360.334567) can0 39D#AE050801
(1786378360.354520) can0 39D#AF060801
(1786378360.394506) can0 39D#B0070801
(1786378360.434542) can0 33D#0000FFFFFFFFFFFF
(1786378360.434961) can0 39D#B1080801
(1786378360.474478) can0 39D#B2090801
(1786378360.514697) can0 33D#0000FFFFFFFFFFFF
(1786378360.534596) can0 39D#B30A0801
(1786378360.554497) can0 39D#B40B0801
(1786378360.594600) can0 39D#B50C0801
(1786378360.634570) can0 33D#0000FFFFFFFFFFFF
(1786378360.635041) can0 39D#B60D0801
(1786378360.674527) can0 39D#B70E0801
(1786378360.714572) can0 33D#0000FFFFFFFFFFFF
(1786378360.734637) can0 39D#B80F0801
(1786378360.754469) can0 39D#A9000801
(1786378360.794588) can0 39D#AA010801
(1786378360.834634) can0 33D#0000FFFFFFFFFFFF
(1786378360.835039) can0 39D#AB020801
(1786378360.874524) can0 39D#AC030801
(1786378360.914503) can0 33D#0000FFFFFFFFFFFF
(1786378360.934782) can0 39D#AD040801
(1786378360.954516) can0 39D#AE050801
(1786378360.994692) can0 39D#AF060801
(1786378361.034548) can0 33D#0000FFFFFFFFFFFF
(1786378361.035033) can0 39D#B0070801
(1786378361.074554) can0 39D#B1080801
(1786378361.114664) can0 33D#0000FFFFFFFFFFFF
(1786378361.134600) can0 39D#B2090801
(1786378361.154507) can0 39D#B30A0801
(1786378361.194573) can0 39D#B40B0801
(1786378361.234584) can0 33D#0000FFFFFFFFFFFF
(1786378361.234970) can0 39D#B50C0801
(1786378361.274476) can0 39D#B60D0801
(1786378361.314619) can0 35D#0455555555555555
(1786378361.315203) can0 33D#0000FFFFFFFFFFFF
(1786378361.334655) can0 39D#B70E0801
(1786378361.354443) can0 39D#B80F0801
(1786378361.394567) can0 39D#A9000801
(1786378361.434615) can0 33D#0000FFFFFFFFFFFF
(1786378361.435066) can0 39D#AA010801
(1786378361.474474) can0 39D#AB020801
(1786378361.514484) can0 33D#0000FFFFFFFFFFFF
(1786378361.534663) can0 39D#AC030801
(1786378361.554521) can0 39D#AD040801
(1786378361.594688) can0 39D#AE050801
(1786378361.634585) can0 33D#0000FFFFFFFFFFFF
(1786378361.634937) can0 39D#AF060801
(1786378361.674508) can0 39D#B0070801
(1786378361.714555) can0 33D#0000FFFFFFFFFFFF
(1786378361.734587) can0 39D#B1080801
(1786378361.754532) can0 39D#B2090801
(1786378361.794570) can0 39D#B30A0801
(1786378361.834525) can0 33D#0000FFFFFFFFFFFF
(1786378361.835054) can0 39D#B40B0801
(1786378361.874545) can0 39D#B50C0801
(1786378361.914499) can0 33D#0000FFFFFFFFFFFF
(1786378361.934590) can0 39D#B60D0801
(1786378361.954485) can0 39D#B70E0801
(1786378361.994747) can0 39D#B80F0801
(1786378362.034576) can0 33D#0000FFFFFFFFFFFF
(1786378362.035039) can0 39D#A9000801
(1786378362.074512) can0 39D#AA010801
(1786378362.114547) can0 33D#0000FFFFFFFFFFFF
(1786378362.134641) can0 39D#AB020801
(1786378362.154574) can0 39D#AC030801
(1786378362.194616) can0 39D#AD040801
(1786378362.234533) can0 33D#0000FFFFFFFFFFFF
(1786378362.234907) can0 39D#AE050801
(1786378362.274457) can0 39D#AF060801
(1786378362.314501) can0 35D#0555555555555555
(1786378362.314947) can0 32D#0A01000000007000
(1786378362.315367) can0 33D#0000FFFFFFFFFFFF
(1786378362.334646) can0 39D#B0070801
(1786378362.354470) can0 39D#B1080801
(1786378362.394592) can0 39D#B2090801
(1786378362.434494) can0 33D#0000FFFFFFFFFFFF
(1786378362.434895) can0 39D#B30A0801
(1786378362.474516) can0 39D#B40B0801
(1786378362.514590) can0 33D#0000FFFFFFFFFFFF
(1786378362.534547) can0 39D#B50C0801
(1786378362.554436) can0 39D#B60D0801
(1786378362.594641) can0 39D#B70E0801
(1786378362.634535) can0 33D#0000FFFFFFFFFFFF
(1786378362.634941) can0 39D#B80F0801
(1786378362.674530) can0 39D#A9000801
(1786378362.714650) can0 33D#0000FFFFFFFFFFFF
(1786378362.734619) can0 39D#AA010801
(1786378362.754518) can0 39D#AB020801
(1786378362.794639) can0 39D#AC030801
(1786378362.834545) can0 33D#0000FFFFFFFFFFFF
(1786378362.835128) can0 39D#AD040801
(1786378362.874536) can0 39D#AE050801
(1786378362.914598) can0 33D#0000FFFFFFFFFFFF
(1786378362.934613) can0 39D#AF060801
(1786378362.954353) can0 39D#B0070801
(1786378362.994705) can0 39D#B1080801
(1786378363.034475) can0 33D#0000FFFFFFFFFFFF
(1786378363.034904) can0 39D#B2090801
(1786378363.074467) can0 39D#B30A0801
(1786378363.114573) can0 33D#0000FFFFFFFFFFFF
(1786378363.134621) can0 39D#B40B0801
(1786378363.154475) can0 39D#B50C0801
(1786378363.194657) can0 39D#B60D0801
(1786378363.234461) can0 33D#0000FFFFFFFFFFFF
(1786378363.234855) can0 39D#B70E0801
(1786378363.274578) can0 39D#B80F0801
(1786378363.314654) can0 35D#0655556555555559
(1786378363.315176) can0 33D#0000FFFFFFFFFFFF
(1786378363.334570) can0 39D#A9000801
(1786378363.354552) can0 39D#AA010801
(1786378363.394594) can0 39D#AB020801
(1786378363.434517) can0 33D#0000FFFFFFFFFFFF
(1786378363.434906) can0 39D#AC030801
(1786378363.474467) can0 39D#AD040801
(1786378363.514566) can0 33D#0000FFFFFFFFFFFF
(1786378363.534641) can0 39D#AE050801
(1786378363.554562) can0 39D#AF060801
(1786378363.594687) can0 39D#B0070801
(1786378363.634553) can0 33D#0000FFFFFFFFFFFF
(1786378363.634990) can0 39D#B1080801
(1786378363.674464) can0 39D#B2090801
(1786378363.714463) can0 33D#0000FFFFFFFFFFFF
(1786378363.734624) can0 39D#B30A0801
(1786378363.754477) can0 39D#B40B0801
(1786378363.794626) can0 39D#B50C0801
(1786378363.834503) can0 33D#0000FFFFFFFFFFFF
(1786378363.834900) can0 39D#B60D0801
(1786378363.874540) can0 39D#B70E0801
(1786378363.914574) can0 33D#0000FFFFFFFFFFFF
(1786378363.934615) can0 39D#B80F0801
(1786378363.954541) can0 39D#A9000801
(1786378363.994529) can0 39D#AA010801
(1786378364.034509) can0 33D#0000FFFFFFFFFFFF
(1786378364.034917) can0 39D#AB020801
(1786378364.074486) can0 39D#AC030801
(1786378364.114474) can0 33D#0000FFFFFFFFFFFF
(1786378364.134597) can0 39D#AD040801
(1786378364.154515) can0 39D#AE050801
(1786378364.194630) can0 39D#AF060801
(1786378364.234598) can0 33D#0000FFFFFFFFFFFF
(1786378364.235097) can0 39D#B0070801
(1786378364.274441) can0 39D#B1080801
(1786378364.314488) can0 35D#07555595552A0000
(1786378364.314972) can0 32D#0B00020101000000
(1786378364.315373) can0 33D#0000FFFFFFFFFFFF
(1786378364.334636) can0 39D#B2090801
(1786378364.354419) can0 39D#B30A0801
(1786378364.394658) can0 39D#B40B0801
(1786378364.434572) can0 33D#0000FFFFFFFFFFFF
(1786378364.434952) can0 39D#B50C0801
(1786378364.474399) can0 39D#B60D0801
(1786378364.514466) can0 33D#0000FFFFFFFFFFFF
(1786378364.534504) can0 39D#B70E0801
(1786378364.554490) can0 39D#B80F0801
(1786378364.594544) can0 39D#A9000801
(1786378364.634537) can0 33D#0000FFFFFFFFFFFF
(1786378364.634977) can0 39D#AA010801
(1786378364.674500) can0 39D#AB020801
(1786378364.714560) can0 33D#0000FFFFFFFFFFFF
(1786378364.734566) can0 39D#AC030801
(1786378364.754418) can0 39D#AD040801
(1786378364.794409) can0 39D#AE050801
(1786378364.834405) can0 33D#0000FFFFFFFFFFFF
(1786378364.834716) can0 39D#AF060801
(1786378364.874483) can0 39D#B0070801
(1786378364.914531) can0 33D#0000FFFFFFFFFFFF
(1786378364.934569) can0 39D#B1080801
(1786378364.954368) can0 39D#B2090801
(1786378364.994584) can0 39D#B30A0801
(1786378365.034382) can0 33D#0000FFFFFFFFFFFF
(1786378365.034705) can0 39D#B40B0801
(1786378365.074436) can0 39D#B50C0801
(1786378365.114440) can0 33D#0000FFFFFFFFFFFF
(1786378365.134619) can0 39D#B60D0801
(1786378365.154420) can0 39D#B70E0801
(1786378365.194489) can0 39D#B80F0801
(1786378365.234512) can0 33D#0000FFFFFFFFFFFF
(1786378365.234921) can0 39D#A9000801
(1786378365.274480) can0 39D#AA010801
(1786378365.314439) can0 35D#0055555555555555
(1786378365.314939) can0 33D#0000FFFFFFFFFFFF
(1786378365.334532) can0 39D#AB020801
(1786378365.354400) can0 39D#AC030801
(1786378365.394447) can0 39D#AD040801
(1786378365.434360) can0 33D#0000FFFFFFFFFFFF
(1786378365.434786) can0 39D#AE050801
(1786378365.474452) can0 39D#AF060801
(1786378365.514396) can0 33D#0000FFFFFFFFFFFF
(1786378365.534481) can0 39D#B0070801
(1786378365.554423) can0 39D#B1080801
(1786378365.594470) can0 39D#B2090801
(1786378365.634388) can0 33D#0000FFFFFFFFFFFF
(1786378365.634838) can0 39D#B30A0801
(1786378365.674496) can0 39D#B40B0801
(1786378365.714345) can0 33D#0000FFFFFFFFFFFF
(1786378365.734569) can0 39D#B50C0801
(1786378365.754399) can0 39D#B60D0801
(1786378365.794371) can0 39D#B70E0801
(1786378365.834415) can0 33D#0000FFFFFFFFFFFF
(1786378365.834824) can0 39D#B80F0801
(1786378365.874352) can0 39D#A9000801
(1786378365.914430) can0 33D#0000FFFFFFFFFFFF
(1786378365.934630) can0 39D#AA010801
(1786378365.954420) can0 39D#AB020801
(1786378365.994344) can0 39D#AC030801
(1786378366.034454) can0 33D#0000FFFFFFFFFFFF
(1786378366.034859) can0 39D#AD040801
(1786378366.074387) can0 39D#AE050801
(1786378366.114410) can0 33D#0000FFFFFFFFFFFF
(1786378366.134447) can0 39D#AF060801
(1786378366.154412) can0 39D#B0070801
(1786378366.194371) can0 39D#B1080801
(1786378366.234423) can0 33D#0000FFFFFFFFFFFF
(1786378366.234773) can0 39D#B2090801
(1786378366.274382) can0 39D#B30A0801
(1786378366.314386) can0 35D#0155555555555555
(1786378366.314634) can0 32D#0D0000008D792021
(1786378366.314890) can0 33D#0000FFFFFFFFFFFF
(1786378366.334498) can0 39D#B40B0801
(1786378366.354400) can0 39D#B50C0801
(1786378366.394293) can0 39D#B60D0801
(1786378366.434450) can0 33D#0000FFFFFFFFFFFF
(1786378366.434838) can0 39D#B70E0801
(1786378366.474350) can0 39D#B80F0801
(1786378366.514372) can0 33D#0000FFFFFFFFFFFF
(1786378366.534521) can0 39D#A9000801
(1786378366.554370) can0 39D#AA010801
(1786378366.594371) can0 39D#AB020801
(1786378366.634364) can0 33D#0000FFFFFFFFFFFF
(1786378366.634590) can0 39D#AC030801
(1786378366.674329) can0 39D#AD040801
(1786378366.714419) can0 33D#0000FFFFFFFFFFFF
(1786378366.734464) can0 39D#AE050801
(1786378366.754362) can0 39D#AF060801
(1786378366.794373) can0 39D#B0070801
(1786378366.834298) can0 33D#0000FFFFFFFFFFFF
(1786378366.834538) can0 39D#B1080801
(1786378366.874407) can0 39D#B2090801
(1786378366.914454) can0 33D#0000FFFFFFFFFFFF
(1786378366.934600) can0 39D#B30A0801
(1786378366.954357) can0 39D#B40B0801
(1786378366.994378) can0 39D#B50C0801
(1786378367.034443) can0 33D#0000FFFFFFFFFFFF
(1786378367.034852) can0 39D#B60D0801
(1786378367.074292) can0 39D#B70E0801
(1786378367.114271) can0 33D#0000FFFFFFFFFFFF
(1786378367.134475) can0 39D#B80F0801
(1786378367.154298) can0 39D#A9000801
(1786378367.194377) can0 39D#AA010801
(1786378367.234289) can0 33D#0000FFFFFFFFFFFF
(1786378367.234520) can0 39D#AB020801
(1786378367.274348) can0 39D#AC030801
(1786378367.314381) can0 35D#0256555555555555
(1786378367.314669) can0 33D#0000FFFFFFFFFFFF
(1786378367.334534) can0 39D#AD040801
(1786378367.354419) can0 39D#AE050801
(1786378367.394440) can0 39D#AF060801
(1786378367.434473) can0 33D#0000FFFFFFFFFFFF
(1786378367.434885) can0 39D#B0070801
(1786378367.474263) can0 39D#B1080801
(1786378367.514297) can0 33D#0000FFFFFFFFFFFF
(1786378367.534409) can0 39D#B2090801
(1786378367.554369) can0 39D#B30A0801
(1786378367.594338) can0 39D#B40B0801
(1786378367.634384) can0 33D#0000FFFFFFFFFFFF
(1786378367.634773) can0 39D#B50C0801
(1786378367.674325) can0 39D#B60D0801
(1786378367.714349) can0 33D#0000FFFFFFFFFFFF
(1786378367.734552) can0 39D#B70E0801
(1786378367.754321) can0 39D#B80F0801
(1786378367.794335) can0 39D#A9000801
(1786378367.834439) can0 33D#0000FFFFFFFFFFFF
(1786378367.834883) can0 39D#AA010801
(1786378367.874343) can0 39D#AB020801
(1786378367.914356) can0 33D#0000FFFFFFFFFFFF
(1786378367.934448) can0 39D#AC030801
(1786378367.954390) can0 39D#AD040801
(1786378367.994392) can0 39D#AE050801
(1786378368.034412) can0 33D#0000FFFFFFFFFFFF
(1786378368.034866) can0 39D#AF060801
(1786378368.074337) can0 39D#B0070801
(1786378368.114296) can0 33D#0000FFFFFFFFFFFF
(1786378368.134459) can0 39D#B1080801
(1786378368.154289) can0 39D#B2090801
(1786378368.194321) can0 39D#B30A0801
(1786378368.234331) can0 33D#0000FFFFFFFFFFFF
(1786378368.234616) can0 39D#B40B0801
(1786378368.274349) can0 39D#B50C0801
(1786378368.314342) can0 35D#0355555555555555
(1786378368.314696) can0 32D#1405000060FCB070
(1786378368.315008) can0 33D#0000FFFFFFFFFFFF
(1786378368.334470) can0 39D#B60D0801
(1786378368.354329) can0 39D#B70E0801
(1786378368.394278) can0 39D#B80F0801
(1786378368.434380) can0 33D#0000FFFFFFFFFFFF
(1786378368.434737) can0 39D#A9000801
(1786378368.474376) can0 39D#AA010801
(1786378368.514368) can0 33D#0000FFFFFFFFFFFF
(1786378368.534560) can0 39D#AB020801
(1786378368.554333) can0 39D#AC030801
(1786378368.594338) can0 39D#AD040801
(1786378368.634298) can0 33D#0000FFFFFFFFFFFF
(1786378368.634579) can0 39D#AE050801
(1786378368.674349) can0 39D#AF060801
(1786378368.714324) can0 33D#0000FFFFFFFFFFFF
(1786378368.734535) can0 39D#B0070801
(1786378368.754303) can0 39D#B1080801
(1786378368.794325) can0 39D#B2090801
(1786378368.834371) can0 33D#0000FFFFFFFFFFFF
(1786378368.834783) can0 39D#B30A0801
(1786378368.874252) can0 39D#B40B0801
(1786378368.914266) can0 33D#0000FFFFFFFFFFFF
(1786378368.934485) can0 39D#B50C0801
(1786378368.954424) can0 39D#B60D0801
(1786378368.994362) can0 39D#B70E0801
(1786378369.034306) can0 33D#0000FFFFFFFFFFFF
(1786378369.034720) can0 39D#B80F0801
(1786378369.074370) can0 39D#A9000801
(1786378369.114312) can0 33D#0000FFFFFFFFFFFF
(1786378369.134377) can0 39D#AA010801
(1786378369.154317) can0 39D#AB020801
(1786378369.194259) can0 39D#AC030801
(1786378369.234443) can0 33D#0000FFFFFFFFFFFF
(1786378369.234807) can0 39D#AD040801
(1786378369.274340) can0 39D#AE050801
(1786378369.314337) can0 35D#0455555555555555
(1786378369.314694) can0 33D#0000FFFFFFFFFFFF
(1786378369.334415) can0 39D#AF060801
(1786378369.354258) can0 39D#B0070801
(1786378369.394325) can0 39D#B1080801
(1786378369.434395) can0 33D#0000FFFFFFFFFFFF
(1786378369.434764) can0 39D#B2090801
(1786378369.474306) can0 39D#B30A0801
(1786378369.514344) can0 33D#0000FFFFFFFFFFFF
(1786378369.534450) can0 39D#B40B0801
(1786378369.554364) can0 39D#B50C0801
(1786378369.594315) can0 39D#B60D0801
(1786378369.634427) can0 33D#0000FFFFFFFFFFFF
(1786378369.634771) can0 39D#B70E0801
(1786378369.674348) can0 39D#B80F0801
(1786378369.714423) can0 33D#0000FFFFFFFFFFFF
(1786378369.734424) can0 39D#A9000801
(1786378369.754331) can0 39D#AA010801
(1786378369.794359) can0 39D#AB020801
(1786378369.834324) can0 33D#0000FFFFFFFFFFFF
(1786378369.834796) can0 39D#AC030801
(1786378369.874313) can0 39D#AD040801
(1786378369.914266) can0 33D#0000FFFFFFFFFFFF
(1786378369.934492) can0 39D#AE050801
(1786378369.954386) can0 39D#AF060801
(1786378369.994315) can0 39D#B0070801
(1786378370.034281) can0 33D#0000FFFFFFFFFFFF
(1786378370.034609) can0 39D#B1080801
(1786378370.074315) can0 39D#B2090801
(1786378370.114246) can0 33D#0000FFFFFFFFFFFF
(1786378370.134479) can0 39D#B30A0801
(1786378370.154366) can0 39D#B40B0801
(1786378370.194318) can0 39D#B50C0801
(1786378370.234313) can0 33D#0000FFFFFFFFFFFF
(1786378370.234670) can0 39D#B60D0801
(1786378370.274397) can0 39D#B70E0801
(1786378370.314350) can0 35D#0555555555555555
(1786378370.314692) can0 32D#16000000E4ACA32F
(1786378370.315007) can0 33D#0000FFFFFFFFFFFF
(1786378370.334464) can0 39D#B80F0801
(1786378370.354325) can0 39D#A9000801
(1786378370.394387) can0 39D#AA010801
(1786378370.434245) can0 33D#0000FFFFFFFFFFFF
(1786378370.434474) can0 39D#AB020801
(1786378370.474247) can0 39D#AC030801
(1786378370.514354) can0 33D#0000FFFFFFFFFFFF
(1786378370.534507) can0 39D#AD040801
(1786378370.554263) can0 39D#AE050801
(1786378370.594293) can0 39D#AF060801
(1786378370.634377) can0 33D#0000FFFFFFFFFFFF
(1786378370.634756) can0 39D#B0070801
(1786378370.674320) can0 39D#B1080801
(1786378370.714321) can0 33D#0000FFFFFFFFFFFF
(1786378370.734454) can0 39D#B2090801
(1786378370.754275) can0 39D#B30A0801
(1786378370.794366) can0 39D#B40B0801
(1786378370.834293) can0 33D#0000FFFFFFFFFFFF
(1786378370.834701) can0 39D#B50C0801
(1786378370.874248) can0 39D#B60D0801
(1786378370.914239) can0 33D#0000FFFFFFFFFFFF
(1786378370.934530) can0 39D#B70E0801
(1786378370.954347) can0 39D#B80F0801
(1786378370.994357) can0 39D#A9000801
(1786378371.034207) can0 33D#0000FFFFFFFFFFFF
(1786378371.034448) can0 39D#AA010801
(1786378371.074271) can0 39D#AB020801
(1786378371.114296) can0 33D#0000FFFFFFFFFFFF
(1786378371.134360) can0 39D#AC030801
(1786378371.154263) can0 39D#AD040801
(1786378371.194327) can0 39D#AE050801
(1786378371.234248) can0 33D#0000FFFFFFFFFFFF
(1786378371.234537) can0 39D#AF060801
(1786378371.274323) can0 39D#B0070801
(1786378371.314403) can0 35D#0655556555555559
(1786378371.314874) can0 33D#0000FFFFFFFFFFFF
(1786378371.334385) can0 39D#B1080801
(1786378371.354300) can0 39D#B2090801
(1786378371.394261) can0 39D#B30A0801
(1786378371.434274) can0 33D#0000FFFFFFFFFFFF
(1786378371.434560) can0 39D#B40B0801
(1786378371.474355) can0 39D#B50C0801
(1786378371.514321) can0 33D#0000FFFFFFFFFFFF
(1786378371.534384) can0 39D#B60D0801
(1786378371.554275) can0 39D#B70E0801
(1786378371.594340) can0 39D#B80F0801
(1786378371.634312) can0 33D#0000FFFFFFFFFFFF
(1786378371.634699) can0 39D#A9000801
(1786378371.674251) can0 39D#AA010801
(1786378371.714276) can0 33D#0000FFFFFFFFFFFF
(1786378371.734452) can0 39D#AB020801
(1786378371.754321) can0 39D#AC030801
(1786378371.794355) can0 39D#AD040801
(1786378371.834354) can0 33D#0000FFFFFFFFFFFF
(1786378371.834888) can0 39D#AE050801
(1786378371.874320) can0 39D#AF060801
(1786378371.914380) can0 33D#0000FFFFFFFFFFFF
(1786378371.934408) can0 39D#B0070801
(1786378371.954366) can0 39D#B1080801
(1786378371.994293) can0 39D#B2090801
(1786378372.034248) can0 33D#0000FFFFFFFFFFFF
(1786378372.034498) can0 39D#B30A0801
(1786378372.074287) can0 39D#B40B0801
(1786378372.114305) can0 33D#0000FFFFFFFFFFFF
(1786378372.134430) can0 39D#B50C0801
(1786378372.154280) can0 39D#B60D0801
(1786378372.194277) can0 39D#B70E0801
(1786378372.234192) can0 33D#0000FFFFFFFFFFFF
(1786378372.234415) can0 39D#B80F0801
(1786378372.274193) can0 39D#A9000801
(1786378372.314241) can0 35D#07555595552A0000
(1786378372.314549) can0 32D#0A01000000007000
(1786378372.314826) can0 33D#0000FFFFFFFFFFFF
(1786378372.334458) can0 39D#AA010801
(1786378372.354232) can0 39D#AB020801
(1786378372.394263) can0 39D#AC030801
(1786378372.434438) can0 33D#0000FFFFFFFFFFFF
(1786378372.434795) can0 39D#AD040801
(1786378372.474296) can0 39D#AE050801
(1786378372.514251) can0 33D#0000FFFFFFFFFFFF
(1786378372.534359) can0 39D#AF060801
(1786378372.554248) can0 39D#B0070801
(1786378372.594245) can0 39D#B1080801
(1786378372.634181) can0 33D#0000FFFFFFFFFFFF
(1786378372.634415) can0 39D#B2090801
(1786378372.674283) can0 39D#B30A0801
(1786378372.714331) can0 33D#0000FFFFFFFFFFFF
(1786378372.734415) can0 39D#B40B0801
(1786378372.754278) can0 39D#B50C0801
(1786378372.794269) can0 39D#B60D0801
(1786378372.834352) can0 33D#0000FFFFFFFFFFFF
(1786378372.834706) can0 39D#B70E0801
(1786378372.874251) can0 39D#B80F0801
(1786378372.914245) can0 33D#0000FFFFFFFFFFFF
(1786378372.934401) can0 39D#A9000801
(1786378372.954254) can0 39D#AA010801
(1786378372.994359) can0 39D#AB020801
(1786378373.034432) can0 33D#0000FFFFFFFFFFFF
(1786378373.034855) can0 39D#AC030801
(1786378373.074266) can0 39D#AD040801
(1786378373.114295) can0 33D#0000FFFFFFFFFFFF
(1786378373.134388) can0 39D#AE050801
(1786378373.154264) can0 39D#AF060801
(1786378373.194373) can0 39D#B0070801
(1786378373.234197) can0 33D#0000FFFFFFFFFFFF
(1786378373.234417) can0 39D#B1080801
(1786378373.274214) can0 39D#B2090801
(1786378373.314255) can0 35D#0055555555555555
(1786378373.314607) can0 33D#0000FFFFFFFFFFFF
(1786378373.334379) can0 39D#B30A0801
(1786378373.354210) can0 39D#B40B0801
(1786378373.394285) can0 39D#B50C0801
(1786378373.434317) can0 33D#0000FFFFFFFFFFFF
(1786378373.434704) can0 39D#B60D0801
(1786378373.474267) can0 39D#B70E0801
(1786378373.514299) can0 33D#0000FFFFFFFFFFFF
(1786378373.534460) can0 39D#B80F0801
(1786378373.554236) can0 39D#A9000801
(1786378373.594264) can0 39D#AA010801
(1786378373.634304) can0 33D#0000FFFFFFFFFFFF
(1786378373.634718) can0 39D#AB020801
(1786378373.674274) can0 39D#AC030801
(1786378373.714319) can0 33D#0000FFFFFFFFFFFF
(1786378373.734314) can0 39D#AD040801
(1786378373.754265) can0 39D#AE050801
(1786378373.794257) can0 39D#AF060801
(1786378373.834272) can0 33D#0000FFFFFFFFFFFF
(1786378373.834553) can0 39D#B0070801
(1786378373.874247) can0 39D#B1080801
(1786378373.914297) can0 33D#0000FFFFFFFFFFFF
(1786378373.934399) can0 39D#B2090801
(1786378373.954247) can0 39D#B30A0801
(1786378373.994262) can0 39D#B40B0801
(1786378374.034150) can0 33D#0000FFFFFFFFFFFF
(1786378374.034463) can0 39D#B50C0801
(1786378374.074244) can0 39D#B60D0801
(1786378374.114219) can0 33D#0000FFFFFFFFFFFF
(1786378374.134365) can0 39D#B70E0801
(1786378374.154267) can0 39D#B80F0801
(1786378374.194238) can0 39D#A9000801
(1786378374.234293) can0 33D#0000FFFFFFFFFFFF
(1786378374.234699) can0 39D#AA010801
(1786378374.274310) can0 39D#AB020801
(1786378374.314280) can0 35D#0155555555555555
(1786378374.314675) can0 32D#0B00020101000000
(1786378374.314993) can0 33D#0000FFFFFFFFFFFF
(1786378374.334439) can0 39D#AC030801
(1786378374.354217) can0 39D#AD040801
(1786378374.394256) can0 39D#AE050801
(1786378374.434369) can0 33D#0000FFFFFFFFFFFF
(1786378374.434702) can0 39D#AF060801
(1786378374.474207) can0 39D#B0070801
(1786378374.514256) can0 33D#0000FFFFFFFFFFFF
(1786378374.534444) can0 39D#B1080801
(1786378374.554215) can0 39D#B2090801
(1786378374.594208) can0 39D#B30A0801
(1786378374.634215) can0 33D#0000FFFFFFFFFFFF
(1786378374.634528) can0 39D#B40B0801
(1786378374.674215) can0 39D#B50C0801
(1786378374.714258) can0 33D#0000FFFFFFFFFFFF
(1786378374.734431) can0 39D#B60D0801
(1786378374.754219) can0 39D#B70E0801
(1786378374.794284) can0 39D#B80F0801
(1786378374.834173) can0 33D#0000FFFFFFFFFFFF
(1786378374.834404) can0 39D#A9000801
(1786378374.874189) can0 39D#AA010801
(1786378374.914275) can0 33D#0000FFFFFFFFFFFF
(1786378374.934288) can0 39D#AB020801
(1786378374.954318) can0 39D#AC030801
(1786378374.994207) can0 39D#AD040801
(1786378375.034159) can0 33D#0000FFFFFFFFFFFF
(1786378375.034433) can0 39D#AE050801
(1786378375.074164) can0 39D#AF060801
(1786378375.114178) can0 33D#0000FFFFFFFFFFFF
(1786378375.134394) can0 39D#B0070801
(1786378375.154174) can0 39D#B1080801
(1786378375.194256) can0 39D#B2090801
(1786378375.234355) can0 33D#0000FFFFFFFFFFFF
(1786378375.234752) can0 39D#B30A0801
(1786378375.274123) can0 39D#B40B0801
(1786378375.314293) can0 35D#0256555555555555
(1786378375.314625) can0 33D#0000FFFFFFFFFFFF
(1786378375.334325) can0 39D#B50C0801
(1786378375.354220) can0 39D#B60D0801
(1786378375.394266) can0 39D#B70E0801
(1786378375.434234) can0 33D#0000FFFFFFFFFFFF
(1786378375.434576) can0 39D#B80F0801
(1786378375.474210) can0 39D#A9000801
(1786378375.514238) can0 33D#0000FFFFFFFFFFFF
(1786378375.534389) can0 39D#AA010801
(1786378375.554273) can0 39D#AB020801
(1786378375.594247) can0 39D#AC030801
(1786378375.634297) can0 33D#0000FFFFFFFFFFFF
(1786378375.634665) can0 39D#AD040801
(1786378375.674306) can0 39D#AE050801
(1786378375.714222) can0 33D#0000FFFFFFFFFFFF
(1786378375.734368) can0 39D#AF060801
(1786378375.754291) can0 39D#B0070801
(1786378375.794229) can0 39D#B1080801
(1786378375.834285) can0 33D#0000FFFFFFFFFFFF
(1786378375.834647) can0 39D#B2090801
(1786378375.874265) can0 39D#B30A0801
(1786378375.914269) can0 33D#0000FFFFFFFFFFFF
(1786378375.934337) can0 39D#B40B0801
(1786378375.954279) can0 39D#B50C0801
(1786378375.994377) can0 39D#B60D0801
(1786378376.034177) can0 33D#0000FFFFFFFFFFFF
(1786378376.034571) can0 39D#B70E0801
(1786378376.074251) can0 39D#B80F0801
(1786378376.114265) can0 33D#0000FFFFFFFFFFFF
(1786378376.134357) can0 39D#A9000801
(1786378376.154301) can0 39D#AA010801
(1786378376.194312) can0 39D#AB020801
(1786378376.234352) can0 33D#0000FFFFFFFFFFFF
(1786378376.234740) can0 39D#AC030801
(1786378376.274253) can0 39D#AD040801
(1786378376.314269) can0 35D#0355555555555555
(1786378376.314777) can0 32D#0D0000008D792021
(1786378376.315239) can0 33D#0000FFFFFFFFFFFF
(1786378376.334409) can0 39D#AE050801
(1786378376.354222) can0 39D#AF060801
(1786378376.394361) can0 39D#B0070801
(1786378376.434367) can0 33D#0000FFFFFFFFFFFF
(1786378376.434755) can0 39D#B1080801
(1786378376.474273) can0 39D#B2090801
(1786378376.514345) can0 33D#0000FFFFFFFFFFFF
(1786378376.534370) can0 39D#B30A0801
(1786378376.554270) can0 39D#B40B0801
(1786378376.594277) can0 39D#B50C0801
(1786378376.634332) can0 33D#0000FFFFFFFFFFFF
(1786378376.634691) can0 39D#B60D0801
(1786378376.674229) can0 39D#B70E0801
(1786378376.714235) can0 33D#0000FFFFFFFFFFFF
(1786378376.734351) can0 39D#B80F0801
(1786378376.754250) can0 39D#A9000801
(1786378376.794206) can0 39D#AA010801
(1786378376.834307) can0 33D#0000FFFFFFFFFFFF
(1786378376.834772) can0 39D#AB020801
(1786378376.874246) can0 39D#AC030801
(1786378376.914287) can0 33D#0000FFFFFFFFFFFF
(1786378376.934372) can0 39D#AD040801
(1786378376.954291) can0 39D#AE050801
(1786378376.994160) can0 39D#AF060801
(1786378377.034194) can0 33D#0000FFFFFFFFFFFF
(1786378377.034465) can0 39D#B0070801
(1786378377.074244) can0 39D#B1080801
(1786378377.114289) can0 33D#0000FFFFFFFFFFFF
(1786378377.134407) can0 39D#B2090801
(1786378377.154202) can0 39D#B30A0801
(1786378377.194322) can0 39D#B40B0801
(1786378377.234262) can0 33D#0000FFFFFFFFFFFF
(1786378377.234625) can0 39D#B50C0801
(1786378377.274205) can0 39D#B60D0801
(1786378377.314410) can0 35D#0455555555555555
(1786378377.314966) can0 33D#0000FFFFFFFFFFFF
(1786378377.334392) can0 39D#B70E0801
(1786378377.354212) can0 39D#B80F0801
(1786378377.394281) can0 39D#A9000801
(1786378377.434242) can0 33D#0000FFFFFFFFFFFF
(1786378377.434607) can0 39D#AA010801
(1786378377.474189) can0 39D#AB020801
(1786378377.514285) can0 33D#0000FFFFFFFFFFFF
(1786378377.534348) can0 39D#AC030801
(1786378377.554227) can0 39D#AD040801
(1786378377.594340) can0 39D#AE050801
(1786378377.634287) can0 33D#0000FFFFFFFFFFFF
(1786378377.634606) can0 39D#AF060801
(1786378377.674275) can0 39D#B0070801
(1786378377.714283) can0 33D#0000FFFFFFFFFFFF
(1786378377.734382) can0 39D#B1080801
(1786378377.754227) can0 39D#B2090801
(1786378377.794249) can0 39D#B30A0801
(1786378377.834245) can0 33D#0000FFFFFFFFFFFF
(1786378377.834643) can0 39D#B40B0801
(1786378377.874292) can0 39D#B50C0801
(1786378377.914183) can0 33D#0000FFFFFFFFFFFF
(1786378377.934338) can0 39D#B60D0801
(1786378377.954169) can0 39D#B70E0801
(1786378377.994205) can0 39D#B80F0801
(1786378378.034192) can0 33D#0000FFFFFFFFFFFF
(1786378378.034539) can0 39D#A9000801
(1786378378.074211) can0 39D#AA010801
(1786378378.114239) can0 33D#0000FFFFFFFFFFFF
(1786378378.134379) can0 39D#AB020801
(1786378378.154191) can0 39D#AC030801
(1786378378.194260) can0 39D#AD040801
(1786378378.234304) can0 33D#0000FFFFFFFFFFFF
(1786378378.234741) can0 39D#AE050801
(1786378378.274265) can0 39D#AF060801
(1786378378.314360) can0 35D#0555555555555555
(1786378378.314935) can0 32D#1405000060FCB070
(1786378378.315398) can0 33D#0000FFFFFFFFFFFF
(1786378378.334313) can0 39D#B0070801
(1786378378.354237) can0 39D#B1080801
(1786378378.394234) can0 39D#B2090801
(1786378378.434222) can0 33D#0000FFFFFFFFFFFF
(1786378378.434668) can0 39D#B30A0801
(1786378378.474251) can0 39D#B40B0801
(1786378378.514207) can0 33D#0000FFFFFFFFFFFF
(1786378378.534312) can0 39D#B50C0801
(1786378378.554196) can0 39D#B60D0801
(1786378378.594214) can0 39D#B70E0801
(1786378378.634250) can0 33D#0000FFFFFFFFFFFF
(1786378378.634681) can0 39D#B80F0801
(1786378378.674187) can0 39D#A9000801
(1786378378.714205) can0 33D#0000FFFFFFFFFFFF
(1786378378.734352) can0 39D#AA010801
(1786378378.754210) can0 39D#AB020801
(1786378378.794224) can0 39D#AC030801
(1786378378.834296) can0 33D#0000FFFFFFFFFFFF
(1786378378.834822) can0 39D#AD040801
(1786378378.874133) can0 39D#AE050801
(1786378378.914213) can0 33D#0000FFFFFFFFFFFF
(1786378378.934274) can0 39D#AF060801
(1786378378.954159) can0 39D#B0070801
(1786378378.994223) can0 39D#B1080801
(1786378379.034146) can0 33D#0000FFFFFFFFFFFF
(1786378379.034457) can0 39D#B2090801
(1786378379.074196) can0 39D#B30A0801
(1786378379.114256) can0 33D#0000FFFFFFFFFFFF
(1786378379.134359) can0 39D#B40B0801
(1786378379.154194) can0 39D#B50C0801
(1786378379.194220) can0 39D#B60D0801
(1786378379.234188) can0 33D#0000FFFFFFFFFFFF
(1786378379.234527) can0 39D#B70E0801
(1786378379.274161) can0 39D#B80F0801
(1786378379.314232) can0 35D#0655556555555559
(1786378379.314612) can0 33D#0000FFFFFFFFFFFF
(1786378379.334324) can0 39D#A9000801
(1786378379.354205) can0 39D#AA010801
(1786378379.414309) can0 39D#AB020801
(1786378379.440878) can0 33D#0000FFFFFFFFFFFF
(1786378379.447243) can0 39D#AC030801
(1786378379.474160) can0 39D#AD040801
(1786378379.514131) can0 33D#0000FFFFFFFFFFFF
(1786378379.534376) can0 39D#AE050801
(1786378379.554201) can0 39D#AF060801
(1786378379.594235) can0 39D#B0070801
(1786378379.634274) can0 33D#0000FFFFFFFFFFFF
(1786378379.634746) can0 39D#B1080801
(1786378379.674226) can0 39D#B2090801
(1786378379.714274) can0 33D#0000FFFFFFFFFFFF
(1786378379.734307) can0 39D#B30A0801
(1786378379.754147) can0 39D#B40B0801
(1786378379.794236) can0 39D#B50C0801
(1786378379.834218) can0 33D#0000FFFFFFFFFFFF
(1786378379.834593) can0 39D#B60D0801
(1786378379.874219) can0 39D#B70E0801
(1786378379.914184) can0 33D#0000FFFFFFFFFFFF
(1786378379.934314) can0 39D#B80F0801
(1786378379.954215) can0 39D#A9000801
(1786378379.994252) can0 39D#AA010801
(1786378380.034203) can0 33D#0000FFFFFFFFFFFF
(1786378380.034644) can0 39D#AB020801
(1786378380.074316) can0 39D#AC030801
(1786378380.114310) can0 33D#0000FFFFFFFFFFFF
(1786378380.134312) can0 39D#AD040801
(1786378380.154161) can0 39D#AE050801
(1786378380.194253) can0 39D#AF060801
(1786378380.234144) can0 33D#0000FFFFFFFFFFFF
(1786378380.234580) can0 39D#B0070801
(1786378380.274194) can0 39D#B1080801
(1786378380.314217) can0 35D#07555595552A0000
(1786378380.314624) can0 32D#16000000E4ACA32F
(1786378380.315131) can0 33D#0000FFFFFFFFFFFF
(1786378380.334274) can0 39D#B2090801
(1786378380.354208) can0 39D#B30A0801
(1786378380.394279) can0 39D#B40B0801
(1786378380.434180) can0 33D#0000FFFFFFFFFFFF
(1786378380.434631) can0 39D#B50C0801
(1786378380.474202) can0 39D#B60D0801
(1786378380.514145) can0 33D#0000FFFFFFFFFFFF
(1786378380.534299) can0 39D#B70E0801
(1786378380.554106) can0 39D#B80F0801
(1786378380.594154) can0 39D#A9000801
(1786378380.634256) can0 33D#0000FFFFFFFFFFFF
(1786378380.634698) can0 39D#AA010801
(1786378380.674203) can0 39D#AB020801
(1786378380.714236) can0 33D#0000FFFFFFFFFFFF
(1786378380.734272) can0 39D#AC030801
(1786378380.754122) can0 39D#AD040801
(1786378380.794273) can0 39D#AE050801
(1786378380.834179) can0 33D#0000FFFFFFFFFFFF
(1786378380.834602) can0 39D#AF060801
(1786378380.874159) can0 39D#B0070801
(1786378380.914165) can0 33D#0000FFFFFFFFFFFF
(1786378380.934356) can0 39D#B1080801
(1786378380.954194) can0 39D#B2090801
(1786378380.994162) can0 39D#B30A0801
(1786378381.034130) can0 33D#0000FFFFFFFFFFFF
(1786378381.034558) can0 39D#B40B0801
(1786378381.074193) can0 39D#B50C0801
(1786378381.114275) can0 33D#0000FFFFFFFFFFFF
(1786378381.134358) can0 39D#B60D0801
(1786378381.154225) can0 39D#B70E0801
(1786378381.194181) can0 39D#B80F0801
(1786378381.234227) can0 33D#0000FFFFFFFFFFFF
(1786378381.234683) can0 39D#A9000801
(1786378381.274264) can0 39D#AA010801
(1786378381.314218) can0 35D#0055555555555555
(1786378381.314589) can0 33D#0000FFFFFFFFFFFF
(1786378381.334317) can0 39D#AB020801
(1786378381.354179) can0 39D#AC030801
(1786378381.394132) can0 39D#AD040801
(1786378381.434224) can0 33D#0000FFFFFFFFFFFF
(1786378381.434636) can0 39D#AE050801
(1786378381.474214) can0 39D#AF060801
(1786378381.514123) can0 33D#0000FFFFFFFFFFFF
(1786378381.534319) can0 39D#B0070801
(1786378381.554142) can0 39D#B1080801
(1786378381.594261) can0 39D#B2090801
(1786378381.634323) can0 33D#0000FFFFFFFFFFFF
(1786378381.634755) can0 39D#B30A0801
(1786378381.674114) can0 39D#B40B0801
(1786378381.714171) can0 33D#0000FFFFFFFFFFFF
(1786378381.734305) can0 39D#B50C0801
(1786378381.754097) can0 39D#B60D0801
(1786378381.794245) can0 39D#B70E0801
(1786378381.834227) can0 33D#0000FFFFFFFFFFFF
(1786378381.834610) can0 39D#B80F0801
(1786378381.874062) can0 39D#A9000801
(1786378381.914317) can0 33D#0000FFFFFFFFFFFF
(1786378381.934304) can0 39D#AA010801
(1786378381.954146) can0 39D#AB020801
(1786378381.994167) can0 39D#AC030801
(1786378382.034159) can0 33D#0000FFFFFFFFFFFF
(1786378382.034510) can0 39D#AD040801
(1786378382.074189) can0 39D#AE050801
(1786378382.114201) can0 33D#0000FFFFFFFFFFFF
(1786378382.134271) can0 39D#AF060801
(1786378382.154161) can0 39D#B0070801
(1786378382.194209) can0 39D#B1080801
(1786378382.234091) can0 33D#0000FFFFFFFFFFFF
(1786378382.234416) can0 39D#B2090801
(1786378382.274127) can0 39D#B30A0801
(1786378382.314239) can0 35D#0155555555555555
(1786378382.314777) can0 32D#0A01000000007000
(1786378382.315224) can0 33D#0000FFFFFFFFFFFF
(1786378382.334250) can0 39D#B40B0801
(1786378382.354139) can0 39D#B50C0801
(1786378382.394169) can0 39D#B60D0801
(1786378382.434157) can0 33D#0000FFFFFFFFFFFF
(1786378382.434584) can0 39D#B70E0801
(1786378382.474130) can0 39D#B80F0801
(1786378382.514214) can0 33D#0000FFFFFFFFFFFF
(1786378382.534276) can0 39D#A9000801
(1786378382.554107) can0 39D#AA010801
(1786378382.594119) can0 39D#AB020801
(1786378382.634193) can0 33D#0000FFFFFFFFFFFF
(1786378382.634656) can0 39D#AC030801
(1786378382.674146) can0 39D#AD040801
(1786378382.714116) can0 33D#0000FFFFFFFFFFFF
(1786378382.734215) can0 39D#AE050801
(1786378382.754097) can0 39D#AF060801
(1786378382.794213) can0 39D#B0070801
(1786378382.834178) can0 33D#0000FFFFFFFFFFFF
(1786378382.834590) can0 39D#B1080801
(1786378382.874222) can0 39D#B2090801
(1786378382.914269) can0 33D#0000FFFFFFFFFFFF
(1786378382.934274) can0 39D#B30A0801
(1786378382.954064) can0 39D#B40B0801
(1786378382.994306) can0 39D#B50C0801
(1786378383.034111) can0 33D#0000FFFFFFFFFFFF
(1786378383.034427) can0 39D#B60D0801
(1786378383.074135) can0 39D#B70E0801
(1786378383.114110) can0 33D#0000FFFFFFFFFFFF
(1786378383.134294) can0 39D#B80F0801
(1786378383.154232) can0 39D#A9000801
(1786378383.194180) can0 39D#AA010801
(1786378383.234091) can0 33D#0000FFFFFFFFFFFF
(1786378383.234489) can0 39D#AB020801
(1786378383.274132) can0 39D#AC030801
(1786378383.314140) can0 35D#0256555555555555
(1786378383.314527) can0 33D#0000FFFFFFFFFFFF
(1786378383.334247) can0 39D#AD040801
(1786378383.354166) can0 39D#AE050801
(1786378383.394145) can0 39D#AF060801
(1786378383.434225) can0 33D#0000FFFFFFFFFFFF
(1786378383.434601) can0 39D#B0070801
(1786378383.474144) can0 39D#B1080801
(1786378383.514210) can0 33D#0000FFFFFFFFFFFF
(1786378383.534227) can0 39D#B2090801
(1786378383.554146) can0 39D#B30A0801
(1786378383.594153) can0 39D#B40B0801
(1786378383.634142) can0 33D#0000FFFFFFFFFFFF
(1786378383.634529) can0 39D#B50C0801
(1786378383.674093) can0 39D#B60D0801
(1786378383.714186) can0 33D#0000FFFFFFFFFFFF
(1786378383.734283) can0 39D#B70E0801
(1786378383.754079) can0 39D#B80F0801
(1786378383.794196) can0 39D#A9000801
(1786378383.834198) can0 33D#0000FFFFFFFFFFFF
(1786378383.834558) can0 39D#AA010801
(1786378383.874046) can0 39D#AB020801
(1786378383.914222) can0 33D#0000FFFFFFFFFFFF
(1786378383.934246) can0 39D#AC030801
(1786378383.954089) can0 39D#AD040801
(1786378383.994275) can0 39D#AE050801
(1786378384.034100) can0 33D#0000FFFFFFFFFFFF
(1786378384.034500) can0 39D#AF060801
(1786378384.074129) can0 39D#B0070801
(1786378384.114301) can0 33D#0000FFFFFFFFFFFF
(1786378384.134224) can0 39D#B1080801
(1786378384.154175) can0 39D#B2090801
(1786378384.194163) can0 39D#B30A0801
(1786378384.234128) can0 33D#0000FFFFFFFFFFFF
(1786378384.234543) can0 39D#B40B0801
(1786378384.274127) can0 39D#B50C0801
(1786378384.314148) can0 35D#0355555555555555
(1786378384.314594) can0 32D#0B00020101000000
(1786378384.315136) can0 33D#0000FFFFFFFFFFFF
(1786378384.334235) can0 39D#B60D0801
(1786378384.354052) can0 39D#B70E0801
(1786378384.394147) can0 39D#B80F0801
(1786378384.434167) can0 33D#0000FFFFFFFFFFFF
(1786378384.434535) can0 39D#A9000801
(1786378384.474164) can0 39D#AA010801
(1786378384.514199) can0 33D#0000FFFFFFFFFFFF
(1786378384.534219) can0 39D#AB020801
(1786378384.554107) can0 39D#AC030801
(1786378384.594235) can0 39D#AD040801
(1786378384.634189) can0 33D#0000FFFFFFFFFFFF
(1786378384.634591) can0 39D#AE050801
(1786378384.674093) can0 39D#AF060801
(1786378384.714139) can0 33D#0000FFFFFFFFFFFF
(1786378384.734173) can0 39D#B0070801
(1786378384.754157) can0 39D#B1080801
(1786378384.794063) can0 39D#B2090801
(1786378384.834053) can0 33D#0000FFFFFFFFFFFF
(1786378384.834373) can0 39D#B30A0801
(1786378384.874092) can0 39D#B40B0801
(1786378384.914049) can0 33D#0000FFFFFFFFFFFF
(1786378384.934170) can0 39D#B50C0801
(1786378384.953997) can0 39D#B60D0801
(1786378384.994111) can0 39D#B70E0801
(1786378385.034029) can0 33D#0000FFFFFFFFFFFF
(1786378385.034356) can0 39D#B80F0801
(1786378385.074086) can0 39D#A9000801
(1786378385.114100) can0 33D#0000FFFFFFFFFFFF
(1786378385.134203) can0 39D#AA010801
(1786378385.154157) can0 39D#AB020801
(1786378385.194173) can0 39D#AC030801
(1786378385.234261) can0 33D#0000FFFFFFFFFFFF
(1786378385.234614) can0 39D#AD040801
(1786378385.274115) can0 39D#AE050801
(1786378385.313935) can0 35D#0455555555555555
(1786378385.314181) can0 33D#0000FFFFFFFFFFFF
(1786378385.334215) can0 39D#AF060801
(1786378385.354061) can0 39D#B0070801
(1786378385.393984) can0 39D#B1080801
(1786378385.434007) can0 33D#0000FFFFFFFFFFFF
(1786378385.434388) can0 39D#B2090801
(1786378385.474020) can0 39D#B30A0801
(1786378385.514047) can0 33D#0000FFFFFFFFFFFF
(1786378385.534279) can0 39D#B40B0801
(1786378385.554100) can0 39D#B50C0801
(1786378385.593961) can0 39D#B60D0801
(1786378385.634029) can0 33D#0000FFFFFFFFFFFF
(1786378385.634267) can0 39D#B70E0801
(1786378385.673982) can0 39D#B80F0801
(1786378385.713974) can0 33D#0000FFFFFFFFFFFF
(1786378385.734164) can0 39D#A9000801
(1786378385.754003) can0 39D#AA010801
(1786378385.794051) can0 39D#AB020801
(1786378385.834053) can0 33D#0000FFFFFFFFFFFF
(1786378385.834338) can0 39D#AC030801
(1786378385.874053) can0 39D#AD040801
(1786378385.914048) can0 33D#0000FFFFFFFFFFFF
(1786378385.934164) can0 39D#AE050801
(1786378385.954008) can0 39D#AF060801
(1786378385.994027) can0 39D#B0070801
(1786378386.034030) can0 33D#0000FFFFFFFFFFFF
(1786378386.034475) can0 39D#B1080801
(1786378386.074011) can0 39D#B2090801
(1786378386.114043) can0 33D#0000FFFFFFFFFFFF
(1786378386.134139) can0 39D#B30A0801
(1786378386.154064) can0 39D#B40B0801
(1786378386.194105) can0 39D#B50C0801
(1786378386.234063) can0 33D#0000FFFFFFFFFFFF
(1786378386.234514) can0 39D#B60D0801
(1786378386.274049) can0 39D#B70E0801
(1786378386.314160) can0 35D#0555555555555555
(1786378386.314571) can0 32D#0D0000008D792021
(1786378386.314892) can0 33D#0000FFFFFFFFFFFF
(1786378386.334122) can0 39D#B80F0801
(1786378386.354020) can0 39D#A9000801
(1786378386.394039) can0 39D#AA010801
(1786378386.434152) can0 33D#0000FFFFFFFFFFFF
(1786378386.434484) can0 39D#AB020801
(1786378386.474107) can0 39D#AC030801
(1786378386.514028) can0 33D#0000FFFFFFFFFFFF
(1786378386.534176) can0 39D#AD040801
(1786378386.554089) can0 39D#AE050801
(1786378386.594079) can0 39D#AF060801
(1786378386.634030) can0 33D#0000FFFFFFFFFFFF
(1786378386.634378) can0 39D#B0070801
(1786378386.674058) can0 39D#B1080801
(1786378386.714035) can0 33D#0000FFFFFFFFFFFF
(1786378386.734138) can0 39D#B2090801
(1786378386.754023) can0 39D#B30A0801
(1786378386.794053) can0 39D#B40B0801
(1786378386.833957) can0 33D#0000FFFFFFFFFFFF
(1786378386.834175) can0 39D#B50C0801
(1786378386.874015) can0 39D#B60D0801
(1786378386.914005) can0 33D#0000FFFFFFFFFFFF
(1786378386.934129) can0 39D#B70E0801
(1786378386.954075) can0 39D#B80F0801
(1786378386.993996) can0 39D#A9000801
(1786378387.034075) can0 33D#0000FFFFFFFFFFFF
(1786378387.034408) can0 39D#AA010801
(1786378387.073987) can0 39D#AB020801
(1786378387.113970) can0 33D#0000FFFFFFFFFFFF
(1786378387.134203) can0 39D#AC030801
(1786378387.154020) can0 39D#AD040801
(1786378387.193999) can0 39D#AE050801
(1786378387.234057) can0 33D#0000FFFFFFFFFFFF
(1786378387.234441) can0 39D#AF060801
(1786378387.274129) can0 39D#B0070801
(1786378387.313986) can0 35D#0655556555555559
(1786378387.314301) can0 33D#0000FFFFFFFFFFFF
(1786378387.334188) can0 39D#B1080801
(1786378387.354072) can0 39D#B2090801
(1786378387.394059) can0 39D#B30A0801
(1786378387.433976) can0 33D#0000FFFFFFFFFFFF
(1786378387.434300) can0 39D#B40B0801
(1786378387.474003) can0 39D#B50C0801
(1786378387.514022) can0 33D#0000FFFFFFFFFFFF
(1786378387.534109) can0 39D#B60D0801
(1786378387.554094) can0 39D#B70E0801
(1786378387.594050) can0 39D#B80F0801
(1786378387.633977) can0 33D#0000FFFFFFFFFFFF
(1786378387.634315) can0 39D#A9000801
(1786378387.673988) can0 39D#AA010801
(1786378387.713945) can0 33D#0000FFFFFFFFFFFF
(1786378387.734229) can0 39D#AB020801
(1786378387.754018) can0 39D#AC030801
(1786378387.794051) can0 39D#AD040801
(1786378387.833942) can0 33D#0000FFFFFFFFFFFF
(1786378387.834223) can0 39D#AE050801
(1786378387.873962) can0 39D#AF060801
(1786378387.914044) can0 33D#0000FFFFFFFFFFFF
(1786378387.934141) can0 39D#B0070801
(1786378387.954076) can0 39D#B1080801
(1786378387.994044) can0 39D#B2090801
(1786378388.034015) can0 33D#0000FFFFFFFFFFFF
(1786378388.034449) can0 39D#B30A0801
(1786378388.073996) can0 39D#B40B0801
(1786378388.114008) can0 33D#0000FFFFFFFFFFFF
(1786378388.134145) can0 39D#B50C0801
(1786378388.154032) can0 39D#B60D0801
(1786378388.194095) can0 39D#B70E0801
(1786378388.233979) can0 33D#0000FFFFFFFFFFFF
(1786378388.234347) can0 39D#B80F0801
(1786378388.273967) can0 39D#A9000801
(1786378388.314146) can0 35D#07555595552A0000
(1786378388.314502) can0 32D#1405000060FCB070
(1786378388.314853) can0 33D#0000FFFFFFFFFFFF
(1786378388.334152) can0 39D#AA010801
(1786378388.354008) can0 39D#AB020801
(1786378388.394022) can0 39D#AC030801
(1786378388.434043) can0 33D#0000FFFFFFFFFFFF
(1786378388.434539) can0 39D#AD040801
(1786378388.474049) can0 39D#AE050801
(1786378388.514033) can0 33D#0000FFFFFFFFFFFF
(1786378388.534150) can0 39D#AF060801
(1786378388.553962) can0 39D#B0070801
(1786378388.594047) can0 39D#B1080801
(1786378388.634106) can0 33D#0000FFFFFFFFFFFF
(1786378388.634528) can0 39D#B2090801
(1786378388.674114) can0 39D#B30A0801
(1786378388.713919) can0 33D#0000FFFFFFFFFFFF
(1786378388.734047) can0 39D#B40B0801
(1786378388.753932) can0 39D#B50C0801
(1786378388.794048) can0 39D#B60D0801
(1786378388.833934) can0 33D#0000FFFFFFFFFFFF
(1786378388.834219) can0 39D#B70E0801
(1786378388.873989) can0 39D#B80F0801
(1786378388.913978) can0 33D#0000FFFFFFFFFFFF
(1786378388.934073) can0 39D#A9000801
(1786378388.954038) can0 39D#AA010801
(1786378388.994074) can0 39D#AB020801
(1786378389.034005) can0 33D#0000FFFFFFFFFFFF
(1786378389.034435) can0 39D#AC030801
(1786378389.074026) can0 39D#AD040801
(1786378389.113959) can0 33D#0000FFFFFFFFFFFF
(1786378389.134091) can0 39D#AE050801
(1786378389.154055) can0 39D#AF060801
(1786378389.194030) can0 39D#B0070801
(1786378389.234017) can0 33D#0000FFFFFFFFFFFF
(1786378389.234411) can0 39D#B1080801
(1786378389.274032) can0 39D#B2090801
(1786378389.314067) can0 35D#0055555555555555
(1786378389.314406) can0 33D#0000FFFFFFFFFFFF
(1786378389.334125) can0 39D#B30A0801
(1786378389.353958) can0 39D#B40B0801
(1786378389.393963) can0 39D#B50C0801
(1786378389.433966) can0 33D#0000FFFFFFFFFFFF
(1786378389.434256) can0 39D#B60D0801
(1786378389.473968) can0 39D#B70E0801
(1786378389.513940) can0 33D#0000FFFFFFFFFFFF
(1786378389.534219) can0 39D#B80F0801
(1786378389.553989) can0 39D#A9000801
(1786378389.593993) can0 39D#AA010801
(1786378389.634006) can0 33D#0000FFFFFFFFFFFF
(1786378389.634359) can0 39D#AB020801
(1786378389.674048) can0 39D#AC030801
(1786378389.714013) can0 33D#0000FFFFFFFFFFFF
(1786378389.734068) can0 39D#AD040801
(1786378389.754086) can0 39D#AE050801
(1786378389.793995) can0 39D#AF060801
(1786378389.833913) can0 33D#0000FFFFFFFFFFFF
(1786378389.834151) can0 39D#B0070801
(1786378389.873958) can0 39D#B1080801
(1786378389.914006) can0 33D#0000FFFFFFFFFFFF
(1786378389.934132) can0 39D#B2090801
(1786378389.953976) can0 39D#B30A0801
(1786378389.993932) can0 39D#B40B0801
(1786378390.033981) can0 33D#0000FFFFFFFFFFFF
(1786378390.034370) can0 39D#B50C0801
(1786378390.073924) can0 39D#B60D0801
(1786378390.113850) can0 33D#0000FFFFFFFFFFFF
(1786378390.134033) can0 39D#B70E0801
(1786378390.153909) can0 39D#B80F0801
(1786378390.194005) can0 39D#A9000801
(1786378390.233999) can0 33D#0000FFFFFFFFFFFF
(1786378390.234344) can0 39D#AA010801
(1786378390.273930) can0 39D#AB020801
(1786378390.313965) can0 35D#0155555555555555
(1786378390.314283) can0 32D#16000000E4ACA32F
(1786378390.314487) can0 33D#0000FFFFFFFFFFFF
(1786378390.334034) can0 39D#AC030801
(1786378390.353963) can0 39D#AD040801
(1786378390.393976) can0 39D#AE050801
(1786378390.434054) can0 33D#0000FFFFFFFFFFFF
(1786378390.434446) can0 39D#AF060801
(1786378390.473889) can0 39D#B0070801
(1786378390.513917) can0 33D#0000FFFFFFFFFFFF
(1786378390.534069) can0 39D#B1080801
(1786378390.553914) can0 39D#B2090801
(1786378390.593925) can0 39D#B30A0801
(1786378390.633870) can0 33D#0000FFFFFFFFFFFF
(1786378390.634117) can0 39D#B40B0801
(1786378390.673933) can0 39D#B50C0801
(1786378390.713915) can0 33D#0000FFFFFFFFFFFF
(1786378390.734128) can0 39D#B60D0801
(1786378390.753893) can0 39D#B70E0801
(1786378390.793979) can0 39D#B80F0801
(1786378390.833921) can0 33D#0000FFFFFFFFFFFF
(1786378390.834204) can0 39D#A9000801
(1786378390.873991) can0 39D#AA010801
(1786378390.913994) can0 33D#0000FFFFFFFFFFFF
(1786378390.934099) can0 39D#AB020801
(1786378390.953928) can0 39D#AC030801
(1786378390.993951) can0 39D#AD040801
(1786378391.034040) can0 33D#0000FFFFFFFFFFFF
(1786378391.034341) can0 39D#AE050801
(1786378391.074006) can0 39D#AF060801
(1786378391.114035) can0 33D#0000FFFFFFFFFFFF
(1786378391.134089) can0 39D#B0070801
(1786378391.153925) can0 39D#B1080801
(1786378391.193921) can0 39D#B2090801
(1786378391.233945) can0 33D#0000FFFFFFFFFFFF
(1786378391.234310) can0 39D#B30A0801
(1786378391.273947) can0 39D#B40B0801
(1786378391.313921) can0 35D#0256555555555555
(1786378391.314306) can0 33D#0000FFFFFFFFFFFF
(1786378391.334144) can0 39D#B50C0801
(1786378391.353962) can0 39D#B60D0801
(1786378391.393931) can0 39D#B70E0801
(1786378391.434030) can0 33D#0000FFFFFFFFFFFF
(1786378391.434422) can0 39D#B80F0801
(1786378391.474000) can0 39D#A9000801
(1786378391.513906) can0 33D#0000FFFFFFFFFFFF
(1786378391.534121) can0 39D#AA010801
(1786378391.553890) can0 39D#AB020801
(1786378391.593961) can0 39D#AC030801
(1786378391.634029) can0 33D#0000FFFFFFFFFFFF
(1786378391.634444) can0 39D#AD040801
(1786378391.673946) can0 39D#AE050801
(1786378391.713913) can0 33D#0000FFFFFFFFFFFF
(1786378391.734029) can0 39D#AF060801
(1786378391.753922) can0 39D#B0070801
(1786378391.793953) can0 39D#B1080801
(1786378391.833869) can0 33D#0000FFFFFFFFFFFF
(1786378391.834101) can0 39D#B2090801
(1786378391.873916) can0 39D#B30A0801
(1786378391.914035) can0 33D#0000FFFFFFFFFFFF
(1786378391.934061) can0 39D#B40B0801
(1786378391.953961) can0 39D#B50C0801
(1786378391.993940) can0 39D#B60D0801
(1786378392.033933) can0 33D#0000FFFFFFFFFFFF
(1786378392.034211) can0 39D#B70E0801
(1786378392.073936) can0 39D#B80F0801
(1786378392.113916) can0 33D#0000FFFFFFFFFFFF
(1786378392.134017) can0 39D#A9000801
(1786378392.153971) can0 39D#AA010801
(1786378392.193868) can0 39D#AB020801
(1786378392.234018) can0 33D#0000FFFFFFFFFFFF
(1786378392.234401) can0 39D#AC030801
(1786378392.273863) can0 39D#AD040801
(1786378392.313970) can0 35D#0355555555555555
(1786378392.314335) can0 32D#0A01000000007000
(1786378392.314679) can0 33D#0000FFFFFFFFFFFF
(1786378392.334076) can0 39D#AE050801
(1786378392.353869) can0 39D#AF060801
(1786378392.394009) can0 39D#B0070801
(1786378392.433905) can0 33D#0000FFFFFFFFFFFF
(1786378392.434118) can0 39D#B1080801
(1786378392.473860) can0 39D#B2090801
(1786378392.513998) can0 33D#0000FFFFFFFFFFFF
(1786378392.534120) can0 39D#B30A0801
(1786378392.554023) can0 39D#B40B0801
(1786378392.593963) can0 39D#B50C0801
(1786378392.633982) can0 33D#0000FFFFFFFFFFFF
(1786378392.634340) can0 39D#B60D0801
(1786378392.673973) can0 39D#B70E0801
(1786378392.713917) can0 33D#0000FFFFFFFFFFFF
(1786378392.734081) can0 39D#B80F0801
(1786378392.753899) can0 39D#A9000801
(1786378392.793928) can0 39D#AA010801
(1786378392.833861) can0 33D#0000FFFFFFFFFFFF
(1786378392.834139) can0 39D#AB020801
(1786378392.873923) can0 39D#AC030801
(1786378392.913939) can0 33D#0000FFFFFFFFFFFF
(1786378392.934075) can0 39D#AD040801
(1786378392.953962) can0 39D#AE050801
(1786378392.993905) can0 39D#AF060801
(1786378393.033922) can0 33D#0000FFFFFFFFFFFF
(1786378393.034183) can0 39D#B0070801
(1786378393.073958) can0 39D#B1080801
(1786378393.113974) can0 33D#0000FFFFFFFFFFFF
(1786378393.134020) can0 39D#B2090801
(1786378393.153950) can0 39D#B30A0801
(1786378393.193949) can0 39D#B40B0801
(1786378393.233871) can0 33D#0000FFFFFFFFFFFF
(1786378393.234104) can0 39D#B50C0801
(1786378393.273914) can0 39D#B60D0801
(1786378393.313937) can0 35D#0455555555555555
(1786378393.314210) can0 33D#0000FFFFFFFFFFFF
(1786378393.333974) can0 39D#B70E0801
(1786378393.353950) can0 39D#B80F0801
(1786378393.393878) can0 39D#A9000801
(1786378393.434033) can0 33D#0000FFFFFFFFFFFF
(1786378393.434448) can0 39D#AA010801
(1786378393.473916) can0 39D#AB020801
(1786378393.513885) can0 33D#0000FFFFFFFFFFFF
(1786378393.534089) can0 39D#AC030801
(1786378393.553850) can0 39D#AD040801
(1786378393.593926) can0 39D#AE050801
(1786378393.633921) can0 33D#0000FFFFFFFFFFFF
(1786378393.634267) can0 39D#AF060801
(1786378393.673918) can0 39D#B0070801
(1786378393.713909) can0 33D#0000FFFFFFFFFFFF
(1786378393.734012) can0 39D#B1080801
(1786378393.753927) can0 39D#B2090801
(1786378393.793920) can0 39D#B30A0801
(1786378393.833942) can0 33D#0000FFFFFFFFFFFF
(1786378393.834338) can0 39D#B40B0801
(1786378393.873949) can0 39D#B50C0801
(1786378393.913815) can0 33D#0000FFFFFFFFFFFF
(1786378393.934066) can0 39D#B60D0801
(1786378393.953949) can0 39D#B70E0801
(1786378393.993902) can0 39D#B80F0801
(1786378394.034014) can0 33D#0000FFFFFFFFFFFF
(1786378394.034394) can0 39D#A9000801
(1786378394.073808) can0 39D#AA010801
(1786378394.113976) can0 33D#0000FFFFFFFFFFFF
(1786378394.134010) can0 39D#AB020801
(1786378394.153977) can0 39D#AC030801
(1786378394.193875) can0 39D#BD041801
(1786378394.233866) can0 33D#0000FFFFFFFFFFFF
(1786378394.234076) can0 39D#AE050801
(1786378394.273917) can0 39D#AF060801
(1786378394.313984) can0 35D#0555555555555555
(1786378394.314414) can0 32D#0B00020101000000
(1786378394.314794) can0 33D#0000FFFFFFFFFFFF
(1786378394.334104) can0 39D#B0070801
(1786378394.353948) can0 39D#B1080801
(1786378394.393915) can0 39D#B2090801
(1786378394.434010) can0 33D#0000FFFFFFFFFFFF
(1786378394.434435) can0 39D#B30A0801
(1786378394.473885) can0 39D#B40B0801
(1786378394.513880) can0 33D#0000FFFFFFFFFFFF
(1786378394.534080) can0 39D#B50C0801
(1786378394.553963) can0 39D#B60D0801
(1786378394.593889) can0 39D#B70E0801
(1786378394.633841) can0 33D#0000FFFFFFFFFFFF
(1786378394.634126) can0 39D#B80F0801
(1786378394.673873) can0 39D#A9000801
(1786378394.713885) can0 33D#0000FFFFFFFFFFFF
(1786378394.734021) can0 39D#AA010801
(1786378394.753895) can0 39D#AB020801
(1786378394.793909) can0 39D#AC030801
(1786378394.833904) can0 33D#0000FFFFFFFFFFFF
(1786378394.834197) can0 39D#AD040801
(1786378394.874049) can0 39D#AE050801
(1786378394.913941) can0 33D#0000FFFFFFFFFFFF
(1786378394.933998) can0 39D#AF060801
(1786378394.953897) can0 39D#B0070801
(1786378394.993868) can0 39D#B1080801
(1786378395.033843) can0 33D#0000FFFFFFFFFFFF
(1786378395.034075) can0 39D#B2090801
(1786378395.074004) can0 39D#B30A0801
(1786378395.113789) can0 33D#0000FFFFFFFFFFFF
(1786378395.133946) can0 39D#B40B0801
(1786378395.153846) can0 39D#B50C0801
(1786378395.193893) can0 39D#B60D0801
(1786378395.233869) can0 33D#0000FFFFFFFFFFFF
(1786378395.234227) can0 39D#B70E0801
(1786378395.273851) can0 39D#B80F0801
(1786378395.313923) can0 35D#0655556555555559
(1786378395.314268) can0 33D#0000FFFFFFFFFFFF
(1786378395.334106) can0 39D#A9000801
(1786378395.353990) can0 39D#AA010801
(1786378395.393939) can0 39D#AB020801
(1786378395.434010) can0 33D#0000FFFFFFFFFFFF
(1786378395.434402) can0 39D#AC030801
(1786378395.473910) can0 39D#AD040801
(1786378395.513998) can0 33D#0000FFFFFFFFFFFF
(1786378395.534011) can0 39D#AE050801
(1786378395.553939) can0 39D#AF060801
(1786378395.593947) can0 39D#B0070801
(1786378395.633834) can0 33D#0000FFFFFFFFFFFF
(1786378395.634127) can0 39D#B1080801
(1786378395.673887) can0 39D#B2090801
(1786378395.713955) can0 33D#0000FFFFFFFFFFFF
(1786378395.734190) can0 39D#B30A0801
(1786378395.753876) can0 39D#B40B0801
(1786378395.793910) can0 39D#B50C0801
(1786378395.833931) can0 33D#0000FFFFFFFFFFFF
(1786378395.834285) can0 39D#B60D0801
(1786378395.873884) can0 39D#B70E0801
(1786378395.913874) can0 33D#0000FFFFFFFFFFFF
(1786378395.934102) can0 39D#B80F0801
(1786378395.953914) can0 39D#A9000801
(1786378395.993922) can0 39D#AA010801
(1786378396.033830) can0 33D#0000FFFFFFFFFFFF
(1786378396.034091) can0 39D#AB020801
(1786378396.073909) can0 39D#AC030801
(1786378396.113924) can0 33D#0000FFFFFFFFFFFF
(1786378396.133957) can0 39D#AD040801
(1786378396.153869) can0 39D#AE050801
(1786378396.193869) can0 39D#AF060801
(1786378396.233844) can0 33D#0000FFFFFFFFFFFF
(1786378396.234165) can0 39D#B0070801
(1786378396.273836) can0 39D#B1080801
(1786378396.313872) can0 35D#07555595552A0000
(1786378396.314166) can0 32D#0D0000008D792021
(1786378396.314417) can0 33D#0000FFFFFFFFFFFF
(1786378396.333984) can0 39D#B2090801
(1786378396.353792) can0 39D#B30A0801
(1786378396.393913) can0 39D#B40B0801
(1786378396.433846) can0 33D#0000FFFFFFFFFFFF
(1786378396.434177) can0 39D#B50C0801
(1786378396.473794) can0 39D#B60D0801
(1786378396.513841) can0 33D#0000FFFFFFFFFFFF
(1786378396.534042) can0 39D#B70E0801
(1786378396.553918) can0 39D#B80F0801
(1786378396.593914) can0 39D#A9000801
(1786378396.633877) can0 33D#0000FFFFFFFFFFFF
(1786378396.634261) can0 39D#AA010801
(1786378396.673786) can0 39D#AB020801
(1786378396.713925) can0 33D#0000FFFFFFFFFFFF
(1786378396.734090) can0 39D#AC030801
(1786378396.753965) can0 39D#AD040801
(1786378396.793999) can0 39D#AE050801
(1786378396.833872) can0 33D#0000FFFFFFFFFFFF
(1786378396.834178) can0 39D#AF060801
(1786378396.873828) can0 39D#B0070801
(1786378396.913910) can0 33D#0000FFFFFFFFFFFF
(1786378396.933972) can0 39D#B1080801
(1786378396.953802) can0 39D#B2090801
(1786378396.993810) can0 39D#B30A0801
(1786378397.033787) can0 33D#0000FFFFFFFFFFFF
(1786378397.034020) can0 39D#B40B0801
(1786378397.073898) can0 39D#B50C0801
(1786378397.113854) can0 33D#0000FFFFFFFFFFFF
(1786378397.133998) can0 39D#B60D0801
(1786378397.153874) can0 39D#B70E0801
(1786378397.193839) can0 39D#B80F0801
(1786378397.233823) can0 33D#0000FFFFFFFFFFFF
(1786378397.234097) can0 39D#A9000801
(1786378397.273984) can0 39D#AA010801
