(1786378260.248695) can0 38E#3A21004001000000
(1786378260.326338) can0 38E#DD22004001000000
(1786378260.336326) can0 38F#E121405502000000
(1786378260.336610) can0 38E#8023004001000000
(1786378260.346438) can0 38E#3F24005501000000
(1786378260.356216) can0 38F#0622405502000000
(1786378260.356496) can0 38E#6225005501000000
(1786378260.366298) can0 38E#8526005501000000
(1786378260.376259) can0 38F#5B23405502000000
(1786378260.376489) can0 38E#D827005501000000
(1786378260.386253) can0 38E#8428005501000000
(1786378260.396257) can0 38F#D524405502000000
(1786378260.396540) can0 38E#D929005501000000
(1786378260.406298) can0 38E#542A005401000000
(1786378260.416189) can0 38F#8825405502000000
(1786378260.416485) can0 38E#632B005501000000
(1786378260.426300) can0 38E#ED2C005501000000
(1786378260.436247) can0 38F#6F26405502000000
(1786378260.436675) can0 38E#B02D005501000000
(1786378260.446221) can0 38E#572E005501000000
(1786378260.456226) can0 38F#3227405502000000
(1786378260.456504) can0 38E#0A2F005501000000
(1786378260.466195) can0 38E#5620005501000000
(1786378260.476190) can0 38F#6E28405502000000
(1786378260.476501) can0 38E#0B21005501000000
(1786378260.486387) can0 38E#EC22005501000000
(1786378260.496258) can0 38F#3329405502000000
(1786378260.496521) can0 38E#DB23005401000000
(1786378260.506295) can0 38E#3F24005501000000
(1786378260.516299) can0 38F#D42A405502000000
(1786378260.516613) can0 38E#6225005501000000
(1786378260.526282) can0 38E#8526005501000000
(1786378260.536412) can0 38F#892B405502000000
(1786378260.536828) can0 38E#D827005501000000
(1786378260.546395) can0 38E#8428005501000000
(1786378260.556260) can0 38F#072C405502000000
(1786378260.556568) can0 38E#D929005501000000
(1786378260.566190) can0 38E#3E2A005501000000
(1786378260.576286) can0 38F#5A2D405502000000
(1786378260.576590) can0 38E#632B005501000000
(1786378260.586290) can0 38E#ED2C005501000000
(1786378260.596389) can0 38F#BD2E405502000000
(1786378260.596806) can0 38E#B02D005501000000
(1786378260.606342) can0 38E#572E005501000000
(1786378260.616288) can0 38F#E02F405502000000
(1786378260.616652) can0 38E#0A2F005501000000
(1786378260.626441) can0 38E#5620005501000000
(1786378260.636260) can0 38F#BC20405502000000
(1786378260.636589) can0 38E#0B21005501000000
(1786378260.646288) can0 38E#EC22005501000000
(1786378260.656397) can0 38F#E121405502000000
(1786378260.656717) can0 38E#B123005501000000
(1786378260.666363) can0 38E#3F24005501000000
(1786378260.676329) can0 38F#0622405502000000
(1786378260.676704) can0 38E#6225005501000000
(1786378260.686292) can0 38E#8526005501000000
(1786378260.696243) can0 38F#5B23405502000000
(1786378260.696573) can0 38E#D827005501000000
(1786378260.706221) can0 38E#8428005501000000
(1786378260.716227) can0 38F#D524405502000000
(1786378260.716544) can0 38E#D929005501000000
(1786378260.726321) can0 38E#3E2A005501000000
(1786378260.736421) can0 38F#8825405502000000
(1786378260.736945) can0 38E#632B005501000000
(1786378260.746509) can0 38E#ED2C005501000000
(1786378260.756316) can0 38F#6F26405502000000
(1786378260.756639) can0 38E#B02D005501000000
(1786378260.766408) can0 38E#572E005501000000
(1786378260.776416) can0 38F#3227405502000000
(1786378260.776773) can0 38E#0A2F005501000000
(1786378260.786264) can0 38E#5620005501000000
(1786378260.796320) can0 38F#6E28405502000000
(1786378260.796669) can0 38E#0B21005501000000
(1786378260.806393) can0 38E#8622005401000000
(1786378260.816327) can0 38F#3329405502000000
(1786378260.816757) can0 38E#B123005501000000
(1786378260.826312) can0 38E#3F24005501000000
(1786378260.836235) can0 38F#D42A405502000000
(1786378260.836568) can0 38E#6225005501000000
(1786378260.846284) can0 38E#8526005501000000
(1786378260.856326) can0 38F#892B405502000000
(1786378260.856665) can0 38E#D827005501000000
(1786378260.866244) can0 38E#8428005501000000
(1786378260.876194) can0 38F#072C405502000000
(1786378260.876539) can0 38E#D929005501000000
(1786378260.886331) can0 38E#3E2A005501000000
(1786378260.896467) can0 38F#5A2D405502000000
(1786378260.896928) can0 38E#092B005401000000
(1786378260.906310) can0 38E#ED2C005501000000
(1786378260.916314) can0 38F#BD2E405502000000
(1786378260.916672) can0 38E#B02D005501000000
(1786378260.926542) can0 38E#572E005501000000
(1786378260.936518) can0 38F#E02F405502000000
(1786378260.937215) can0 38E#0A2F005501000000
(1786378260.946430) can0 38E#5620005501000000
(1786378260.956300) can0 38F#BC20405502000000
(1786378260.956656) can0 38E#0B21005501000000
(1786378260.966781) can0 38E#5222005601000000
(1786378260.976808) can0 38F#E121405502000000
(1786378260.977112) can0 38E#B123005501000000
(1786378260.986376) can0 38E#3F24005501000000
(1786378260.996339) can0 38F#0622405502000000
(1786378260.996756) can0 38E#6225005501000000
(1786378261.006325) can0 38E#8526005501000000
(1786378261.016300) can0 38F#5B23405502000000
(1786378261.016550) can0 38E#D827005501000000
(1786378261.026376) can0 38E#8428005501000000
(1786378261.036381) can0 38F#D524405502000000
(1786378261.036758) can0 38E#D929005501000000
(1786378261.046318) can0 38E#3E2A005501000000
(1786378261.056394) can0 38F#8825405502000000
(1786378261.056763) can0 38E#632B005501000000
(1786378261.066383) can0 38E#ED2C005501000000
(1786378261.076337) can0 38F#6F26405502000000
(1786378261.076556) can0 38E#B02D005501000000
(1786378261.086310) can0 38E#572E005501000000
(1786378261.096388) can0 38F#3227405502000000
(1786378261.096781) can0 38E#0A2F005501000000
(1786378261.106342) can0 38E#5620005501000000
(1786378261.116334) can0 38F#6E28405502000000
(1786378261.116798) can0 38E#0B21005501000000
(1786378261.126326) can0 38E#EC22005501000000
(1786378261.136353) can0 38F#3329405502000000
(1786378261.136888) can0 38E#B123005501000000
(1786378261.146392) can0 38E#3F24005501000000
(1786378261.156258) can0 38F#D42A405502000000
(1786378261.156495) can0 38E#6225005501000000
(1786378261.166278) can0 38E#8526005501000000
(1786378261.176255) can0 38F#892B405502000000
(1786378261.176497) can0 38E#D827005501000000
(1786378261.186453) can0 38E#8428005501000000
(1786378261.196525) can0 38F#072C405502000000
(1786378261.197185) can0 38E#D929005501000000
(1786378261.206298) can0 38E#3E2A005501000000
(1786378261.216228) can0 38F#5A2D405502000000
(1786378261.216469) can0 38E#632B005501000000
(1786378261.226242) can0 38E#ED2C005501000000
(1786378261.236376) can0 38F#BD2E405502000000
(1786378261.236863) can0 38E#B02D005501000000
(1786378261.246556) can0 38E#572E005501000000
(1786378261.256340) can0 38F#E02F405502000000
(1786378261.256691) can0 38E#0A2F005501000000
(1786378261.266290) can0 38E#5620005501000000
(1786378261.276323) can0 38F#BC20405502000000
(1786378261.276690) can0 38E#B521005601000000
(1786378261.286510) can0 38E#EC22005501000000
(1786378261.296328) can0 38F#E121405502000000
(1786378261.296651) can0 38E#0F23005601000000
(1786378261.306513) can0 38E#8124005601000000
(1786378261.316386) can0 38F#0622405502000000
(1786378261.316849) can0 38E#6225005501000000
(1786378261.326289) can0 38E#8526005501000000
(1786378261.336331) can0 38F#5B23405502000000
(1786378261.336756) can0 38E#D827005501000000
(1786378261.346700) can0 38E#8428005501000000
(1786378261.356325) can0 38F#D524405502000000
(1786378261.356590) can0 38E#D929005501000000
(1786378261.366339) can0 38E#3E2A005501000000
(1786378261.376280) can0 38F#8825405502000000
(1786378261.376518) can0 38E#632B005501000000
(1786378261.386358) can0 38E#ED2C005501000000
(1786378261.396379) can0 38F#6F26405502000000
(1786378261.396681) can0 38E#B02D005501000000
(1786378261.406379) can0 38E#572E005501000000
(1786378261.416417) can0 38F#3227405502000000
(1786378261.416843) can0 38E#0A2F005501000000
(1786378261.426372) can0 38E#5620005501000000
(1786378261.436342) can0 38F#6E28405502000000
(1786378261.436694) can0 38E#0B21005501000000
(1786378261.446336) can0 38E#EC22005501000000
(1786378261.456371) can0 38F#3329405502000000
(1786378261.456720) can0 38E#B123005501000000
(1786378261.466336) can0 38E#3F24005501000000
(1786378261.476298) can0 38F#D42A405502000000
(1786378261.476707) can0 38E#6225005501000000
(1786378261.486363) can0 38E#8526005501000000
(1786378261.496442) can0 38F#892B405502000000
(1786378261.496782) can0 38E#D827005501000000
(1786378261.506353) can0 38E#8428005501000000
(1786378261.516448) can0 38F#072C405502000000
(1786378261.516715) can0 38E#D929005501000000
(1786378261.526398) can0 38E#3E2A005501000000
(1786378261.536515) can0 38F#5A2D405502000000
(1786378261.536884) can0 38E#632B005501000000
(1786378261.546316) can0 38E#ED2C005501000000
(1786378261.556262) can0 38F#BD2E405502000000
(1786378261.556654) can0 38E#B02D005501000000
(1786378261.566312) can0 38E#572E005501000000
(1786378261.576356) can0 38F#E02F405502000000
(1786378261.576597) can0 38E#0A2F005501000000
(1786378261.586335) can0 38E#5620005501000000
(1786378261.596358) can0 38F#BC20405502000000
(1786378261.596618) can0 38E#0B21005501000000
(1786378261.606347) can0 38E#EC22005501000000
(1786378261.616351) can0 38F#E121405502000000
(1786378261.616648) can0 38E#9423005511000000
(1786378261.626342) can0 38E#1A24005511000000
(1786378261.636263) can0 38F#8A22425502000000
(1786378261.636596) can0 38E#4725005511000000
(1786378261.646332) can0 38E#A026005511000000
(1786378261.656410) can0 38F#D723425502000000
(1786378261.656688) can0 38E#FD27005511000000
(1786378261.666539) can0 38E#A128005511000000
(1786378261.676362) can0 38F#5924425502000000
(1786378261.676673) can0 38E#FC29005511000000
(1786378261.686395) can0 38E#1B2A005511000000
(1786378261.696309) can0 38F#0425425502000000
(1786378261.696538) can0 38E#462B005511000000
(1786378261.706436) can0 38E#C82C005511000000
(1786378261.716398) can0 38F#E326425502000000
(1786378261.716801) can0 38E#952D005511000000
(1786378261.726359) can0 38E#722E005511000000
(1786378261.736433) can0 38F#BE27425502000000
(1786378261.736789) can0 38E#2F2F005511000000
(1786378261.746442) can0 38E#7320005511000000
(1786378261.756300) can0 38F#E228425502000000
(1786378261.756599) can0 38E#2E21005511000000
(1786378261.766298) can0 38E#C922005511000000
(1786378261.776679) can0 38F#BF29425502000000
(1786378261.776999) can0 38E#9423005511000000
(1786378261.786379) can0 38E#1A24005511000000
(1786378261.796652) can0 38F#582A425502000000
(1786378261.796937) can0 38E#4725005511000000
(1786378261.806315) can0 38E#A026005511000000
(1786378261.816416) can0 38F#052B425502000000
(1786378261.816790) can0 38E#FD27005511000000
(1786378261.826688) can0 38E#A128005511000000
(1786378261.836474) can0 38F#8B2C425502000000
(1786378261.836877) can0 38E#FC29005511000000
(1786378261.846640) can0 38E#1B2A005511000000
(1786378261.856376) can0 38F#D62D425502000000
(1786378261.856688) can0 38E#462B005511000000
(1786378261.866460) can0 38E#C82C005511000000
(1786378261.876322) can0 38F#312E425502000000
(1786378261.876682) can0 38E#952D005511000000
(1786378261.886316) can0 38E#722E005511000000
(1786378261.896394) can0 38F#6C2F425502000000
(1786378261.896699) can0 38E#2F2F005511000000
(1786378261.906353) can0 38E#CD20005611000000
(1786378261.916537) can0 38F#3020425502000000
(1786378261.916939) can0 38E#2E21005511000000
(1786378261.926376) can0 38E#C922005511000000
(1786378261.936376) can0 38F#6D21425502000000
(1786378261.936749) can0 38E#9423005511000000
(1786378261.946738) can0 38E#1A24005511000000
(1786378261.956501) can0 38F#8A22425502000000
(1786378261.956810) can0 38E#4725005511000000
(1786378261.966692) can0 38E#A026005511000000
(1786378261.976375) can0 38F#D723425502000000
(1786378261.976782) can0 38E#FD27005511000000
(1786378261.986437) can0 38E#A128005511000000
(1786378261.996694) can0 38F#5924425502000000
(1786378261.997134) can0 38E#4229005611000000
(1786378262.006748) can0 38E#D92A005911000000
(1786378262.016421) can0 38F#0425425502000000
(1786378262.016805) can0 38E#842B005911000000
(1786378262.026328) can0 38E#0A2C005911000000
(1786378262.036382) can0 38F#E326425502000000
(1786378262.036825) can0 38E#3D2D005811000000
(1786378262.046679) can0 38E#DA2E005811000000
(1786378262.056337) can0 38F#BE27425502000000
(1786378262.056595) can0 38E#FB2F005711000000
(1786378262.066347) can0 38E#A720005711000000
(1786378262.076211) can0 38F#E228425502000000
(1786378262.076460) can0 38E#FA21005711000000
(1786378262.086326) can0 38E#7722005611000000
(1786378262.096394) can0 38F#BF29425502000000
(1786378262.096739) can0 38E#2A23005611000000
(1786378262.106325) can0 38E#A424005611000000
(1786378262.116275) can0 38F#582A425502000000
(1786378262.116504) can0 38E#F925005611000000
(1786378262.126274) can0 38E#1E26005611000000
(1786378262.136431) can0 38F#052B425502000000
(1786378262.136903) can0 38E#4327005611000000
(1786378262.146584) can0 38E#1F28005611000000
(1786378262.156310) can0 38F#8B2C425502000000
(1786378262.156551) can0 38E#4229005611000000
(1786378262.166395) can0 38E#A52A005611000000
(1786378262.176456) can0 38F#D62D425502000000
(1786378262.176850) can0 38E#F82B005611000000
(1786378262.186343) can0 38E#762C005611000000
(1786378262.196318) can0 38F#312E425502000000
(1786378262.196762) can0 38E#2B2D005611000000
(1786378262.206359) can0 38E#CC2E005611000000
(1786378262.216438) can0 38F#6C2F425502000000
(1786378262.216882) can0 38E#912F005611000000
(1786378262.226352) can0 38E#CD20005611000000
(1786378262.236315) can0 38F#3020425502000000
(1786378262.236684) can0 38E#9021005611000000
(1786378262.246361) can0 38E#7722005611000000
(1786378262.256368) can0 38F#6D21425502000000
(1786378262.256685) can0 38E#2A23005611000000
(1786378262.266425) can0 38E#A424005611000000
(1786378262.276369) can0 38F#8A22425502000000
(1786378262.276724) can0 38E#F925005611000000
(1786378262.286397) can0 38E#1E26005611000000
(1786378262.296383) can0 38F#D723425502000000
(1786378262.296727) can0 38E#4327005611000000
(1786378262.306330) can0 38E#1F28005611000000
(1786378262.316224) can0 38F#5924425502000000
(1786378262.316515) can0 38E#4229005611000000
(1786378262.326356) can0 38E#A52A005611000000
(1786378262.336419) can0 38F#0425425502000000
(1786378262.336850) can0 38E#F82B005611000000
(1786378262.346408) can0 38E#762C005611000000
(1786378262.356356) can0 38F#E326425502000000
(1786378262.356668) can0 38E#2B2D005611000000
(1786378262.366398) can0 38E#CC2E005611000000
(1786378262.376370) can0 38F#BE27425502000000
(1786378262.376720) can0 38E#912F005611000000
(1786378262.386454) can0 38E#CD20005611000000
(1786378262.396697) can0 38F#E228425502000000
(1786378262.397112) can0 38E#9021005611000000
(1786378262.406375) can0 38E#7722005611000000
(1786378262.416509) can0 38F#BF29425502000000
(1786378262.416922) can0 38E#2A23005611000000
(1786378262.426418) can0 38E#A424005611000000
(1786378262.436377) can0 38F#702A625502000000
(1786378262.436770) can0 38E#F925005611000000
(1786378262.446410) can0 38E#1E26005611000000
(1786378262.456323) can0 38F#EC2BE25302000000
(1786378262.456581) can0 38E#4327005611000000
(1786378262.466485) can0 38E#1F28005611000000
(1786378262.476439) can0 38F#622CE25302000000
(1786378262.476788) can0 38E#4229005611000000
(1786378262.486417) can0 38E#A52A005611000000
(1786378262.496397) can0 38F#3F2DE25302000000
(1786378262.496774) can0 38E#F82B005611000000
(1786378262.506327) can0 38E#762C005611000000
(1786378262.516411) can0 38F#D82EE25302000000
(1786378262.516920) can0 38E#2B2D005611000000
(1786378262.526392) can0 38E#CC2E005611000000
(1786378262.536368) can0 38F#852FE25302000000
(1786378262.536795) can0 38E#912F005611000000
(1786378262.546571) can0 38E#CD20005611000000
(1786378262.556286) can0 38F#D920E25302000000
(1786378262.556679) can0 38E#9021005611000000
(1786378262.566400) can0 38E#7722005611000000
(1786378262.576474) can0 38F#8421E25302000000
(1786378262.576973) can0 38E#2A23005611000000
(1786378262.586466) can0 38E#A424005611000000
(1786378262.596609) can0 38F#6322E25302000000
(1786378262.597182) can0 38E#F925005611000000
(1786378262.606560) can0 38E#1E26005611000000
(1786378262.616307) can0 38F#3E23E25302000000
(1786378262.616702) can0 38E#4327005611000000
(1786378262.626364) can0 38E#1F28005611000000
(1786378262.636465) can0 38F#B024E25302000000
(1786378262.636935) can0 38E#4229005611000000
(1786378262.646517) can0 38E#A52A005611000000
(1786378262.656343) can0 38F#ED25E25302000000
(1786378262.656655) can0 38E#F82B005611000000
(1786378262.666274) can0 38E#762C005611000000
(1786378262.676318) can0 38F#0A26E25302000000
(1786378262.676738) can0 38E#2B2D005611000000
(1786378262.686518) can0 38E#CC2E005611000000
(1786378262.696441) can0 38F#5727E25302000000
(1786378262.696915) can0 38E#912F005611000000
(1786378262.706344) can0 38E#CD20005611000000
(1786378262.716312) can0 38F#0B28E25302000000
(1786378262.716762) can0 38E#9021005611000000
(1786378262.726316) can0 38E#7722005611000000
(1786378262.736410) can0 38F#5629E25302000000
(1786378262.736879) can0 38E#2A23005611000000
(1786378262.746379) can0 38E#A424005611000000
(1786378262.756303) can0 38F#B12AE25302000000
(1786378262.756589) can0 38E#F925005611000000
(1786378262.766383) can0 38E#1E26005611000000
(1786378262.776370) can0 38F#EC2BE25302000000
(1786378262.776723) can0 38E#4327005611000000
(1786378262.786489) can0 38E#1F28005611000000
(1786378262.796311) can0 38F#622CE25302000000
(1786378262.796740) can0 38E#4229005611000000
(1786378262.806377) can0 38E#A52A005611000000
(1786378262.816428) can0 38F#3F2DE25302000000
(1786378262.816825) can0 38E#F82B005611000000
(1786378262.826429) can0 38E#762C005611000000
(1786378262.836355) can0 38F#D82EE25302000000
(1786378262.836870) can0 38E#2B2D005611000000
(1786378262.846506) can0 38E#CC2E005611000000
(1786378262.856293) can0 38F#852FE25302000000
(1786378262.856629) can0 38E#912F005611000000
(1786378262.866437) can0 38E#CD20005611000000
(1786378262.876265) can0 38F#D920E25302000000
(1786378262.876560) can0 38E#9021005611000000
(1786378262.886447) can0 38E#7722005611000000
(1786378262.896651) can0 38F#8421E25302000000
(1786378262.897030) can0 38E#2A23005611000000
(1786378262.906395) can0 38E#A424005611000000
(1786378262.916417) can0 38F#6322E25302000000
(1786378262.916857) can0 38E#F925005611000000
(1786378262.926316) can0 38E#1E26005611000000
(1786378262.936337) can0 38F#3E23E25302000000
(1786378262.936684) can0 38E#4327005611000000
(1786378262.946258) can0 38E#1F28005611000000
(1786378262.956311) can0 38F#B024E25302000000
(1786378262.956521) can0 38E#4229005611000000
(1786378262.966303) can0 38E#A52A005611000000
(1786378262.976283) can0 38F#ED25E25302000000
(1786378262.976549) can0 38E#F82B005611000000
(1786378262.986311) can0 38E#762C005611000000
(1786378262.996305) can0 38F#0A26E25302000000
(1786378262.996666) can0 38E#2B2D005611000000
(1786378263.006380) can0 38E#CC2E005611000000
(1786378263.016322) can0 38F#5727E25302000000
(1786378263.016634) can0 38E#912F005611000000
(1786378263.026376) can0 38E#CD20005611000000
(1786378263.036288) can0 38F#0B28E25302000000
(1786378263.036608) can0 38E#9021005611000000
(1786378263.046268) can0 38E#7722005611000000
(1786378263.056244) can0 38F#5629E25302000000
(1786378263.056513) can0 38E#2A23005611000000
(1786378263.066415) can0 38E#A424005611000000
(1786378263.076314) can0 38F#B12AE25302000000
(1786378263.076619) can0 38E#F925005611000000
(1786378263.086395) can0 38E#1E26005611000000
(1786378263.096466) can0 38F#EC2BE25302000000
(1786378263.096909) can0 38E#4327005611000000
(1786378263.106387) can0 38E#1F28005611000000
(1786378263.116432) can0 38F#622CE25302000000
(1786378263.116789) can0 38E#4229005611000000
(1786378263.126330) can0 38E#A52A005611000000
(1786378263.136379) can0 38F#3F2DE25302000000
(1786378263.136761) can0 38E#F82B005611000000
(1786378263.146559) can0 38E#762C005611000000
(1786378263.156267) can0 38F#D82EE25302000000
(1786378263.156627) can0 38E#2B2D005611000000
(1786378263.166402) can0 38E#CC2E005611000000
(1786378263.176326) can0 38F#852FE25302000000
(1786378263.176653) can0 38E#912F005611000000
(1786378263.186413) can0 38E#CD20005611000000
(1786378263.196285) can0 38F#D920E25302000000
(1786378263.196612) can0 38E#9021005611000000
(1786378263.206285) can0 38E#7722005611000000
(1786378263.216512) can0 38F#8421E25302000000
(1786378263.216923) can0 38E#2A23005611000000
(1786378263.226397) can0 38E#A424005611000000
(1786378263.236295) can0 38F#6322E25302000000
(1786378263.236588) can0 38E#F925005611000000
(1786378263.246333) can0 38E#1E26005611000000
(1786378263.256323) can0 38F#3E23E25302000000
(1786378263.256621) can0 38E#4327005611000000
(1786378263.266246) can0 38E#1F28005611000000
(1786378263.276178) can0 38F#B024E25302000000
(1786378263.276457) can0 38E#4229005611000000
(1786378263.286372) can0 38E#A52A005611000000
(1786378263.296805) can0 38F#ED25E25302000000
(1786378263.297080) can0 38E#F82B005611000000
(1786378263.306259) can0 38E#762C005611000000
(1786378263.316351) can0 38F#0A26E25302000000
(1786378263.316812) can0 38E#2B2D005611000000
(1786378263.326559) can0 38E#CC2E005611000000
(1786378263.336326) can0 38F#5727E25302000000
(1786378263.336740) can0 38E#912F005611000000
(1786378263.346348) can0 38E#CD20005611000000
(1786378263.356311) can0 38F#0B28E25302000000
(1786378263.356637) can0 38E#9021005611000000
(1786378263.366266) can0 38E#7722005611000000
(1786378263.376297) can0 38F#5629E25302000000
(1786378263.376576) can0 38E#2A23005611000000
(1786378263.386422) can0 38E#A424005611000000
(1786378263.396365) can0 38F#B12AE25302000000
(1786378263.396744) can0 38E#F925005611000000
(1786378263.406355) can0 38E#1E26005611000000
(1786378263.416391) can0 38F#EC2BE25302000000
(1786378263.416837) can0 38E#4327005611000000
(1786378263.426301) can0 38E#1F28005611000000
(1786378263.436250) can0 38F#622CE25302000000
(1786378263.436667) can0 38E#4229005611000000
(1786378263.446439) can0 38E#A52A005611000000
(1786378263.456370) can0 38F#3F2DE25302000000
(1786378263.456684) can0 38E#F82B005611000000
(1786378263.466401) can0 38E#762C005611000000
(1786378263.476229) can0 38F#D82EE25302000000
(1786378263.476618) can0 38E#2B2D005611000000
(1786378263.486325) can0 38E#CC2E005611000000
(1786378263.496473) can0 38F#852FE25302000000
(1786378263.496919) can0 38E#912F005611000000
(1786378263.506320) can0 38E#CD20005611000000
(1786378263.516395) can0 38F#D920E25302000000
(1786378263.516856) can0 38E#9021005611000000
(1786378263.526301) can0 38E#7722005611000000
(1786378263.536355) can0 38F#8421E25302000000
(1786378263.536764) can0 38E#2A23005611000000
(1786378263.546767) can0 38E#A424005611000000
(1786378263.556289) can0 38F#6322E25302000000
(1786378263.556592) can0 38E#F925005611000000
(1786378263.566238) can0 38E#1E26005611000000
(1786378263.576245) can0 38F#3E23E25302000000
(1786378263.576476) can0 38E#4327005611000000
(1786378263.586370) can0 38E#1F28005611000000
(1786378263.596465) can0 38F#B024E25302000000
(1786378263.596932) can0 38E#4229005611000000
(1786378263.606278) can0 38E#A52A005611000000
(1786378263.616510) can0 38F#ED25E25302000000
(1786378263.616924) can0 38E#F82B005611000000
(1786378263.626379) can0 38E#762C005611000000
(1786378263.636269) can0 38F#0A26E25302000000
(1786378263.636669) can0 38E#2B2D005611000000
(1786378263.646410) can0 38E#CC2E005611000000
(1786378263.656318) can0 38F#5727E25302000000
(1786378263.656604) can0 38E#912F005611000000
(1786378263.666345) can0 38E#CD20005611000000
(1786378263.676330) can0 38F#0B28E25302000000
(1786378263.676594) can0 38E#9021005611000000
(1786378263.686363) can0 38E#7722005611000000
(1786378263.696417) can0 38F#5629E25302000000
(1786378263.696833) can0 38E#2A23005611000000
(1786378263.706294) can0 38E#A424005611000000
(1786378263.716350) can0 38F#B12AE25302000000
(1786378263.716777) can0 38E#F925005611000000
(1786378263.726381) can0 38E#1E26005611000000
(1786378263.736438) can0 38F#EC2BE25302000000
(1786378263.736751) can0 38E#4327005611000000
(1786378263.746525) can0 38E#1F28005611000000
(1786378263.756317) can0 38F#622CE25302000000
(1786378263.756652) can0 38E#4229005611000000
(1786378263.766400) can0 38E#A52A005611000000
(1786378263.776314) can0 38F#3F2DE25302000000
(1786378263.776677) can0 38E#F82B005611000000
(1786378263.786330) can0 38E#762C005611000000
(1786378263.796248) can0 38F#D82EE25302000000
(1786378263.796644) can0 38E#2B2D005611000000
(1786378263.806350) can0 38E#CC2E005611000000
(1786378263.816431) can0 38F#852FE25302000000
(1786378263.816857) can0 38E#912F005611000000
(1786378263.826444) can0 38E#CD20005611000000
(1786378263.836296) can0 38F#D920E25302000000
(1786378263.836727) can0 38E#9021005611000000
(1786378263.846382) can0 38E#7722005611000000
(1786378263.856334) can0 38F#8421E25302000000
(1786378263.856729) can0 38E#2A23005611000000
(1786378263.866300) can0 38E#A424005611000000
(1786378263.876235) can0 38F#6322E25302000000
(1786378263.876502) can0 38E#F925005611000000
(1786378263.886501) can0 38E#1E26005611000000
(1786378263.896525) can0 38F#3E23E25302000000
(1786378263.897057) can0 38E#4327005611000000
(1786378263.906270) can0 38E#1F28005611000000
(1786378263.916303) can0 38F#B024E25302000000
(1786378263.916722) can0 38E#4229005611000000
(1786378263.926355) can0 38E#A52A005611000000
(1786378263.936309) can0 38F#ED25E25302000000
(1786378263.936612) can0 38E#F82B005611000000
(1786378263.946332) can0 38E#762C005611000000
(1786378263.956269) can0 38F#0A26E25302000000
(1786378263.956561) can0 38E#2B2D005611000000
(1786378263.966467) can0 38E#CC2E005611000000
(1786378263.976392) can0 38F#5727E25302000000
(1786378263.976745) can0 38E#912F005611000000
(1786378263.986437) can0 38E#CD20005611000000
(1786378263.996394) can0 38F#0B28E25302000000
(1786378263.996982) can0 38E#9021005611000000
(1786378264.006333) can0 38E#7722005611000000
(1786378264.016237) can0 38F#5629E25302000000
(1786378264.016525) can0 38E#2A23005611000000
(1786378264.026322) can0 38E#A424005611000000
(1786378264.036216) can0 38F#B12AE25302000000
(1786378264.036506) can0 38E#F925005611000000
(1786378264.046318) can0 38E#1E26005611000000
(1786378264.056235) can0 38F#EC2BE25302000000
(1786378264.056542) can0 38E#4327005611000000
(1786378264.066435) can0 38E#1F28005611000000
(1786378264.076276) can0 38F#622CE25302000000
(1786378264.076606) can0 38E#4229005611000000
(1786378264.086354) can0 38E#A52A005611000000
(1786378264.096394) can0 38F#3F2DE25302000000
(1786378264.096757) can0 38E#F82B005611000000
(1786378264.106361) can0 38E#762C005611000000
(1786378264.116443) can0 38F#D82EE25302000000
(1786378264.116858) can0 38E#2B2D005611000000
(1786378264.126283) can0 38E#CC2E005611000000
(1786378264.136357) can0 38F#852FE25302000000
(1786378264.136716) can0 38E#912F005611000000
(1786378264.146416) can0 38E#CD20005611000000
(1786378264.156426) can0 38F#D920E25302000000
(1786378264.156815) can0 38E#9021005611000000
(1786378264.166374) can0 38E#7722005611000000
(1786378264.176273) can0 38F#8421E25302000000
(1786378264.176602) can0 38E#2A23005611000000
(1786378264.186341) can0 38E#A424005611000000
(1786378264.196538) can0 38F#6322E25302000000
(1786378264.196883) can0 38E#F925005611000000
(1786378264.206282) can0 38E#1E26005611000000
(1786378264.216359) can0 38F#3E23E25302000000
(1786378264.216805) can0 38E#4327005611000000
(1786378264.226346) can0 38E#1F28005611000000
(1786378264.236410) can0 38F#B024E25302000000
(1786378264.236762) can0 38E#4229005611000000
(1786378264.246335) can0 38E#A52A005611000000
(1786378264.256328) can0 38F#ED25E25302000000
(1786378264.256623) can0 38E#F82B005611000000
(1786378264.266311) can0 38E#762C005611000000
(1786378264.276231) can0 38F#0A26E25302000000
(1786378264.276522) can0 38E#2B2D005611000000
(1786378264.286331) can0 38E#CC2E005611000000
(1786378264.296531) can0 38F#5727E25302000000
(1786378264.296873) can0 38E#912F005611000000
(1786378264.306385) can0 38E#CD20005611000000
(1786378264.316314) can0 38F#0B28E25302000000
(1786378264.316714) can0 38E#9021005611000000
(1786378264.326348) can0 38E#7722005611000000
(1786378264.336338) can0 38F#5629E25302000000
(1786378264.336751) can0 38E#2A23005611000000
(1786378264.346389) can0 38E#A424005611000000
(1786378264.356403) can0 38F#B12AE25302000000
(1786378264.356774) can0 38E#F925005611000000
(1786378264.366267) can0 38E#1E26005611000000
(1786378264.376382) can0 38F#EC2BE25302000000
(1786378264.376747) can0 38E#4327005611000000
(1786378264.386286) can0 38E#1F28005611000000
(1786378264.396342) can0 38F#622CE25302000000
(1786378264.396720) can0 38E#4229005611000000
(1786378264.406309) can0 38E#A52A005611000000
(1786378264.416257) can0 38F#3F2DE25302000000
(1786378264.416585) can0 38E#F82B005611000000
(1786378264.426320) can0 38E#762C005611000000
(1786378264.436305) can0 38F#D82EE25302000000
(1786378264.436677) can0 38E#2B2D005611000000
(1786378264.446344) can0 38E#CC2E005611000000
(1786378264.456316) can0 38F#852FE25302000000
(1786378264.456604) can0 38E#912F005611000000
(1786378264.466345) can0 38E#CD20005611000000
(1786378264.476257) can0 38F#D920E25302000000
(1786378264.476564) can0 38E#9021005611000000
(1786378264.486284) can0 38E#7722005611000000
(1786378264.496403) can0 38F#8421E25302000000
(1786378264.496802) can0 38E#2A23005611000000
(1786378264.506346) can0 38E#A424005611000000
(1786378264.516300) can0 38F#6322E25302000000
(1786378264.516693) can0 38E#F925005611000000
(1786378264.526471) can0 38E#1E26005611000000
(1786378264.536430) can0 38F#3E23E25302000000
(1786378264.536939) can0 38E#4327005611000000
(1786378264.546397) can0 38E#1F28005611000000
(1786378264.556216) can0 38F#B024E25302000000
(1786378264.556509) can0 38E#4229005611000000
(1786378264.566213) can0 38E#A52A005611000000
(1786378264.576381) can0 38F#ED25E25302000000
(1786378264.576788) can0 38E#F82B005611000000
(1786378264.586394) can0 38E#762C005611000000
(1786378264.596460) can0 38F#0A26E25302000000
(1786378264.596939) can0 38E#2B2D005611000000
(1786378264.606327) can0 38E#CC2E005611000000
(1786378264.616374) can0 38F#5727E25302000000
(1786378264.616823) can0 38E#912F005611000000
(1786378264.626439) can0 38E#CD20005611000000
(1786378264.636309) can0 38F#0B28E25302000000
(1786378264.636795) can0 38E#9021005611000000
(1786378264.646390) can0 38E#7722005611000000
(1786378264.656335) can0 38F#5629E25302000000
(1786378264.656737) can0 38E#2A23005611000000
(1786378264.666349) can0 38E#A424005611000000
(1786378264.676255) can0 38F#B12AE25302000000
(1786378264.676623) can0 38E#F925005611000000
(1786378264.686345) can0 38E#1E26005611000000
(1786378264.696411) can0 38F#EC2BE25302000000
(1786378264.696860) can0 38E#4327005611000000
(1786378264.706371) can0 38E#1F28005611000000
(1786378264.716343) can0 38F#622CE25302000000
(1786378264.716793) can0 38E#4229005611000000
(1786378264.726367) can0 38E#A52A005611000000
(1786378264.736356) can0 38F#3F2DE25302000000
(1786378264.736783) can0 38E#F82B005611000000
(1786378264.746430) can0 38E#762C005611000000
(1786378264.756287) can0 38F#D82EE25302000000
(1786378264.756630) can0 38E#2B2D005611000000
(1786378264.766367) can0 38E#CC2E005611000000
(1786378264.776346) can0 38F#852FE25302000000
(1786378264.776762) can0 38E#912F005611000000
(1786378264.786344) can0 38E#CD20005611000000
(1786378264.796403) can0 38F#D920E25302000000
(1786378264.796802) can0 38E#9021005611000000
(1786378264.806383) can0 38E#7722005611000000
(1786378264.816430) can0 38F#8421E25302000000
(1786378264.816893) can0 38E#2A23005611000000
(1786378264.826335) can0 38E#A424005611000000
(1786378264.836393) can0 38F#6322E25302000000
(1786378264.836763) can0 38E#F925005611000000
(1786378264.846381) can0 38E#1E26005611000000
(1786378264.856286) can0 38F#3E23E25302000000
(1786378264.856711) can0 38E#4327005611000000
(1786378264.866309) can0 38E#1F28005611000000
(1786378264.955107) can0 38F#B024E25302000000
(1786378264.956222) can0 38E#4229005611000000
(1786378264.957692) can0 38E#A52A005611000000
(1786378264.957987) can0 38F#ED25E25302000000
(1786378264.958289) can0 38E#F82B005611000000
(1786378264.958576) can0 38E#762C005611000000
(1786378264.958805) can0 38F#0A26E25302000000
(1786378264.959038) can0 38E#2B2D005611000000
(1786378264.959306) can0 38E#CC2E005611000000
(1786378264.959574) can0 38F#5727E25302000000
(1786378264.959834) can0 38E#912F005611000000
(1786378264.960113) can0 38E#CD20005611000000
(1786378264.960409) can0 38F#0B28E25302000000
(1786378264.966015) can0 38E#9021005611000000
(1786378264.966848) can0 38E#7722005611000000
(1786378264.976351) can0 38F#5629E25302000000
(1786378264.976649) can0 38E#2A23005611000000
(1786378264.995094) can0 38E#A424005611000000
(1786378264.996176) can0 38F#B12AE25302000000
(1786378264.996462) can0 38E#F925005611000000
(1786378265.006345) can0 38E#1E26005611000000
(1786378265.016323) can0 38F#EC2BE25302000000
(1786378265.016660) can0 38E#4327005611000000
(1786378265.026333) can0 38E#1F28005611000000
(1786378265.036188) can0 38F#622CE25302000000
(1786378265.036463) can0 38E#4229005611000000
(1786378265.046277) can0 38E#A52A005611000000
(1786378265.056388) can0 38F#3F2DE25302000000
(1786378265.056658) can0 38E#F82B005611000000
(1786378265.066353) can0 38E#762C005611000000
(1786378265.076341) can0 38F#D82EE25302000000
(1786378265.076672) can0 38E#2B2D005611000000
(1786378265.086291) can0 38E#CC2E005611000000
(1786378265.096458) can0 38F#852FE25302000000
(1786378265.096890) can0 38E#912F005611000000
(1786378265.106381) can0 38E#CD20005611000000
(1786378265.116369) can0 38F#D920E25302000000
(1786378265.116857) can0 38E#9021005611000000
(1786378265.126371) can0 38E#7722005611000000
(1786378265.136316) can0 38F#8421E25302000000
(1786378265.136654) can0 38E#2A23005611000000
(1786378265.146371) can0 38E#A424005611000000
(1786378265.156286) can0 38F#6322E25302000000
(1786378265.156725) can0 38E#F925005611000000
(1786378265.166451) can0 38E#1E26005611000000
(1786378265.176265) can0 38F#3E23E25302000000
(1786378265.176530) can0 38E#4327005611000000
(1786378265.186292) can0 38E#1F28005611000000
(1786378265.196248) can0 38F#B024E25302000000
(1786378265.196728) can0 38E#4229005611000000
(1786378265.206253) can0 38E#A52A005611000000
(1786378265.216356) can0 38F#ED25E25302000000
(1786378265.216725) can0 38E#F82B005611000000
(1786378265.226384) can0 38E#762C005611000000
(1786378265.236261) can0 38F#0A26E25302000000
(1786378265.236595) can0 38E#2B2D005611000000
(1786378265.246306) can0 38E#CC2E005611000000
(1786378265.256302) can0 38F#5727E25302000000
(1786378265.256657) can0 38E#912F005611000000
(1786378265.266321) can0 38E#CD20005611000000
(1786378265.276253) can0 38F#0B28E25302000000
(1786378265.276542) can0 38E#9021005611000000
(1786378265.286279) can0 38E#7722005611000000
(1786378265.296302) can0 38F#5629E25302000000
(1786378265.296724) can0 38E#2A23005611000000
(1786378265.306287) can0 38E#A424005611000000
(1786378265.316412) can0 38F#B12AE25302000000
(1786378265.316909) can0 38E#F925005611000000
(1786378265.326370) can0 38E#1E26005611000000
(1786378265.336403) can0 38F#EC2BE25302000000
(1786378265.336811) can0 38E#4327005611000000
(1786378265.346227) can0 38E#1F28005611000000
(1786378265.356208) can0 38F#622CE25302000000
(1786378265.356621) can0 38E#4229005611000000
(1786378265.366366) can0 38E#A52A005611000000
(1786378265.376297) can0 38F#3F2DE25302000000
(1786378265.376666) can0 38E#F82B005611000000
(1786378265.386360) can0 38E#762C005611000000
(1786378265.396392) can0 38F#D82EE25302000000
(1786378265.396789) can0 38E#2B2D005611000000
(1786378265.406363) can0 38E#CC2E005611000000
(1786378265.416286) can0 38F#852FE25302000000
(1786378265.416739) can0 38E#912F005611000000
(1786378265.426338) can0 38E#CD20005611000000
(1786378265.436393) can0 38F#D920E25302000000
(1786378265.436792) can0 38E#9021005611000000
(1786378265.446429) can0 38E#7722005611000000
(1786378265.456275) can0 38F#8421E25302000000
(1786378265.456621) can0 38E#2A23005611000000
(1786378265.466345) can0 38E#A424005611000000
(1786378265.476280) can0 38F#6322E25302000000
(1786378265.476587) can0 38E#F925005611000000
(1786378265.486402) can0 38E#1E26005611000000
(1786378265.496604) can0 38F#3E23E25302000000
(1786378265.497195) can0 38E#4327005611000000
(1786378265.506265) can0 38E#1F28005611000000
(1786378265.516267) can0 38F#B024E25302000000
(1786378265.516667) can0 38E#4229005611000000
(1786378265.526363) can0 38E#A52A005611000000
(1786378265.536396) can0 38F#ED25E25302000000
(1786378265.536749) can0 38E#F82B005611000000
(1786378265.546291) can0 38E#762C005611000000
(1786378265.556275) can0 38F#0A26E25302000000
(1786378265.556625) can0 38E#2B2D005611000000
(1786378265.566389) can0 38E#CC2E005611000000
(1786378265.576324) can0 38F#5727E25302000000
(1786378265.576669) can0 38E#912F005611000000
(1786378265.586347) can0 38E#CD20005611000000
(1786378265.596367) can0 38F#0B28E25302000000
(1786378265.596802) can0 38E#9021005611000000
(1786378265.606409) can0 38E#1D22005711000000
(1786378265.616392) can0 38F#5629E25302000000
(1786378265.616816) can0 38E#4023005711000000
(1786378265.626320) can0 38E#CE24005711000000
(1786378265.636315) can0 38F#B12AE25302000000
(1786378265.636691) can0 38E#EF25005811000000
(1786378265.646377) can0 38E#6226005911000000
(1786378265.656304) can0 38F#EC2BE25302000000
(1786378265.656713) can0 38E#EB27005B11000000
(1786378265.666696) can0 38E#BC28005C11000000
(1786378265.676271) can0 38F#622CE25302000000
(1786378265.676649) can0 38E#3529005E11000000
(1786378265.686364) can0 38E#B82A005F11000000
(1786378265.696787) can0 38F#3F2DE25302000000
(1786378265.697206) can0 38E#622B006211000000
(1786378265.706348) can0 38E#E72C006511000000
(1786378265.716322) can0 38F#D82EE25302000000
(1786378265.716776) can0 38E#782D006911000000
(1786378265.726435) can0 38E#2A2E006D11000000
(1786378265.736504) can0 38F#C32FE35302000000
(1786378265.736873) can0 38E#5B2F007111000000
(1786378265.746431) can0 38E#B220007511000000
(1786378265.756235) can0 38F#9F20E35302000000
(1786378265.756554) can0 38E#9321007A11000000
(1786378265.766685) can0 38E#AB22007F11000000
(1786378265.776239) can0 38F#C221E35302000000
(1786378265.776515) can0 38E#7823008611000000
(1786378265.786398) can0 38E#EB24008F11000000
(1786378265.796711) can0 38F#2522E35302000000
(1786378265.797064) can0 38E#5325009811000000
(1786378265.806411) can0 38E#742600A211000100
(1786378265.816426) can0 38F#7823E35302000000
(1786378265.816872) can0 38E#3F2700AC11000100
(1786378265.826368) can0 38E#382800B811000100
(1786378265.836414) can0 38F#F624E35302000000
(1786378265.836889) can0 38E#1C2900C311000100
(1786378265.846304) can0 38E#AB2A00D011000100
(1786378265.856268) can0 38F#AB25E35302000000
(1786378265.856677) can0 38E#5E2B00DD11000100
(1786378265.866520) can0 38E#202C00E811000100
(1786378265.876604) can0 38F#4C26E35302000000
(1786378265.877079) can0 38E#762D00EF11000100
(1786378265.886353) can0 38E#082E00F711000100
(1786378265.896514) can0 38F#1127E35302000000
(1786378265.897028) can0 38E#F62F00FD11000100
(1786378265.906328) can0 38E#AA2000FD11000100
(1786378265.916636) can0 38F#4D28E35302000000
(1786378265.917077) can0 38E#FC2100FA11000100
(1786378265.926352) can0 38E#672200F511000100
(1786378265.936297) can0 38F#1029E35302000000
(1786378265.936691) can0 38E#312300F211000100
(1786378265.946342) can0 38E#6B2400F011000100
(1786378265.956302) can0 38F#F72AE35302000000
(1786378265.956634) can0 38E#CE2500EE11000100
(1786378265.966383) can0 38E#432600EF11000100
(1786378265.976307) can0 38F#AA2BE35302000000
(1786378265.976618) can0 38E#1E2700EF11000100
(1786378265.986333) can0 38E#D02800F011000100
(1786378265.996393) can0 38F#242CE35302000000
(1786378265.996950) can0 38E#8D2900F011000100
(1786378266.006305) can0 38E#002A00F111000100
(1786378266.016435) can0 38F#792DE35302000000
(1786378266.016849) can0 38E#822B00F411000100
(1786378266.026425) can0 38E#A42C00F911000100
(1786378266.036452) can0 38F#9E2EE35302000000
(1786378266.036942) can0 38E#CD2D000012000100
(1786378266.046402) can0 38E#892E000A12000100
(1786378266.056254) can0 38F#C32FE35302000000
(1786378266.056584) can0 38E#272F001312000100
(1786378266.066345) can0 38E#6D20001D12000100
(1786378266.076633) can0 38F#9F20E35302000000
(1786378266.076977) can0 38E#1421002A12000100
(1786378266.086328) can0 38E#DF22003612000100
(1786378266.096819) can0 38F#C221E35302000000
(1786378266.097349) can0 38E#8723004212000100
(1786378266.106319) can0 38E#CB24004E12000100
(1786378266.116368) can0 38F#2522E35302000000
(1786378266.116811) can0 38E#CD25005A12000100
(1786378266.126717) can0 38E#1826006312000100
(1786378266.136341) can0 38F#7823E35302000000
(1786378266.136823) can0 38E#5827006A12000100
(1786378266.146266) can0 38E#4928007012000100
(1786378266.156225) can0 38F#F624E35302000000
(1786378266.156583) can0 38E#7E29007112000100
(1786378266.166435) can0 38E#612A006F12000100
(1786378266.176323) can0 38F#AB25E35302000000
(1786378266.176669) can0 38E#3C2B006F12000100
(1786378266.186335) can0 38E#952C007412000100
(1786378266.196394) can0 38F#4C26E35302000000
(1786378266.196825) can0 38E#602D007912000100
(1786378266.206236) can0 38E#392E007A12000100
(1786378266.216386) can0 38F#1127E35302000000
(1786378266.216778) can0 38E#052F007C12000100
(1786378266.226789) can0 38E#E720007F12000100
(1786378266.236304) can0 38F#4D28E35302000000
(1786378266.236715) can0 38E#EB21008312000100
(1786378266.246286) can0 38E#B922008712000100
(1786378266.256416) can0 38F#1029E35302000000
(1786378266.256808) can0 38E#4C23008A12000100
(1786378266.266723) can0 38E#7724008E12000100
(1786378266.276250) can0 38F#F72AE35302000000
(1786378266.276632) can0 38E#D225009012000100
(1786378266.286280) can0 38E#E126009212000100
(1786378266.296460) can0 38F#AA2BE35302000000
(1786378266.296907) can0 38E#DD27009412000100
(1786378266.306664) can0 38E#5528009612000100
(1786378266.316375) can0 38F#242CE35302000000
(1786378266.316836) can0 38E#1E29009812000100
(1786378266.326436) can0 38E#932A009912000100
(1786378266.336355) can0 38F#792DE35302000000
(1786378266.336690) can0 38E#1A2B009B12000100
(1786378266.346817) can0 38E#9F2C009C12000100
(1786378266.356379) can0 38F#9E2EE35302000000
(1786378266.356735) can0 38E#A82D009D12000100
(1786378266.366341) can0 38E#F12E009E12000100
(1786378266.376298) can0 38F#C32FE35302000000
(1786378266.376611) can0 38E#C62F009F12000100
(1786378266.386279) can0 38E#C92000A012000100
(1786378266.396729) can0 38F#9F20E35302000000
(1786378266.397127) can0 38E#FE2100A112000100
(1786378266.406337) can0 38E#192200A112000100
(1786378266.416254) can0 38F#C221E35302000000
(1786378266.416615) can0 38E#902300A312000100
(1786378266.426373) can0 38E#C12400A612000100
(1786378266.436310) can0 38F#2522E35302000000
(1786378266.436685) can0 38E#5E2500AA12000100
(1786378266.446730) can0 38E#F42600B012000100
(1786378266.456387) can0 38F#7823E35302000000
(1786378266.456687) can0 38E#1C2700B412000100
(1786378266.466736) can0 38E#E82800B912000100
(1786378266.476430) can0 38F#F624E35302000000
(1786378266.476758) can0 38E#BE2900BE12000100
(1786378266.486240) can0 38E#4A2A00C412000100
(1786378266.496365) can0 38F#AB25E35302000000
(1786378266.496759) can0 38E#6B2B00CB12000100
(1786378266.506677) can0 38E#7C2C00D312000100
(1786378266.516294) can0 38F#4C26E35302000000
(1786378266.516662) can0 38E#3C2D00DA12000100
(1786378266.526708) can0 38E#E92E00E312000100
(1786378266.536303) can0 38F#1127E35302000000
(1786378266.536600) can0 38E#C32F00EB12000100
(1786378266.546368) can0 38E#672000F512000100
(1786378266.556645) can0 38F#4D28E35302000000
(1786378266.556977) can0 38E#F32100FE12000100
(1786378266.566331) can0 38E#7B22000813000100
(1786378266.576295) can0 38F#1029E35302000000
(1786378266.576587) can0 38E#0123001313000100
(1786378266.586382) can0 38E#F324001C13000100
(1786378266.596546) can0 38F#F72AE35302000000
(1786378266.596998) can0 38E#FD25002313000100
(1786378266.606334) can0 38E#B926002913000100
(1786378266.616362) can0 38F#AA2BE35302000000
(1786378266.616813) can0 38E#8527002F13000100
(1786378266.626369) can0 38E#FE28003413000100
(1786378266.636238) can0 38F#242CE35302000000
(1786378266.636627) can0 38E#7729003613000100
(1786378266.646305) can0 38E#902A003613000100
(1786378266.656362) can0 38F#792DE35302000000
(1786378266.656669) can0 38E#A72B003713000100
(1786378266.666188) can0 38E#552C003813000100
(1786378266.676280) can0 38F#9E2EE35302000000
(1786378266.676607) can0 38E#082D003813000100
(1786378266.686390) can0 38E#EF2E003813000100
(1786378266.696725) can0 38F#C32FE35302000000
(1786378266.697149) can0 38E#D82F003913000100
(1786378266.706266) can0 38E#5020003B13000100
(1786378266.716294) can0 38F#9F20E35302000000
(1786378266.716753) can0 38E#D221003E13000100
(1786378266.726367) can0 38E#5F22003F13000100
(1786378266.736600) can0 38F#C221E35302000000
(1786378266.736935) can0 38E#A423004113000100
(1786378266.746644) can0 38E#2A24004113000100
(1786378266.756256) can0 38F#2522E35302000000
(1786378266.756636) can0 38E#7725004113000100
(1786378266.766379) can0 38E#2E26004213000100
(1786378266.776660) can0 38F#7823E35302000000
(1786378266.777014) can0 38E#7327004213000100
(1786378266.786400) can0 38E#9128004113000100
(1786378266.796503) can0 38F#F624E35302000000
(1786378266.796978) can0 38E#A629004013000100
(1786378266.806306) can0 38E#412A004013000100
(1786378266.816380) can0 38F#AB25E35302000000
(1786378266.816822) can0 38E#D02B003F13000100
(1786378266.826724) can0 38E#342C003E13000100
(1786378266.836359) can0 38F#4C26E35302000000
(1786378266.836844) can0 38E#BD2D003C13000100
(1786378266.846306) can0 38E#EF2E003813000100
(1786378266.856379) can0 38F#1127E35302000000
(1786378266.856717) can0 38E#AF2F003113000100
(1786378266.866431) can0 38E#1620002613000100
(1786378266.876382) can0 38F#4D28E35302000000
(1786378266.876782) can0 38E#7221001813000100
(1786378266.886286) can0 38E#7B22000813000100
(1786378266.896689) can0 38F#1029E35302000000
(1786378266.897145) can0 38E#282300F812000100
(1786378266.906309) can0 38E#F62400EB12000100
(1786378266.916164) can0 38F#F72AE35302000000
(1786378266.916542) can0 38E#AB2500EB12000100
(1786378266.926367) can0 38E#4C2600EB12000100
(1786378266.936670) can0 38F#AA2BE35302000000
(1786378266.937006) can0 38E#112700EB12000100
(1786378266.946384) can0 38E#462800EC12000100
(1786378266.956339) can0 38F#242CE35302000000
(1786378266.956710) can0 38E#5D2900F112000100
(1786378266.966208) can0 38E#B12A00F612000100
(1786378266.976349) can0 38F#792DE35302000000
(1786378266.976739) can0 38E#442B00FB12000100
(1786378266.986755) can0 38E#0D2C000013000100
(1786378266.996722) can0 38F#9E2EE35302000000
(1786378266.997239) can0 38E#8F2D000513000100
(1786378267.006320) can0 38E#7E2E000B13000100
(1786378267.016388) can0 38F#C32FE35302000000
(1786378267.016837) can0 38E#6E2F001113000100
(1786378267.026367) can0 38E#5320001713000100
(1786378267.036370) can0 38F#9F20E35302000000
(1786378267.036804) can0 38E#AD21001D13000100
(1786378267.046319) can0 38E#7322002313000100
(1786378267.056626) can0 38F#C221E35302000000
(1786378267.057001) can0 38E#3323002A13000100
(1786378267.066426) can0 38E#9A24003113000100
(1786378267.076230) can0 38F#2522E35302000000
(1786378267.076562) can0 38E#DA25003813000100
(1786378267.086699) can0 38E#FA26004013000100
(1786378267.096554) can0 38F#7823E35302000000
(1786378267.097130) can0 38E#AC27004713000100
(1786378267.106316) can0 38E#8728004F13000100
(1786378267.116584) can0 38F#F624E35302000000
(1786378267.117089) can0 38E#4329005713000100
(1786378267.126632) can0 38E#072A005D13000100
(1786378267.136296) can0 38F#AB25E35302000000
(1786378267.136649) can0 38E#632B006313000100
(1786378267.146275) can0 38E#9A2C006B13000100
(1786378267.156314) can0 38F#4C26E35302000000
(1786378267.156645) can0 38E#342D007213000100
(1786378267.166737) can0 38E#0C2E007713000100
(1786378267.176327) can0 38F#1127E35302000000
(1786378267.176720) can0 38E#F22F007D13000100
(1786378267.186367) can0 38E#4120008213000100
(1786378267.196594) can0 38F#4D28E35302000000
(1786378267.197130) can0 38E#7621008313000100
(1786378267.206615) can0 38E#F022008513000100
(1786378267.216532) can0 38F#1029E35302000000
(1786378267.216921) can0 38E#7923008713000100
(1786378267.226295) can0 38E#9D24008613000100
(1786378267.236287) can0 38F#F72AE35302000000
(1786378267.236659) can0 38E#7E25008513000100
(1786378267.246324) can0 38E#F326008413000100
(1786378267.256651) can0 38F#AA2BE35302000000
(1786378267.257045) can0 38E#A527008313000100
(1786378267.266373) can0 38E#9328008213000100
(1786378267.276289) can0 38F#242CE35302000000
(1786378267.276648) can0 38E#CE29008213000100
(1786378267.286461) can0 38E#972A008113000100
(1786378267.296321) can0 38F#792DE35302000000
(1786378267.296660) can0 38E#A02B008013000100
(1786378267.306322) can0 38E#2E2C008013000100
(1786378267.316287) can0 38F#9E2EE35302000000
(1786378267.316768) can0 38E#9C2D007F13000100
(1786378267.326648) can0 38E#7B2E007F13000100
(1786378267.336373) can0 38F#C32FE35302000000
(1786378267.336742) can0 38E#4C2F007E13000100
(1786378267.346451) can0 38E#AE20007D13000100
(1786378267.356207) can0 38F#9F20E35302000000
(1786378267.356532) can0 38E#9221007B13000100
(1786378267.366699) can0 38E#A122007913000100
(1786378267.376510) can0 38F#C221E35302000000
(1786378267.376944) can0 38E#EA23007713000100
(1786378267.386406) can0 38E#B024007513000100
(1786378267.396281) can0 38F#2522E35302000000
(1786378267.396664) can0 38E#E625007213000100
(1786378267.406309) can0 38E#D526007013000100
(1786378267.416668) can0 38F#7823E35302000000
(1786378267.417143) can0 38E#CE27006D13000100
(1786378267.426289) can0 38E#F328006B13000100
(1786378267.436209) can0 38F#F624E35302000000
(1786378267.436584) can0 38E#7A29006913000100
(1786378267.446467) can0 38E#E12A006613000100
(1786378267.456297) can0 38F#AB25E35302000000
(1786378267.456603) can0 38E#682B006413000100
(1786378267.466369) can0 38E#392C006113000100
(1786378267.476302) can0 38F#4C26E35302000000
(1786378267.476678) can0 38E#372D005E13000100
(1786378267.486342) can0 38E#042E005C13000100
(1786378267.496365) can0 38F#1127E35302000000
(1786378267.496907) can0 38E#862F005913000100
(1786378267.506304) can0 38E#A620005613000100
(1786378267.516270) can0 38F#4D28E35302000000
(1786378267.516739) can0 38E#2F21005413000100
(1786378267.526346) can0 38E#C322005313000100
(1786378267.536375) can0 38F#1029E35302000000
(1786378267.536736) can0 38E#F423005213000100
(1786378267.546446) can0 38E#C424005113000100
(1786378267.556343) can0 38F#F72AE35302000000
(1786378267.556678) can0 38E#9925005113000100
(1786378267.566290) can0 38E#7E26005113000100
(1786378267.576328) can0 38F#AA2BE35302000000
(1786378267.576747) can0 38E#2327005113000100
(1786378267.586319) can0 38E#7F28005113000100
(1786378267.596370) can0 38F#242CE35302000000
(1786378267.596776) can0 38E#2229005113000100
(1786378267.606365) can0 38E#C52A005113000100
(1786378267.616290) can0 38F#792DE35302000000
(1786378267.616797) can0 38E#982B005113000100
(1786378267.626298) can0 38E#162C005113000100
(1786378267.636296) can0 38F#9E2EE35302000000
(1786378267.636699) can0 38E#4B2D005113000100
(1786378267.646314) can0 38E#AC2E005113000100
(1786378267.656262) can0 38F#C32FE35302000000
(1786378267.656641) can0 38E#F12F005113000100
(1786378267.666332) can0 38E#AD20005113000100
(1786378267.676268) can0 38F#9F20E35302000000
(1786378267.676714) can0 38E#F021005113000100
(1786378267.686377) can0 38E#1722005113000100
(1786378267.696372) can0 38F#C221E35302000000
(1786378267.696764) can0 38E#4A23005113000100
(1786378267.706280) can0 38E#C424005113000100
(1786378267.716245) can0 38F#2522E35302000000
(1786378267.716626) can0 38E#9925005113000100
(1786378267.726259) can0 38E#C026005213000100
(1786378267.736341) can0 38F#7823E35302000000
(1786378267.736658) can0 38E#9D27005213000100
(1786378267.746214) can0 38E#7F28005113000100
(1786378267.756280) can0 38F#F624E35302000000
(1786378267.756665) can0 38E#2229005113000100
(1786378267.766385) can0 38E#C52A005113000100
(1786378267.776210) can0 38F#AB25E35302000000
(1786378267.776612) can0 38E#262B005213000100
(1786378267.786241) can0 38E#A82C005213000100
(1786378267.796638) can0 38F#4C26E35302000000
(1786378267.796990) can0 38E#4B2D005113000100
(1786378267.806258) can0 38E#AC2E005113000100
(1786378267.816337) can0 38F#1127E35302000000
(1786378267.816840) can0 38E#F12F005113000100
(1786378267.826262) can0 38E#AD20005113000100
(1786378267.836331) can0 38F#4D28E35302000000
(1786378267.836698) can0 38E#4E21005213000100
(1786378267.846840) can0 38E#A922005213000100
(1786378267.856248) can0 38F#1029E35302000000
(1786378267.856523) can0 38E#F423005213000100
(1786378267.866228) can0 38E#7A24005213000100
(1786378267.876210) can0 38F#F72AE35302000000
(1786378267.876578) can0 38E#2725005213000100
(1786378267.886260) can0 38E#C026005213000100
(1786378267.896236) can0 38F#AA2BE35302000000
(1786378267.896499) can0 38E#9D27005213000100
(1786378267.906221) can0 38E#C128005213000100
(1786378267.916287) can0 38F#242CE35302000000
(1786378267.916641) can0 38E#9C29005213000100
(1786378267.926251) can0 38E#7B2A005213000100
(1786378267.936281) can0 38F#792DE35302000000
(1786378267.936588) can0 38E#262B005213000100
(1786378267.946338) can0 38E#A82C005213000100
(1786378267.956195) can0 38F#9E2EE35302000000
(1786378267.956471) can0 38E#F52D005213000100
(1786378267.966260) can0 38E#122E005213000100
(1786378267.976194) can0 38F#C32FE35302000000
(1786378267.976454) can0 38E#252F005313000100
(1786378267.986562) can0 38E#7220005413000100
(1786378267.996199) can0 38F#9F20E35302000000
(1786378267.996515) can0 38E#2421005313000100
(1786378268.006221) can0 38E#C822005413000100
(1786378268.016232) can0 38F#C221E35302000000
(1786378268.016527) can0 38E#9E23005313000100
(1786378268.026246) can0 38E#1B24005413000100
(1786378268.036319) can0 38F#2522E35302000000
(1786378268.036700) can0 38E#4625005413000100
(1786378268.046295) can0 38E#A126005413000100
(1786378268.056285) can0 38F#7823E35302000000
(1786378268.056589) can0 38E#2827005613000100
(1786378268.066594) can0 38E#6228005813000100
(1786378268.076289) can0 38F#F624E35302000000
(1786378268.076621) can0 38E#8129005B13000100
(1786378268.086313) can0 38E#6D2A005C13000100
(1786378268.096271) can0 38F#AB25E35302000000
(1786378268.096537) can0 38E#E42B005E13000100
(1786378268.106221) can0 38E#392C006113000100
(1786378268.116577) can0 38F#4C26E35302000000
(1786378268.117090) can0 38E#BB2D006413000100
(1786378268.126569) can0 38E#E22E006713000100
(1786378268.136282) can0 38F#1127E35302000000
(1786378268.136660) can0 38E#172F006A13000100
(1786378268.146373) can0 38E#4020006D13000100
(1786378268.156229) can0 38F#4D28E35302000000
(1786378268.156644) can0 38E#3121007113000100
(1786378268.166624) can0 38E#6322007513000100
(1786378268.176427) can0 38F#1029E35302000000
(1786378268.176825) can0 38E#9623007813000100
(1786378268.186660) can0 38E#A624007B13000100
(1786378268.196630) can0 38F#F72AE35302000000
(1786378268.197012) can0 38E#2425007E13000100
(1786378268.206240) can0 38E#4626008013000100
(1786378268.216406) can0 38F#AA2BE35302000000
(1786378268.216887) can0 38E#7127008113000100
(1786378268.226770) can0 38E#2D28008113000100
(1786378268.236454) can0 38F#242CE35302000000
(1786378268.236928) can0 38E#CE29008213000100
(1786378268.246296) can0 38E#292A008213000100
(1786378268.256279) can0 38F#792DE35302000000
(1786378268.256616) can0 38E#742B008213000100
(1786378268.266306) can0 38E#FA2C008213000100
(1786378268.276347) can0 38F#9E2EE35302000000
(1786378268.276704) can0 38E#A72D008213000100
(1786378268.286319) can0 38E#402E008213000100
(1786378268.296499) can0 38F#C32FE35302000000
(1786378268.296932) can0 38E#1D2F008213000100
(1786378268.306259) can0 38E#4120008213000100
(1786378268.316282) can0 38F#9F20E35302000000
(1786378268.316751) can0 38E#1C21008213000100
(1786378268.326426) can0 38E#FB22008213000100
(1786378268.336263) can0 38F#C221E35302000000
(1786378268.336628) can0 38E#A623008213000100
(1786378268.346374) can0 38E#2824008213000100
(1786378268.356144) can0 38F#2522E35302000000
(1786378268.356446) can0 38E#7525008213000100
(1786378268.366173) can0 38E#9226008213000100
(1786378268.376221) can0 38F#7823E35302000000
(1786378268.376450) can0 38E#CF27008213000100
(1786378268.386343) can0 38E#9328008213000100
(1786378268.396263) can0 38F#F624E35302000000
(1786378268.396662) can0 38E#CE29008213000100
(1786378268.406291) can0 38E#292A008213000100
(1786378268.416318) can0 38F#AB25E35302000000
(1786378268.416629) can0 38E#742B008213000100
(1786378268.426216) can0 38E#FA2C008213000100
(1786378268.436356) can0 38F#4C26E35302000000
(1786378268.436762) can0 38E#A72D008213000100
(1786378268.446339) can0 38E#402E008213000100
(1786378268.456274) can0 38F#1127E35302000000
(1786378268.456649) can0 38E#1D2F008213000100
(1786378268.466320) can0 38E#4120008213000100
(1786378268.476223) can0 38F#4D28E35302000000
(1786378268.476522) can0 38E#1C21008213000100
(1786378268.486302) can0 38E#FB22008213000100
(1786378268.496854) can0 38F#1029E35302000000
(1786378268.497419) can0 38E#A623008213000100
(1786378268.506290) can0 38E#2824008213000100
(1786378268.516224) can0 38F#F72AE35302000000
(1786378268.516646) can0 38E#7525008213000100
(1786378268.526377) can0 38E#9226008213000100
(1786378268.536253) can0 38F#AA2BE35302000000
(1786378268.536670) can0 38E#CF27008213000100
(1786378268.546349) can0 38E#9328008213000100
(1786378268.556213) can0 38F#242CE35302000000
(1786378268.556618) can0 38E#CE29008213000100
(1786378268.566271) can0 38E#292A008213000100
(1786378268.576291) can0 38F#792DE35302000000
(1786378268.576589) can0 38E#742B008213000100
(1786378268.586425) can0 38E#FA2C008213000100
(1786378268.596357) can0 38F#9E2EE35302000000
(1786378268.596756) can0 38E#A72D008213000100
(1786378268.606260) can0 38E#402E008213000100
(1786378268.616368) can0 38F#C32FE35302000000
(1786378268.616811) can0 38E#1D2F008213000100
(1786378268.626360) can0 38E#4120008213000100
(1786378268.636379) can0 38F#9F20E35302000000
(1786378268.636955) can0 38E#1C21008213000100
(1786378268.646383) can0 38E#FB22008213000100
(1786378268.656297) can0 38F#C221E35302000000
(1786378268.656672) can0 38E#A623008213000100
(1786378268.666291) can0 38E#2824008213000100
(1786378268.676330) can0 38F#2522E35302000000
(1786378268.676671) can0 38E#7525008213000100
(1786378268.686368) can0 38E#9226008213000100
(1786378268.696274) can0 38F#7823E35302000000
(1786378268.696727) can0 38E#CF27008213000100
(1786378268.706275) can0 38E#9328008213000100
(1786378268.716257) can0 38F#F624E35302000000
(1786378268.716718) can0 38E#CE29008213000100
(1786378268.726306) can0 38E#292A008213000100
(1786378268.736425) can0 38F#AB25E35302000000
(1786378268.736910) can0 38E#742B008213000100
(1786378268.746277) can0 38E#FA2C008213000100
(1786378268.756249) can0 38F#4C26E35302000000
(1786378268.756550) can0 38E#A72D008213000100
(1786378268.766261) can0 38E#402E008213000100
(1786378268.776292) can0 38F#1127E35302000000
(1786378268.776684) can0 38E#1D2F008213000100
(1786378268.786260) can0 38E#4120008213000100
(1786378268.796376) can0 38F#4D28E35302000000
(1786378268.796752) can0 38E#1C21008213000100
(1786378268.806313) can0 38E#FB22008213000100
(1786378268.816337) can0 38F#1029E35302000000
(1786378268.816800) can0 38E#A623008213000100
(1786378268.826374) can0 38E#2824008213000100
(1786378268.836221) can0 38F#F72AE35302000000
(1786378268.836599) can0 38E#7525008213000100
(1786378268.846586) can0 38E#9226008213000100
(1786378268.856214) can0 38F#AA2BE35302000000
(1786378268.856586) can0 38E#CF27008213000100
(1786378268.866293) can0 38E#9328008213000100
(1786378268.876196) can0 38F#242CE35302000000
(1786378268.876642) can0 38E#CE29008213000100
(1786378268.886350) can0 38E#292A008213000100
(1786378268.896460) can0 38F#792DE35302000000
(1786378268.897029) can0 38E#742B008213000100
(1786378268.906205) can0 38E#FA2C008213000100
(1786378268.916268) can0 38F#9E2EE35302000000
(1786378268.916715) can0 38E#A72D008213000100
(1786378268.926610) can0 38E#402E008213000100
(1786378268.936348) can0 38F#C32FE35302000000
(1786378268.936756) can0 38E#1D2F008213000100
(1786378268.946199) can0 38E#4120008213000100
(1786378268.956146) can0 38F#9F20E35302000000
(1786378268.956541) can0 38E#1C21008213000100
(1786378268.966171) can0 38E#FB22008213000100
(1786378268.976269) can0 38F#C221E35302000000
(1786378268.976614) can0 38E#A623008213000100
(1786378268.986287) can0 38E#2824008213000100
(1786378268.996239) can0 38F#2522E35302000000
(1786378268.996588) can0 38E#7525008213000100
(1786378269.006304) can0 38E#9226008213000100
(1786378269.016336) can0 38F#7823E35302000000
(1786378269.016776) can0 38E#CF27008213000100
(1786378269.026335) can0 38E#9328008213000100
(1786378269.036358) can0 38F#F624E35302000000
(1786378269.036801) can0 38E#CE29008213000100
(1786378269.046384) can0 38E#292A008213000100
(1786378269.056277) can0 38F#AB25E35302000000
(1786378269.056633) can0 38E#742B008213000100
(1786378269.066380) can0 38E#FA2C008213000100
(1786378269.076171) can0 38F#4C26E35302000000
(1786378269.076448) can0 38E#A72D008213000100
(1786378269.086566) can0 38E#402E008213000100
(1786378269.096300) can0 38F#1127E35302000000
(1786378269.096690) can0 38E#1D2F008213000100
(1786378269.106296) can0 38E#4120008213000100
(1786378269.116227) can0 38F#4D28E35302000000
(1786378269.116679) can0 38E#1C21008213000100
(1786378269.126301) can0 38E#FB22008213000100
(1786378269.136672) can0 38F#1029E35302000000
(1786378269.137238) can0 38E#A623008213000100
(1786378269.146288) can0 38E#2824008213000100
(1786378269.156191) can0 38F#F72AE35302000000
(1786378269.156624) can0 38E#7525008213000100
(1786378269.166368) can0 38E#9226008213000100
(1786378269.176276) can0 38F#AA2BE35302000000
(1786378269.176719) can0 38E#CF27008213000100
(1786378269.186351) can0 38E#9328008213000100
(1786378269.196366) can0 38F#242CE35302000000
(1786378269.196890) can0 38E#CE29008213000100
(1786378269.206362) can0 38E#292A008213000100
(1786378269.216328) can0 38F#792DE35302000000
(1786378269.216692) can0 38E#742B008213000100
(1786378269.226367) can0 38E#FA2C008213000100
(1786378269.236376) can0 38F#9E2EE35302000000
(1786378269.236785) can0 38E#A72D008213000100
(1786378269.246368) can0 38E#402E008213000100
(1786378269.256224) can0 38F#C32FE35302000000
(1786378269.256554) can0 38E#1D2F008213000100
(1786378269.266383) can0 38E#4120008213000100
(1786378269.276287) can0 38F#9F20E35302000000
(1786378269.276648) can0 38E#1C21008213000100
(1786378269.286232) can0 38E#FB22008213000100
(1786378269.296296) can0 38F#C221E35302000000
(1786378269.296687) can0 38E#A623008213000100
(1786378269.306249) can0 38E#2824008213000100
(1786378269.316283) can0 38F#2522E35302000000
(1786378269.316648) can0 38E#7525008213000100
(1786378269.326239) can0 38E#9226008213000100
(1786378269.336236) can0 38F#7823E35302000000
(1786378269.336809) can0 38E#CF27008213000100
(1786378269.346358) can0 38E#9328008213000100
(1786378269.356304) can0 38F#F624E35302000000
(1786378269.356651) can0 38E#CE29008213000100
(1786378269.366319) can0 38E#292A008213000100
(1786378269.376194) can0 38F#AB25E35302000000
(1786378269.376487) can0 38E#742B008213000100
(1786378269.386279) can0 38E#FA2C008213000100
(1786378269.396227) can0 38F#4C26E35302000000
(1786378269.396633) can0 38E#A72D008213000100
(1786378269.406311) can0 38E#402E008213000100
(1786378269.416366) can0 38F#1127E35302000000
(1786378269.416799) can0 38E#1D2F008213000100
(1786378269.426259) can0 38E#4120008213000100
(1786378269.436181) can0 38F#4D28E35302000000
(1786378269.436629) can0 38E#1C21008213000100
(1786378269.446490) can0 38E#FB22008213000100
(1786378269.456326) can0 38F#1029E35302000000
(1786378269.456696) can0 38E#A623008213000100
(1786378269.466299) can0 38E#2824008213000100
(1786378269.476257) can0 38F#F72AE35302000000
(1786378269.476655) can0 38E#7525008213000100
(1786378269.486347) can0 38E#9226008213000100
(1786378269.496383) can0 38F#AA2BE35302000000
(1786378269.496836) can0 38E#CF27008213000100
(1786378269.506186) can0 38E#9328008213000100
(1786378269.516352) can0 38F#242CE35302000000
(1786378269.516793) can0 38E#CE29008213000100
(1786378269.526352) can0 38E#292A008213000100
(1786378269.536310) can0 38F#792DE35302000000
(1786378269.536758) can0 38E#742B008213000100
(1786378269.546226) can0 38E#FA2C008213000100
(1786378269.556189) can0 38F#9E2EE35302000000
(1786378269.556549) can0 38E#A72D008213000100
(1786378269.566619) can0 38E#402E008213000100
(1786378269.576370) can0 38F#C32FE35302000000
(1786378269.576843) can0 38E#1D2F008213000100
(1786378269.586236) can0 38E#4120008213000100
(1786378269.596311) can0 38F#9F20E35302000000
(1786378269.596780) can0 38E#1C21008213000100
(1786378269.606244) can0 38E#FB22008213000100
(1786378269.616429) can0 38F#C221E35302000000
(1786378269.616914) can0 38E#A623008213000100
(1786378269.626282) can0 38E#2824008213000100
(1786378269.636269) can0 38F#2522E35302000000
(1786378269.636805) can0 38E#7525008213000100
(1786378269.646379) can0 38E#9226008213000100
(1786378269.656246) can0 38F#7823E35302000000
(1786378269.656617) can0 38E#CF27008213000100
(1786378269.666371) can0 38E#9328008213000100
(1786378269.676200) can0 38F#F624E35302000000
(1786378269.676533) can0 38E#7029008113000100
(1786378269.686341) can0 38E#972A008113000100
(1786378269.696388) can0 38F#AB25E35302000000
(1786378269.696844) can0 38E#CA2B008113000100
(1786378269.706248) can0 38E#442C008113000100
(1786378269.716183) can0 38F#4C26E35302000000
(1786378269.716652) can0 38E#192D008113000100
(1786378269.726336) can0 38E#FE2E008113000100
(1786378269.736274) can0 38F#1127E35302000000
(1786378269.736781) can0 38E#A32F008113000100
(1786378269.746464) can0 38E#FF20008113000100
(1786378269.756175) can0 38F#4D28E35302000000
(1786378269.756535) can0 38E#C821008013000100
(1786378269.766396) can0 38E#2F22008013000100
(1786378269.776325) can0 38F#1029E35302000000
(1786378269.776873) can0 38E#7223008013000100
(1786378269.786669) can0 38E#FC24008013000100
(1786378269.796400) can0 38F#F72AE35302000000
(1786378269.796903) can0 38E#A125008013000100
(1786378269.806213) can0 38E#4626008013000100
(1786378269.816269) can0 38F#AA2BE35302000000
(1786378269.816827) can0 38E#1B27008013000100
(1786378269.826293) can0 38E#4728008013000100
(1786378269.836378) can0 38F#242CE35302000000
(1786378269.836919) can0 38E#1A29008013000100
(1786378269.846268) can0 38E#122A007F13000100
(1786378269.856218) can0 38F#792DE35302000000
(1786378269.856552) can0 38E#4F2B007F13000100
(1786378269.866245) can0 38E#C12C007F13000100
(1786378269.876266) can0 38F#9E2EE35302000000
(1786378269.876703) can0 38E#9C2D007F13000100
(1786378269.886253) can0 38E#7B2E007F13000100
(1786378269.896280) can0 38F#C32FE35302000000
(1786378269.896729) can0 38E#262F007F13000100
(1786378269.906251) can0 38E#7A20007F13000100
(1786378269.916270) can0 38F#9F20E35302000000
(1786378269.916731) can0 38E#2721007F13000100
(1786378269.926262) can0 38E#C022007F13000100
(1786378269.936317) can0 38F#C221E35302000000
(1786378269.936788) can0 38E#9D23007F13000100
(1786378269.946515) can0 38E#1324007F13000100
(1786378269.956159) can0 38F#2522E35302000000
(1786378269.956439) can0 38E#4E25007F13000100
(1786378269.966298) can0 38E#A926007F13000100
(1786378269.976238) can0 38F#7823E35302000000
(1786378269.976630) can0 38E#F427007F13000100
(1786378269.986367) can0 38E#A828007F13000100
(1786378269.996673) can0 38F#F624E35302000000
(1786378269.997250) can0 38E#F529007F13000100
(1786378270.006233) can0 38E#122A007F13000100
(1786378270.016315) can0 38F#AB25E35302000000
(1786378270.016741) can0 38E#252B007E13000100
(1786378270.026297) can0 38E#AB2C007E13000100
(1786378270.036252) can0 38F#4C26E35302000000
(1786378270.036727) can0 38E#F62D007E13000100
(1786378270.046243) can0 38E#112E007E13000100
(1786378270.056207) can0 38F#1127E35302000000
(1786378270.056500) can0 38E#4C2F007E13000100
(1786378270.066263) can0 38E#1020007E13000100
(1786378270.076225) can0 38F#4D28E35302000000
(1786378270.076712) can0 38E#4D21007E13000100
(1786378270.086257) can0 38E#AA22007E13000100
(1786378270.096363) can0 38F#1029E35302000000
(1786378270.096810) can0 38E#F723007E13000100
(1786378270.106239) can0 38E#7924007E13000100
(1786378270.116272) can0 38F#F72AE35302000000
(1786378270.116735) can0 38E#2425007E13000100
(1786378270.126287) can0 38E#C326007E13000100
(1786378270.136386) can0 38F#AA2BE35302000000
(1786378270.136858) can0 38E#9E27007E13000100
(1786378270.146213) can0 38E#C228007E13000100
(1786378270.156152) can0 38F#242CE35302000000
(1786378270.156500) can0 38E#9F29007E13000100
(1786378270.166405) can0 38E#782A007E13000100
(1786378270.176243) can0 38F#792DE35302000000
(1786378270.176610) can0 38E#252B007E13000100
(1786378270.186371) can0 38E#AB2C007E13000100
(1786378270.196255) can0 38F#9E2EE35302000000
(1786378270.196668) can0 38E#F62D007E13000100
(1786378270.206233) can0 38E#112E007E13000100
(1786378270.216334) can0 38F#C32FE35302000000
(1786378270.216778) can0 38E#4C2F007E13000100
(1786378270.226359) can0 38E#1020007E13000100
(1786378270.236260) can0 38F#9F20E35302000000
(1786378270.236719) can0 38E#4D21007E13000100
(1786378270.246216) can0 38E#AA22007E13000100
(1786378270.256241) can0 38F#C221E35302000000
(1786378270.256620) can0 38E#F723007E13000100
(1786378270.266313) can0 38E#7924007E13000100
(1786378270.276277) can0 38F#2522E35302000000
(1786378270.276594) can0 38E#2425007E13000100
(1786378270.286354) can0 38E#C326007E13000100
(1786378270.296491) can0 38F#7823E35302000000
(1786378270.296968) can0 38E#9E27007E13000100
(1786378270.306247) can0 38E#C228007E13000100
(1786378270.316271) can0 38F#F624E35302000000
(1786378270.316742) can0 38E#9F29007E13000100
(1786378270.326294) can0 38E#782A007E13000100
(1786378270.336309) can0 38F#AB25E35302000000
(1786378270.336806) can0 38E#252B007E13000100
(1786378270.346304) can0 38E#AB2C007E13000100
(1786378270.356182) can0 38F#4C26E35302000000
(1786378270.356528) can0 38E#F62D007E13000100
(1786378270.366237) can0 38E#112E007E13000100
(1786378270.376411) can0 38F#1127E35302000000
(1786378270.376907) can0 38E#4C2F007E13000100
(1786378270.386489) can0 38E#1020007E13000100
(1786378270.396452) can0 38F#4D28E35302000000
(1786378270.396866) can0 38E#F321007D13000100
(1786378270.406195) can0 38E#1422007D13000100
(1786378270.416271) can0 38F#1029E35302000000
(1786378270.416718) can0 38E#4923007D13000100
(1786378270.426643) can0 38E#C724007D13000100
(1786378270.436259) can0 38F#F72AE35302000000
(1786378270.436724) can0 38E#9A25007D13000100
(1786378270.446395) can0 38E#7D26007D13000100
(1786378270.456276) can0 38F#AA2BE35302000000
(1786378270.456641) can0 38E#2027007D13000100
(1786378270.466290) can0 38E#7C28007D13000100
(1786378270.476212) can0 38F#242CE35302000000
(1786378270.476537) can0 38E#2129007D13000100
(1786378270.486381) can0 38E#C62A007D13000100
(1786378270.496453) can0 38F#792DE35302000000
(1786378270.496840) can0 38E#F12B007C13000100
(1786378270.506207) can0 38E#7F2C007C13000100
(1786378270.516254) can0 38F#9E2EE35302000000
(1786378270.516704) can0 38E#222D007C13000100
(1786378270.526304) can0 38E#CE2E007B13000100
(1786378270.536275) can0 38F#C32FE35302000000
(1786378270.536847) can0 38E#932F007B13000100
(1786378270.546316) can0 38E#A520007A13000100
(1786378270.556206) can0 38F#9F20E35302000000
(1786378270.556621) can0 38E#F821007A13000100
(1786378270.566635) can0 38E#1F22007A13000100
(1786378270.576269) can0 38F#C221E35302000000
(1786378270.576660) can0 38E#FC23007913000100
(1786378270.586285) can0 38E#7224007913000100
(1786378270.596350) can0 38F#2522E35302000000
(1786378270.596738) can0 38E#2F25007913000100
(1786378270.606200) can0 38E#C826007913000100
(1786378270.616317) can0 38F#7823E35302000000
(1786378270.616757) can0 38E#9527007913000100
(1786378270.626256) can0 38E#A328007813000100
(1786378270.636345) can0 38F#F624E35302000000
(1786378270.636743) can0 38E#FE29007813000100
(1786378270.646580) can0 38E#192A007813000100
(1786378270.656214) can0 38F#AB25E35302000000
(1786378270.656581) can0 38E#442B007813000100
(1786378270.666268) can0 38E#CA2C007813000100
(1786378270.676197) can0 38F#4C26E35302000000
(1786378270.676529) can0 38E#EB2D007713000100
(1786378270.686400) can0 38E#0C2E007713000100
(1786378270.696699) can0 38F#1127E35302000000
(1786378270.697109) can0 38E#512F007713000100
(1786378270.706240) can0 38E#0D20007713000100
(1786378270.716318) can0 38F#4D28E35302000000
(1786378270.716879) can0 38E#3A21007613000100
(1786378270.726250) can0 38E#DD22007613000100
(1786378270.736317) can0 38F#1029E35302000000
(1786378270.736751) can0 38E#8023007613000100
(1786378270.746724) can0 38E#B024007513000100
(1786378270.756171) can0 38F#F72AE35302000000
(1786378270.756575) can0 38E#ED25007513000100
(1786378270.766658) can0 38E#6026007413000100
(1786378270.776851) can0 38F#AA2BE35302000000
(1786378270.777376) can0 38E#3D27007413000100
(1786378270.786332) can0 38E#6A28007313000100
(1786378270.796206) can0 38F#242CE35302000000
(1786378270.796596) can0 38E#3729007313000100
(1786378270.806600) can0 38E#D02A007313000100
(1786378270.816315) can0 38F#792DE35302000000
(1786378270.816782) can0 38E#8D2B007313000100
(1786378270.826601) can0 38E#692C007213000100
(1786378270.836209) can0 38F#9E2EE35302000000
(1786378270.836680) can0 38E#342D007213000100
(1786378270.846287) can0 38E#6D2E007113000100
(1786378270.856521) can0 38F#C32FE35302000000
(1786378270.856852) can0 38E#302F007113000100
(1786378270.866322) can0 38E#6C20007113000100
(1786378270.876222) can0 38F#9F20E35302000000
(1786378270.876814) can0 38E#5B21007013000100
(1786378270.886257) can0 38E#BC22007013000100
(1786378270.896251) can0 38F#C221E35302000000
(1786378270.896668) can0 38E#E123007013000100
(1786378270.906193) can0 38E#FD24006F13000100
(1786378270.916214) can0 38F#2522E35302000000
(1786378270.916674) can0 38E#A025006F13000100
(1786378270.926317) can0 38E#2D26006E13000100
(1786378270.936361) can0 38F#7823E35302000000
(1786378270.936863) can0 38E#7027006E13000100
(1786378270.946275) can0 38E#2C28006E13000100
(1786378270.956196) can0 38F#F624E35302000000
(1786378270.956483) can0 38E#CF29006D13000100
(1786378270.966226) can0 38E#282A006D13000100
(1786378270.976326) can0 38F#AB25E35302000000
(1786378270.976686) can0 38E#752B006D13000100
(1786378270.986424) can0 38E#912C006C13000100
(1786378270.996463) can0 38F#4C26E35302000000
(1786378270.996915) can0 38E#CC2D006C13000100
(1786378271.006261) can0 38E#2B2E006C13000100
(1786378271.016254) can0 38F#1127E35302000000
(1786378271.016707) can0 38E#7D2F006B13000100
(1786378271.026279) can0 38E#2120006B13000100
(1786378271.036464) can0 38F#4D28E35302000000
(1786378271.036900) can0 38E#7C21006B13000100
(1786378271.046288) can0 38E#9B22006B13000100
(1786378271.056263) can0 38F#1029E35302000000
(1786378271.056703) can0 38E#AC23006A13000100
(1786378271.066266) can0 38E#2224006A13000100
(1786378271.076555) can0 38F#F72AE35302000000
(1786378271.076906) can0 38E#C125006913000100
(1786378271.086377) can0 38E#2626006913000100
(1786378271.096404) can0 38F#AA2BE35302000000
(1786378271.096870) can0 38E#1127006813000100
(1786378271.106249) can0 38E#4D28006813000100
(1786378271.116325) can0 38F#242CE35302000000
(1786378271.116855) can0 38E#6C29006713000100
(1786378271.126554) can0 38E#8B2A006713000100
(1786378271.136317) can0 38F#792DE35302000000
(1786378271.136778) can0 38E#D62B006713000100
(1786378271.146311) can0 38E#322C006613000100
(1786378271.156186) can0 38F#9E2EE35302000000
(1786378271.156530) can0 38E#6F2D006613000100
(1786378271.166281) can0 38E#882E006613000100
(1786378271.176271) can0 38F#C32FE35302000000
(1786378271.176621) can0 38E#D52F006613000100
(1786378271.186237) can0 38E#8920006613000100
(1786378271.196411) can0 38F#9F20E35302000000
(1786378271.196846) can0 38E#6A21006513000100
(1786378271.206242) can0 38E#8D22006513000100
(1786378271.216114) can0 38F#C221E35302000000
(1786378271.216468) can0 38E#D023006513000100
(1786378271.226211) can0 38E#5E24006513000100
(1786378271.236303) can0 38F#2522E35302000000
(1786378271.236679) can0 38E#0325006513000100
(1786378271.246247) can0 38E#E426006513000100
(1786378271.256247) can0 38F#7823E35302000000
(1786378271.256635) can0 38E#B927006513000100
(1786378271.266255) can0 38E#E528006513000100
(1786378271.276213) can0 38F#F624E35302000000
(1786378271.276726) can0 38E#B829006513000100
(1786378271.286560) can0 38E#5F2A006513000100
(1786378271.296309) can0 38F#AB25E35302000000
(1786378271.296725) can0 38E#022B006513000100
(1786378271.306190) can0 38E#8C2C006513000100
(1786378271.316200) can0 38F#4C26E35302000000
(1786378271.316682) can0 38E#D12D006513000100
(1786378271.326360) can0 38E#362E006513000100
(1786378271.336346) can0 38F#1127E35302000000
(1786378271.336754) can0 38E#6B2F006513000100
(1786378271.346371) can0 38E#3720006513000100
(1786378271.356212) can0 38F#4D28E35302000000
(1786378271.356472) can0 38E#D421006613000100
(1786378271.366168) can0 38E#8D22006513000100
(1786378271.376193) can0 38F#1029E35302000000
(1786378271.376488) can0 38E#D023006513000100
(1786378271.386483) can0 38E#E024006613000100
(1786378271.396209) can0 38F#F72AE35302000000
(1786378271.396667) can0 38E#0325006513000100
(1786378271.406242) can0 38E#E426006513000100
(1786378271.416266) can0 38F#AA2BE35302000000
(1786378271.416686) can0 38E#0727006613000100
(1786378271.426378) can0 38E#2728006913000100
(1786378271.436208) can0 38F#242CE35302000000
(1786378271.436642) can0 38E#C429006A13000100
(1786378271.446287) can0 38E#232A006A13000100
(1786378271.456343) can0 38F#792DE35302000000
(1786378271.456715) can0 38E#7E2B006A13000100
(1786378271.466574) can0 38E#9A2C006B13000100
(1786378271.476174) can0 38F#9E2EE35302000000
(1786378271.476560) can0 38E#CC2D006C13000100
(1786378271.486355) can0 38E#412E006D13000100
(1786378271.496746) can0 38F#C32FE35302000000
(1786378271.497140) can0 38E#A22F006E13000100
(1786378271.506584) can0 38E#9420006F13000100
(1786378271.516311) can0 38F#9F20E35302000000
(1786378271.516764) can0 38E#3121007113000100
(1786378271.526348) can0 38E#D622007113000100
(1786378271.536225) can0 38F#C221E35302000000
(1786378271.536650) can0 38E#3523007213000100
(1786378271.546341) can0 38E#BB24007213000100
(1786378271.556562) can0 38F#2522E35302000000
(1786378271.556896) can0 38E#E625007213000100
(1786378271.566572) can0 38E#6B26007313000100
(1786378271.576234) can0 38F#7823E35302000000
(1786378271.576586) can0 38E#3D27007413000100
(1786378271.586368) can0 38E#0B28007513000100
(1786378271.596428) can0 38F#F624E35302000000
(1786378271.596846) can0 38E#5629007513000100
(1786378271.606541) can0 38E#B12A007513000100
(1786378271.616177) can0 38F#AB25E35302000000
(1786378271.616544) can0 38E#EC2B007513000100
(1786378271.626267) can0 38E#622C007513000100
(1786378271.636299) can0 38F#4C26E35302000000
(1786378271.636822) can0 38E#3F2D007513000100
(1786378271.646367) can0 38E#D82E007513000100
(1786378271.656180) can0 38F#1127E35302000000
(1786378271.656488) can0 38E#3B2F007613000100
(1786378271.666614) can0 38E#6720007613000100
(1786378271.676202) can0 38F#4D28E35302000000
(1786378271.676596) can0 38E#3A21007613000100
(1786378271.686580) can0 38E#DD22007613000100
(1786378271.696457) can0 38F#1029E35302000000
(1786378271.696987) can0 38E#8023007613000100
(1786378271.706213) can0 38E#0E24007613000100
(1786378271.716228) can0 38F#F72AE35302000000
(1786378271.716590) can0 38E#5325007613000100
(1786378271.726245) can0 38E#B426007613000100
(1786378271.736240) can0 38F#AA2BE35302000000
(1786378271.736748) can0 38E#E927007613000100
(1786378271.746171) can0 38E#B528007613000100
(1786378271.756086) can0 38F#242CE35302000000
(1786378271.756406) can0 38E#E829007613000100
(1786378271.766141) can0 38E#0F2A007613000100
(1786378271.776146) can0 38F#792DE35302000000
(1786378271.776427) can0 38E#522B007613000100
(1786378271.786221) can0 38E#DC2C007613000100
(1786378271.796134) can0 38F#9E2EE35302000000
(1786378271.796384) can0 38E#812D007613000100
(1786378271.806123) can0 38E#662E007613000100
(1786378271.816163) can0 38F#C32FE35302000000
(1786378271.816518) can0 38E#3B2F007613000100
(1786378271.826160) can0 38E#6720007613000100
(1786378271.836290) can0 38F#9F20E35302000000
(1786378271.836672) can0 38E#3A21007613000100
(1786378271.846205) can0 38E#DD22007613000100
(1786378271.856229) can0 38F#C221E35302000000
(1786378271.856551) can0 38E#8023007613000100
(1786378271.866099) can0 38E#0E24007613000100
(1786378271.876127) can0 38F#2522E35302000000
(1786378271.876464) can0 38E#5325007613000100
(1786378271.886183) can0 38E#B426007613000100
(1786378271.896223) can0 38F#7823E35302000000
(1786378271.896496) can0 38E#E927007613000100
(1786378271.906168) can0 38E#B528007613000100
(1786378271.916202) can0 38F#F624E35302000000
(1786378271.916671) can0 38E#E829007613000100
(1786378271.926214) can0 38E#0F2A007613000100
(1786378271.936229) can0 38F#AB25E35302000000
(1786378271.936622) can0 38E#522B007613000100
(1786378271.946219) can0 38E#DC2C007613000100
(1786378271.956146) can0 38F#4C26E35302000000
(1786378271.956543) can0 38E#812D007613000100
(1786378271.966116) can0 38E#662E007613000100
(1786378271.976162) can0 38F#1127E35302000000
(1786378271.976462) can0 38E#3B2F007613000100
(1786378271.986329) can0 38E#6720007613000100
(1786378271.996236) can0 38F#4D28E35302000000
(1786378271.996575) can0 38E#3A21007613000100
(1786378272.006146) can0 38E#DD22007613000100
(1786378272.016256) can0 38F#1029E35302000000
(1786378272.016706) can0 38E#8023007613000100
(1786378272.026251) can0 38E#0E24007613000100
(1786378272.036402) can0 38F#F72AE35302000000
(1786378272.036873) can0 38E#5325007613000100
(1786378272.046135) can0 38E#B426007613000100
(1786378272.056186) can0 38F#AA2BE35302000000
(1786378272.056504) can0 38E#E927007613000100
(1786378272.066247) can0 38E#B528007613000100
(1786378272.076148) can0 38F#242CE35302000000
(1786378272.076491) can0 38E#E829007613000100
(1786378272.086264) can0 38E#0F2A007613000100
(1786378272.096550) can0 38F#792DE35302000000
(1786378272.096939) can0 38E#522B007613000100
(1786378272.106190) can0 38E#DC2C007613000100
(1786378272.116170) can0 38F#9E2EE35302000000
(1786378272.116536) can0 38E#812D007613000100
(1786378272.126193) can0 38E#662E007613000100
(1786378272.136186) can0 38F#C32FE35302000000
(1786378272.136647) can0 38E#3B2F007613000100
(1786378272.146608) can0 38E#6720007613000100
(1786378272.156127) can0 38F#9F20E35302000000
(1786378272.156448) can0 38E#3A21007613000100
(1786378272.166096) can0 38E#DD22007613000100
(1786378272.176169) can0 38F#C221E35302000000
(1786378272.176472) can0 38E#8023007613000100
(1786378272.186205) can0 38E#0E24007613000100
(1786378272.196329) can0 38F#2522E35302000000
(1786378272.196682) can0 38E#5325007613000100
(1786378272.206139) can0 38E#B426007613000100
(1786378272.216111) can0 38F#7823E35302000000
(1786378272.216380) can0 38E#E927007613000100
(1786378272.226183) can0 38E#B528007613000100
(1786378272.236159) can0 38F#F624E35302000000
(1786378272.236539) can0 38E#E829007613000100
(1786378272.246252) can0 38E#0F2A007613000100
(1786378272.256236) can0 38F#AB25E35302000000
(1786378272.256604) can0 38E#522B007613000100
(1786378272.266226) can0 38E#DC2C007613000100
(1786378272.276131) can0 38F#4C26E35302000000
(1786378272.276434) can0 38E#812D007613000100
(1786378272.286230) can0 38E#662E007613000100
(1786378272.296228) can0 38F#1127E35302000000
(1786378272.296637) can0 38E#3B2F007613000100
(1786378272.306226) can0 38E#6720007613000100
(1786378272.316195) can0 38F#4D28E35302000000
(1786378272.316700) can0 38E#3A21007613000100
(1786378272.326271) can0 38E#DD22007613000100
(1786378272.336296) can0 38F#1029E35302000000
(1786378272.336742) can0 38E#8023007613000100
(1786378272.346238) can0 38E#0E24007613000100
(1786378272.356162) can0 38F#F72AE35302000000
(1786378272.356445) can0 38E#5325007613000100
(1786378272.366529) can0 38E#B426007613000100
(1786378272.376210) can0 38F#AA2BE35302000000
(1786378272.376599) can0 38E#E927007613000100
(1786378272.386161) can0 38E#B528007613000100
(1786378272.396134) can0 38F#242CE35302000000
(1786378272.396547) can0 38E#E829007613000100
(1786378272.406132) can0 38E#0F2A007613000100
(1786378272.416189) can0 38F#792DE35302000000
(1786378272.416505) can0 38E#522B007613000100
(1786378272.426224) can0 38E#DC2C007613000100
(1786378272.436186) can0 38F#9E2EE35302000000
(1786378272.436630) can0 38E#812D007613000100
(1786378272.446214) can0 38E#662E007613000100
(1786378272.456142) can0 38F#C32FE35302000000
(1786378272.456444) can0 38E#3B2F007613000100
(1786378272.466260) can0 38E#6720007613000100
(1786378272.476107) can0 38F#9F20E35302000000
(1786378272.476456) can0 38E#3A21007613000100
(1786378272.486184) can0 38E#DD22007613000100
(1786378272.496167) can0 38F#C221E35302000000
(1786378272.496431) can0 38E#8023007613000100
(1786378272.506127) can0 38E#0E24007613000100
(1786378272.516098) can0 38F#2522E35302000000
(1786378272.516468) can0 38E#5325007613000100
(1786378272.526180) can0 38E#B426007613000100
(1786378272.536152) can0 38F#7823E35302000000
(1786378272.536486) can0 38E#E927007613000100
(1786378272.546234) can0 38E#B528007613000100
(1786378272.556094) can0 38F#F624E35302000000
(1786378272.556526) can0 38E#E829007613000100
(1786378272.566247) can0 38E#0F2A007613000100
(1786378272.576220) can0 38F#AB25E35302000000
(1786378272.576524) can0 38E#522B007613000100
(1786378272.586220) can0 38E#DC2C007613000100
(1786378272.596118) can0 38F#4C26E35302000000
(1786378272.596473) can0 38E#812D007613000100
(1786378272.606145) can0 38E#662E007613000100
(1786378272.616120) can0 38F#1127E35302000000
(1786378272.616404) can0 38E#3B2F007613000100
(1786378272.626257) can0 38E#6720007613000100
(1786378272.636158) can0 38F#4D28E35302000000
(1786378272.636583) can0 38E#3A21007613000100
(1786378272.646283) can0 38E#DD22007613000100
(1786378272.656104) can0 38F#1029E35302000000
(1786378272.656402) can0 38E#8023007613000100
(1786378272.666168) can0 38E#0E24007613000100
(1786378272.676129) can0 38F#F72AE35302000000
(1786378272.676381) can0 38E#5325007613000100
(1786378272.686109) can0 38E#B426007613000100
(1786378272.696181) can0 38F#AA2BE35302000000
(1786378272.696488) can0 38E#E927007613000100
(1786378272.706139) can0 38E#B528007613000100
(1786378272.716162) can0 38F#242CE35302000000
(1786378272.716403) can0 38E#E829007613000100
(1786378272.726081) can0 38E#0F2A007613000100
(1786378272.736107) can0 38F#792DE35302000000
(1786378272.736449) can0 38E#522B007613000100
(1786378272.746115) can0 38E#DC2C007613000100
(1786378272.756305) can0 38F#9E2EE35302000000
(1786378272.756689) can0 38E#812D007613000100
(1786378272.766191) can0 38E#662E007613000100
(1786378272.776159) can0 38F#C32FE35302000000
(1786378272.776429) can0 38E#3B2F007613000100
(1786378272.786164) can0 38E#6720007613000100
(1786378272.796524) can0 38F#9F20E35302000000
(1786378272.796852) can0 38E#3A21007613000100
(1786378272.806197) can0 38E#DD22007613000100
(1786378272.816118) can0 38F#C221E35302000000
(1786378272.816419) can0 38E#8023007613000100
(1786378272.826191) can0 38E#0E24007613000100
(1786378272.836150) can0 38F#2522E35302000000
(1786378272.836697) can0 38E#5325007613000100
(1786378272.846234) can0 38E#B426007613000100
(1786378272.856176) can0 38F#7823E35302000000
(1786378272.856514) can0 38E#E927007613000100
(1786378272.866222) can0 38E#B528007613000100
(1786378272.876138) can0 38F#F624E35302000000
(1786378272.876451) can0 38E#E829007613000100
(1786378272.886218) can0 38E#0F2A007613000100
(1786378272.896239) can0 38F#AB25E35302000000
(1786378272.896628) can0 38E#522B007613000100
(1786378272.906186) can0 38E#DC2C007613000100
(1786378272.916133) can0 38F#4C26E35302000000
(1786378272.916417) can0 38E#812D007613000100
(1786378272.926223) can0 38E#662E007613000100
(1786378272.936178) can0 38F#1127E35302000000
(1786378272.936782) can0 38E#3B2F007613000100
(1786378272.946198) can0 38E#6720007613000100
(1786378272.956212) can0 38F#4D28E35302000000
(1786378272.956526) can0 38E#3A21007613000100
(1786378272.966131) can0 38E#DD22007613000100
(1786378272.976175) can0 38F#1029E35302000000
(1786378272.976438) can0 38E#8023007613000100
(1786378272.986234) can0 38E#0E24007613000100
(1786378272.996127) can0 38F#F72AE35302000000
(1786378272.996396) can0 38E#5325007613000100
(1786378273.006456) can0 38E#B426007613000100
(1786378273.016253) can0 38F#AA2BE35302000000
(1786378273.016703) can0 38E#E927007613000100
(1786378273.026152) can0 38E#B528007613000100
(1786378273.036146) can0 38F#242CE35302000000
(1786378273.036440) can0 38E#E829007613000100
(1786378273.046141) can0 38E#0F2A007613000100
(1786378273.056131) can0 38F#792DE35302000000
(1786378273.056386) can0 38E#522B007613000100
(1786378273.066116) can0 38E#DC2C007613000100
(1786378273.076119) can0 38F#9E2EE35302000000
(1786378273.076386) can0 38E#812D007613000100
(1786378273.086184) can0 38E#662E007613000100
(1786378273.096174) can0 38F#C32FE35302000000
(1786378273.096455) can0 38E#3B2F007613000100
(1786378273.106092) can0 38E#6720007613000100
(1786378273.116120) can0 38F#9F20E35302000000
(1786378273.116347) can0 38E#3A21007613000100
(1786378273.126098) can0 38E#DD22007613000100
(1786378273.136202) can0 38F#C221E35302000000
(1786378273.136522) can0 38E#8023007613000100
(1786378273.146447) can0 38E#0E24007613000100
(1786378273.156063) can0 38F#2522E35302000000
(1786378273.156353) can0 38E#5325007613000100
(1786378273.166041) can0 38E#B426007613000100
(1786378273.176229) can0 38F#7823E35302000000
(1786378273.176586) can0 38E#E927007613000100
(1786378273.186193) can0 38E#B528007613000100
(1786378273.196178) can0 38F#F624E35302000000
(1786378273.196738) can0 38E#E829007613000100
(1786378273.206186) can0 38E#0F2A007613000100
(1786378273.216140) can0 38F#AB25E35302000000
(1786378273.216443) can0 38E#522B007613000100
(1786378273.226584) can0 38E#DC2C007613000100
(1786378273.236187) can0 38F#4C26E35302000000
(1786378273.236713) can0 38E#812D007613000100
(1786378273.246142) can0 38E#662E007613000100
(1786378273.256184) can0 38F#1127E35302000000
(1786378273.256509) can0 38E#3B2F007613000100
(1786378273.266208) can0 38E#6720007613000100
(1786378273.276207) can0 38F#4D28E35302000000
(1786378273.276493) can0 38E#3A21007613000100
(1786378273.286213) can0 38E#DD22007613000100
(1786378273.296351) can0 38F#1029E35302000000
(1786378273.296795) can0 38E#8023007613000100
(1786378273.306153) can0 38E#0E24007613000100
(1786378273.316188) can0 38F#F72AE35302000000
(1786378273.316594) can0 38E#5325007613000100
(1786378273.326610) can0 38E#B426007613000100
(1786378273.336206) can0 38F#AA2BE35302000000
(1786378273.336612) can0 38E#E927007613000100
(1786378273.346121) can0 38E#B528007613000100
(1786378273.356134) can0 38F#242CE35302000000
(1786378273.356406) can0 38E#E829007613000100
(1786378273.366122) can0 38E#0F2A007613000100
(1786378273.376217) can0 38F#792DE35302000000
(1786378273.376686) can0 38E#522B007613000100
(1786378273.386312) can0 38E#DC2C007613000100
(1786378273.396172) can0 38F#9E2EE35302000000
(1786378273.396824) can0 38E#812D007613000100
(1786378273.406479) can0 38E#662E007613000100
(1786378273.416201) can0 38F#C32FE35302000000
(1786378273.416653) can0 38E#3B2F007613000100
(1786378273.426249) can0 38E#6720007613000100
(1786378273.436308) can0 38F#9F20E35302000000
(1786378273.436777) can0 38E#3A21007613000100
(1786378273.446249) can0 38E#DD22007613000100
(1786378273.456185) can0 38F#C221E35302000000
(1786378273.456569) can0 38E#8023007613000100
(1786378273.466229) can0 38E#0E24007613000100
(1786378273.476104) can0 38F#2522E35302000000
(1786378273.476443) can0 38E#5325007613000100
(1786378273.486239) can0 38E#B426007613000100
(1786378273.496310) can0 38F#7823E35302000000
(1786378273.496662) can0 38E#E927007613000100
(1786378273.506218) can0 38E#B528007613000100
(1786378273.516215) can0 38F#F624E35302000000
(1786378273.516621) can0 38E#E829007613000100
(1786378273.526189) can0 38E#0F2A007613000100
(1786378273.536238) can0 38F#AB25E35302000000
(1786378273.536528) can0 38E#522B007613000100
(1786378273.546110) can0 38E#DC2C007613000100
(1786378273.556122) can0 38F#4C26E35302000000
(1786378273.556449) can0 38E#812D007613000100
(1786378273.566112) can0 38E#662E007613000100
(1786378273.576174) can0 38F#1127E35302000000
(1786378273.576459) can0 38E#3B2F007613000100
(1786378273.586113) can0 38E#6720007613000100
(1786378273.596251) can0 38F#4D28E35302000000
(1786378273.596690) can0 38E#3A21007613000100
(1786378273.606219) can0 38E#DD22007613000100
(1786378273.616098) can0 38F#1029E35302000000
(1786378273.616370) can0 38E#8023007613000100
(1786378273.626223) can0 38E#0E24007613000100
(1786378273.636217) can0 38F#F72AE35302000000
(1786378273.636629) can0 38E#5325007613000100
(1786378273.646193) can0 38E#B426007613000100
(1786378273.656442) can0 38F#AA2BE35302000000
(1786378273.656715) can0 38E#E927007613000100
(1786378273.666114) can0 38E#B528007613000100
(1786378273.676113) can0 38F#242CE35302000000
(1786378273.676461) can0 38E#E829007613000100
(1786378273.686169) can0 38E#0F2A007613000100
(1786378273.696339) can0 38F#792DE35302000000
(1786378273.696717) can0 38E#522B007613000100
(1786378273.748764) can0 38E#DC2C007613000100
(1786378273.761980) can0 38F#9E2EE35302000000
(1786378273.762435) can0 38E#812D007613000100
(1786378273.762823) can0 38E#662E007613000100
(1786378273.763088) can0 38F#C32FE35302000000
(1786378273.763338) can0 38E#3B2F007613000100
(1786378273.763608) can0 38E#6720007613000100
(1786378273.763889) can0 38F#9F20E35302000000
(1786378273.764147) can0 38E#3A21007613000100
(1786378273.766062) can0 38E#DD22007613000100
(1786378273.776163) can0 38F#C221E35302000000
(1786378273.776472) can0 38E#8023007613000100
(1786378273.786161) can0 38E#0E24007613000100
(1786378273.796085) can0 38F#2522E35302000000
(1786378273.796405) can0 38E#5325007613000100
(1786378273.806871) can0 38E#B426007613000100
(1786378273.816128) can0 38F#7823E35302000000
(1786378273.816470) can0 38E#E927007613000100
(1786378273.826216) can0 38E#B528007613000100
(1786378273.836230) can0 38F#F624E35302000000
(1786378273.836581) can0 38E#E829007613000100
(1786378273.846170) can0 38E#0F2A007613000100
(1786378273.856143) can0 38F#AB25E35302000000
(1786378273.856565) can0 38E#522B007613000100
(1786378273.866515) can0 38E#DC2C007613000100
(1786378273.876090) can0 38F#4C26E35302000000
(1786378273.876389) can0 38E#812D007613000100
(1786378273.886177) can0 38E#662E007613000100
(1786378273.896239) can0 38F#1127E35302000000
(1786378273.896559) can0 38E#3B2F007613000100
(1786378273.906127) can0 38E#6720007613000100
(1786378273.916191) can0 38F#4D28E35302000000
(1786378273.916585) can0 38E#3A21007613000100
(1786378273.926220) can0 38E#DD22007613000100
(1786378273.936155) can0 38F#1029E35302000000
(1786378273.936582) can0 38E#8023007613000100
(1786378273.946121) can0 38E#0E24007613000100
(1786378273.956124) can0 38F#F72AE35302000000
(1786378273.956496) can0 38E#5325007613000100
(1786378273.966185) can0 38E#B426007613000100
(1786378273.976166) can0 38F#AA2BE35302000000
(1786378273.976514) can0 38E#E927007613000100
(1786378273.986239) can0 38E#B528007613000100
(1786378273.996250) can0 38F#242CE35302000000
(1786378273.996580) can0 38E#E829007613000100
(1786378274.006222) can0 38E#0F2A007613000100
(1786378274.016097) can0 38F#792DE35302000000
(1786378274.016414) can0 38E#522B007613000100
(1786378274.026141) can0 38E#DC2C007613000100
(1786378274.036194) can0 38F#9E2EE35302000000
(1786378274.036578) can0 38E#812D007613000100
(1786378274.046158) can0 38E#662E007613000100
(1786378274.056140) can0 38F#C32FE35302000000
(1786378274.056409) can0 38E#3B2F007613000100
(1786378274.066118) can0 38E#6720007613000100
(1786378274.076144) can0 38F#9F20E35302000000
(1786378274.076530) can0 38E#3A21007613000100
(1786378274.086525) can0 38E#DD22007613000100
(1786378274.096431) can0 38F#C221E35302000000
(1786378274.096867) can0 38E#8023007613000100
(1786378274.106189) can0 38E#0E24007613000100
(1786378274.116102) can0 38F#2522E35302000000
(1786378274.116479) can0 38E#5325007613000100
(1786378274.126166) can0 38E#B426007613000100
(1786378274.136203) can0 38F#7823E35302000000
(1786378274.136543) can0 38E#E927007613000100
(1786378274.146125) can0 38E#B528007613000100
(1786378274.156152) can0 38F#F624E35302000000
(1786378274.156409) can0 38E#E829007613000100
(1786378274.166234) can0 38E#0F2A007613000100
(1786378274.176209) can0 38F#AB25E35302000000
(1786378274.176581) can0 38E#522B007613000100
(1786378274.186189) can0 38E#DC2C007613000100
(1786378274.196194) can0 38F#4C26E35302000000
(1786378274.196700) can0 38E#812D007613000100
(1786378274.206176) can0 38E#662E007613000100
(1786378274.216112) can0 38F#1127E35302000000
(1786378274.216409) can0 38E#3B2F007613000100
(1786378274.226115) can0 38E#6720007613000100
(1786378274.236053) can0 38F#4D28E35302000000
(1786378274.236385) can0 38E#3A21007613000100
(1786378274.246481) can0 38E#DD22007613000100
(1786378274.256130) can0 38F#1029E35302000000
(1786378274.256427) can0 38E#8023007613000100
(1786378274.266112) can0 38E#0E24007613000100
(1786378274.276059) can0 38F#F72AE35302000000
(1786378274.276298) can0 38E#5325007613000100
(1786378274.286090) can0 38E#B426007613000100
(1786378274.296445) can0 38F#AA2BE35302000000
(1786378274.296703) can0 38E#E927007613000100
(1786378274.306122) can0 38E#B528007613000100
(1786378274.316072) can0 38F#242CE35302000000
(1786378274.316383) can0 38E#E829007613000100
(1786378274.326203) can0 38E#0F2A007613000100
(1786378274.336297) can0 38F#792DE35302000000
(1786378274.336682) can0 38E#522B007613000100
(1786378274.346075) can0 38E#DC2C007613000100
(1786378274.356117) can0 38F#9E2EE35302000000
(1786378274.356375) can0 38E#812D007613000100
(1786378274.366242) can0 38E#662E007613000100
(1786378274.376128) can0 38F#C32FE35302000000
(1786378274.376441) can0 38E#3B2F007613000100
(1786378274.386216) can0 38E#6720007613000100
(1786378274.396272) can0 38F#9F20E35302000000
(1786378274.396689) can0 38E#3A21007613000100
(1786378274.406141) can0 38E#DD22007613000100
(1786378274.416158) can0 38F#C221E35302000000
(1786378274.416515) can0 38E#8023007613000100
(1786378274.426232) can0 38E#0E24007613000100
(1786378274.436242) can0 38F#2522E35302000000
(1786378274.436652) can0 38E#5325007613000100
(1786378274.446085) can0 38E#B426007613000100
(1786378274.456119) can0 38F#7823E35302000000
(1786378274.456484) can0 38E#E927007613000100
(1786378274.466191) can0 38E#B528007613000100
(1786378274.476144) can0 38F#F624E35302000000
(1786378274.476444) can0 38E#E829007613000100
(1786378274.486104) can0 38E#0F2A007613000100
(1786378274.496144) can0 38F#AB25E35302000000
(1786378274.496589) can0 38E#522B007613000100
(1786378274.506187) can0 38E#DC2C007613000100
(1786378274.516461) can0 38F#4C26E35302000000
(1786378274.516877) can0 38E#812D007613000100
(1786378274.526226) can0 38E#662E007613000100
(1786378274.536205) can0 38F#1127E35302000000
(1786378274.536620) can0 38E#3B2F007613000100
(1786378274.546217) can0 38E#6720007613000100
(1786378274.556073) can0 38F#4D28E35302000000
(1786378274.556393) can0 38E#3A21007613000100
(1786378274.566188) can0 38E#DD22007613000100
(1786378274.576195) can0 38F#1029E35302000000
(1786378274.576550) can0 38E#8023007613000100
(1786378274.586251) can0 38E#0E24007613000100
(1786378274.596172) can0 38F#F72AE35302000000
(1786378274.596516) can0 38E#5325007613000100
(1786378274.606214) can0 38E#B426007613000100
(1786378274.616203) can0 38F#AA2BE35302000000
(1786378274.616596) can0 38E#E927007613000100
(1786378274.626245) can0 38E#B528007613000100
(1786378274.636150) can0 38F#242CE35302000000
(1786378274.636641) can0 38E#E829007613000100
(1786378274.646126) can0 38E#0F2A007613000100
(1786378274.656041) can0 38F#792DE35302000000
(1786378274.656315) can0 38E#522B007613000100
(1786378274.666137) can0 38E#DC2C007613000100
(1786378274.676402) can0 38F#9E2EE35302000000
(1786378274.676824) can0 38E#812D007613000100
(1786378274.686169) can0 38E#662E007613000100
(1786378274.696641) can0 38F#C32FE35302000000
(1786378274.696990) can0 38E#3B2F007613000100
(1786378274.706127) can0 38E#6720007613000100
(1786378274.716064) can0 38F#9F20E35302000000
(1786378274.716363) can0 38E#3A21007613000100
(1786378274.726494) can0 38E#DD22007613000100
(1786378274.736255) can0 38F#C221E35302000000
(1786378274.736600) can0 38E#8023007613000100
(1786378274.746179) can0 38E#0E24007613000100
(1786378274.756105) can0 38F#2522E35302000000
(1786378274.756555) can0 38E#5325007613000100
(1786378274.766110) can0 38E#B426007613000100
(1786378274.776128) can0 38F#7823E35302000000
(1786378274.776463) can0 38E#E927007613000100
(1786378274.786245) can0 38E#B528007613000100
(1786378274.796324) can0 38F#F624E35302000000
(1786378274.796716) can0 38E#E829007613000100
(1786378274.806107) can0 38E#0F2A007613000100
(1786378274.816145) can0 38F#AB25E35302000000
(1786378274.816464) can0 38E#522B007613000100
(1786378274.826194) can0 38E#DC2C007613000100
(1786378274.836114) can0 38F#4C26E35302000000
(1786378274.836647) can0 38E#812D007613000100
(1786378274.846232) can0 38E#662E007613000100
(1786378274.856176) can0 38F#1127E35302000000
(1786378274.856478) can0 38E#3B2F007613000100
(1786378274.866160) can0 38E#6720007613000100
(1786378274.876055) can0 38F#4D28E35302000000
(1786378274.876314) can0 38E#3A21007613000100
(1786378274.886242) can0 38E#DD22007613000100
(1786378274.896328) can0 38F#1029E35302000000
(1786378274.896780) can0 38E#8023007613000100
(1786378274.906166) can0 38E#0E24007613000100
(1786378274.916116) can0 38F#F72AE35302000000
(1786378274.916517) can0 38E#5325007613000100
(1786378274.926166) can0 38E#B426007613000100
(1786378274.936183) can0 38F#AA2BE35302000000
(1786378274.936483) can0 38E#E927007613000100
(1786378274.946517) can0 38E#B528007613000100
(1786378274.956131) can0 38F#242CE35302000000
(1786378274.956408) can0 38E#E829007613000100
(1786378274.966117) can0 38E#0F2A007613000100
(1786378274.976096) can0 38F#792DE35302000000
(1786378274.976402) can0 38E#522B007613000100
(1786378274.986085) can0 38E#DC2C007613000100
(1786378274.996227) can0 38F#9E2EE35302000000
(1786378274.996507) can0 38E#812D007613000100
(1786378275.006109) can0 38E#662E007613000100
(1786378275.016250) can0 38F#C32FE35302000000
(1786378275.016643) can0 38E#3B2F007613000100
(1786378275.026174) can0 38E#6720007613000100
(1786378275.036161) can0 38F#9F20E35302000000
(1786378275.036519) can0 38E#3A21007613000100
(1786378275.046227) can0 38E#DD22007613000100
(1786378275.056105) can0 38F#C221E35302000000
(1786378275.056398) can0 38E#8023007613000100
(1786378275.066185) can0 38E#0E24007613000100
(1786378275.076117) can0 38F#2522E35302000000
(1786378275.076377) can0 38E#5325007613000100
(1786378275.086156) can0 38E#B426007613000100
(1786378275.096088) can0 38F#7823E35302000000
(1786378275.096401) can0 38E#E927007613000100
(1786378275.106411) can0 38E#B528007613000100
(1786378275.116095) can0 38F#F624E35302000000
(1786378275.116415) can0 38E#E829007613000100
(1786378275.126173) can0 38E#0F2A007613000100
(1786378275.136189) can0 38F#AB25E35302000000
(1786378275.136523) can0 38E#522B007613000100
(1786378275.146120) can0 38E#DC2C007613000100
(1786378275.156177) can0 38F#4C26E35302000000
(1786378275.156486) can0 38E#812D007613000100
(1786378275.166203) can0 38E#662E007613000100
(1786378275.176095) can0 38F#1127E35302000000
(1786378275.176400) can0 38E#3B2F007613000100
(1786378275.186140) can0 38E#6720007613000100
(1786378275.196150) can0 38F#4D28E35302000000
(1786378275.196580) can0 38E#3A21007613000100
(1786378275.206209) can0 38E#DD22007613000100
(1786378275.216080) can0 38F#1029E35302000000
(1786378275.216391) can0 38E#8023007613000100
(1786378275.226193) can0 38E#0E24007613000100
(1786378275.236143) can0 38F#F72AE35302000000
(1786378275.236587) can0 38E#5325007613000100
(1786378275.246178) can0 38E#B426007613000100
(1786378275.256206) can0 38F#AA2BE35302000000
(1786378275.256530) can0 38E#E927007613000100
(1786378275.266047) can0 38E#B528007613000100
(1786378275.276131) can0 38F#242CE35302000000
(1786378275.276426) can0 38E#E829007613000100
(1786378275.286155) can0 38E#0F2A007613000100
(1786378275.296520) can0 38F#792DE35302000000
(1786378275.296998) can0 38E#522B007613000100
(1786378275.306106) can0 38E#DC2C007613000100
(1786378275.316251) can0 38F#9E2EE35302000000
(1786378275.316770) can0 38E#812D007613000100
(1786378275.326136) can0 38E#662E007613000100
(1786378275.336158) can0 38F#C32FE35302000000
(1786378275.336499) can0 38E#3B2F007613000100
(1786378275.346106) can0 38E#6720007613000100
(1786378275.356030) can0 38F#9F20E35302000000
(1786378275.356304) can0 38E#3A21007613000100
(1786378275.366112) can0 38E#DD22007613000100
(1786378275.376409) can0 38F#C221E35302000000
(1786378275.376669) can0 38E#8023007613000100
(1786378275.386163) can0 38E#0E24007613000100
(1786378275.396013) can0 38F#2522E35302000000
(1786378275.396295) can0 38E#5325007613000100
(1786378275.406068) can0 38E#B426007613000100
(1786378275.416062) can0 38F#7823E35302000000
(1786378275.416337) can0 38E#E927007613000100
(1786378275.426173) can0 38E#B528007613000100
(1786378275.436274) can0 38F#F624E35302000000
(1786378275.436729) can0 38E#E829007613000100
(1786378275.446256) can0 38E#0F2A007613000100
(1786378275.456122) can0 38F#AB25E35302000000
(1786378275.456482) can0 38E#522B007613000100
(1786378275.466141) can0 38E#DC2C007613000100
(1786378275.476127) can0 38F#4C26E35302000000
(1786378275.476409) can0 38E#812D007613000100
(1786378275.486121) can0 38E#662E007613000100
(1786378275.496116) can0 38F#1127E35302000000
(1786378275.496408) can0 38E#3B2F007613000100
(1786378275.506130) can0 38E#6720007613000100
(1786378275.515984) can0 38F#4D28E35302000000
(1786378275.516295) can0 38E#3A21007613000100
(1786378275.526159) can0 38E#DD22007613000100
(1786378275.536188) can0 38F#1029E35302000000
(1786378275.536541) can0 38E#8023007613000100
(1786378275.546247) can0 38E#0E24007613000100
(1786378275.556156) can0 38F#F72AE35302000000
(1786378275.556470) can0 38E#5325007613000100
(1786378275.566097) can0 38E#B426007613000100
(1786378275.576104) can0 38F#AA2BE35302000000
(1786378275.576398) can0 38E#E927007613000100
(1786378275.586411) can0 38E#B528007613000100
(1786378275.596087) can0 38F#242CE35302000000
(1786378275.596434) can0 38E#E829007613000100
(1786378275.606065) can0 38E#0F2A007613000100
(1786378275.616194) can0 38F#792DE35302000000
(1786378275.616649) can0 38E#522B007613000100
(1786378275.626107) can0 38E#DC2C007613000100
(1786378275.636170) can0 38F#9E2EE35302000000
(1786378275.636617) can0 38E#812D007613000100
(1786378275.646062) can0 38E#662E007613000100
(1786378275.656065) can0 38F#C32FE35302000000
(1786378275.656323) can0 38E#3B2F007613000100
(1786378275.666104) can0 38E#6720007613000100
(1786378275.676080) can0 38F#9F20E35302000000
(1786378275.676367) can0 38E#3A21007613000100
(1786378275.686167) can0 38E#DD22007613000100
(1786378275.696263) can0 38F#C221E35302000000
(1786378275.696673) can0 38E#8023007613000100
(1786378275.706166) can0 38E#0E24007613000100
(1786378275.716178) can0 38F#2522E35302000000
(1786378275.716596) can0 38E#5325007613000100
(1786378275.726539) can0 38E#B426007613000100
(1786378275.736253) can0 38F#7823E35302000000
(1786378275.736684) can0 38E#E927007613000100
(1786378275.746233) can0 38E#B528007613000100
(1786378275.756152) can0 38F#F624E35302000000
(1786378275.756547) can0 38E#E829007613000100
(1786378275.766119) can0 38E#0F2A007613000100
(1786378275.776213) can0 38F#AB25E35302000000
(1786378275.776586) can0 38E#522B007613000100
(1786378275.786142) can0 38E#DC2C007613000100
(1786378275.796209) can0 38F#4C26E35302000000
(1786378275.796625) can0 38E#812D007613000100
(1786378275.806489) can0 38E#662E007613000100
(1786378275.816133) can0 38F#1127E35302000000
(1786378275.816441) can0 38E#3B2F007613000100
(1786378275.826121) can0 38E#6720007613000100
(1786378275.836102) can0 38F#4D28E35302000000
(1786378275.836488) can0 38E#3A21007613000100
(1786378275.846135) can0 38E#DD22007613000100
(1786378275.856181) can0 38F#1029E35302000000
(1786378275.856529) can0 38E#8023007613000100
(1786378275.866123) can0 38E#0E24007613000100
(1786378275.876051) can0 38F#F72AE35302000000
(1786378275.876381) can0 38E#5325007613000100
(1786378275.886060) can0 38E#B426007613000100
(1786378275.896188) can0 38F#AA2BE35302000000
(1786378275.896485) can0 38E#E927007613000100
(1786378275.906103) can0 38E#B528007613000100
(1786378275.916048) can0 38F#242CE35302000000
(1786378275.916340) can0 38E#E829007613000100
(1786378275.926111) can0 38E#0F2A007613000100
(1786378275.936178) can0 38F#792DE35302000000
(1786378275.936551) can0 38E#522B007613000100
(1786378275.946099) can0 38E#DC2C007613000100
(1786378275.956011) can0 38F#9E2EE35302000000
(1786378275.956278) can0 38E#812D007613000100
(1786378275.966420) can0 38E#662E007613000100
(1786378275.976105) can0 38F#C32FE35302000000
(1786378275.976361) can0 38E#3B2F007613000100
(1786378275.986161) can0 38E#6720007613000100
(1786378275.996272) can0 38F#9F20E35302000000
(1786378275.996643) can0 38E#3A21007613000100
(1786378276.006123) can0 38E#DD22007613000100
(1786378276.016232) can0 38F#C221E35302000000
(1786378276.016688) can0 38E#8023007613000100
(1786378276.026131) can0 38E#0E24007613000100
(1786378276.036103) can0 38F#2522E35302000000
(1786378276.036592) can0 38E#5325007613000100
(1786378276.046097) can0 38E#B426007613000100
(1786378276.056057) can0 38F#7823E35302000000
(1786378276.056368) can0 38E#E927007613000100
(1786378276.066081) can0 38E#B528007613000100
(1786378276.076073) can0 38F#F624E35302000000
(1786378276.076331) can0 38E#E829007613000100
(1786378276.086130) can0 38E#0F2A007613000100
(1786378276.096104) can0 38F#AB25E35302000000
(1786378276.096528) can0 38E#522B007613000100
(1786378276.106072) can0 38E#DC2C007613000100
(1786378276.116047) can0 38F#4C26E35302000000
(1786378276.116323) can0 38E#812D007613000100
(1786378276.126136) can0 38E#662E007613000100
(1786378276.136103) can0 38F#1127E35302000000
(1786378276.136431) can0 38E#3B2F007613000100
(1786378276.146164) can0 38E#6720007613000100
(1786378276.156198) can0 38F#4D28E35302000000
(1786378276.156513) can0 38E#3A21007613000100
(1786378276.166036) can0 38E#DD22007613000100
(1786378276.176036) can0 38F#1029E35302000000
(1786378276.176350) can0 38E#8023007613000100
(1786378276.186082) can0 38E#0E24007613000100
(1786378276.196414) can0 38F#F72AE35302000000
(1786378276.196728) can0 38E#5325007613000100
(1786378276.206156) can0 38E#B426007613000100
(1786378276.216081) can0 38F#AA2BE35302000000
(1786378276.216369) can0 38E#E927007613000100
(1786378276.226155) can0 38E#B528007613000100
(1786378276.236243) can0 38F#242CE35302000000
(1786378276.236629) can0 38E#E829007613000100
(1786378276.246080) can0 38E#0F2A007613000100
(1786378276.256084) can0 38F#792DE35302000000
(1786378276.256380) can0 38E#522B007613000100
(1786378276.266173) can0 38E#DC2C007613000100
(1786378276.276102) can0 38F#9E2EE35302000000
(1786378276.276497) can0 38E#812D007613000100
(1786378276.286191) can0 38E#662E007613000100
(1786378276.296308) can0 38F#C32FE35302000000
(1786378276.296765) can0 38E#3B2F007613000100
(1786378276.306099) can0 38E#6720007613000100
(1786378276.316066) can0 38F#9F20E35302000000
(1786378276.316355) can0 38E#3A21007613000100
(1786378276.326124) can0 38E#DD22007613000100
(1786378276.336143) can0 38F#C221E35302000000
(1786378276.336552) can0 38E#8023007613000100
(1786378276.346128) can0 38E#0E24007613000100
(1786378276.356082) can0 38F#2522E35302000000
(1786378276.356475) can0 38E#5325007613000100
(1786378276.366190) can0 38E#B426007613000100
(1786378276.376120) can0 38F#7823E35302000000
(1786378276.376494) can0 38E#E927007613000100
(1786378276.386095) can0 38E#B528007613000100
(1786378276.396458) can0 38F#F624E35302000000
(1786378276.396745) can0 38E#E829007613000100
(1786378276.406150) can0 38E#0F2A007613000100
(1786378276.416158) can0 38F#AB25E35302000000
(1786378276.416479) can0 38E#522B007613000100
(1786378276.426095) can0 38E#DC2C007613000100
(1786378276.436092) can0 38F#4C26E35302000000
(1786378276.436642) can0 38E#812D007613000100
(1786378276.446425) can0 38E#662E007613000100
(1786378276.456106) can0 38F#1127E35302000000
(1786378276.456406) can0 38E#3B2F007613000100
(1786378276.466082) can0 38E#6720007613000100
(1786378276.476053) can0 38F#4D28E35302000000
(1786378276.476336) can0 38E#3A21007613000100
(1786378276.486189) can0 38E#6322007513000100
(1786378276.496299) can0 38F#1029E35302000000
(1786378276.496696) can0 38E#3E23007513000100
(1786378276.506165) can0 38E#DA24007413000100
(1786378276.516164) can0 38F#F72AE35302000000
(1786378276.516525) can0 38E#E625007213000100
(1786378276.526129) can0 38E#D526007013000100
(1786378276.536230) can0 38F#AA2BE35302000000
(1786378276.536675) can0 38E#CE27006D13000100
(1786378276.546466) can0 38E#9928006A13000100
(1786378276.556066) can0 38F#242CE35302000000
(1786378276.556392) can0 38E#6C29006713000100
(1786378276.566070) can0 38E#352A006413000100
(1786378276.576108) can0 38F#792DE35302000000
(1786378276.576371) can0 38E#092B006213000100
(1786378276.586472) can0 38E#392C006113000100
(1786378276.596279) can0 38F#9E2EE35302000000
(1786378276.596749) can0 38E#BB2D006413000100
(1786378276.606110) can0 38E#F42E006913000100
(1786378276.616064) can0 38F#C32FE35302000000
(1786378276.616346) can0 38E#A22F006E13000100
(1786378276.626493) can0 38E#6C20007113000100
(1786378276.636235) can0 38F#9F20E35302000000
(1786378276.636834) can0 38E#8421007513000100
(1786378276.646145) can0 38E#7522007B13000100
(1786378276.656462) can0 38F#C221E35302000000
(1786378276.656850) can0 38E#A623008213000100
(1786378276.666481) can0 38E#E124008913000100
(1786378276.676210) can0 38F#2522E35302000000
(1786378276.676553) can0 38E#4F25009013000100
(1786378276.686197) can0 38E#A326009713000100
(1786378276.696166) can0 38F#7823E35302000000
(1786378276.696505) can0 38E#E327009E13000100
(1786378276.706141) can0 38E#592800A513000100
(1786378276.716367) can0 38F#F624E35302000000
(1786378276.716688) can0 38E#782900AA13000100
(1786378276.726619) can0 38E#402A00AF13000100
(1786378276.736170) can0 38F#AB25E35302000000
(1786378276.736585) can0 38E#E52B00B113000100
(1786378276.746199) can0 38E#B42C00B413000100
(1786378276.756119) can0 38F#4C26E35302000000
(1786378276.756418) can0 38E#3D2D00B613000100
(1786378276.766407) can0 38E#DA2E00B613000100
(1786378276.776090) can0 38F#1127E35302000000
(1786378276.776402) can0 38E#872F00B613000100
(1786378276.786226) can0 38E#B12000B713000100
(1786378276.796374) can0 38F#4D28E35302000000
(1786378276.796890) can0 38E#2E2100BB13000100
(1786378276.806143) can0 38E#C92200BB13000100
(1786378276.816041) can0 38F#1029E35302000000
(1786378276.816345) can0 38E#942300BB13000100
(1786378276.826490) can0 38E#1A2400BB13000100
(1786378276.836368) can0 38F#F72AE35302000000
(1786378276.836864) can0 38E#4C2500BC13000100
(1786378276.846466) can0 38E#D92600C013000100
(1786378276.856087) can0 38F#AA2BE35302000000
(1786378276.856341) can0 38E#5B2700C513000100
(1786378276.866125) can0 38E#C52800C913000100
(1786378276.876403) can0 38F#242CE35302000000
(1786378276.876737) can0 38E#2D2900CD13000100
(1786378276.886526) can0 38E#E62A00D113000100
(1786378276.896182) can0 38F#792DE35302000000
(1786378276.896531) can0 38E#DA2B00D713000100
(1786378276.906113) can0 38E#492C00DE13000100
(1786378276.916101) can0 38F#9E2EE35302000000
(1786378276.916442) can0 38E#4C2D00E613000100
(1786378276.926329) can0 38E#242E00F013000100
(1786378276.936371) can0 38F#C32FE35302000000
(1786378276.936840) can0 38E#B02F00FB13000100
(1786378276.946434) can0 38E#4920000714000100
(1786378276.956018) can0 38F#9F20E35302000000
(1786378276.956288) can0 38E#4421001414000100
(1786378276.966186) can0 38E#3222002714000100
(1786378276.976147) can0 38F#C221E35302000000
(1786378276.976426) can0 38E#4823003C14000100
(1786378276.986132) can0 38E#3B24005614000100
(1786378276.996219) can0 38F#2522E35302000000
(1786378276.996552) can0 38E#1225007214000100
(1786378277.006407) can0 38E#3626009114000100
(1786378277.016419) can0 38F#7823E35302000000
(1786378277.016769) can0 38E#142700B214000100
(1786378277.026146) can0 38E#772800D414000100
(1786378277.036122) can0 38F#F624E35302000000
(1786378277.036494) can0 38E#812900F514000100
(1786378277.046323) can0 38E#8D2A001215000100
(1786378277.056416) can0 38F#AB25E35302000000
(1786378277.056719) can0 38E#572B002F15000100
(1786378277.066134) can0 38E#F02C004715000100
(1786378277.076055) can0 38F#4C26E35302000000
(1786378277.076392) can0 38E#812D005B15000100
(1786378277.086505) can0 38E#422E006C15000100
(1786378277.096542) can0 38F#1127E35302000000
(1786378277.097016) can0 38E#9B2F007D15000100
(1786378277.106419) can0 38E#8B20008815000100
(1786378277.116104) can0 38F#4D28E35302000000
(1786378277.116677) can0 38E#4421009715000100
(1786378277.126122) can0 38E#322200A415000100
(1786378277.136171) can0 38F#1029E35302000000
(1786378277.136645) can0 38E#A62300AF15000100
(1786378277.146679) can0 38E#732400BB15000100
(1786378277.156064) can0 38F#F72AE35302000000
(1786378277.156423) can0 38E#4A2500C915000100
(1786378277.166057) can0 38E#3F2600D615000100
(1786378277.176119) can0 38F#AA2BE35302000000
(1786378277.176536) can0 38E#922700E315000100
(1786378277.186207) can0 38E#4A2800F215000100
(1786378277.196568) can0 38F#242CE35302000000
(1786378277.196987) can0 38E#EA29000016000100
(1786378277.206174) can0 38E#C42A000B16000100
(1786378277.216436) can0 38F#792DE35302000000
(1786378277.216827) can0 38E#0B2B001416000100
(1786378277.226420) can0 38E#F92C001B16000100
(1786378277.236035) can0 38F#9E2EE35302000000
(1786378277.236454) can0 38E#962D002216000100
(1786378277.246116) can0 38E#D22E002816000100
(1786378277.256448) can0 38F#C32FE35302000000
(1786378277.256754) can0 38E#3A2F002C16000100
(1786378277.266180) can0 38E#D820002F16000100
(1786378277.276429) can0 38F#9F20E35302000000
(1786378277.276750) can0 38E#7D21003116000100
(1786378277.286078) can0 38E#4522003416000100
(1786378277.296135) can0 38F#C221E35302000000
(1786378277.296499) can0 38E#A623003716000100
(1786378277.306469) can0 38E#8024003A16000100
(1786378277.316106) can0 38F#2522E35302000000
(1786378277.316410) can0 38E#D625003D16000100
(1786378277.326147) can0 38E#4326004116000100
(1786378277.336144) can0 38F#7823E35302000000
(1786378277.336553) can0 38E#CA27004316000100
(1786378277.346313) can0 38E#9D28004416000100
(1786378277.356070) can0 38F#F624E35302000000
(1786378277.356453) can0 38E#C029004416000100
(1786378277.366054) can0 38E#F32A004616000100
(1786378277.376142) can0 38F#AB25E35302000000
(1786378277.376462) can0 38E#B82B004816000100
(1786378277.386102) can0 38E#5C2C004916000100
(1786378277.396123) can0 38F#4C26E35302000000
(1786378277.396524) can0 38E#BF2D004A16000100
(1786378277.406399) can0 38E#322E004B16000100
(1786378277.416040) can0 38F#1127E35302000000
(1786378277.416352) can0 38E#6F2F004B16000100
(1786378277.426146) can0 38E#3820004C16000100
(1786378277.436432) can0 38F#4D28E35302000000
(1786378277.436879) can0 38E#6521004C16000100
(1786378277.446517) can0 38E#5622004E16000100
(1786378277.456082) can0 38F#1029E35302000000
(1786378277.456386) can0 38E#0B23004E16000100
(1786378277.466032) can0 38E#8524004E16000100
(1786378277.476081) can0 38F#F72AE35302000000
(1786378277.476344) can0 38E#D825004E16000100
(1786378277.486467) can0 38E#C726005016000100
(1786378277.496089) can0 38F#AA2BE35302000000
(1786378277.496397) can0 38E#9A27005016000100
(1786378277.506069) can0 38E#AC28005116000100
(1786378277.516219) can0 38F#242CE35302000000
(1786378277.516660) can0 38E#2529005316000100
(1786378277.526486) can0 38E#A32A005516000100
(1786378277.536195) can0 38F#792DE35302000000
(1786378277.536638) can0 38E#562B005816000100
(1786378277.546080) can0 38E#0C2C005A16000100
(1786378277.556089) can0 38F#9E2EE35302000000
(1786378277.556394) can0 38E#5A2D005D16000100
(1786378277.566077) can0 38E#3A2E006016000100
(1786378277.576406) can0 38F#C32FE35302000000
(1786378277.576653) can0 38E#D92F006316000100
(1786378277.586374) can0 38E#5A20006616000100
(1786378277.596138) can0 38F#9F20E35302000000
(1786378277.596489) can0 38E#C521006A16000100
(1786378277.606061) can0 38E#2922006D16000100
(1786378277.616080) can0 38F#C221E35302000000
(1786378277.616395) can0 38E#3223007016000100
(1786378277.626630) can0 38E#0924007416000100
(1786378277.636153) can0 38F#2522E35302000000
(1786378277.636742) can0 38E#8025007616000100
(1786378277.646495) can0 38E#A526007A16000100
(1786378277.656512) can0 38F#7823E35302000000
(1786378277.656883) can0 38E#F327007D16000100
(1786378277.665989) can0 38E#9428008016000100
(1786378277.676068) can0 38F#F624E35302000000
(1786378277.676390) can0 38E#1D29008216000100
(1786378277.686460) can0 38E#4F2A008616000100
(1786378277.696158) can0 38F#AB25E35302000000
(1786378277.696451) can0 38E#782B008716000100
(1786378277.706403) can0 38E#E02C008916000100
(1786378277.716009) can0 38F#4C26E35302000000
(1786378277.716364) can0 38E#692D008B16000100
(1786378277.726112) can0 38E#852E008C16000100
(1786378277.736495) can0 38F#1127E35302000000
(1786378277.736796) can0 38E#0C2F008E16000100
(1786378277.746105) can0 38E#A820009016000100
(1786378277.756073) can0 38F#4D28E35302000000
(1786378277.756334) can0 38E#F521009016000100
(1786378277.766159) can0 38E#C622009216000100
(1786378277.776140) can0 38F#1029E35302000000
(1786378277.776509) can0 38E#F123009316000100
(1786378277.786096) can0 38E#7424009416000100
(1786378277.796097) can0 38F#F72AE35302000000
(1786378277.796381) can0 38E#2925009416000100
(1786378277.806132) can0 38E#A426009516000100
(1786378277.816135) can0 38F#AA2BE35302000000
(1786378277.816679) can0 38E#4727009616000100
(1786378277.826150) can0 38E#1B28009616000100
(1786378277.836161) can0 38F#242CE35302000000
(1786378277.836750) can0 38E#4629009616000100
(1786378277.846086) can0 38E#A12A009616000100
(1786378277.856133) can0 38F#792DE35302000000
(1786378277.856419) can0 38E#962B009716000100
(1786378277.866090) can0 38E#642C009816000100
(1786378277.876351) can0 38F#9E2EE35302000000
(1786378277.876668) can0 38E#532D009916000100
(1786378277.886042) can0 38E#B42E009916000100
(1786378277.896047) can0 38F#C32FE35302000000
(1786378277.896442) can0 38E#E92F009916000100
(1786378277.906063) can0 38E#B520009916000100
(1786378277.916475) can0 38F#9F20E35302000000
(1786378277.916888) can0 38E#5621009A16000100
(1786378277.926149) can0 38E#B122009A16000100
(1786378277.936057) can0 38F#C221E35302000000
(1786378277.936462) can0 38E#EC23009A16000100
(1786378277.946428) can0 38E#DC24009916000100
(1786378277.956411) can0 38F#2522E35302000000
(1786378277.956706) can0 38E#3F25009A16000100
(1786378277.966178) can0 38E#B226009B16000100
(1786378277.976108) can0 38F#7823E35302000000
(1786378277.976461) can0 38E#8527009A16000100
(1786378277.986137) can0 38E#D928009A16000100
(1786378277.996113) can0 38F#F624E35302000000
(1786378277.996545) can0 38E#EE29009B16000100
(1786378278.006435) can0 38E#632A009A16000100
(1786378278.016080) can0 38F#AB25E35302000000
(1786378278.016401) can0 38E#3E2B009A16000100
(1786378278.026146) can0 38E#B02C009A16000100
(1786378278.036045) can0 38F#4C26E35302000000
(1786378278.036436) can0 38E#ED2D009A16000100
(1786378278.046146) can0 38E#0A2E009A16000100
(1786378278.056080) can0 38F#1127E35302000000
(1786378278.056480) can0 38E#572F009A16000100
(1786378278.066070) can0 38E#0B20009A16000100
(1786378278.076084) can0 38F#4D28E35302000000
(1786378278.076349) can0 38E#5621009A16000100
(1786378278.086182) can0 38E#B122009A16000100
(1786378278.096067) can0 38F#1029E35302000000
(1786378278.096403) can0 38E#EC23009A16000100
(1786378278.106068) can0 38E#0824009B16000100
(1786378278.116126) can0 38F#F72AE35302000000
(1786378278.116398) can0 38E#3F25009A16000100
(1786378278.126220) can0 38E#B226009B16000100
(1786378278.136109) can0 38F#AA2BE35302000000
(1786378278.136537) can0 38E#8527009A16000100
(1786378278.146043) can0 38E#D928009A16000100
(1786378278.156012) can0 38F#242CE35302000000
(1786378278.156309) can0 38E#EE29009B16000100
(1786378278.166380) can0 38E#632A009A16000100
(1786378278.176049) can0 38F#792DE35302000000
(1786378278.176347) can0 38E#3E2B009A16000100
(1786378278.186082) can0 38E#B02C009A16000100
(1786378278.196113) can0 38F#9E2EE35302000000
(1786378278.196575) can0 38E#ED2D009A16000100
(1786378278.206161) can0 38E#0A2E009A16000100
(1786378278.216103) can0 38F#C32FE35302000000
(1786378278.216366) can0 38E#572F009A16000100
(1786378278.226072) can0 38E#0B20009A16000100
(1786378278.236059) can0 38F#9F20E35302000000
(1786378278.236490) can0 38E#5621009A16000100
(1786378278.246050) can0 38E#B122009A16000100
(1786378278.256030) can0 38F#C221E35302000000
(1786378278.256337) can0 38E#EC23009A16000100
(1786378278.266080) can0 38E#6224009A16000100
(1786378278.276060) can0 38F#2522E35302000000
(1786378278.276415) can0 38E#3F25009A16000100
(1786378278.286168) can0 38E#D826009A16000100
(1786378278.296282) can0 38F#7823E35302000000
(1786378278.296723) can0 38E#3B27009916000100
(1786378278.306418) can0 38E#6728009916000100
(1786378278.316020) can0 38F#F624E35302000000
(1786378278.316354) can0 38E#3A29009916000100
(1786378278.326041) can0 38E#DD2A009916000100
(1786378278.336124) can0 38F#AB25E35302000000
(1786378278.336495) can0 38E#802B009916000100
(1786378278.346228) can0 38E#0E2C009916000100
(1786378278.356054) can0 38F#4C26E35302000000
(1786378278.356432) can0 38E#532D009916000100
(1786378278.365978) can0 38E#DE2E009816000100
(1786378278.376046) can0 38F#1127E35302000000
(1786378278.376317) can0 38E#832F009816000100
(1786378278.386368) can0 38E#DF20009816000100
(1786378278.396068) can0 38F#4D28E35302000000
(1786378278.396349) can0 38E#8221009816000100
(1786378278.406083) can0 38E#1922009716000100
(1786378278.416003) can0 38F#1029E35302000000
(1786378278.416327) can0 38E#4423009716000100
(1786378278.426044) can0 38E#A024009616000100
(1786378278.436117) can0 38F#F72AE35302000000
(1786378278.436454) can0 38E#FD25009616000100
(1786378278.446261) can0 38E#1A26009616000100
(1786378278.456014) can0 38F#AA2BE35302000000
(1786378278.456288) can0 38E#4727009616000100
(1786378278.465968) can0 38E#1B28009616000100
(1786378278.476103) can0 38F#242CE35302000000
(1786378278.476461) can0 38E#4629009616000100
(1786378278.486173) can0 38E#1F2A009516000100
(1786378278.496050) can0 38F#792DE35302000000
(1786378278.496329) can0 38E#422B009516000100
(1786378278.506092) can0 38E#CC2C009516000100
(1786378278.516089) can0 38F#9E2EE35302000000
(1786378278.516375) can0 38E#912D009516000100
(1786378278.526033) can0 38E#762E009516000100
(1786378278.536047) can0 38F#C32FE35302000000
(1786378278.536594) can0 38E#2B2F009516000100
(1786378278.546451) can0 38E#7720009516000100
(1786378278.556079) can0 38F#9F20E35302000000
(1786378278.556374) can0 38E#2A21009516000100
(1786378278.566172) can0 38E#CD22009516000100
(1786378278.576080) can0 38F#C221E35302000000
(1786378278.576430) can0 38E#9023009516000100
(1786378278.586071) can0 38E#1E24009516000100
(1786378278.596446) can0 38F#2522E35302000000
(1786378278.596832) can0 38E#4325009516000100
(1786378278.606087) can0 38E#A426009516000100
(1786378278.616029) can0 38F#7823E35302000000
(1786378278.616303) can0 38E#F927009516000100
(1786378278.626034) can0 38E#A528009516000100
(1786378278.636117) can0 38F#F624E35302000000
(1786378278.636520) can0 38E#F829009516000100
(1786378278.646117) can0 38E#1F2A009516000100
(1786378278.656082) can0 38F#AB25E35302000000
(1786378278.656396) can0 38E#422B009516000100
(1786378278.666169) can0 38E#CC2C009516000100
(1786378278.675971) can0 38F#4C26E35302000000
(1786378278.676383) can0 38E#912D009516000100
(1786378278.686038) can0 38E#762E009516000100
(1786378278.696172) can0 38F#1127E35302000000
(1786378278.696488) can0 38E#2B2F009516000100
(1786378278.706084) can0 38E#7720009516000100
(1786378278.716061) can0 38F#4D28E35302000000
(1786378278.716479) can0 38E#2A21009516000100
(1786378278.726099) can0 38E#CD22009516000100
(1786378278.736242) can0 38F#1029E35302000000
(1786378278.736753) can0 38E#9023009516000100
(1786378278.746118) can0 38E#1E24009516000100
(1786378278.756023) can0 38F#F72AE35302000000
(1786378278.756288) can0 38E#4325009516000100
(1786378278.766215) can0 38E#A426009516000100
(1786378278.776100) can0 38F#AA2BE35302000000
(1786378278.776449) can0 38E#F927009516000100
(1786378278.786059) can0 38E#A528009516000100
(1786378278.796076) can0 38F#242CE35302000000
(1786378278.796471) can0 38E#F829009516000100
(1786378278.806117) can0 38E#1F2A009516000100
(1786378278.816454) can0 38F#792DE35302000000
(1786378278.816939) can0 38E#422B009516000100
(1786378278.826089) can0 38E#CC2C009516000100
(1786378278.836037) can0 38F#9E2EE35302000000
(1786378278.836443) can0 38E#912D009516000100
(1786378278.846202) can0 38E#762E009516000100
(1786378278.856045) can0 38F#C32FE35302000000
(1786378278.856351) can0 38E#2B2F009516000100
(1786378278.866187) can0 38E#7720009516000100
(1786378278.876152) can0 38F#9F20E35302000000
(1786378278.876518) can0 38E#2A21009516000100
(1786378278.886189) can0 38E#CD22009516000100
(1786378278.896177) can0 38F#C221E35302000000
(1786378278.896633) can0 38E#9023009516000100
(1786378278.906120) can0 38E#1E24009516000100
(1786378278.916094) can0 38F#2522E35302000000
(1786378278.916537) can0 38E#4325009516000100
(1786378278.926122) can0 38E#A426009516000100
(1786378278.936072) can0 38F#7823E35302000000
(1786378278.936581) can0 38E#F927009516000100
(1786378278.946141) can0 38E#A528009516000100
(1786378278.955970) can0 38F#F624E35302000000
(1786378278.956324) can0 38E#F829009516000100
(1786378278.966134) can0 38E#1F2A009516000100
(1786378278.976368) can0 38F#AB25E35302000000
(1786378278.976925) can0 38E#422B009516000100
(1786378278.986173) can0 38E#CC2C009516000100
(1786378278.996129) can0 38F#4C26E35302000000
(1786378278.996499) can0 38E#912D009516000100
(1786378279.006067) can0 38E#762E009516000100
(1786378279.016065) can0 38F#1127E35302000000
(1786378279.016442) can0 38E#2B2F009516000100
(1786378279.026344) can0 38E#7720009516000100
(1786378279.036128) can0 38F#4D28E35302000000
(1786378279.036438) can0 38E#2A21009516000100
(1786378279.046190) can0 38E#CD22009516000100
(1786378279.055999) can0 38F#1029E35302000000
(1786378279.056261) can0 38E#9023009516000100
(1786378279.066027) can0 38E#1E24009516000100
(1786378279.076010) can0 38F#F72AE35302000000
(1786378279.076306) can0 38E#4325009516000100
(1786378279.086007) can0 38E#A426009516000100
(1786378279.096085) can0 38F#AA2BE35302000000
(1786378279.096395) can0 38E#F927009516000100
(1786378279.105998) can0 38E#A528009516000100
(1786378279.115979) can0 38F#242CE35302000000
(1786378279.116340) can0 38E#F829009516000100
(1786378279.126067) can0 38E#1F2A009516000100
(1786378279.136026) can0 38F#792DE35302000000
(1786378279.136396) can0 38E#422B009516000100
(1786378279.146143) can0 38E#CC2C009516000100
(1786378279.156058) can0 38F#9E2EE35302000000
(1786378279.156311) can0 38E#912D009516000100
(1786378279.166050) can0 38E#762E009516000100
(1786378279.176031) can0 38F#C32FE35302000000
(1786378279.176386) can0 38E#2B2F009516000100
(1786378279.186135) can0 38E#7720009516000100
(1786378279.196041) can0 38F#9F20E35302000000
(1786378279.196391) can0 38E#2A21009516000100
(1786378279.206061) can0 38E#CD22009516000100
(1786378279.216126) can0 38F#C221E35302000000
(1786378279.216795) can0 38E#9023009516000100
(1786378279.226074) can0 38E#1E24009516000100
(1786378279.236042) can0 38F#2522E35302000000
(1786378279.236493) can0 38E#4325009516000100
(1786378279.246480) can0 38E#A426009516000100
(1786378279.256144) can0 38F#7823E35302000000
(1786378279.256473) can0 38E#F927009516000100
(1786378279.266066) can0 38E#A528009516000100
(1786378279.276049) can0 38F#F624E35302000000
(1786378279.276443) can0 38E#F829009516000100
(1786378279.286194) can0 38E#1F2A009516000100
(1786378279.296066) can0 38F#AB25E35302000000
(1786378279.296365) can0 38E#422B009516000100
(1786378279.306077) can0 38E#CC2C009516000100
(1786378279.316164) can0 38F#4C26E35302000000
(1786378279.316560) can0 38E#912D009516000100
(1786378279.326043) can0 38E#762E009516000100
(1786378279.336076) can0 38F#1127E35302000000
(1786378279.336447) can0 38E#2B2F009516000100
(1786378279.346156) can0 38E#7720009516000100
(1786378279.356013) can0 38F#4D28E35302000000
(1786378279.356369) can0 38E#2A21009516000100
(1786378279.366069) can0 38E#CD22009516000100
(1786378279.376135) can0 38F#1029E35302000000
(1786378279.376432) can0 38E#9023009516000100
(1786378279.385976) can0 38E#1E24009516000100
(1786378279.395984) can0 38F#F72AE35302000000
(1786378279.396297) can0 38E#4325009516000100
(1786378279.406033) can0 38E#A426009516000100
(1786378279.415997) can0 38F#AA2BE35302000000
(1786378279.416342) can0 38E#F927009516000100
(1786378279.426159) can0 38E#A528009516000100
(1786378279.436084) can0 38F#242CE35302000000
(1786378279.436406) can0 38E#F829009516000100
(1786378279.446061) can0 38E#1F2A009516000100
(1786378279.456368) can0 38F#792DE35302000000
(1786378279.456691) can0 38E#422B009516000100
(1786378279.466000) can0 38E#CC2C009516000100
(1786378279.476042) can0 38F#9E2EE35302000000
(1786378279.476494) can0 38E#912D009516000100
(1786378279.486132) can0 38E#762E009516000100
(1786378279.496149) can0 38F#C32FE35302000000
(1786378279.496526) can0 38E#2B2F009516000100
(1786378279.506043) can0 38E#7720009516000100
(1786378279.516077) can0 38F#9F20E35302000000
(1786378279.516521) can0 38E#2A21009516000100
(1786378279.526071) can0 38E#CD22009516000100
(1786378279.536103) can0 38F#C221E35302000000
(1786378279.536521) can0 38E#9023009516000100
(1786378279.545977) can0 38E#1E24009516000100
(1786378279.555961) can0 38F#2522E35302000000
(1786378279.556291) can0 38E#4325009516000100
(1786378279.565995) can0 38E#A426009516000100
(1786378279.576062) can0 38F#7823E35302000000
(1786378279.576455) can0 38E#F927009516000100
(1786378279.586141) can0 38E#A528009516000100
(1786378279.596129) can0 38F#F624E35302000000
(1786378279.596535) can0 38E#F829009516000100
(1786378279.606072) can0 38E#1F2A009516000100
(1786378279.615957) can0 38F#AB25E35302000000
(1786378279.616250) can0 38E#422B009516000100
(1786378279.626036) can0 38E#CC2C009516000100
(1786378279.636139) can0 38F#4C26E35302000000
(1786378279.636538) can0 38E#912D009516000100
(1786378279.646086) can0 38E#762E009516000100
(1786378279.656020) can0 38F#1127E35302000000
(1786378279.656353) can0 38E#2B2F009516000100
(1786378279.666059) can0 38E#7720009516000100
(1786378279.676444) can0 38F#4D28E35302000000
(1786378279.676845) can0 38E#2A21009516000100
(1786378279.686141) can0 38E#CD22009516000100
(1786378279.696144) can0 38F#1029E35302000000
(1786378279.696469) can0 38E#9023009516000100
(1786378279.706017) can0 38E#1E24009516000100
(1786378279.716007) can0 38F#F72AE35302000000
(1786378279.716313) can0 38E#4325009516000100
(1786378279.726086) can0 38E#A426009516000100
(1786378279.736233) can0 38F#AA2BE35302000000
(1786378279.736716) can0 38E#F927009516000100
(1786378279.746032) can0 38E#A528009516000100
(1786378279.756002) can0 38F#242CE35302000000
(1786378279.756330) can0 38E#F829009516000100
(1786378279.766058) can0 38E#1F2A009516000100
(1786378279.776138) can0 38F#792DE35302000000
(1786378279.776433) can0 38E#422B009516000100
(1786378279.786008) can0 38E#CC2C009516000100
(1786378279.796094) can0 38F#9E2EE35302000000
(1786378279.796404) can0 38E#912D009516000100
(1786378279.806041) can0 38E#762E009516000100
(1786378279.816005) can0 38F#C32FE35302000000
(1786378279.816321) can0 38E#2B2F009516000100
(1786378279.826055) can0 38E#7720009516000100
(1786378279.836127) can0 38F#9F20E35302000000
(1786378279.836464) can0 38E#2A21009516000100
(1786378279.846251) can0 38E#CD22009516000100
(1786378279.856084) can0 38F#C221E35302000000
(1786378279.856427) can0 38E#9023009516000100
(1786378279.865988) can0 38E#1E24009516000100
(1786378279.875988) can0 38F#2522E35302000000
(1786378279.876340) can0 38E#4325009516000100
(1786378279.886436) can0 38E#A426009516000100
(1786378279.896151) can0 38F#7823E35302000000
(1786378279.896529) can0 38E#F927009516000100
(1786378279.906006) can0 38E#A528009516000100
(1786378279.916014) can0 38F#F624E35302000000
(1786378279.916466) can0 38E#F829009516000100
(1786378279.926052) can0 38E#1F2A009516000100
(1786378279.936043) can0 38F#AB25E35302000000
(1786378279.936413) can0 38E#422B009516000100
(1786378279.946064) can0 38E#CC2C009516000100
(1786378279.956043) can0 38F#4C26E35302000000
(1786378279.956406) can0 38E#912D009516000100
(1786378279.966016) can0 38E#762E009516000100
(1786378279.976226) can0 38F#1127E35302000000
(1786378279.976679) can0 38E#2B2F009516000100
(1786378279.986125) can0 38E#7720009516000100
(1786378279.996090) can0 38F#4D28E35302000000
(1786378279.996453) can0 38E#2A21009516000100
(1786378280.006135) can0 38E#CD22009516000100
(1786378280.016051) can0 38F#1029E35302000000
(1786378280.016449) can0 38E#9023009516000100
(1786378280.026070) can0 38E#1E24009516000100
(1786378280.036061) can0 38F#F72AE35302000000
(1786378280.036516) can0 38E#4325009516000100
(1786378280.046229) can0 38E#A426009516000100
(1786378280.056047) can0 38F#AA2BE35302000000
(1786378280.056353) can0 38E#F927009516000100
(1786378280.066176) can0 38E#A528009516000100
(1786378280.076025) can0 38F#242CE35302000000
(1786378280.076499) can0 38E#F829009516000100
(1786378280.086097) can0 38E#1F2A009516000100
(1786378280.096115) can0 38F#792DE35302000000
(1786378280.096462) can0 38E#422B009516000100
(1786378280.106423) can0 38E#CC2C009516000100
(1786378280.116000) can0 38F#9E2EE35302000000
(1786378280.116275) can0 38E#912D009516000100
(1786378280.126004) can0 38E#762E009516000100
(1786378280.135969) can0 38F#C32FE35302000000
(1786378280.136358) can0 38E#2B2F009516000100
(1786378280.146220) can0 38E#7720009516000100
(1786378280.156098) can0 38F#9F20E35302000000
(1786378280.156363) can0 38E#2A21009516000100
(1786378280.166017) can0 38E#CD22009516000100
(1786378280.176088) can0 38F#C221E35302000000
(1786378280.176485) can0 38E#9023009516000100
(1786378280.186110) can0 38E#1E24009516000100
(1786378280.196083) can0 38F#2522E35302000000
(1786378280.196421) can0 38E#4325009516000100
(1786378280.206101) can0 38E#A426009516000100
(1786378280.216079) can0 38F#7823E35302000000
(1786378280.216494) can0 38E#F927009516000100
(1786378280.226185) can0 38E#A528009516000100
(1786378280.236101) can0 38F#F624E35302000000
(1786378280.236503) can0 38E#F829009516000100
(1786378280.246061) can0 38E#1F2A009516000100
(1786378280.255946) can0 38F#AB25E35302000000
(1786378280.256310) can0 38E#422B009516000100
(1786378280.266046) can0 38E#CC2C009516000100
(1786378280.276044) can0 38F#4C26E35302000000
(1786378280.276371) can0 38E#912D009516000100
(1786378280.286170) can0 38E#762E009516000100
(1786378280.295926) can0 38F#1127E35302000000
(1786378280.296201) can0 38E#2B2F009516000100
(1786378280.306047) can0 38E#7720009516000100
(1786378280.316381) can0 38F#4D28E35302000000
(1786378280.316834) can0 38E#2A21009516000100
(1786378280.326084) can0 38E#CD22009516000100
(1786378280.336122) can0 38F#1029E35302000000
(1786378280.336572) can0 38E#9023009516000100
(1786378280.346091) can0 38E#1E24009516000100
(1786378280.356005) can0 38F#F72AE35302000000
(1786378280.356255) can0 38E#4325009516000100
(1786378280.366065) can0 38E#A426009516000100
(1786378280.376042) can0 38F#AA2BE35302000000
(1786378280.376460) can0 38E#F927009516000100
(1786378280.386116) can0 38E#A528009516000100
(1786378280.395992) can0 38F#242CE35302000000
(1786378280.396386) can0 38E#F829009516000100
(1786378280.406081) can0 38E#1F2A009516000100
(1786378280.416067) can0 38F#792DE35302000000
(1786378280.416511) can0 38E#422B009516000100
(1786378280.425985) can0 38E#CC2C009516000100
(1786378280.436262) can0 38F#9E2EE35302000000
(1786378280.436671) can0 38E#912D009516000100
(1786378280.446145) can0 38E#762E009516000100
(1786378280.456045) can0 38F#C32FE35302000000
(1786378280.456285) can0 38E#2B2F009516000100
(1786378280.466025) can0 38E#7720009516000100
(1786378280.475951) can0 38F#9F20E35302000000
(1786378280.476309) can0 38E#2A21009516000100
(1786378280.486099) can0 38E#CD22009516000100
(1786378280.496186) can0 38F#C221E35302000000
(1786378280.496668) can0 38E#9023009516000100
(1786378280.506061) can0 38E#1E24009516000100
(1786378280.516033) can0 38F#2522E35302000000
(1786378280.516411) can0 38E#4325009516000100
(1786378280.526074) can0 38E#A426009516000100
(1786378280.536107) can0 38F#7823E35302000000
(1786378280.536544) can0 38E#F927009516000100
(1786378280.546087) can0 38E#A528009516000100
(1786378280.555992) can0 38F#F624E35302000000
(1786378280.556308) can0 38E#F829009516000100
(1786378280.565989) can0 38E#1F2A009516000100
(1786378280.576042) can0 38F#AB25E35302000000
(1786378280.576344) can0 38E#422B009516000100
(1786378280.586182) can0 38E#CC2C009516000100
(1786378280.596015) can0 38F#4C26E35302000000
(1786378280.596371) can0 38E#912D009516000100
(1786378280.606048) can0 38E#762E009516000100
(1786378280.616045) can0 38F#1127E35302000000
(1786378280.616448) can0 38E#2B2F009516000100
(1786378280.626079) can0 38E#7720009516000100
(1786378280.636181) can0 38F#4D28E35302000000
(1786378280.636613) can0 38E#2A21009516000100
(1786378280.646115) can0 38E#CD22009516000100
(1786378280.656041) can0 38F#1029E35302000000
(1786378280.656338) can0 38E#9023009516000100
(1786378280.666002) can0 38E#1E24009516000100
(1786378280.675940) can0 38F#F72AE35302000000
(1786378280.676185) can0 38E#4325009516000100
(1786378280.685958) can0 38E#A426009516000100
(1786378280.696383) can0 38F#AA2BE35302000000
(1786378280.696670) can0 38E#F927009516000100
(1786378280.706015) can0 38E#A528009516000100
(1786378280.716069) can0 38F#242CE35302000000
(1786378280.716390) can0 38E#F829009516000100
(1786378280.725988) can0 38E#1F2A009516000100
(1786378280.736027) can0 38F#792DE35302000000
(1786378280.736387) can0 38E#422B009516000100
(1786378280.746353) can0 38E#CC2C009516000100
(1786378280.755999) can0 38F#9E2EE35302000000
(1786378280.756266) can0 38E#912D009516000100
(1786378280.765995) can0 38E#762E009516000100
(1786378280.775936) can0 38F#C32FE35302000000
(1786378280.776181) can0 38E#2B2F009516000100
(1786378280.785991) can0 38E#7720009516000100
(1786378280.796035) can0 38F#9F20E35302000000
(1786378280.796354) can0 38E#2A21009516000100
(1786378280.805992) can0 38E#CD22009516000100
(1786378280.815989) can0 38F#C221E35302000000
(1786378280.816303) can0 38E#9023009516000100
(1786378280.825948) can0 38E#1E24009516000100
(1786378280.835967) can0 38F#2522E35302000000
(1786378280.836348) can0 38E#4325009516000100
(1786378280.846222) can0 38E#A426009516000100
(1786378280.855999) can0 38F#7823E35302000000
(1786378280.856321) can0 38E#F927009516000100
(1786378280.865938) can0 38E#A528009516000100
(1786378280.876062) can0 38F#F624E35302000000
(1786378280.876358) can0 38E#F829009516000100
(1786378280.886145) can0 38E#1F2A009516000100
(1786378280.896023) can0 38F#AB25E35302000000
(1786378280.896397) can0 38E#422B009516000100
(1786378280.905999) can0 38E#CC2C009516000100
(1786378280.916018) can0 38F#4C26E35302000000
(1786378280.916380) can0 38E#912D009516000100
(1786378280.926155) can0 38E#762E009516000100
(1786378280.936006) can0 38F#1127E35302000000
(1786378280.936414) can0 38E#2B2F009516000100
(1786378280.945992) can0 38E#7720009516000100
(1786378280.956021) can0 38F#4D28E35302000000
(1786378280.956294) can0 38E#2A21009516000100
(1786378280.966318) can0 38E#CD22009516000100
(1786378280.976059) can0 38F#1029E35302000000
(1786378280.976361) can0 38E#9023009516000100
(1786378280.986109) can0 38E#1E24009516000100
(1786378280.995947) can0 38F#F72AE35302000000
(1786378280.996347) can0 38E#4325009516000100
(1786378281.005995) can0 38E#A426009516000100
(1786378281.016031) can0 38F#AA2BE35302000000
(1786378281.016310) can0 38E#F927009516000100
(1786378281.026005) can0 38E#A528009516000100
(1786378281.035992) can0 38F#242CE35302000000
(1786378281.036407) can0 38E#F829009516000100
(1786378281.046217) can0 38E#1F2A009516000100
(1786378281.056049) can0 38F#792DE35302000000
(1786378281.056381) can0 38E#422B009516000100
(1786378281.066036) can0 38E#CC2C009516000100
(1786378281.075982) can0 38F#9E2EE35302000000
(1786378281.076344) can0 38E#912D009516000100
(1786378281.086084) can0 38E#762E009516000100
(1786378281.096065) can0 38F#C32FE35302000000
(1786378281.096471) can0 38E#2B2F009516000100
(1786378281.105967) can0 38E#7720009516000100
(1786378281.115994) can0 38F#9F20E35302000000
(1786378281.116351) can0 38E#2A21009516000100
(1786378281.126392) can0 38E#CD22009516000100
(1786378281.136095) can0 38F#C221E35302000000
(1786378281.136532) can0 38E#9023009516000100
(1786378281.146109) can0 38E#1E24009516000100
(1786378281.155928) can0 38F#2522E35302000000
(1786378281.156242) can0 38E#4325009516000100
(1786378281.165973) can0 38E#A426009516000100
(1786378281.176455) can0 38F#7823E35302000000
(1786378281.176775) can0 38E#F927009516000100
(1786378281.186079) can0 38E#A528009516000100
(1786378281.195991) can0 38F#F624E35302000000
(1786378281.196348) can0 38E#F829009516000100
(1786378281.206036) can0 38E#1F2A009516000100
(1786378281.216060) can0 38F#AB25E35302000000
(1786378281.216435) can0 38E#422B009516000100
(1786378281.226086) can0 38E#CC2C009516000100
(1786378281.236122) can0 38F#4C26E35302000000
(1786378281.236644) can0 38E#912D009516000100
(1786378281.246137) can0 38E#762E009516000100
(1786378281.255970) can0 38F#1127E35302000000
(1786378281.256325) can0 38E#2B2F009516000100
(1786378281.266075) can0 38E#7720009516000100
(1786378281.276044) can0 38F#4D28E35302000000
(1786378281.276446) can0 38E#2A21009516000100
(1786378281.286078) can0 38E#CD22009516000100
(1786378281.296056) can0 38F#1029E35302000000
(1786378281.296341) can0 38E#9023009516000100
(1786378281.305996) can0 38E#1E24009516000100
(1786378281.316016) can0 38F#F72AE35302000000
(1786378281.316272) can0 38E#4325009516000100
(1786378281.325939) can0 38E#A426009516000100
(1786378281.335986) can0 38F#AA2BE35302000000
(1786378281.336309) can0 38E#F927009516000100
(1786378281.345967) can0 38E#A528009516000100
(1786378281.356195) can0 38F#242CE35302000000
(1786378281.356591) can0 38E#F829009516000100
(1786378281.366000) can0 38E#1F2A009516000100
(1786378281.376020) can0 38F#792DE35302000000
(1786378281.376289) can0 38E#422B009516000100
(1786378281.385990) can0 38E#CC2C009516000100
(1786378281.396335) can0 38F#9E2EE35302000000
(1786378281.396585) can0 38E#912D009516000100
(1786378281.406014) can0 38E#762E009516000100
(1786378281.415935) can0 38F#C32FE35302000000
(1786378281.416324) can0 38E#2B2F009516000100
(1786378281.426061) can0 38E#7720009516000100
(1786378281.436031) can0 38F#9F20E35302000000
(1786378281.436417) can0 38E#2A21009516000100
(1786378281.446020) can0 38E#CD22009516000100
(1786378281.455993) can0 38F#C221E35302000000
(1786378281.456265) can0 38E#9023009516000100
(1786378281.465963) can0 38E#1E24009516000100
(1786378281.475958) can0 38F#2522E35302000000
(1786378281.476321) can0 38E#4325009516000100
(1786378281.486130) can0 38E#A426009516000100
(1786378281.496063) can0 38F#7823E35302000000
(1786378281.496469) can0 38E#F927009516000100
(1786378281.505979) can0 38E#A528009516000100
(1786378281.515978) can0 38F#F624E35302000000
(1786378281.516305) can0 38E#F829009516000100
(1786378281.526074) can0 38E#1F2A009516000100
(1786378281.536030) can0 38F#AB25E35302000000
(1786378281.536534) can0 38E#422B009516000100
(1786378281.545927) can0 38E#CC2C009516000100
(1786378281.556083) can0 38F#4C26E35302000000
(1786378281.556383) can0 38E#912D009516000100
(1786378281.565955) can0 38E#762E009516000100
(1786378281.576016) can0 38F#1127E35302000000
(1786378281.576335) can0 38E#2B2F009516000100
(1786378281.586006) can0 38E#7720009516000100
(1786378281.595966) can0 38F#4D28E35302000000
(1786378281.596283) can0 38E#2A21009516000100
(1786378281.606357) can0 38E#CD22009516000100
(1786378281.616068) can0 38F#1029E35302000000
(1786378281.616466) can0 38E#9023009516000100
(1786378281.626078) can0 38E#1E24009516000100
(1786378281.636079) can0 38F#F72AE35302000000
(1786378281.636678) can0 38E#4325009516000100
(1786378281.646218) can0 38E#A426009516000100
(1786378281.656050) can0 38F#AA2BE35302000000
(1786378281.656375) can0 38E#F927009516000100
(1786378281.665982) can0 38E#A528009516000100
(1786378281.675979) can0 38F#242CE35302000000
(1786378281.676320) can0 38E#F829009516000100
(1786378281.686059) can0 38E#1F2A009516000100
(1786378281.696043) can0 38F#792DE35302000000
(1786378281.696403) can0 38E#422B009516000100
(1786378281.706031) can0 38E#CC2C009516000100
(1786378281.715911) can0 38F#9E2EE35302000000
(1786378281.716206) can0 38E#912D009516000100
(1786378281.725984) can0 38E#762E009516000100
(1786378281.735997) can0 38F#C32FE35302000000
(1786378281.736383) can0 38E#2B2F009516000100
(1786378281.746166) can0 38E#7720009516000100
(1786378281.755937) can0 38F#9F20E35302000000
(1786378281.756275) can0 38E#2A21009516000100
(1786378281.765982) can0 38E#CD22009516000100
(1786378281.776068) can0 38F#C221E35302000000
(1786378281.776501) can0 38E#9023009516000100
(1786378281.786155) can0 38E#1E24009516000100
(1786378281.795984) can0 38F#2522E35302000000
(1786378281.796306) can0 38E#4325009516000100
(1786378281.806031) can0 38E#A426009516000100
(1786378281.816072) can0 38F#7823E35302000000
(1786378281.816497) can0 38E#F927009516000100
(1786378281.826067) can0 38E#A528009516000100
(1786378281.836066) can0 38F#F624E35302000000
(1786378281.836661) can0 38E#F829009516000100
(1786378281.846106) can0 38E#1F2A009516000100
(1786378281.856017) can0 38F#AB25E35302000000
(1786378281.856340) can0 38E#422B009516000100
(1786378281.865945) can0 38E#CC2C009516000100
(1786378281.876062) can0 38F#4C26E35302000000
(1786378281.876378) can0 38E#912D009516000100
(1786378281.885977) can0 38E#762E009516000100
(1786378281.896105) can0 38F#1127E35302000000
(1786378281.896469) can0 38E#2B2F009516000100
(1786378281.905959) can0 38E#7720009516000100
(1786378281.915977) can0 38F#4D28E35302000000
(1786378281.916364) can0 38E#2A21009516000100
(1786378281.925991) can0 38E#CD22009516000100
(1786378281.936059) can0 38F#1029E35302000000
(1786378281.936535) can0 38E#9023009516000100
(1786378281.946176) can0 38E#1E24009516000100
(1786378281.955977) can0 38F#F72AE35302000000
(1786378281.956252) can0 38E#4325009516000100
(1786378281.966076) can0 38E#A426009516000100
(1786378281.976091) can0 38F#AA2BE35302000000
(1786378281.976448) can0 38E#F927009516000100
(1786378281.986495) can0 38E#A528009516000100
(1786378281.995994) can0 38F#242CE35302000000
(1786378281.996349) can0 38E#F829009516000100
(1786378282.005990) can0 38E#1F2A009516000100
(1786378282.015911) can0 38F#792DE35302000000
(1786378282.016178) can0 38E#422B009516000100
(1786378282.025994) can0 38E#CC2C009516000100
(1786378282.036326) can0 38F#9E2EE35302000000
(1786378282.036615) can0 38E#912D009516000100
(1786378282.045945) can0 38E#762E009516000100
(1786378282.055915) can0 38F#C32FE35302000000
(1786378282.056212) can0 38E#2B2F009516000100
(1786378282.066070) can0 38E#7720009516000100
(1786378282.076015) can0 38F#9F20E35302000000
(1786378282.076373) can0 38E#2A21009516000100
(1786378282.086218) can0 38E#CD22009516000100
(1786378282.095973) can0 38F#C221E35302000000
(1786378282.096272) can0 38E#9023009516000100
(1786378282.105985) can0 38E#1E24009516000100
(1786378282.115935) can0 38F#2522E35302000000
(1786378282.116189) can0 38E#4325009516000100
(1786378282.126003) can0 38E#A426009516000100
(1786378282.136057) can0 38F#7823E35302000000
(1786378282.136441) can0 38E#F927009516000100
(1786378282.146144) can0 38E#A528009516000100
(1786378282.155989) can0 38F#F624E35302000000
(1786378282.156335) can0 38E#F829009516000100
(1786378282.166003) can0 38E#1F2A009516000100
(1786378282.176214) can0 38F#AB25E35302000000
(1786378282.176670) can0 38E#422B009516000100
(1786378282.186101) can0 38E#CC2C009516000100
(1786378282.196129) can0 38F#4C26E35302000000
(1786378282.196561) can0 38E#912D009516000100
(1786378282.206028) can0 38E#762E009516000100
(1786378282.216069) can0 38F#1127E35302000000
(1786378282.216524) can0 38E#2B2F009516000100
(1786378282.226030) can0 38E#7720009516000100
(1786378282.235979) can0 38F#4D28E35302000000
(1786378282.236410) can0 38E#2A21009516000100
(1786378282.246195) can0 38E#CD22009516000100
(1786378282.256073) can0 38F#1029E35302000000
(1786378282.256450) can0 38E#9023009516000100
(1786378282.266147) can0 38E#1E24009516000100
(1786378282.275974) can0 38F#F72AE35302000000
(1786378282.276283) can0 38E#4325009516000100
(1786378282.286159) can0 38E#A426009516000100
(1786378282.296099) can0 38F#AA2BE35302000000
(1786378282.296512) can0 38E#F927009516000100
(1786378282.306149) can0 38E#A528009516000100
(1786378282.316011) can0 38F#242CE35302000000
(1786378282.316463) can0 38E#F829009516000100
(1786378282.326047) can0 38E#1F2A009516000100
(1786378282.335965) can0 38F#792DE35302000000
(1786378282.336340) can0 38E#422B009516000100
(1786378282.346097) can0 38E#CC2C009516000100
(1786378282.355976) can0 38F#9E2EE35302000000
(1786378282.356340) can0 38E#912D009516000100
(1786378282.366096) can0 38E#762E009516000100
(1786378282.376046) can0 38F#C32FE35302000000
(1786378282.376411) can0 38E#2B2F009516000100
(1786378282.386050) can0 38E#7720009516000100
(1786378282.395951) can0 38F#9F20E35302000000
(1786378282.396329) can0 38E#2A21009516000100
(1786378282.405956) can0 38E#CD22009516000100
(1786378282.416000) can0 38F#C221E35302000000
(1786378282.416328) can0 38E#9023009516000100
(1786378282.426038) can0 38E#1E24009516000100
(1786378282.436067) can0 38F#2522E35302000000
(1786378282.436575) can0 38E#4325009516000100
(1786378282.446002) can0 38E#A426009516000100
(1786378282.456010) can0 38F#7823E35302000000
(1786378282.456293) can0 38E#F927009516000100
(1786378282.466103) can0 38E#A528009516000100
(1786378282.476076) can0 38F#F624E35302000000
(1786378282.476392) can0 38E#F829009516000100
(1786378282.485938) can0 38E#1F2A009516000100
(1786378282.496013) can0 38F#AB25E35302000000
(1786378282.496353) can0 38E#422B009516000100
(1786378282.506003) can0 38E#CC2C009516000100
(1786378282.516050) can0 38F#4C26E35302000000
(1786378282.516447) can0 38E#912D009516000100
(1786378282.526023) can0 38E#762E009516000100
(1786378282.536147) can0 38F#1127E35302000000
(1786378282.536570) can0 38E#2B2F009516000100
(1786378282.546111) can0 38E#7720009516000100
(1786378282.555990) can0 38F#4D28E35302000000
(1786378282.556310) can0 38E#2A21009516000100
(1786378282.565998) can0 38E#CD22009516000100
(1786378282.575965) can0 38F#1029E35302000000
(1786378282.576317) can0 38E#9023009516000100
(1786378282.586040) can0 38E#1E24009516000100
(1786378282.595986) can0 38F#F72AE35302000000
(1786378282.596303) can0 38E#4325009516000100
(1786378282.606017) can0 38E#A426009516000100
(1786378282.615926) can0 38F#AA2BE35302000000
(1786378282.616265) can0 38E#F927009516000100
(1786378282.625935) can0 38E#A528009516000100
(1786378282.636033) can0 38F#242CE35302000000
(1786378282.636462) can0 38E#F829009516000100
(1786378282.646165) can0 38E#1F2A009516000100
(1786378282.655994) can0 38F#792DE35302000000
(1786378282.656303) can0 38E#422B009516000100
(1786378282.665985) can0 38E#CC2C009516000100
(1786378282.675988) can0 38F#9E2EE35302000000
(1786378282.676402) can0 38E#912D009516000100
(1786378282.686370) can0 38E#762E009516000100
(1786378282.696008) can0 38F#C32FE35302000000
(1786378282.696266) can0 38E#2B2F009516000100
(1786378282.705999) can0 38E#7720009516000100
(1786378282.716001) can0 38F#9F20E35302000000
(1786378282.716376) can0 38E#2A21009516000100
(1786378282.726053) can0 38E#CD22009516000100
(1786378282.736138) can0 38F#C221E35302000000
(1786378282.736574) can0 38E#9023009516000100
(1786378282.746028) can0 38E#1E24009516000100
(1786378282.755898) can0 38F#2522E35302000000
(1786378282.756182) can0 38E#4325009516000100
(1786378282.766018) can0 38E#A426009516000100
(1786378282.775989) can0 38F#7823E35302000000
(1786378282.776337) can0 38E#F927009516000100
(1786378282.786008) can0 38E#A528009516000100
(1786378282.795973) can0 38F#F624E35302000000
(1786378282.796311) can0 38E#F829009516000100
(1786378282.805965) can0 38E#1F2A009516000100
(1786378282.815956) can0 38F#AB25E35302000000
(1786378282.816215) can0 38E#422B009516000100
(1786378282.825918) can0 38E#CC2C009516000100
(1786378282.836001) can0 38F#4C26E35302000000
(1786378282.836355) can0 38E#912D009516000100
(1786378282.846169) can0 38E#762E009516000100
(1786378282.856017) can0 38F#1127E35302000000
(1786378282.856347) can0 38E#2B2F009516000100
(1786378282.865994) can0 38E#7720009516000100
(1786378282.876034) can0 38F#4D28E35302000000
(1786378282.876386) can0 38E#2A21009516000100
(1786378282.885999) can0 38E#CD22009516000100
(1786378282.896387) can0 38F#1029E35302000000
(1786378282.896735) can0 38E#9023009516000100
(1786378282.906042) can0 38E#1E24009516000100
(1786378282.915899) can0 38F#F72AE35302000000
(1786378282.916237) can0 38E#4325009516000100
(1786378282.926011) can0 38E#A426009516000100
(1786378282.936049) can0 38F#AA2BE35302000000
(1786378282.936377) can0 38E#F927009516000100
(1786378282.946140) can0 38E#A528009516000100
(1786378282.955900) can0 38F#242CE35302000000
(1786378282.956198) can0 38E#F829009516000100
(1786378282.965941) can0 38E#1F2A009516000100
(1786378282.975929) can0 38F#792DE35302000000
(1786378282.976290) can0 38E#422B009516000100
(1786378282.985937) can0 38E#CC2C009516000100
(1786378282.996049) can0 38F#9E2EE35302000000
(1786378282.996485) can0 38E#912D009516000100
(1786378283.005982) can0 38E#762E009516000100
(1786378283.016062) can0 38F#C32FE35302000000
(1786378283.016421) can0 38E#412F009416000100
(1786378283.026043) can0 38E#1D20009416000100
(1786378283.036050) can0 38F#9F20E35302000000
(1786378283.036515) can0 38E#4021009416000100
(1786378283.045937) can0 38E#A722009416000100
(1786378283.055950) can0 38F#C221E35302000000
(1786378283.056229) can0 38E#FA23009416000100
(1786378283.066098) can0 38E#7424009416000100
(1786378283.076069) can0 38F#2522E35302000000
(1786378283.076428) can0 38E#2225009316000100
(1786378283.085985) can0 38E#C526009316000100
(1786378283.096034) can0 38F#7823E35302000000
(1786378283.096403) can0 38E#9827009316000100
(1786378283.106039) can0 38E#C428009316000100
(1786378283.116291) can0 38F#F624E35302000000
(1786378283.116822) can0 38E#F329009216000100
(1786378283.126081) can0 38E#142A009216000100
(1786378283.136017) can0 38F#AB25E35302000000
(1786378283.136373) can0 38E#492B009216000100
(1786378283.146148) can0 38E#C72C009216000100
(1786378283.155934) can0 38F#4C26E35302000000
(1786378283.156359) can0 38E#9A2D009216000100
(1786378283.166015) can0 38E#7D2E009216000100
(1786378283.176021) can0 38F#1127E35302000000
(1786378283.176335) can0 38E#9E2F009116000100
(1786378283.185973) can0 38E#C220009116000100
(1786378283.195915) can0 38F#4D28E35302000000
(1786378283.196222) can0 38E#9F21009116000100
(1786378283.206014) can0 38E#7822009116000100
(1786378283.215993) can0 38F#1029E35302000000
(1786378283.216318) can0 38E#2523009116000100
(1786378283.226027) can0 38E#AB24009116000100
(1786378283.236051) can0 38F#F72AE35302000000
(1786378283.236607) can0 38E#9C25009016000100
(1786378283.245998) can0 38E#7B26009016000100
(1786378283.255952) can0 38F#AA2BE35302000000
(1786378283.256265) can0 38E#2627009016000100
(1786378283.265953) can0 38E#7A28009016000100
(1786378283.276023) can0 38F#242CE35302000000
(1786378283.276298) can0 38E#B529008F16000100
(1786378283.286021) can0 38E#522A008F16000100
(1786378283.295964) can0 38F#792DE35302000000
(1786378283.296267) can0 38E#0F2B008F16000100
(1786378283.305939) can0 38E#EB2C008E16000100
(1786378283.315902) can0 38F#9E2EE35302000000
(1786378283.316160) can0 38E#B62D008E16000100
(1786378283.326328) can0 38E#512E008E16000100
(1786378283.335954) can0 38F#C32FE35302000000
(1786378283.336343) can0 38E#0C2F008E16000100
(1786378283.345963) can0 38E#EE20008D16000100
(1786378283.355895) can0 38F#9F20E35302000000
(1786378283.356248) can0 38E#B321008D16000100
(1786378283.365926) can0 38E#5422008D16000100
(1786378283.375954) can0 38F#C221E35302000000
(1786378283.376288) can0 38E#6323008C16000100
(1786378283.386008) can0 38E#ED24008C16000100
(1786378283.395974) can0 38F#2522E35302000000
(1786378283.396237) can0 38E#B025008C16000100
(1786378283.405932) can0 38E#5726008C16000100
(1786378283.415966) can0 38F#7823E35302000000
(1786378283.416327) can0 38E#0A27008C16000100
(1786378283.426018) can0 38E#5D28008B16000100
(1786378283.435986) can0 38F#F624E35302000000
(1786378283.436441) can0 38E#0029008B16000100
(1786378283.446036) can0 38E#E72A008B16000100
(1786378283.456000) can0 38F#AB25E35302000000
(1786378283.456316) can0 38E#BA2B008B16000100
(1786378283.465998) can0 38E#342C008B16000100
(1786378283.475950) can0 38F#4C26E35302000000
(1786378283.476315) can0 38E#692D008B16000100
(1786378283.485933) can0 38E#8E2E008B16000100
(1786378283.496040) can0 38F#1127E35302000000
(1786378283.496438) can0 38E#D32F008B16000100
(1786378283.506029) can0 38E#8F20008B16000100
(1786378283.515932) can0 38F#4D28E35302000000
(1786378283.516284) can0 38E#D221008B16000100
(1786378283.526042) can0 38E#3522008B16000100
(1786378283.536092) can0 38F#1029E35302000000
(1786378283.536440) can0 38E#6823008B16000100
(1786378283.546406) can0 38E#E624008B16000100
(1786378283.555958) can0 38F#F72AE35302000000
(1786378283.556328) can0 38E#BB25008B16000100
(1786378283.566014) can0 38E#5C26008B16000100
(1786378283.575957) can0 38F#AA2BE35302000000
(1786378283.576294) can0 38E#0127008B16000100
(1786378283.585952) can0 38E#5D28008B16000100
(1786378283.596320) can0 38F#242CE35302000000
(1786378283.596664) can0 38E#0029008B16000100
(1786378283.605978) can0 38E#E72A008B16000100
(1786378283.615874) can0 38F#792DE35302000000
(1786378283.616112) can0 38E#BA2B008B16000100
(1786378283.625934) can0 38E#342C008B16000100
(1786378283.635961) can0 38F#9E2EE35302000000
(1786378283.636286) can0 38E#692D008B16000100
(1786378283.645964) can0 38E#8E2E008B16000100
(1786378283.655930) can0 38F#C32FE35302000000
(1786378283.656233) can0 38E#D32F008B16000100
(1786378283.665919) can0 38E#8F20008B16000100
(1786378283.675917) can0 38F#9F20E35302000000
(1786378283.676258) can0 38E#D221008B16000100
(1786378283.685993) can0 38E#3522008B16000100
(1786378283.696131) can0 38F#C221E35302000000
(1786378283.696518) can0 38E#6823008B16000100
(1786378283.705954) can0 38E#E624008B16000100
(1786378283.715906) can0 38F#2522E35302000000
(1786378283.716154) can0 38E#BB25008B16000100
(1786378283.725958) can0 38E#5C26008B16000100
(1786378283.735861) can0 38F#7823E35302000000
(1786378283.736259) can0 38E#0127008B16000100
(1786378283.745893) can0 38E#5D28008B16000100
(1786378283.756237) can0 38F#F624E35302000000
(1786378283.756441) can0 38E#0029008B16000100
(1786378283.766007) can0 38E#E72A008B16000100
(1786378283.775922) can0 38F#AB25E35302000000
(1786378283.776283) can0 38E#BA2B008B16000100
(1786378283.785963) can0 38E#342C008B16000100
(1786378283.796188) can0 38F#4C26E35302000000
(1786378283.796568) can0 38E#692D008B16000100
(1786378283.806051) can0 38E#8E2E008B16000100
(1786378283.816010) can0 38F#1127E35302000000
(1786378283.816390) can0 38E#D32F008B16000100
(1786378283.826059) can0 38E#8F20008B16000100
(1786378283.835906) can0 38F#4D28E35302000000
(1786378283.836279) can0 38E#D221008B16000100
(1786378283.845979) can0 38E#3522008B16000100
(1786378283.856004) can0 38F#1029E35302000000
(1786378283.856344) can0 38E#6823008B16000100
(1786378283.865975) can0 38E#E624008B16000100
(1786378283.875968) can0 38F#F72AE35302000000
(1786378283.876254) can0 38E#BB25008B16000100
(1786378283.886003) can0 38E#5C26008B16000100
(1786378283.896253) can0 38F#AA2BE35302000000
(1786378283.896537) can0 38E#0127008B16000100
(1786378283.905916) can0 38E#5D28008B16000100
(1786378283.915910) can0 38F#242CE35302000000
(1786378283.916172) can0 38E#0029008B16000100
(1786378283.926024) can0 38E#E72A008B16000100
(1786378283.936034) can0 38F#792DE35302000000
(1786378283.936507) can0 38E#BA2B008B16000100
(1786378283.945919) can0 38E#342C008B16000100
(1786378283.955902) can0 38F#9E2EE35302000000
(1786378283.956197) can0 38E#692D008B16000100
(1786378283.965934) can0 38E#8E2E008B16000100
(1786378283.976227) can0 38F#C32FE35302000000
(1786378283.976468) can0 38E#D32F008B16000100
(1786378283.985952) can0 38E#8F20008B16000100
(1786378283.996019) can0 38F#9F20E35302000000
(1786378283.996458) can0 38E#D221008B16000100
(1786378284.005974) can0 38E#3522008B16000100
(1786378284.015956) can0 38F#C221E35302000000
(1786378284.016348) can0 38E#6823008B16000100
(1786378284.026007) can0 38E#E624008B16000100
(1786378284.035993) can0 38F#2522E35302000000
(1786378284.036434) can0 38E#BB25008B16000100
(1786378284.045981) can0 38E#5C26008B16000100
(1786378284.055963) can0 38F#7823E35302000000
(1786378284.056332) can0 38E#0127008B16000100
(1786378284.065887) can0 38E#5D28008B16000100
(1786378284.075944) can0 38F#F624E35302000000
(1786378284.076258) can0 38E#0029008B16000100
(1786378284.085893) can0 38E#E72A008B16000100
(1786378284.096044) can0 38F#AB25E35302000000
(1786378284.096444) can0 38E#BA2B008B16000100
(1786378284.106020) can0 38E#342C008B16000100
(1786378284.115932) can0 38F#4C26E35302000000
(1786378284.116399) can0 38E#692D008B16000100
(1786378284.126002) can0 38E#8E2E008B16000100
(1786378284.135993) can0 38F#1127E35302000000
(1786378284.136336) can0 38E#D32F008B16000100
(1786378284.145975) can0 38E#8F20008B16000100
(1786378284.156021) can0 38F#4D28E35302000000
(1786378284.156346) can0 38E#D221008B16000100
(1786378284.166030) can0 38E#3522008B16000100
(1786378284.176016) can0 38F#1029E35302000000
(1786378284.176371) can0 38E#6823008B16000100
(1786378284.186394) can0 38E#E624008B16000100
(1786378284.196032) can0 38F#F72AE35302000000
(1786378284.196380) can0 38E#BB25008B16000100
(1786378284.205930) can0 38E#5C26008B16000100
(1786378284.215910) can0 38F#AA2BE35302000000
(1786378284.216215) can0 38E#0127008B16000100
(1786378284.225978) can0 38E#5D28008B16000100
(1786378284.236034) can0 38F#242CE35302000000
(1786378284.236346) can0 38E#0029008B16000100
(1786378284.245957) can0 38E#E72A008B16000100
(1786378284.255924) can0 38F#792DE35302000000
(1786378284.256288) can0 38E#BA2B008B16000100
(1786378284.265853) can0 38E#342C008B16000100
(1786378284.275905) can0 38F#9E2EE35302000000
(1786378284.276149) can0 38E#692D008B16000100
(1786378284.285867) can0 38E#8E2E008B16000100
(1786378284.295927) can0 38F#C32FE35302000000
(1786378284.296247) can0 38E#D32F008B16000100
(1786378284.305924) can0 38E#8F20008B16000100
(1786378284.315924) can0 38F#9F20E35302000000
(1786378284.316170) can0 38E#D221008B16000100
(1786378284.326248) can0 38E#3522008B16000100
(1786378284.335869) can0 38F#C221E35302000000
(1786378284.336151) can0 38E#6823008B16000100
(1786378284.345902) can0 38E#E624008B16000100
(1786378284.355992) can0 38F#2522E35302000000
(1786378284.356322) can0 38E#BB25008B16000100
(1786378284.366245) can0 38E#5C26008B16000100
(1786378284.375925) can0 38F#7823E35302000000
(1786378284.376262) can0 38E#0127008B16000100
(1786378284.385963) can0 38E#5D28008B16000100
(1786378284.396020) can0 38F#F624E35302000000
(1786378284.396334) can0 38E#0029008B16000100
(1786378284.406334) can0 38E#E72A008B16000100
(1786378284.415878) can0 38F#AB25E35302000000
(1786378284.416135) can0 38E#BA2B008B16000100
(1786378284.425916) can0 38E#342C008B16000100
(1786378284.435890) can0 38F#4C26E35302000000
(1786378284.436327) can0 38E#692D008B16000100
(1786378284.445883) can0 38E#8E2E008B16000100
(1786378284.455961) can0 38F#1127E35302000000
(1786378284.456240) can0 38E#D32F008B16000100
(1786378284.466050) can0 38E#8F20008B16000100
(1786378284.475927) can0 38F#4D28E35302000000
(1786378284.476236) can0 38E#D221008B16000100
(1786378284.485943) can0 38E#3522008B16000100
(1786378284.495988) can0 38F#1029E35302000000
(1786378284.496358) can0 38E#6823008B16000100
(1786378284.505965) can0 38E#E624008B16000100
(1786378284.515906) can0 38F#F72AE35302000000
(1786378284.516271) can0 38E#BB25008B16000100
(1786378284.525994) can0 38E#5C26008B16000100
(1786378284.536091) can0 38F#AA2BE35302000000
(1786378284.536534) can0 38E#0127008B16000100
(1786378284.545917) can0 38E#5D28008B16000100
(1786378284.555894) can0 38F#242CE35302000000
(1786378284.556121) can0 38E#0029008B16000100
(1786378284.566246) can0 38E#E72A008B16000100
(1786378284.575980) can0 38F#792DE35302000000
(1786378284.576264) can0 38E#BA2B008B16000100
(1786378284.586342) can0 38E#342C008B16000100
(1786378284.595893) can0 38F#9E2EE35302000000
(1786378284.596171) can0 38E#692D008B16000100
(1786378284.605946) can0 38E#8E2E008B16000100
(1786378284.616311) can0 38F#C32FE35302000000
(1786378284.616557) can0 38E#D32F008B16000100
(1786378284.625942) can0 38E#8F20008B16000100
(1786378284.635920) can0 38F#9F20E35302000000
(1786378284.636266) can0 38E#D221008B16000100
(1786378284.645902) can0 38E#3522008B16000100
(1786378284.655915) can0 38F#C221E35302000000
(1786378284.656156) can0 38E#6823008B16000100
(1786378284.665885) can0 38E#E624008B16000100
(1786378284.675875) can0 38F#2522E35302000000
(1786378284.676164) can0 38E#BB25008B16000100
(1786378284.686066) can0 38E#5C26008B16000100
(1786378284.695888) can0 38F#7823E35302000000
(1786378284.696148) can0 38E#0127008B16000100
(1786378284.705971) can0 38E#5D28008B16000100
(1786378284.715927) can0 38F#F624E35302000000
(1786378284.716150) can0 38E#0029008B16000100
(1786378284.725894) can0 38E#E72A008B16000100
(1786378284.735965) can0 38F#AB25E35302000000
(1786378284.736327) can0 38E#BA2B008B16000100
(1786378284.746005) can0 38E#342C008B16000100
(1786378284.755964) can0 38F#4C26E35302000000
(1786378284.756236) can0 38E#692D008B16000100
(1786378284.765834) can0 38E#8E2E008B16000100
(1786378284.775888) can0 38F#1127E35302000000
(1786378284.776161) can0 38E#D32F008B16000100
(1786378284.786076) can0 38E#8F20008B16000100
(1786378284.796204) can0 38F#4D28E35302000000
(1786378284.796487) can0 38E#D221008B16000100
(1786378284.805888) can0 38E#3522008B16000100
(1786378284.815864) can0 38F#1029E35302000000
(1786378284.816134) can0 38E#6823008B16000100
(1786378284.825998) can0 38E#E624008B16000100
(1786378284.836022) can0 38F#F72AE35302000000
(1786378284.836346) can0 38E#BB25008B16000100
(1786378284.845919) can0 38E#5C26008B16000100
(1786378284.855903) can0 38F#AA2BE35302000000
(1786378284.856130) can0 38E#0127008B16000100
(1786378284.865882) can0 38E#5D28008B16000100
(1786378284.875931) can0 38F#242CE35302000000
(1786378284.876267) can0 38E#0029008B16000100
(1786378284.886127) can0 38E#E72A008B16000100
(1786378284.896076) can0 38F#792DE35302000000
(1786378284.896536) can0 38E#BA2B008B16000100
(1786378284.905940) can0 38E#342C008B16000100
(1786378284.915943) can0 38F#9E2EE35302000000
(1786378284.916344) can0 38E#692D008B16000100
(1786378284.925961) can0 38E#8E2E008B16000100
(1786378284.936008) can0 38F#C32FE35302000000
(1786378284.936310) can0 38E#D32F008B16000100
(1786378284.945910) can0 38E#8F20008B16000100
(1786378284.955971) can0 38F#9F20E35302000000
(1786378284.956227) can0 38E#D221008B16000100
(1786378284.965877) can0 38E#3522008B16000100
(1786378284.975892) can0 38F#C221E35302000000
(1786378284.976172) can0 38E#6823008B16000100
(1786378284.985862) can0 38E#E624008B16000100
(1786378284.996433) can0 38F#2522E35302000000
(1786378284.996890) can0 38E#BB25008B16000100
(1786378285.005946) can0 38E#5C26008B16000100
(1786378285.015900) can0 38F#7823E35302000000
(1786378285.016157) can0 38E#0127008B16000100
(1786378285.025932) can0 38E#5D28008B16000100
(1786378285.036010) can0 38F#F624E35302000000
(1786378285.036453) can0 38E#0029008B16000100
(1786378285.046413) can0 38E#E72A008B16000100
(1786378285.056056) can0 38F#AB25E35302000000
(1786378285.056436) can0 38E#BA2B008B16000100
(1786378285.065981) can0 38E#342C008B16000100
(1786378285.075906) can0 38F#4C26E35302000000
(1786378285.076272) can0 38E#692D008B16000100
(1786378285.085870) can0 38E#8E2E008B16000100
(1786378285.096078) can0 38F#1127E35302000000
(1786378285.096429) can0 38E#D32F008B16000100
(1786378285.105942) can0 38E#8F20008B16000100
(1786378285.115940) can0 38F#4D28E35302000000
(1786378285.116199) can0 38E#D221008B16000100
(1786378285.125878) can0 38E#3522008B16000100
(1786378285.136007) can0 38F#1029E35302000000
(1786378285.136402) can0 38E#6823008B16000100
(1786378285.145933) can0 38E#E624008B16000100
(1786378285.155876) can0 38F#F72AE35302000000
(1786378285.156116) can0 38E#BB25008B16000100
(1786378285.165899) can0 38E#5C26008B16000100
(1786378285.176017) can0 38F#AA2BE35302000000
(1786378285.176405) can0 38E#0127008B16000100
(1786378285.186098) can0 38E#5D28008B16000100
(1786378285.195948) can0 38F#242CE35302000000
(1786378285.196356) can0 38E#0029008B16000100
(1786378285.205981) can0 38E#E72A008B16000100
(1786378285.215927) can0 38F#792DE35302000000
(1786378285.216212) can0 38E#BA2B008B16000100
(1786378285.226192) can0 38E#342C008B16000100
(1786378285.236005) can0 38F#9E2EE35302000000
(1786378285.236460) can0 38E#692D008B16000100
(1786378285.246020) can0 38E#8E2E008B16000100
(1786378285.255965) can0 38F#C32FE35302000000
(1786378285.256235) can0 38E#D32F008B16000100
(1786378285.266309) can0 38E#8F20008B16000100
(1786378285.275907) can0 38F#9F20E35302000000
(1786378285.276248) can0 38E#D221008B16000100
(1786378285.285895) can0 38E#3522008B16000100
(1786378285.295918) can0 38F#C221E35302000000
(1786378285.296190) can0 38E#0223008A16000100
(1786378285.305920) can0 38E#8C24008A16000100
(1786378285.315971) can0 38F#2522E35302000000
(1786378285.316290) can0 38E#D125008A16000100
(1786378285.326135) can0 38E#3626008A16000100
(1786378285.335977) can0 38F#7823E35302000000
(1786378285.336309) can0 38E#D527008916000100
(1786378285.346011) can0 38E#E328008816000100
(1786378285.355931) can0 38F#F624E35302000000
(1786378285.356277) can0 38E#BE29008816000100
(1786378285.366315) can0 38E#252A008716000100
(1786378285.375954) can0 38F#AB25E35302000000
(1786378285.376294) can0 38E#782B008716000100
(1786378285.386238) can0 38E#9C2C008616000100
(1786378285.396020) can0 38F#4C26E35302000000
(1786378285.396308) can0 38E#C12D008616000100
(1786378285.405874) can0 38E#262E008616000100
(1786378285.415854) can0 38F#1127E35302000000
(1786378285.416159) can0 38E#C52F008516000100
(1786378285.426266) can0 38E#9920008516000100
(1786378285.435931) can0 38F#4D28E35302000000
(1786378285.436367) can0 38E#C421008516000100
(1786378285.446285) can0 38E#4922008416000100
(1786378285.455964) can0 38F#1029E35302000000
(1786378285.456293) can0 38E#1423008416000100
(1786378285.466003) can0 38E#9A24008416000100
(1786378285.476327) can0 38F#F72AE35302000000
(1786378285.476696) can0 38E#C725008416000100
(1786378285.485910) can0 38E#2B26008316000100
(1786378285.496115) can0 38F#AA2BE35302000000
(1786378285.496552) can0 38E#7627008316000100
(1786378285.505935) can0 38E#4028008216000100
(1786378285.515906) can0 38F#242CE35302000000
(1786378285.516265) can0 38E#1D29008216000100
(1786378285.526024) can0 38E#FA2A008216000100
(1786378285.535948) can0 38F#792DE35302000000
(1786378285.536358) can0 38E#192B008116000100
(1786378285.546015) can0 38E#972C008116000100
(1786378285.555907) can0 38F#9E2EE35302000000
(1786378285.556367) can0 38E#A02D008016000100
(1786378285.565871) can0 38E#472E008016000100
(1786378285.575964) can0 38F#C32FE35302000000
(1786378285.576272) can0 38E#1A2F008016000100
(1786378285.585910) can0 38E#4620008016000100
(1786378285.595996) can0 38F#9F20E35302000000
(1786378285.596353) can0 38E#F421007F16000100
(1786378285.605970) can0 38E#1322007F16000100
(1786378285.615959) can0 38F#C221E35302000000
(1786378285.616251) can0 38E#4E23007F16000100
(1786378285.625891) can0 38E#AA24007E16000100
(1786378285.635883) can0 38F#2522E35302000000
(1786378285.636351) can0 38E#F725007E16000100
(1786378285.645925) can0 38E#1026007E16000100
(1786378285.656017) can0 38F#7823E35302000000
(1786378285.656338) can0 38E#4D27007E16000100
(1786378285.665914) can0 38E#AF28007D16000100
(1786378285.675911) can0 38F#F624E35302000000
(1786378285.676235) can0 38E#F229007D16000100
(1786378285.685921) can0 38E#152A007D16000100
(1786378285.696190) can0 38F#AB25E35302000000
(1786378285.696630) can0 38E#482B007D16000100
(1786378285.706063) can0 38E#C62C007D16000100
(1786378285.715936) can0 38F#4C26E35302000000
(1786378285.716345) can0 38E#9B2D007D16000100
(1786378285.725941) can0 38E#7C2E007D16000100
(1786378285.736008) can0 38F#1127E35302000000
(1786378285.736448) can0 38E#212F007D16000100
(1786378285.745988) can0 38E#7D20007D16000100
(1786378285.755913) can0 38F#4D28E35302000000
(1786378285.756294) can0 38E#2021007D16000100
(1786378285.765917) can0 38E#C722007D16000100
(1786378285.775888) can0 38F#1029E35302000000
(1786378285.776229) can0 38E#9A23007D16000100
(1786378285.785916) can0 38E#1424007D16000100
(1786378285.795975) can0 38F#F72AE35302000000
(1786378285.796315) can0 38E#4925007D16000100
(1786378285.805883) can0 38E#AE26007D16000100
(1786378285.815904) can0 38F#AA2BE35302000000
(1786378285.816162) can0 38E#F327007D16000100
(1786378285.825964) can0 38E#AF28007D16000100
(1786378285.835875) can0 38F#242CE35302000000
(1786378285.836374) can0 38E#F229007D16000100
(1786378285.845978) can0 38E#152A007D16000100
(1786378285.855979) can0 38F#792DE35302000000
(1786378285.856316) can0 38E#482B007D16000100
(1786378285.866019) can0 38E#C62C007D16000100
(1786378285.875915) can0 38F#9E2EE35302000000
(1786378285.876277) can0 38E#9B2D007D16000100
(1786378285.885925) can0 38E#7C2E007D16000100
(1786378285.895940) can0 38F#C32FE35302000000
(1786378285.896304) can0 38E#212F007D16000100
(1786378285.905969) can0 38E#7D20007D16000100
(1786378285.915901) can0 38F#9F20E35302000000
(1786378285.916135) can0 38E#2021007D16000100
(1786378285.925895) can0 38E#C722007D16000100
(1786378285.935957) can0 38F#C221E35302000000
(1786378285.936281) can0 38E#9A23007D16000100
(1786378285.945955) can0 38E#1424007D16000100
(1786378285.955887) can0 38F#2522E35302000000
(1786378285.956207) can0 38E#2325007C16000100
(1786378285.965859) can0 38E#CF26007B16000100
(1786378285.975958) can0 38F#7823E35302000000
(1786378285.976284) can0 38E#F827007A16000100
(1786378285.985909) can0 38E#0C28007716000100
(1786378285.995982) can0 38F#F624E35302000000
(1786378285.996322) can0 38E#8529007516000100
(1786378286.005961) can0 38E#692A007216000100
(1786378286.016008) can0 38F#AB25E35302000000
(1786378286.016382) can0 38E#722B006F16000100
(1786378286.026044) can0 38E#422C006C16000100
(1786378286.036021) can0 38F#4C26E35302000000
(1786378286.036664) can0 38E#C02D006916000100
(1786378286.046344) can0 38E#5B2E006616000100
(1786378286.055911) can0 38F#1127E35302000000
(1786378286.056257) can0 38E#B32F006216000100
(1786378286.065907) can0 38E#BC20005D16000100
(1786378286.076077) can0 38F#4D28E35302000000
(1786378286.076449) can0 38E#5421005916000100
(1786378286.086252) can0 38E#1B22005416000100
(1786378286.096005) can0 38F#1029E35302000000
(1786378286.096408) can0 38E#B523004D16000100
(1786378286.105943) can0 38E#F224004616000100
(1786378286.115989) can0 38F#F72AE35302000000
(1786378286.116331) can0 38E#6825003E16000100
(1786378286.126257) can0 38E#4626003516000100
(1786378286.135913) can0 38F#AA2BE35302000000
(1786378286.136244) can0 38E#8227002D16000100
(1786378286.145906) can0 38E#A928002516000100
(1786378286.155894) can0 38F#242CE35302000000
(1786378286.156260) can0 38E#C629001C16000100
(1786378286.165879) can0 38E#562A001416000100
(1786378286.175975) can0 38F#792DE35302000000
(1786378286.176249) can0 38E#992B000B16000100
(1786378286.185986) can0 38E#602C000316000100
(1786378286.195970) can0 38F#9E2EE35302000000
(1786378286.196333) can0 38E#632D00FB15000100
(1786378286.205954) can0 38E#F32E00F315000100
(1786378286.215871) can0 38F#C32FE35302000000
(1786378286.216177) can0 38E#562F00ED15000100
(1786378286.226059) can0 38E#C32000E615000100
(1786378286.235893) can0 38F#9F20E35302000000
(1786378286.236185) can0 38E#FF2100E015000100
(1786378286.246213) can0 38E#942200DA15000100
(1786378286.255959) can0 38F#C221E35302000000
(1786378286.256220) can0 38E#B52300D515000100
(1786378286.265933) can0 38E#E42400D015000100
(1786378286.275851) can0 38F#2522E35302000000
(1786378286.276144) can0 38E#9E2500CB15000100
(1786378286.286242) can0 38E#C72600C815000100
(1786378286.295913) can0 38F#7823E35302000000
(1786378286.296251) can0 38E#E62700C715000100
(1786378286.306329) can0 38E#6E2800C515000100
(1786378286.315941) can0 38F#F624E35302000000
(1786378286.316403) can0 38E#522900C315000100
(1786378286.326007) can0 38E#0B2A00C015000100
(1786378286.336383) can0 38F#AB25E35302000000
(1786378286.336808) can0 38E#F02B00BE15000100
(1786378286.346001) can0 38E#A12C00BB15000100
(1786378286.355919) can0 38F#4C26E35302000000
(1786378286.356334) can0 38E#282D00B915000100
(1786378286.365865) can0 38E#D92E00B715000100
(1786378286.375989) can0 38F#1127E35302000000
(1786378286.376286) can0 38E#3A2F00B415000100
(1786378286.385981) can0 38E#B92000B115000100
(1786378286.395965) can0 38F#4D28E35302000000
(1786378286.396312) can0 38E#C82100AD15000100
(1786378286.405971) can0 38E#8C2200A715000100
(1786378286.415845) can0 38F#1029E35302000000
(1786378286.416125) can0 38E#E323009E15000100
(1786378286.425924) can0 38E#A424009515000100
(1786378286.435963) can0 38F#F72AE35302000000
(1786378286.436303) can0 38E#0A25008C15000100
(1786378286.445928) can0 38E#FB26008215000100
(1786378286.455916) can0 38F#AA2BE35302000000
(1786378286.456265) can0 38E#9627007815000100
(1786378286.465896) can0 38E#4528006E15000100
(1786378286.476224) can0 38F#242CE35302000000
(1786378286.476490) can0 38E#B029006315000100
(1786378286.485817) can0 38E#CD2A005715000100
(1786378286.495862) can0 38F#792DE35302000000
(1786378286.496152) can0 38E#BC2B004B15000100
(1786378286.505900) can0 38E#5D2C003E15000100
(1786378286.516274) can0 38F#9E2EE35302000000
(1786378286.516674) can0 38E#7C2D003115000100
(1786378286.526043) can0 38E#A12E002315000100
(1786378286.535878) can0 38F#C32FE35302000000
(1786378286.536241) can0 38E#B22F001515000100
(1786378286.546216) can0 38E#0020000515000100
(1786378286.556227) can0 38F#9F20E35302000000
(1786378286.556446) can0 38E#ED2100F614000100
(1786378286.566020) can0 38E#E42200E614000100
(1786378286.575905) can0 38F#C221E35302000000
(1786378286.576197) can0 38E#802300D814000100
(1786378286.585989) can0 38E#3F2400CD14000100
(1786378286.595958) can0 38F#2522E35302000000
(1786378286.596386) can0 38E#D72500C914000100
(1786378286.606247) can0 38E#302600C914000100
(1786378286.615919) can0 38F#7823E35302000000
(1786378286.616201) can0 38E#D82700CD14000100
(1786378286.625892) can0 38E#162800D214000100
(1786378286.635873) can0 38F#F624E35302000000
(1786378286.636247) can0 38E#3C2900DA14000100
(1786378286.645903) can0 38E#882A00E514000100
(1786378286.655966) can0 38F#AB25E35302000000
(1786378286.656250) can0 38E#E42B00F014000100
(1786378286.665883) can0 38E#642C000015000100
(1786378286.675918) can0 38F#4C26E35302000000
(1786378286.676234) can0 38E#692D001315000100
(1786378286.686188) can0 38E#142E002715000100
(1786378286.695940) can0 38F#1127E35302000000
(1786378286.696372) can0 38E#BA2F003E15000100
(1786378286.705955) can0 38E#A520005715000100
(1786378286.716306) can0 38F#4D28E35302000000
(1786378286.716747) can0 38E#1E21006C15000100
(1786378286.726036) can0 38E#4622008015000100
(1786378286.736383) can0 38F#1029E35302000000
(1786378286.736800) can0 38E#4B23009315000100
(1786378286.745943) can0 38E#492400A915000100
(1786378286.755895) can0 38F#F72AE35302000000
(1786378286.756175) can0 38E#252500BC15000100
(1786378286.766347) can0 38E#CC2600CF15000100
(1786378286.775999) can0 38F#AA2BE35302000000
(1786378286.776278) can0 38E#462700E115000100
(1786378286.785969) can0 38E#4A2800F215000100
(1786378286.796149) can0 38F#242CE35302000000
(1786378286.796592) can0 38E#3E29000216000100
(1786378286.806034) can0 38E#712A000F16000100
(1786378286.815981) can0 38F#792DE35302000000
(1786378286.816387) can0 38E#A82B001E16000100
(1786378286.825946) can0 38E#DD2C002C16000100
(1786378286.835954) can0 38F#9E2EE35302000000
(1786378286.836356) can0 38E#A72D003716000100
(1786378286.845834) can0 38E#2F2E004216000100
(1786378286.855888) can0 38F#C32FE35302000000
(1786378286.856148) can0 38E#BB2F004916000100
(1786378286.866222) can0 38E#EC20004E16000100
(1786378286.875839) can0 38F#9F20E35302000000
(1786378286.876145) can0 38E#F721005316000100
(1786378286.885964) can0 38E#7122005516000100
(1786378286.896001) can0 38F#C221E35302000000
(1786378286.896428) can0 38E#2C23005516000100
(1786378286.906214) can0 38E#6024005916000100
(1786378286.915901) can0 38F#2522E35302000000
(1786378286.916365) can0 38E#5C25005F16000100
(1786378286.926089) can0 38E#8226006116000100
(1786378286.936024) can0 38F#7823E35302000000
(1786378286.936590) can0 38E#0B27006316000100
(1786378286.946657) can0 38E#3628006516000100
(1786378286.955958) can0 38F#F624E35302000000
(1786378286.956234) can0 38E#D529006616000100
(1786378286.965976) can0 38E#9A2A006B16000100
(1786378286.976003) can0 38F#AB25E35302000000
(1786378286.976345) can0 38E#E02B007016000100
(1786378286.986422) can0 38E#B12C007516000100
(1786378286.996215) can0 38F#4C26E35302000000
(1786378286.996529) can0 38E#442D007816000100
(1786378287.005930) can0 38E#C92E007916000100
(1786378287.016040) can0 38F#1127E35302000000
(1786378287.016488) can0 38E#402F007B16000100
(1786378287.025941) can0 38E#4620008016000100
(1786378287.036237) can0 38F#4D28E35302000000
(1786378287.036631) can0 38E#1021008716000100
(1786378287.045892) can0 38E#EA22008E16000100
(1786378287.055901) can0 38F#1029E35302000000
(1786378287.056161) can0 38E#9023009516000100
(1786378287.065920) can0 38E#0324009C16000100
(1786378287.075943) can0 38F#F72AE35302000000
(1786378287.076306) can0 38E#0D2500A316000100
(1786378287.086312) can0 38E#FC2600AD16000100
(1786378287.095968) can0 38F#AA2BE35302000000
(1786378287.096366) can0 38E#FA2700B916000100
(1786378287.106245) can0 38E#6A2800C616000100
(1786378287.115905) can0 38F#242CE35302000000
(1786378287.116227) can0 38E#062900D316000100
(1786378287.125920) can0 38E#F72A00DD16000100
(1786378287.135927) can0 38F#792DE35302000000
(1786378287.136291) can0 38E#F22B00E516000100
(1786378287.146273) can0 38E#B52C00EE16000100
(1786378287.155927) can0 38F#9E2EE35302000000
(1786378287.156320) can0 38E#CF2D00F516000100
(1786378287.166337) can0 38E#352E00FC16000100
(1786378287.175914) can0 38F#C32FE35302000000
(1786378287.176294) can0 38E#D62F00FF16000100
(1786378287.186102) can0 38E#F820000017000100
(1786378287.196413) can0 38F#9F20E35302000000
(1786378287.196805) can0 38E#1B21000317000100
(1786378287.205920) can0 38E#4922000717000100
(1786378287.215964) can0 38F#C221E35302000000
(1786378287.216341) can0 38E#B723000D17000100
(1786378287.225979) can0 38E#AB24001217000100
(1786378287.235974) can0 38F#2522E35302000000
(1786378287.236392) can0 38E#FD25001517000100
(1786378287.245937) can0 38E#6626001A17000100
(1786378287.255950) can0 38F#7823E35302000000
(1786378287.256327) can0 38E#B727002017000100
(1786378287.266234) can0 38E#9C28002817000100
(1786378287.275844) can0 38F#F624E35302000000
(1786378287.276088) can0 38E#8C29003217000100
(1786378287.285907) can0 38E#A92A003E17000100
(1786378287.296434) can0 38F#AB25E35302000000
(1786378287.296717) can0 38E#FA2B004D17000100
(1786378287.305912) can0 38E#912C005A17000100
(1786378287.315898) can0 38F#4C26E35302000000
(1786378287.316149) can0 38E#372D006817000100
(1786378287.326256) can0 38E#282E007617000100
(1786378287.336328) can0 38F#1127E35302000000
(1786378287.336671) can0 38E#582F008517000100
(1786378287.345869) can0 38E#5F20009117000100
(1786378287.355827) can0 38F#4D28E35302000000
(1786378287.356124) can0 38E#2D2100A117000100
(1786378287.365958) can0 38E#9A2200B217000100
(1786378287.376282) can0 38F#1029E35302000000
(1786378287.376601) can0 38E#7C2300C517000100
(1786378287.386033) can0 38E#602400DA17000100
(1786378287.395941) can0 38F#F72AE35302000000
(1786378287.396304) can0 38E#192500ED17000100
(1786378287.405943) can0 38E#AE2600FE17000100
(1786378287.416397) can0 38F#AA2BE35302000000
(1786378287.416757) can0 38E#D727000B18000100
(1786378287.426270) can0 38E#DB28001818000100
(1786378287.435981) can0 38F#242CE35302000000
(1786378287.436416) can0 38E#A929002818000100
(1786378287.445855) can0 38E#742A003A18000100
(1786378287.455922) can0 38F#792DE35302000000
(1786378287.456292) can0 38E#F32B004B18000100
(1786378287.466304) can0 38E#982C005C18000100
(1786378287.475909) can0 38F#9E2EE35302000000
(1786378287.476244) can0 38E#802D006D18000100
(1786378287.485887) can0 38E#E82E007B18000100
(1786378287.495918) can0 38F#C32FE35302000000
(1786378287.496301) can0 38E#8E2F008618000100
(1786378287.505913) can0 38E#E820009418000100
(1786378287.515982) can0 38F#9F20E35302000000
(1786378287.516408) can0 38E#912100A318000100
(1786378287.525961) can0 38E#F92200B518000100
(1786378287.536028) can0 38F#C221E35302000000
(1786378287.536457) can0 38E#D62300C918000100
(1786378287.546283) can0 38E#082400DA18000100
(1786378287.555838) can0 38F#2522E35302000000
(1786378287.556149) can0 38E#C42500E918000100
(1786378287.565866) can0 38E#DB2600F718000100
(1786378287.576230) can0 38F#7823E35302000000
(1786378287.576525) can0 38E#8327000019000100
(1786378287.585913) can0 38E#BE28000619000100
(1786378287.596309) can0 38F#F624E35302000000
(1786378287.596671) can0 38E#2A29000D19000100
(1786378287.605868) can0 38E#EA2A001619000100
(1786378287.615848) can0 38F#AB25E35302000000
(1786378287.616160) can0 38E#7E2B001D19000100
(1786378287.626232) can0 38E#772C002019000100
(1786378287.635930) can0 38F#4C26E35302000000
(1786378287.636278) can0 38E#2A2D002019000100
(1786378287.645909) can0 38E#192E002219000100
(1786378287.655875) can0 38F#1127E35302000000
(1786378287.656136) can0 38E#FA2F002119000100
(1786378287.665826) can0 38E#A620002119000100
(1786378287.675846) can0 38F#4D28E35302000000
(1786378287.676114) can0 38E#FB21002119000100
(1786378287.685974) can0 38E#1C22002119000100
(1786378287.695912) can0 38F#1029E35302000000
(1786378287.696407) can0 38E#4123002119000100
(1786378287.705878) can0 38E#CF24002119000100
(1786378287.715908) can0 38F#F72AE35302000000
(1786378287.716299) can0 38E#9225002119000100
(1786378287.725987) can0 38E#7526002119000100
(1786378287.735964) can0 38F#AA2BE35302000000
(1786378287.736462) can0 38E#2827002119000100
(1786378287.745984) can0 38E#7428002119000100
(1786378287.755876) can0 38F#242CE35302000000
(1786378287.756217) can0 38E#2929002119000100
(1786378287.766174) can0 38E#CE2A002119000100
(1786378287.775848) can0 38F#792DE35302000000
(1786378287.776135) can0 38E#932B002119000100
(1786378287.785994) can0 38E#1D2C002119000100
(1786378287.795978) can0 38F#9E2EE35302000000
(1786378287.796349) can0 38E#402D002119000100
(1786378287.805911) can0 38E#192E002219000100
(1786378287.815833) can0 38F#C32FE35302000000
(1786378287.816128) can0 38E#252F002419000100
(1786378287.825923) can0 38E#1320002519000100
(1786378287.835990) can0 38F#9F20E35302000000
(1786378287.836529) can0 38E#9A21002719000100
(1786378287.846274) can0 38E#7D22002719000100
(1786378287.855937) can0 38F#C221E35302000000
(1786378287.856279) can0 38E#3623002919000100
(1786378287.865858) can0 38E#6C24002B19000100
(1786378287.875872) can0 38F#2522E35302000000
(1786378287.876159) can0 38E#5025002D19000100
(1786378287.885939) can0 38E#F126003019000100
(1786378287.896208) can0 38F#7823E35302000000
(1786378287.896476) can0 38E#1227003319000100
(1786378287.905882) can0 38E#9128003619000100
(1786378287.915855) can0 38F#F624E35302000000
(1786378287.916108) can0 38E#0E29003A19000100
(1786378287.925844) can0 38E#E22A003D19000100
(1786378287.935950) can0 38F#AB25E35302000000
(1786378287.936273) can0 38E#6B2B003F19000100
(1786378287.946325) can0 38E#FD2C004219000100
(1786378287.955841) can0 38F#4C26E35302000000
(1786378287.956057) can0 38E#AB2D004519000100
(1786378287.966141) can0 38E#982E004719000100
(1786378287.975872) can0 38F#1127E35302000000
(1786378287.976121) can0 38E#D32F004919000100
(1786378287.985850) can0 38E#3120004A19000100
(1786378287.995809) can0 38F#4D28E35302000000
(1786378287.996069) can0 38E#6721004D19000100
(1786378288.006286) can0 38E#5422004F19000100
(1786378288.015873) can0 38F#1029E35302000000
(1786378288.016110) can0 38E#9B23005019000100
(1786378288.026169) can0 38E#C124005219000100
(1786378288.035840) can0 38F#F72AE35302000000
(1786378288.036147) can0 38E#9C25005219000100
(1786378288.045842) can0 38E#7B26005219000100
(1786378288.056297) can0 38F#AA2BE35302000000
(1786378288.056564) can0 38E#2627005219000100
(1786378288.065856) can0 38E#7A28005219000100
(1786378288.075859) can0 38F#242CE35302000000
(1786378288.076113) can0 38E#2729005219000100
(1786378288.085865) can0 38E#C02A005219000100
(1786378288.095848) can0 38F#792DE35302000000
(1786378288.096099) can0 38E#9D2B005219000100
(1786378288.105843) can0 38E#132C005219000100
(1786378288.115852) can0 38F#9E2EE35302000000
(1786378288.116101) can0 38E#4E2D005219000100
(1786378288.125863) can0 38E#A92E005219000100
(1786378288.135910) can0 38F#C32FE35302000000
(1786378288.136259) can0 38E#F42F005219000100
(1786378288.145863) can0 38E#A820005219000100
(1786378288.155883) can0 38F#9F20E35302000000
(1786378288.156190) can0 38E#F521005219000100
(1786378288.165883) can0 38E#1222005219000100
(1786378288.175907) can0 38F#C221E35302000000
(1786378288.176105) can0 38E#4F23005219000100
(1786378288.186018) can0 38E#C124005219000100
(1786378288.196183) can0 38F#2522E35302000000
(1786378288.196407) can0 38E#9C25005219000100
(1786378288.205776) can0 38E#7B26005219000100
(1786378288.215764) can0 38F#7823E35302000000
(1786378288.215998) can0 38E#2627005219000100
(1786378288.225854) can0 38E#7A28005219000100
(1786378288.235984) can0 38F#F624E35302000000
(1786378288.236368) can0 38E#2729005219000100
(1786378288.245825) can0 38E#C02A005219000100
(1786378288.255839) can0 38F#AB25E35302000000
(1786378288.256073) can0 38E#9D2B005219000100
(1786378288.265875) can0 38E#132C005219000100
(1786378288.275890) can0 38F#4C26E35302000000
(1786378288.276129) can0 38E#4E2D005219000100
(1786378288.285894) can0 38E#A92E005219000100
(1786378288.295886) can0 38F#1127E35302000000
(1786378288.296186) can0 38E#F42F005219000100
(1786378288.305835) can0 38E#A820005219000100
(1786378288.315806) can0 38F#4D28E35302000000
(1786378288.316046) can0 38E#F521005219000100
(1786378288.325894) can0 38E#1222005219000100
(1786378288.335918) can0 38F#1029E35302000000
(1786378288.336263) can0 38E#4F23005219000100
(1786378288.345827) can0 38E#C124005219000100
(1786378288.355805) can0 38F#F72AE35302000000
(1786378288.356024) can0 38E#9C25005219000100
(1786378288.365961) can0 38E#7B26005219000100
(1786378288.375907) can0 38F#AA2BE35302000000
(1786378288.376236) can0 38E#2627005219000100
(1786378288.385834) can0 38E#7A28005219000100
(1786378288.395979) can0 38F#242CE35302000000
(1786378288.396389) can0 38E#2729005219000100
(1786378288.405916) can0 38E#C02A005219000100
(1786378288.415934) can0 38F#792DE35302000000
(1786378288.416351) can0 38E#9D2B005219000100
(1786378288.425848) can0 38E#132C005219000100
(1786378288.435968) can0 38F#9E2EE35302000000
(1786378288.436370) can0 38E#4E2D005219000100
(1786378288.445830) can0 38E#A92E005219000100
(1786378288.455866) can0 38F#C32FE35302000000
(1786378288.456152) can0 38E#F42F005219000100
(1786378288.465816) can0 38E#A820005219000100
(1786378288.475836) can0 38F#9F20E35302000000
(1786378288.476096) can0 38E#F521005219000100
(1786378288.486319) can0 38E#1222005219000100
(1786378288.495921) can0 38F#C221E35302000000
(1786378288.496313) can0 38E#4F23005219000100
(1786378288.505893) can0 38E#C124005219000100
(1786378288.515796) can0 38F#2522E35302000000
(1786378288.516040) can0 38E#9C25005219000100
(1786378288.525895) can0 38E#7B26005219000100
(1786378288.535904) can0 38F#7823E35302000000
(1786378288.536287) can0 38E#2627005219000100
(1786378288.545909) can0 38E#7A28005219000100
(1786378288.555854) can0 38F#F624E35302000000
(1786378288.556274) can0 38E#2729005219000100
(1786378288.565768) can0 38E#C02A005219000100
(1786378288.575843) can0 38F#AB25E35302000000
(1786378288.576136) can0 38E#9D2B005219000100
(1786378288.585925) can0 38E#132C005219000100
(1786378288.595837) can0 38F#4C26E35302000000
(1786378288.596189) can0 38E#4E2D005219000100
(1786378288.605831) can0 38E#A92E005219000100
(1786378288.615828) can0 38F#1127E35302000000
(1786378288.616095) can0 38E#F42F005219000100
(1786378288.625897) can0 38E#A820005219000100
(1786378288.635768) can0 38F#4D28E35302000000
(1786378288.636076) can0 38E#F521005219000100
(1786378288.645771) can0 38E#1222005219000100
(1786378288.655896) can0 38F#1029E35302000000
(1786378288.656240) can0 38E#4F23005219000100
(1786378288.665908) can0 38E#C124005219000100
(1786378288.675852) can0 38F#F72AE35302000000
(1786378288.676113) can0 38E#9C25005219000100
(1786378288.685874) can0 38E#7B26005219000100
(1786378288.696103) can0 38F#AA2BE35302000000
(1786378288.696523) can0 38E#2627005219000100
(1786378288.706205) can0 38E#7A28005219000100
(1786378288.715884) can0 38F#242CE35302000000
(1786378288.716244) can0 38E#2729005219000100
(1786378288.725901) can0 38E#C02A005219000100
(1786378288.735892) can0 38F#792DE35302000000
(1786378288.736327) can0 38E#9D2B005219000100
(1786378288.745930) can0 38E#132C005219000100
(1786378288.755805) can0 38F#9E2EE35302000000
(1786378288.756097) can0 38E#4E2D005219000100
(1786378288.765795) can0 38E#A92E005219000100
(1786378288.775844) can0 38F#C32FE35302000000
(1786378288.776078) can0 38E#F42F005219000100
(1786378288.785851) can0 38E#A820005219000100
(1786378288.795790) can0 38F#9F20E35302000000
(1786378288.796100) can0 38E#F521005219000100
(1786378288.805905) can0 38E#1222005219000100
(1786378288.815803) can0 38F#C221E35302000000
(1786378288.816060) can0 38E#4F23005219000100
(1786378288.825858) can0 38E#C124005219000100
(1786378288.835904) can0 38F#2522E35302000000
(1786378288.836270) can0 38E#9C25005219000100
(1786378288.845769) can0 38E#7B26005219000100
(1786378288.855779) can0 38F#7823E35302000000
(1786378288.856011) can0 38E#2627005219000100
(1786378288.866246) can0 38E#7A28005219000100
(1786378288.875862) can0 38F#F624E35302000000
(1786378288.876157) can0 38E#2729005219000100
(1786378288.885935) can0 38E#C02A005219000100
(1786378288.895851) can0 38F#AB25E35302000000
(1786378288.896186) can0 38E#9D2B005219000100
(1786378288.905862) can0 38E#132C005219000100
(1786378288.915862) can0 38F#4C26E35302000000
(1786378288.916130) can0 38E#4E2D005219000100
(1786378288.925827) can0 38E#A92E005219000100
(1786378288.935851) can0 38F#1127E35302000000
(1786378288.936135) can0 38E#F42F005219000100
(1786378288.945807) can0 38E#A820005219000100
(1786378288.955873) can0 38F#4D28E35302000000
(1786378288.956116) can0 38E#F521005219000100
(1786378288.965777) can0 38E#1222005219000100
(1786378288.975806) can0 38F#1029E35302000000
(1786378288.976038) can0 38E#4F23005219000100
(1786378288.985925) can0 38E#C124005219000100
(1786378288.995778) can0 38F#F72AE35302000000
(1786378288.996003) can0 38E#9C25005219000100
(1786378289.005798) can0 38E#7B26005219000100
(1786378289.015782) can0 38F#AA2BE35302000000
(1786378289.015999) can0 38E#2627005219000100
(1786378289.025793) can0 38E#7A28005219000100
(1786378289.035982) can0 38F#242CE35302000000
(1786378289.036385) can0 38E#2729005219000100
(1786378289.045859) can0 38E#C02A005219000100
(1786378289.055850) can0 38F#792DE35302000000
(1786378289.056080) can0 38E#9D2B005219000100
(1786378289.065823) can0 38E#132C005219000100
(1786378289.075770) can0 38F#9E2EE35302000000
(1786378289.076051) can0 38E#4E2D005219000100
(1786378289.085910) can0 38E#A92E005219000100
(1786378289.095884) can0 38F#C32FE35302000000
(1786378289.096254) can0 38E#F42F005219000100
(1786378289.105861) can0 38E#A820005219000100
(1786378289.115829) can0 38F#9F20E35302000000
(1786378289.116096) can0 38E#F521005219000100
(1786378289.125821) can0 38E#1222005219000100
(1786378289.136227) can0 38F#C221E35302000000
(1786378289.136606) can0 38E#4F23005219000100
(1786378289.146082) can0 38E#C124005219000100
(1786378289.155850) can0 38F#2522E35302000000
(1786378289.156322) can0 38E#9C25005219000100
(1786378289.165936) can0 38E#7B26005219000100
(1786378289.175877) can0 38F#7823E35302000000
(1786378289.176160) can0 38E#2627005219000100
(1786378289.185899) can0 38E#7A28005219000100
(1786378289.195825) can0 38F#F624E35302000000
(1786378289.196135) can0 38E#2729005219000100
(1786378289.205889) can0 38E#C02A005219000100
(1786378289.215837) can0 38F#AB25E35302000000
(1786378289.216100) can0 38E#9D2B005219000100
(1786378289.225839) can0 38E#132C005219000100
(1786378289.235940) can0 38F#4C26E35302000000
(1786378289.236262) can0 38E#4E2D005219000100
(1786378289.245829) can0 38E#A92E005219000100
(1786378289.255842) can0 38F#1127E35302000000
(1786378289.256104) can0 38E#F42F005219000100
(1786378289.266040) can0 38E#A820005219000100
(1786378289.275810) can0 38F#4D28E35302000000
(1786378289.276175) can0 38E#F521005219000100
(1786378289.286004) can0 38E#1222005219000100
(1786378289.296245) can0 38F#1029E35302000000
(1786378289.296602) can0 38E#4F23005219000100
(1786378289.305866) can0 38E#C124005219000100
(1786378289.315931) can0 38F#F72AE35302000000
(1786378289.316349) can0 38E#9C25005219000100
(1786378289.325837) can0 38E#7B26005219000100
(1786378289.336030) can0 38F#AA2BE35302000000
(1786378289.336551) can0 38E#2627005219000100
(1786378289.346207) can0 38E#C428005119000100
(1786378289.355855) can0 38F#242CE35302000000
(1786378289.356087) can0 38E#9929005119000100
(1786378289.365855) can0 38E#7E2A005119000100
(1786378289.375927) can0 38F#792DE35302000000
(1786378289.376267) can0 38E#232B005119000100
(1786378289.385926) can0 38E#AD2C005119000100
(1786378289.395821) can0 38F#9E2EE35302000000
(1786378289.396111) can0 38E#F02D005119000100
(1786378289.405851) can0 38E#172E005119000100
(1786378289.415816) can0 38F#C32FE35302000000
(1786378289.416058) can0 38E#4A2F005119000100
(1786378289.425799) can0 38E#1620005119000100
(1786378289.435810) can0 38F#9F20E35302000000
(1786378289.436164) can0 38E#4B21005119000100
(1786378289.445888) can0 38E#AC22005119000100
(1786378289.455816) can0 38F#C221E35302000000
(1786378289.456112) can0 38E#F123005119000100
(1786378289.465835) can0 38E#7F24005119000100
(1786378289.475877) can0 38F#2522E35302000000
(1786378289.476302) can0 38E#2225005119000100
(1786378289.485911) can0 38E#C526005119000100
(1786378289.495939) can0 38F#7823E35302000000
(1786378289.496301) can0 38E#9827005119000100
(1786378289.505837) can0 38E#C428005119000100
(1786378289.515827) can0 38F#F624E35302000000
(1786378289.516069) can0 38E#9929005119000100
(1786378289.525834) can0 38E#7E2A005119000100
(1786378289.535891) can0 38F#AB25E35302000000
(1786378289.536167) can0 38E#232B005119000100
(1786378289.545873) can0 38E#AD2C005119000100
(1786378289.555879) can0 38F#4C26E35302000000
(1786378289.556194) can0 38E#F02D005119000100
(1786378289.565838) can0 38E#172E005119000100
(1786378289.575888) can0 38F#1127E35302000000
(1786378289.576171) can0 38E#4A2F005119000100
(1786378289.585776) can0 38E#1620005119000100
(1786378289.595812) can0 38F#4D28E35302000000
(1786378289.596139) can0 38E#4B21005119000100
(1786378289.605888) can0 38E#AC22005119000100
(1786378289.615983) can0 38F#1029E35302000000
(1786378289.616398) can0 38E#F123005119000100
(1786378289.625948) can0 38E#7F24005119000100
(1786378289.635886) can0 38F#F72AE35302000000
(1786378289.636308) can0 38E#2225005119000100
(1786378289.645950) can0 38E#C526005119000100
(1786378289.655884) can0 38F#AA2BE35302000000
(1786378289.656143) can0 38E#9827005119000100
(1786378289.665955) can0 38E#C428005119000100
(1786378289.675791) can0 38F#242CE35302000000
(1786378289.676086) can0 38E#9929005119000100
(1786378289.685958) can0 38E#7E2A005119000100
(1786378289.695860) can0 38F#792DE35302000000
(1786378289.696256) can0 38E#232B005119000100
(1786378289.705805) can0 38E#AD2C005119000100
(1786378289.715898) can0 38F#9E2EE35302000000
(1786378289.716318) can0 38E#F02D005119000100
(1786378289.725891) can0 38E#172E005119000100
(1786378289.735862) can0 38F#C32FE35302000000
(1786378289.736183) can0 38E#4A2F005119000100
(1786378289.745825) can0 38E#1620005119000100
(1786378289.755803) can0 38F#9F20E35302000000
(1786378289.756097) can0 38E#4B21005119000100
(1786378289.765919) can0 38E#AC22005119000100
(1786378289.775870) can0 38F#C221E35302000000
(1786378289.776157) can0 38E#F123005119000100
(1786378289.785931) can0 38E#7F24005119000100
(1786378289.795992) can0 38F#2522E35302000000
(1786378289.796351) can0 38E#2225005119000100
(1786378289.805826) can0 38E#C526005119000100
(1786378289.815772) can0 38F#7823E35302000000
(1786378289.816024) can0 38E#9827005119000100
(1786378289.825790) can0 38E#C428005119000100
(1786378289.835784) can0 38F#F624E35302000000
(1786378289.836159) can0 38E#9929005119000100
(1786378289.845865) can0 38E#7E2A005119000100
(1786378289.855818) can0 38F#AB25E35302000000
(1786378289.856191) can0 38E#232B005119000100
(1786378289.865879) can0 38E#AD2C005119000100
(1786378289.875872) can0 38F#4C26E35302000000
(1786378289.876123) can0 38E#F02D005119000100
(1786378289.885819) can0 38E#172E005119000100
(1786378289.895856) can0 38F#1127E35302000000
(1786378289.896145) can0 38E#4A2F005119000100
(1786378289.905853) can0 38E#1620005119000100
(1786378289.915826) can0 38F#4D28E35302000000
(1786378289.916044) can0 38E#4B21005119000100
(1786378289.925790) can0 38E#AC22005119000100
(1786378289.935812) can0 38F#1029E35302000000
(1786378289.936313) can0 38E#F123005119000100
(1786378289.945875) can0 38E#7F24005119000100
(1786378289.955840) can0 38F#F72AE35302000000
(1786378289.956137) can0 38E#2225005119000100
(1786378289.965837) can0 38E#C526005119000100
(1786378289.975827) can0 38F#AA2BE35302000000
(1786378289.976135) can0 38E#9827005119000100
(1786378289.985921) can0 38E#C428005119000100
(1786378289.996061) can0 38F#242CE35302000000
(1786378289.996398) can0 38E#9929005119000100
(1786378290.005929) can0 38E#7E2A005119000100
(1786378290.015847) can0 38F#792DE35302000000
(1786378290.016175) can0 38E#232B005119000100
(1786378290.025812) can0 38E#AD2C005119000100
(1786378290.035932) can0 38F#9E2EE35302000000
(1786378290.036255) can0 38E#F02D005119000100
(1786378290.045905) can0 38E#172E005119000100
(1786378290.055951) can0 38F#C32FE35302000000
(1786378290.056297) can0 38E#4A2F005119000100
(1786378290.065855) can0 38E#1620005119000100
(1786378290.075778) can0 38F#9F20E35302000000
(1786378290.076143) can0 38E#4B21005119000100
(1786378290.085877) can0 38E#AC22005119000100
(1786378290.095901) can0 38F#C221E35302000000
(1786378290.096323) can0 38E#9B23005019000100
(1786378290.105851) can0 38E#7F24005119000100
(1786378290.115837) can0 38F#2522E35302000000
(1786378290.116169) can0 38E#2225005119000100
(1786378290.125946) can0 38E#C526005119000100
(1786378290.135857) can0 38F#7823E35302000000
(1786378290.136284) can0 38E#9827005119000100
(1786378290.145849) can0 38E#C428005119000100
(1786378290.155904) can0 38F#F624E35302000000
(1786378290.156246) can0 38E#9929005119000100
(1786378290.165927) can0 38E#7E2A005119000100
(1786378290.175909) can0 38F#AB25E35302000000
(1786378290.176278) can0 38E#232B005119000100
(1786378290.185830) can0 38E#AD2C005119000100
(1786378290.195771) can0 38F#4C26E35302000000
(1786378290.196046) can0 38E#F02D005119000100
(1786378290.205829) can0 38E#172E005119000100
(1786378290.215780) can0 38F#1127E35302000000
(1786378290.216031) can0 38E#4A2F005119000100
(1786378290.225839) can0 38E#1620005119000100
(1786378290.235772) can0 38F#4D28E35302000000
(1786378290.236203) can0 38E#4B21005119000100
(1786378290.245839) can0 38E#AC22005119000100
(1786378290.255787) can0 38F#1029E35302000000
(1786378290.256024) can0 38E#F123005119000100
(1786378290.265764) can0 38E#7F24005119000100
(1786378290.275866) can0 38F#F72AE35302000000
(1786378290.276078) can0 38E#2225005119000100
(1786378290.285863) can0 38E#C526005119000100
(1786378290.295871) can0 38F#AA2BE35302000000
(1786378290.296278) can0 38E#9827005119000100
(1786378290.305883) can0 38E#C428005119000100
(1786378290.315793) can0 38F#242CE35302000000
(1786378290.316166) can0 38E#9929005119000100
(1786378290.325911) can0 38E#7E2A005119000100
(1786378290.335928) can0 38F#792DE35302000000
(1786378290.336289) can0 38E#232B005119000100
(1786378290.345877) can0 38E#AD2C005119000100
(1786378290.355756) can0 38F#9E2EE35302000000
(1786378290.356043) can0 38E#F02D005119000100
(1786378290.365806) can0 38E#172E005119000100
(1786378290.375840) can0 38F#C32FE35302000000
(1786378290.376141) can0 38E#4A2F005119000100
(1786378290.385809) can0 38E#1620005119000100
(1786378290.395810) can0 38F#9F20E35302000000
(1786378290.396066) can0 38E#4B21005119000100
(1786378290.405785) can0 38E#AC22005119000100
(1786378290.415813) can0 38F#C221E35302000000
(1786378290.416067) can0 38E#F123005119000100
(1786378290.425836) can0 38E#7F24005119000100
(1786378290.435832) can0 38F#2522E35302000000
(1786378290.436109) can0 38E#2225005119000100
(1786378290.445786) can0 38E#C526005119000100
(1786378290.455807) can0 38F#7823E35302000000
(1786378290.456041) can0 38E#9827005119000100
(1786378290.465753) can0 38E#C428005119000100
(1786378290.475808) can0 38F#F624E35302000000
(1786378290.476103) can0 38E#9929005119000100
(1786378290.485821) can0 38E#7E2A005119000100
(1786378290.495861) can0 38F#AB25E35302000000
(1786378290.496283) can0 38E#232B005119000100
(1786378290.505829) can0 38E#AD2C005119000100
(1786378290.515764) can0 38F#4C26E35302000000
(1786378290.516055) can0 38E#F02D005119000100
(1786378290.525843) can0 38E#172E005119000100
(1786378290.535798) can0 38F#1127E35302000000
(1786378290.536375) can0 38E#4A2F005119000100
(1786378290.545905) can0 38E#1620005119000100
(1786378290.555848) can0 38F#4D28E35302000000
(1786378290.556128) can0 38E#4B21005119000100
(1786378290.565788) can0 38E#AC22005119000100
(1786378290.575835) can0 38F#1029E35302000000
(1786378290.576154) can0 38E#F123005119000100
(1786378290.585882) can0 38E#7F24005119000100
(1786378290.595917) can0 38F#F72AE35302000000
(1786378290.596309) can0 38E#2225005119000100
(1786378290.605910) can0 38E#C526005119000100
(1786378290.615926) can0 38F#AA2BE35302000000
(1786378290.616375) can0 38E#9827005119000100
(1786378290.625924) can0 38E#C428005119000100
(1786378290.635958) can0 38F#242CE35302000000
(1786378290.636378) can0 38E#9929005119000100
(1786378290.645835) can0 38E#7E2A005119000100
(1786378290.655804) can0 38F#792DE35302000000
(1786378290.656071) can0 38E#232B005119000100
(1786378290.665744) can0 38E#AD2C005119000100
(1786378290.675770) can0 38F#9E2EE35302000000
(1786378290.676056) can0 38E#F02D005119000100
(1786378290.685796) can0 38E#172E005119000100
(1786378290.695859) can0 38F#C32FE35302000000
(1786378290.696271) can0 38E#4A2F005119000100
(1786378290.705853) can0 38E#1620005119000100
(1786378290.715740) can0 38F#9F20E35302000000
(1786378290.716044) can0 38E#4B21005119000100
(1786378290.725788) can0 38E#AC22005119000100
(1786378290.735825) can0 38F#C221E35302000000
(1786378290.736117) can0 38E#F123005119000100
(1786378290.745790) can0 38E#7F24005119000100
(1786378290.755764) can0 38F#2522E35302000000
(1786378290.756031) can0 38E#2225005119000100
(1786378290.765912) can0 38E#C526005119000100
(1786378290.775894) can0 38F#7823E35302000000
(1786378290.776307) can0 38E#9827005119000100
(1786378290.785764) can0 38E#C428005119000100
(1786378290.795799) can0 38F#F624E35302000000
(1786378290.796140) can0 38E#9929005119000100
(1786378290.805812) can0 38E#7E2A005119000100
(1786378290.815833) can0 38F#AB25E35302000000
(1786378290.816108) can0 38E#232B005119000100
(1786378290.825833) can0 38E#AD2C005119000100
(1786378290.835846) can0 38F#4C26E35302000000
(1786378290.836413) can0 38E#F02D005119000100
(1786378290.845995) can0 38E#172E005119000100
(1786378290.855886) can0 38F#1127E35302000000
(1786378290.856274) can0 38E#4A2F005119000100
(1786378290.865824) can0 38E#1620005119000100
(1786378290.875749) can0 38F#4D28E35302000000
(1786378290.876041) can0 38E#4B21005119000100
(1786378290.885780) can0 38E#AC22005119000100
(1786378290.895827) can0 38F#1029E35302000000
(1786378290.896121) can0 38E#F123005119000100
(1786378290.905845) can0 38E#7F24005119000100
(1786378290.915843) can0 38F#F72AE35302000000
(1786378290.916170) can0 38E#2225005119000100
(1786378290.925833) can0 38E#C526005119000100
(1786378290.935925) can0 38F#AA2BE35302000000
(1786378290.936278) can0 38E#9827005119000100
(1786378290.945932) can0 38E#C428005119000100
(1786378290.955817) can0 38F#242CE35302000000
(1786378290.956167) can0 38E#9929005119000100
(1786378290.965880) can0 38E#7E2A005119000100
(1786378290.975864) can0 38F#792DE35302000000
(1786378290.976187) can0 38E#232B005119000100
(1786378290.985901) can0 38E#C72C005019000100
(1786378290.995774) can0 38F#9E2EE35302000000
(1786378290.996066) can0 38E#9A2D005019000100
(1786378291.005781) can0 38E#7D2E005019000100
(1786378291.015837) can0 38F#C32FE35302000000
(1786378291.016112) can0 38E#202F005019000100
(1786378291.025845) can0 38E#7C20005019000100
(1786378291.035845) can0 38F#9F20E35302000000
(1786378291.036277) can0 38E#2121005019000100
(1786378291.045737) can0 38E#C622005019000100
(1786378291.055830) can0 38F#C221E35302000000
(1786378291.056148) can0 38E#9B23005019000100
(1786378291.066217) can0 38E#1524005019000100
(1786378291.075866) can0 38F#2522E35302000000
(1786378291.076295) can0 38E#4825005019000100
(1786378291.085807) can0 38E#AF26005019000100
(1786378291.096015) can0 38F#7823E35302000000
(1786378291.096388) can0 38E#F227005019000100
(1786378291.105816) can0 38E#AE28005019000100
(1786378291.115868) can0 38F#F624E35302000000
(1786378291.116366) can0 38E#F329005019000100
(1786378291.125834) can0 38E#142A005019000100
(1786378291.135981) can0 38F#AB25E35302000000
(1786378291.136467) can0 38E#492B005019000100
(1786378291.145775) can0 38E#C72C005019000100
(1786378291.155833) can0 38F#4C26E35302000000
(1786378291.156088) can0 38E#9A2D005019000100
(1786378291.165879) can0 38E#7D2E005019000100
(1786378291.175867) can0 38F#1127E35302000000
(1786378291.176361) can0 38E#202F005019000100
(1786378291.185881) can0 38E#7C20005019000100
(1786378291.196098) can0 38F#4D28E35302000000
(1786378291.196526) can0 38E#B321004F19000100
(1786378291.206186) can0 38E#5422004F19000100
(1786378291.215851) can0 38F#1029E35302000000
(1786378291.216156) can0 38E#6323004E19000100
(1786378291.225889) can0 38E#ED24004E19000100
(1786378291.235919) can0 38F#F72AE35302000000
(1786378291.236354) can0 38E#0E25004D19000100
(1786378291.246265) can0 38E#E926004D19000100
(1786378291.255865) can0 38F#AA2BE35302000000
(1786378291.256207) can0 38E#DE27004C19000100
(1786378291.265802) can0 38E#8228004C19000100
(1786378291.275898) can0 38F#242CE35302000000
(1786378291.276270) can0 38E#D429004B19000100
(1786378291.286356) can0 38E#332A004B19000100
(1786378291.295907) can0 38F#792DE35302000000
(1786378291.296346) can0 38E#042B004A19000100
(1786378291.305797) can0 38E#8A2C004A19000100
(1786378291.315986) can0 38F#9E2EE35302000000
(1786378291.316516) can0 38E#692D004919000100
(1786378291.325971) can0 38E#8E2E004919000100
(1786378291.336255) can0 38F#C32FE35302000000
(1786378291.336724) can0 38E#D32F004919000100
(1786378291.345973) can0 38E#E520004819000100
(1786378291.355840) can0 38F#9F20E35302000000
(1786378291.356198) can0 38E#B821004819000100
(1786378291.365918) can0 38E#2322004719000100
(1786378291.375905) can0 38F#C221E35302000000
(1786378291.376241) can0 38E#7E23004719000100
(1786378291.386327) can0 38E#9A24004619000100
(1786378291.395936) can0 38F#2522E35302000000
(1786378291.396539) can0 38E#7925004519000100
(1786378291.405898) can0 38E#9E26004519000100
(1786378291.415968) can0 38F#7823E35302000000
(1786378291.416411) can0 38E#A927004419000100
(1786378291.425885) can0 38E#F528004419000100
(1786378291.435876) can0 38F#F624E35302000000
(1786378291.436442) can0 38E#A329004319000100
(1786378291.446193) can0 38E#442A004319000100
(1786378291.455903) can0 38F#AB25E35302000000
(1786378291.456296) can0 38E#732B004219000100
(1786378291.466012) can0 38E#FD2C004219000100
(1786378291.475824) can0 38F#4C26E35302000000
(1786378291.476302) can0 38E#1E2D004119000100
(1786378291.485919) can0 38E#F92E004119000100
(1786378291.496418) can0 38F#1127E35302000000
(1786378291.496851) can0 38E#CE2F004019000100
(1786378291.505879) can0 38E#9220004019000100
(1786378291.515982) can0 38F#4D28E35302000000
(1786378291.516443) can0 38E#0321003F19000100
(1786378291.525946) can0 38E#E422003F19000100
(1786378291.535962) can0 38F#1029E35302000000
(1786378291.536350) can0 38E#B923003F19000100
(1786378291.545837) can0 38E#5D24003E19000100
(1786378291.555784) can0 38F#F72AE35302000000
(1786378291.556186) can0 38E#0025003E19000100
(1786378291.566032) can0 38E#E726003E19000100
(1786378291.575881) can0 38F#AA2BE35302000000
(1786378291.576307) can0 38E#BA27003E19000100
(1786378291.585947) can0 38E#E628003E19000100
(1786378291.595888) can0 38F#242CE35302000000
(1786378291.596295) can0 38E#BB29003E19000100
(1786378291.605841) can0 38E#5C2A003E19000100
(1786378291.615898) can0 38F#792DE35302000000
(1786378291.616327) can0 38E#012B003E19000100
(1786378291.626213) can0 38E#8F2C003E19000100
(1786378291.635884) can0 38F#9E2EE35302000000
(1786378291.636418) can0 38E#D22D003E19000100
(1786378291.645821) can0 38E#352E003E19000100
(1786378291.655785) can0 38F#C32FE35302000000
(1786378291.656122) can0 38E#682F003E19000100
(1786378291.665922) can0 38E#3420003E19000100
(1786378291.675877) can0 38F#9F20E35302000000
(1786378291.676283) can0 38E#6921003E19000100
(1786378291.685808) can0 38E#8E22003E19000100
(1786378291.695868) can0 38F#C221E35302000000
(1786378291.696341) can0 38E#D323003E19000100
(1786378291.705803) can0 38E#3724003F19000100
(1786378291.716001) can0 38F#2522E35302000000
(1786378291.716369) can0 38E#6A25003F19000100
(1786378291.725856) can0 38E#8D26003F19000100
(1786378291.735918) can0 38F#7823E35302000000
(1786378291.736397) can0 38E#D027003F19000100
(1786378291.745825) can0 38E#8C28003F19000100
(1786378291.755798) can0 38F#F624E35302000000
(1786378291.756113) can0 38E#D129003F19000100
(1786378291.765911) can0 38E#902A004119000100
(1786378291.775908) can0 38F#AB25E35302000000
(1786378291.776276) can0 38E#CD2B004119000100
(1786378291.785838) can0 38E#FD2C004219000100
(1786378291.795864) can0 38F#4C26E35302000000
(1786378291.796154) can0 38E#A02D004219000100
(1786378291.805846) can0 38E#2D2E004319000100
(1786378291.815827) can0 38F#1127E35302000000
(1786378291.816133) can0 38E#702F004319000100
(1786378291.825839) can0 38E#2C20004319000100
(1786378291.836095) can0 38F#4D28E35302000000
(1786378291.836576) can0 38E#7A21004419000100
(1786378291.846206) can0 38E#4922004619000100
(1786378291.855875) can0 38F#1029E35302000000
(1786378291.856225) can0 38E#1423004619000100
(1786378291.865758) can0 38E#F024004719000100
(1786378291.876145) can0 38F#F72AE35302000000
(1786378291.876469) can0 38E#D125004819000100
(1786378291.885891) can0 38E#5C26004919000100
(1786378291.896242) can0 38F#AA2BE35302000000
(1786378291.896548) can0 38E#BF27004A19000100
(1786378291.905767) can0 38E#E328004A19000100
(1786378291.915805) can0 38F#242CE35302000000
(1786378291.916174) can0 38E#D429004B19000100
(1786378291.926192) can0 38E#382A004C19000100
(1786378291.936023) can0 38F#792DE35302000000
(1786378291.936457) can0 38E#652B004C19000100
(1786378291.945804) can0 38E#EB2C004C19000100
(1786378291.955789) can0 38F#9E2EE35302000000
(1786378291.956159) can0 38E#DC2D004D19000100
(1786378291.965798) can0 38E#852E004E19000100
(1786378291.975876) can0 38F#C32FE35302000000
(1786378291.976283) can0 38E#D82F004E19000100
(1786378291.985803) can0 38E#EE20004F19000100
(1786378291.996139) can0 38F#9F20E35302000000
(1786378291.996530) can0 38E#B321004F19000100
(1786378292.005803) can0 38E#C622005019000100
(1786378292.015813) can0 38F#C221E35302000000
(1786378292.016124) can0 38E#9B23005019000100
(1786378292.025976) can0 38E#1524005019000100
(1786378292.035892) can0 38F#2522E35302000000
(1786378292.036358) can0 38E#4825005019000100
(1786378292.045916) can0 38E#AF26005019000100
(1786378292.055890) can0 38F#7823E35302000000
(1786378292.056291) can0 38E#6027004F19000100
(1786378292.065878) can0 38E#AE28005019000100
(1786378292.075828) can0 38F#F624E35302000000
(1786378292.076223) can0 38E#F329005019000100
(1786378292.085949) can0 38E#142A005019000100
(1786378292.095948) can0 38F#AB25E35302000000
(1786378292.096313) can0 38E#492B005019000100
(1786378292.105839) can0 38E#C72C005019000100
(1786378292.115738) can0 38F#4C26E35302000000
(1786378292.116052) can0 38E#9A2D005019000100
(1786378292.125892) can0 38E#7D2E005019000100
(1786378292.135903) can0 38F#1127E35302000000
(1786378292.136278) can0 38E#202F005019000100
(1786378292.146103) can0 38E#7C20005019000100
(1786378292.155744) can0 38F#4D28E35302000000
(1786378292.156089) can0 38E#2121005019000100
(1786378292.165870) can0 38E#C622005019000100
(1786378292.175761) can0 38F#1029E35302000000
(1786378292.176047) can0 38E#9B23005019000100
(1786378292.185776) can0 38E#1524005019000100
(1786378292.195891) can0 38F#F72AE35302000000
(1786378292.196224) can0 38E#4825005019000100
(1786378292.205812) can0 38E#AF26005019000100
(1786378292.215828) can0 38F#AA2BE35302000000
(1786378292.216185) can0 38E#F227005019000100
(1786378292.225959) can0 38E#AE28005019000100
(1786378292.235854) can0 38F#242CE35302000000
(1786378292.236256) can0 38E#F329005019000100
(1786378292.245923) can0 38E#142A005019000100
(1786378292.255827) can0 38F#792DE35302000000
(1786378292.256148) can0 38E#492B005019000100
(1786378292.265771) can0 38E#C72C005019000100
(1786378292.275838) can0 38F#9E2EE35302000000
(1786378292.276201) can0 38E#9A2D005019000100
(1786378292.285723) can0 38E#7D2E005019000100
(1786378292.295887) can0 38F#C32FE35302000000
(1786378292.296333) can0 38E#202F005019000100
(1786378292.305867) can0 38E#7C20005019000100
(1786378292.315780) can0 38F#9F20E35302000000
(1786378292.316154) can0 38E#2121005019000100
(1786378292.325834) can0 38E#C622005019000100
(1786378292.335827) can0 38F#C221E35302000000
(1786378292.336400) can0 38E#9B23005019000100
(1786378292.345796) can0 38E#1524005019000100
(1786378292.355884) can0 38F#2522E35302000000
(1786378292.356271) can0 38E#4825005019000100
(1786378292.365915) can0 38E#AF26005019000100
(1786378292.375815) can0 38F#7823E35302000000
(1786378292.376154) can0 38E#F227005019000100
(1786378292.385819) can0 38E#AE28005019000100
(1786378292.395777) can0 38F#F624E35302000000
(1786378292.396092) can0 38E#F329005019000100
(1786378292.405797) can0 38E#142A005019000100
(1786378292.415728) can0 38F#AB25E35302000000
(1786378292.416022) can0 38E#492B005019000100
(1786378292.425865) can0 38E#C72C005019000100
(1786378292.435874) can0 38F#4C26E35302000000
(1786378292.436314) can0 38E#9A2D005019000100
(1786378292.445861) can0 38E#7D2E005019000100
(1786378292.455852) can0 38F#1127E35302000000
(1786378292.456214) can0 38E#202F005019000100
(1786378292.465896) can0 38E#7C20005019000100
(1786378292.475819) can0 38F#4D28E35302000000
(1786378292.476199) can0 38E#2121005019000100
(1786378292.485851) can0 38E#C622005019000100
(1786378292.495908) can0 38F#1029E35302000000
(1786378292.496255) can0 38E#9B23005019000100
(1786378292.505757) can0 38E#1524005019000100
(1786378292.515739) can0 38F#F72AE35302000000
(1786378292.516015) can0 38E#4825005019000100
(1786378292.525794) can0 38E#AF26005019000100
(1786378292.535835) can0 38F#AA2BE35302000000
(1786378292.536294) can0 38E#F227005019000100
(1786378292.545777) can0 38E#AE28005019000100
(1786378292.555804) can0 38F#242CE35302000000
(1786378292.556070) can0 38E#F329005019000100
(1786378292.565860) can0 38E#142A005019000100
(1786378292.575889) can0 38F#792DE35302000000
(1786378292.576244) can0 38E#492B005019000100
(1786378292.585973) can0 38E#C72C005019000100
(1786378292.595835) can0 38F#9E2EE35302000000
(1786378292.596182) can0 38E#9A2D005019000100
(1786378292.605749) can0 38E#7D2E005019000100
(1786378292.615743) can0 38F#C32FE35302000000
(1786378292.616057) can0 38E#202F005019000100
(1786378292.625874) can0 38E#7C20005019000100
(1786378292.635954) can0 38F#9F20E35302000000
(1786378292.636324) can0 38E#2121005019000100
(1786378292.645888) can0 38E#C622005019000100
(1786378292.655864) can0 38F#C221E35302000000
(1786378292.656149) can0 38E#9B23005019000100
(1786378292.665749) can0 38E#1524005019000100
(1786378292.675814) can0 38F#2522E35302000000
(1786378292.676162) can0 38E#4825005019000100
(1786378292.685796) can0 38E#AF26005019000100
(1786378292.696041) can0 38F#7823E35302000000
(1786378292.696426) can0 38E#F227005019000100
(1786378292.705891) can0 38E#AE28005019000100
(1786378292.715815) can0 38F#F624E35302000000
(1786378292.716347) can0 38E#F329005019000100
(1786378292.725783) can0 38E#142A005019000100
(1786378292.735887) can0 38F#AB25E35302000000
(1786378292.736342) can0 38E#492B005019000100
(1786378292.745830) can0 38E#C72C005019000100
(1786378292.755790) can0 38F#4C26E35302000000
(1786378292.756079) can0 38E#9A2D005019000100
(1786378292.765826) can0 38E#7D2E005019000100
(1786378292.775820) can0 38F#1127E35302000000
(1786378292.776114) can0 38E#202F005019000100
(1786378292.786174) can0 38E#7C20005019000100
(1786378292.795793) can0 38F#4D28E35302000000
(1786378292.796104) can0 38E#2121005019000100
(1786378292.805780) can0 38E#C622005019000100
(1786378292.815759) can0 38F#1029E35302000000
(1786378292.816016) can0 38E#9B23005019000100
(1786378292.825829) can0 38E#1524005019000100
(1786378292.835844) can0 38F#F72AE35302000000
(1786378292.836260) can0 38E#4825005019000100
(1786378292.845878) can0 38E#AF26005019000100
(1786378292.855829) can0 38F#AA2BE35302000000
(1786378292.856141) can0 38E#F227005019000100
(1786378292.865846) can0 38E#AE28005019000100
(1786378292.875797) can0 38F#242CE35302000000
(1786378292.876147) can0 38E#F329005019000100
(1786378292.885804) can0 38E#142A005019000100
(1786378292.896016) can0 38F#792DE35302000000
(1786378292.896426) can0 38E#492B005019000100
(1786378292.905806) can0 38E#C72C005019000100
(1786378292.915759) can0 38F#9E2EE35302000000
(1786378292.916035) can0 38E#9A2D005019000100
(1786378292.925829) can0 38E#7D2E005019000100
(1786378292.935915) can0 38F#C32FE35302000000
(1786378292.936355) can0 38E#202F005019000100
(1786378292.946001) can0 38E#7C20005019000100
(1786378292.955777) can0 38F#9F20E35302000000
(1786378292.956109) can0 38E#2121005019000100
(1786378292.965761) can0 38E#C622005019000100
(1786378292.975793) can0 38F#C221E35302000000
(1786378292.976073) can0 38E#9B23005019000100
(1786378292.985793) can0 38E#1524005019000100
(1786378292.995825) can0 38F#2522E35302000000
(1786378292.996205) can0 38E#4825005019000100
(1786378293.006109) can0 38E#AF26005019000100
(1786378293.015874) can0 38F#7823E35302000000
(1786378293.016232) can0 38E#F227005019000100
(1786378293.025792) can0 38E#AE28005019000100
(1786378293.035791) can0 38F#F624E35302000000
(1786378293.036246) can0 38E#F329005019000100
(1786378293.046027) can0 38E#142A005019000100
(1786378293.055872) can0 38F#AB25E35302000000
(1786378293.056227) can0 38E#492B005019000100
(1786378293.065820) can0 38E#C72C005019000100
(1786378293.075782) can0 38F#4C26E35302000000
(1786378293.076105) can0 38E#9A2D005019000100
(1786378293.085823) can0 38E#7D2E005019000100
(1786378293.095868) can0 38F#1127E35302000000
(1786378293.096274) can0 38E#202F005019000100
(1786378293.105841) can0 38E#7C20005019000100
(1786378293.115693) can0 38F#4D28E35302000000
(1786378293.115943) can0 38E#2121005019000100
(1786378293.125815) can0 38E#C622005019000100
(1786378293.135789) can0 38F#1029E35302000000
(1786378293.136162) can0 38E#9B23005019000100
(1786378293.145901) can0 38E#1524005019000100
(1786378293.155722) can0 38F#F72AE35302000000
(1786378293.156008) can0 38E#4825005019000100
(1786378293.165885) can0 38E#AF26005019000100
(1786378293.175880) can0 38F#AA2BE35302000000
(1786378293.176340) can0 38E#F227005019000100
(1786378293.185825) can0 38E#AE28005019000100
(1786378293.195806) can0 38F#242CE35302000000
(1786378293.196153) can0 38E#F329005019000100
(1786378293.205835) can0 38E#142A005019000100
(1786378293.215798) can0 38F#792DE35302000000
(1786378293.216087) can0 38E#492B005019000100
(1786378293.225803) can0 38E#C72C005019000100
(1786378293.235919) can0 38F#9E2EE35302000000
(1786378293.236268) can0 38E#9A2D005019000100
(1786378293.245805) can0 38E#7D2E005019000100
(1786378293.255778) can0 38F#C32FE35302000000
(1786378293.256022) can0 38E#202F005019000100
(1786378293.265901) can0 38E#7C20005019000100
(1786378293.275728) can0 38F#9F20E35302000000
(1786378293.276077) can0 38E#2121005019000100
(1786378293.285913) can0 38E#C622005019000100
(1786378293.295821) can0 38F#C221E35302000000
(1786378293.296097) can0 38E#9B23005019000100
(1786378293.305775) can0 38E#1524005019000100
(1786378293.315772) can0 38F#2522E35302000000
(1786378293.316171) can0 38E#4825005019000100
(1786378293.325809) can0 38E#AF26005019000100
(1786378293.335915) can0 38F#7823E35302000000
(1786378293.336344) can0 38E#F227005019000100
(1786378293.345826) can0 38E#AE28005019000100
(1786378293.355811) can0 38F#F624E35302000000
(1786378293.356129) can0 38E#F329005019000100
(1786378293.365738) can0 38E#142A005019000100
(1786378293.375814) can0 38F#AB25E35302000000
(1786378293.376135) can0 38E#492B005019000100
(1786378293.385867) can0 38E#C72C005019000100
(1786378293.395891) can0 38F#4C26E35302000000
(1786378293.396333) can0 38E#9A2D005019000100
(1786378293.405823) can0 38E#7D2E005019000100
(1786378293.415860) can0 38F#1127E35302000000
(1786378293.416326) can0 38E#202F005019000100
(1786378293.425802) can0 38E#7C20005019000100
(1786378293.435808) can0 38F#4D28E35302000000
(1786378293.436262) can0 38E#2121005019000100
(1786378293.445785) can0 38E#C622005019000100
(1786378293.455744) can0 38F#1029E35302000000
(1786378293.456010) can0 38E#9B23005019000100
(1786378293.465723) can0 38E#1524005019000100
(1786378293.475755) can0 38F#F72AE35302000000
(1786378293.476166) can0 38E#4825005019000100
(1786378293.485998) can0 38E#AF26005019000100
(1786378293.495845) can0 38F#AA2BE35302000000
(1786378293.496262) can0 38E#F227005019000100
(1786378293.505830) can0 38E#AE28005019000100
(1786378293.515819) can0 38F#242CE35302000000
(1786378293.516210) can0 38E#F329005019000100
(1786378293.525859) can0 38E#142A005019000100
(1786378293.535757) can0 38F#792DE35302000000
(1786378293.536041) can0 38E#492B005019000100
(1786378293.545783) can0 38E#C72C005019000100
(1786378293.555848) can0 38F#9E2EE35302000000
(1786378293.556113) can0 38E#9A2D005019000100
(1786378293.565736) can0 38E#7D2E005019000100
(1786378293.575712) can0 38F#C32FE35302000000
(1786378293.575991) can0 38E#202F005019000100
(1786378293.585842) can0 38E#7C20005019000100
(1786378293.595827) can0 38F#9F20E35302000000
(1786378293.596100) can0 38E#2121005019000100
(1786378293.605799) can0 38E#C622005019000100
(1786378293.615794) can0 38F#C221E35302000000
(1786378293.616104) can0 38E#9B23005019000100
(1786378293.625790) can0 38E#1524005019000100
(1786378293.635813) can0 38F#2522E35302000000
(1786378293.636222) can0 38E#4825005019000100
(1786378293.645912) can0 38E#AF26005019000100
(1786378293.655802) can0 38F#7823E35302000000
(1786378293.656083) can0 38E#F227005019000100
(1786378293.665820) can0 38E#AE28005019000100
(1786378293.675737) can0 38F#F624E35302000000
(1786378293.676038) can0 38E#F329005019000100
(1786378293.685832) can0 38E#142A005019000100
(1786378293.695924) can0 38F#AB25E35302000000
(1786378293.696365) can0 38E#492B005019000100
(1786378293.705770) can0 38E#C72C005019000100
(1786378293.715744) can0 38F#4C26E35302000000
(1786378293.716022) can0 38E#9A2D005019000100
(1786378293.725829) can0 38E#7D2E005019000100
(1786378293.735854) can0 38F#1127E35302000000
(1786378293.736347) can0 38E#202F005019000100
(1786378293.745813) can0 38E#7C20005019000100
(1786378293.755746) can0 38F#4D28E35302000000
(1786378293.756094) can0 38E#2121005019000100
(1786378293.765833) can0 38E#C622005019000100
(1786378293.775838) can0 38F#1029E35302000000
(1786378293.776172) can0 38E#9B23005019000100
(1786378293.785953) can0 38E#1524005019000100
(1786378293.795705) can0 38F#F72AE35302000000
(1786378293.796022) can0 38E#4825005019000100
(1786378293.805807) can0 38E#AF26005019000100
(1786378293.815765) can0 38F#AA2BE35302000000
(1786378293.816046) can0 38E#F227005019000100
(1786378293.825862) can0 38E#AE28005019000100
(1786378293.835815) can0 38F#242CE35302000000
(1786378293.836227) can0 38E#F329005019000100
(1786378293.845845) can0 38E#142A005019000100
(1786378293.855809) can0 38F#792DE35302000000
(1786378293.856111) can0 38E#492B005019000100
(1786378293.865833) can0 38E#C72C005019000100
(1786378293.875750) can0 38F#9E2EE35302000000
(1786378293.876040) can0 38E#9A2D005019000100
(1786378293.885947) can0 38E#7D2E005019000100
(1786378293.895866) can0 38F#C32FE35302000000
(1786378293.896271) can0 38E#202F005019000100
(1786378293.905764) can0 38E#7C20005019000100
(1786378293.915808) can0 38F#9F20E35302000000
(1786378293.916181) can0 38E#2121005019000100
(1786378293.925891) can0 38E#C622005019000100
(1786378293.935837) can0 38F#C221E35302000000
(1786378293.936266) can0 38E#9B23005019000100
(1786378293.945715) can0 38E#1524005019000100
(1786378293.955778) can0 38F#2522E35302000000
(1786378293.956038) can0 38E#4825005019000100
(1786378293.965780) can0 38E#AF26005019000100
(1786378293.975734) can0 38F#7823E35302000000
(1786378293.975987) can0 38E#F227005019000100
(1786378293.985768) can0 38E#AE28005019000100
(1786378293.995877) can0 38F#F624E35302000000
(1786378293.996260) can0 38E#F329005019000100
(1786378294.005785) can0 38E#142A005019000100
(1786378294.015808) can0 38F#AB25E35302000000
(1786378294.016231) can0 38E#492B005019000100
(1786378294.025863) can0 38E#C72C005019000100
(1786378294.035753) can0 38F#4C26E35302000000
(1786378294.036154) can0 38E#9A2D005019000100
(1786378294.045945) can0 38E#7D2E005019000100
(1786378294.055784) can0 38F#1127E35302000000
(1786378294.056149) can0 38E#202F005019000100
(1786378294.065803) can0 38E#7C20005019000100
(1786378294.076051) can0 38F#4D28E35302000000
(1786378294.076366) can0 38E#2121005019000100
(1786378294.085804) can0 38E#C622005019000100
(1786378294.095779) can0 38F#1029E35302000000
(1786378294.096064) can0 38E#9B23005019000100
(1786378294.105749) can0 38E#1524005019000100
(1786378294.115749) can0 38F#F72AE35302000000
(1786378294.116051) can0 38E#4825005019000100
(1786378294.125852) can0 38E#AF26005019000100
(1786378294.135836) can0 38F#AA2BE35302000000
(1786378294.136337) can0 38E#F227005019000100
(1786378294.145943) can0 38E#AE28005019000100
(1786378294.155713) can0 38F#242CE35302000000
(1786378294.156111) can0 38E#F329005019000100
(1786378294.165829) can0 38E#142A005019000100
(1786378294.175794) can0 38F#792DE35302000000
(1786378294.176075) can0 38E#492B005019000100
(1786378294.185725) can0 38E#C72C005019000100
(1786378294.195957) can0 38F#9E2EE35302000000
(1786378294.196439) can0 38E#9A2D005019000100
(1786378294.205844) can0 38E#7D2E005019000100
(1786378294.215781) can0 38F#C32FE35302000000
(1786378294.216067) can0 38E#202F005019000100
(1786378294.225763) can0 38E#7C20005019000100
(1786378294.235800) can0 38F#9F20E35302000000
(1786378294.236259) can0 38E#2121005019000100
(1786378294.245809) can0 38E#C622005019000100
(1786378294.255817) can0 38F#C221E35302000000
(1786378294.256125) can0 38E#9B23005019000100
(1786378294.265755) can0 38E#1524005019000100
(1786378294.275709) can0 38F#2522E35302000000
(1786378294.275976) can0 38E#4825005019000100
(1786378294.285778) can0 38E#AF26005019000100
(1786378294.296122) can0 38F#7823E35302000000
(1786378294.296405) can0 38E#F227005019000100
(1786378294.305747) can0 38E#AE28005019000100
(1786378294.315709) can0 38F#F624E35302000000
(1786378294.316051) can0 38E#F329005019000100
(1786378294.325820) can0 38E#142A005019000100
(1786378294.335888) can0 38F#AB25E35302000000
(1786378294.336473) can0 38E#492B005019000100
(1786378294.345800) can0 38E#C72C005019000100
(1786378294.355761) can0 38F#4C26E35302000000
(1786378294.356035) can0 38E#9A2D005019000100
(1786378294.365813) can0 38E#7D2E005019000100
(1786378294.375786) can0 38F#1127E35302000000
(1786378294.376159) can0 38E#202F005019000100
(1786378294.385880) can0 38E#7C20005019000100
(1786378294.395826) can0 38F#4D28E35302000000
(1786378294.396103) can0 38E#2121005019000100
(1786378294.405743) can0 38E#C622005019000100
(1786378294.415831) can0 38F#1029E35302000000
(1786378294.416197) can0 38E#9B23005019000100
(1786378294.425863) can0 38E#1524005019000100
(1786378294.435741) can0 38F#F72AE35302000000
(1786378294.436173) can0 38E#4825005019000100
(1786378294.445822) can0 38E#AF26005019000100
(1786378294.455846) can0 38F#AA2BE35302000000
(1786378294.456201) can0 38E#F227005019000100
(1786378294.465837) can0 38E#AE28005019000100
(1786378294.475776) can0 38F#242CE35302000000
(1786378294.476126) can0 38E#F329005019000100
(1786378294.485725) can0 38E#142A005019000100
(1786378294.495954) can0 38F#792DE35302000000
(1786378294.496364) can0 38E#492B005019000100
(1786378294.506115) can0 38E#C72C005019000100
(1786378294.515809) can0 38F#9E2EE35302000000
(1786378294.516322) can0 38E#9A2D005019000100
(1786378294.525743) can0 38E#7D2E005019000100
(1786378294.535874) can0 38F#C32FE35302000000
(1786378294.536227) can0 38E#202F005019000100
(1786378294.545794) can0 38E#7C20005019000100
(1786378294.555794) can0 38F#9F20E35302000000
(1786378294.556089) can0 38E#2121005019000100
(1786378294.565809) can0 38E#C622005019000100
(1786378294.575824) can0 38F#C221E35302000000
(1786378294.576218) can0 38E#9B23005019000100
(1786378294.585805) can0 38E#1524005019000100
(1786378294.595826) can0 38F#2522E35302000000
(1786378294.596216) can0 38E#4825005019000100
(1786378294.605782) can0 38E#AF26005019000100
(1786378294.615747) can0 38F#7823E35302000000
(1786378294.616033) can0 38E#F227005019000100
(1786378294.625784) can0 38E#AE28005019000100
(1786378294.635792) can0 38F#F624E35302000000
(1786378294.636135) can0 38E#F329005019000100
(1786378294.645804) can0 38E#142A005019000100
(1786378294.655707) can0 38F#AB25E35302000000
(1786378294.656019) can0 38E#492B005019000100
(1786378294.665748) can0 38E#C72C005019000100
(1786378294.675788) can0 38F#4C26E35302000000
(1786378294.676042) can0 38E#9A2D005019000100
(1786378294.685845) can0 38E#7D2E005019000100
(1786378294.695841) can0 38F#1127E35302000000
(1786378294.696149) can0 38E#202F005019000100
(1786378294.705757) can0 38E#7C20005019000100
(1786378294.715764) can0 38F#4D28E35302000000
(1786378294.716099) can0 38E#2121005019000100
(1786378294.726090) can0 38E#C622005019000100
(1786378294.735742) can0 38F#1029E35302000000
(1786378294.736062) can0 38E#9B23005019000100
(1786378294.745744) can0 38E#1524005019000100
(1786378294.755718) can0 38F#F72AE35302000000
(1786378294.755935) can0 38E#4825005019000100
(1786378294.765763) can0 38E#AF26005019000100
(1786378294.775817) can0 38F#AA2BE35302000000
(1786378294.776066) can0 38E#F227005019000100
(1786378294.785807) can0 38E#AE28005019000100
(1786378294.795782) can0 38F#242CE35302000000
(1786378294.796087) can0 38E#F329005019000100
(1786378294.805732) can0 38E#142A005019000100
(1786378294.815780) can0 38F#792DE35302000000
(1786378294.816099) can0 38E#492B005019000100
(1786378294.825777) can0 38E#C72C005019000100
(1786378294.835728) can0 38F#9E2EE35302000000
(1786378294.836054) can0 38E#9A2D005019000100
(1786378294.845753) can0 38E#7D2E005019000100
(1786378294.855762) can0 38F#C32FE35302000000
(1786378294.856026) can0 38E#202F005019000100
(1786378294.865821) can0 38E#7C20005019000100
(1786378294.875747) can0 38F#9F20E35302000000
(1786378294.876077) can0 38E#2121005019000100
(1786378294.885742) can0 38E#C622005019000100
(1786378294.895766) can0 38F#C221E35302000000
(1786378294.896017) can0 38E#9B23005019000100
(1786378294.905767) can0 38E#1524005019000100
(1786378294.915698) can0 38F#2522E35302000000
(1786378294.915973) can0 38E#4825005019000100
(1786378294.925772) can0 38E#AF26005019000100
(1786378294.935952) can0 38F#7823E35302000000
(1786378294.936363) can0 38E#F227005019000100
(1786378294.945930) can0 38E#AE28005019000100
(1786378294.955701) can0 38F#F624E35302000000
(1786378294.955964) can0 38E#F329005019000100
(1786378294.965724) can0 38E#142A005019000100
(1786378294.975814) can0 38F#AB25E35302000000
(1786378294.976130) can0 38E#492B005019000100
(1786378294.985782) can0 38E#C72C005019000100
(1786378294.995701) can0 38F#4C26E35302000000
(1786378294.995985) can0 38E#9A2D005019000100
(1786378295.005798) can0 38E#7D2E005019000100
(1786378295.015751) can0 38F#1127E35302000000
(1786378295.016097) can0 38E#202F005019000100
(1786378295.025774) can0 38E#7C20005019000100
(1786378295.035783) can0 38F#4D28E35302000000
(1786378295.036154) can0 38E#2121005019000100
(1786378295.045724) can0 38E#C622005019000100
(1786378295.055708) can0 38F#1029E35302000000
(1786378295.055942) can0 38E#9B23005019000100
(1786378295.065783) can0 38E#1524005019000100
(1786378295.075811) can0 38F#F72AE35302000000
(1786378295.076048) can0 38E#4825005019000100
(1786378295.085731) can0 38E#AF26005019000100
(1786378295.095752) can0 38F#AA2BE35302000000
(1786378295.095982) can0 38E#F227005019000100
(1786378295.105757) can0 38E#AE28005019000100
(1786378295.115776) can0 38F#242CE35302000000
(1786378295.116043) can0 38E#F329005019000100
(1786378295.125755) can0 38E#142A005019000100
(1786378295.135873) can0 38F#792DE35302000000
(1786378295.136311) can0 38E#492B005019000100
(1786378295.145821) can0 38E#C72C005019000100
(1786378295.156078) can0 38F#9E2EE35302000000
(1786378295.156323) can0 38E#9A2D005019000100
(1786378295.165738) can0 38E#7D2E005019000100
(1786378295.175729) can0 38F#C32FE35302000000
(1786378295.176003) can0 38E#202F005019000100
(1786378295.185747) can0 38E#7C20005019000100
(1786378295.195764) can0 38F#9F20E35302000000
(1786378295.196084) can0 38E#2121005019000100
(1786378295.205788) can0 38E#C622005019000100
(1786378295.215765) can0 38F#C221E35302000000
(1786378295.216073) can0 38E#9B23005019000100
(1786378295.225768) can0 38E#1524005019000100
(1786378295.235711) can0 38F#2522E35302000000
(1786378295.236058) can0 38E#4825005019000100
(1786378295.245834) can0 38E#AF26005019000100
(1786378295.255825) can0 38F#7823E35302000000
(1786378295.256119) can0 38E#F227005019000100
(1786378295.265716) can0 38E#AE28005019000100
(1786378295.275739) can0 38F#F624E35302000000
(1786378295.276018) can0 38E#F329005019000100
(1786378295.285794) can0 38E#142A005019000100
(1786378295.295849) can0 38F#AB25E35302000000
(1786378295.296243) can0 38E#492B005019000100
(1786378295.305731) can0 38E#C72C005019000100
(1786378295.315835) can0 38F#4C26E35302000000
(1786378295.316186) can0 38E#9A2D005019000100
(1786378295.325802) can0 38E#7D2E005019000100
(1786378295.335973) can0 38F#1127E35302000000
(1786378295.336398) can0 38E#202F005019000100
(1786378295.345795) can0 38E#7C20005019000100
(1786378295.355724) can0 38F#4D28E35302000000
(1786378295.355965) can0 38E#2121005019000100
(1786378295.366032) can0 38E#C622005019000100
(1786378295.375753) can0 38F#1029E35302000000
(1786378295.376106) can0 38E#9B23005019000100
(1786378295.385750) can0 38E#1524005019000100
(1786378295.395782) can0 38F#F72AE35302000000
(1786378295.396023) can0 38E#4825005019000100
(1786378295.405716) can0 38E#AF26005019000100
(1786378295.415812) can0 38F#AA2BE35302000000
(1786378295.416196) can0 38E#F227005019000100
(1786378295.425850) can0 38E#AE28005019000100
(1786378295.435737) can0 38F#242CE35302000000
(1786378295.436149) can0 38E#F329005019000100
(1786378295.445748) can0 38E#142A005019000100
(1786378295.455812) can0 38F#792DE35302000000
(1786378295.456130) can0 38E#492B005019000100
(1786378295.465804) can0 38E#C72C005019000100
(1786378295.475697) can0 38F#9E2EE35302000000
(1786378295.476019) can0 38E#9A2D005019000100
(1786378295.485714) can0 38E#7D2E005019000100
(1786378295.495819) can0 38F#C32FE35302000000
(1786378295.496134) can0 38E#202F005019000100
(1786378295.505779) can0 38E#7C20005019000100
(1786378295.515657) can0 38F#9F20E35302000000
(1786378295.515980) can0 38E#2121005019000100
(1786378295.525716) can0 38E#C622005019000100
(1786378295.535808) can0 38F#C221E35302000000
(1786378295.536199) can0 38E#9B23005019000100
(1786378295.545753) can0 38E#1524005019000100
(1786378295.555714) can0 38F#2522E35302000000
(1786378295.556001) can0 38E#4825005019000100
(1786378295.565758) can0 38E#AF26005019000100
(1786378295.575791) can0 38F#7823E35302000000
(1786378295.576113) can0 38E#F227005019000100
(1786378295.585879) can0 38E#AE28005019000100
(1786378295.600412) can0 38F#F624E35302000000
(1786378295.610479) can0 38E#F329005019000100
(1786378295.615427) can0 38E#142A005019000100
(1786378295.619470) can0 38F#AB25E35302000000
(1786378295.622786) can0 38E#492B005019000100
(1786378295.629013) can0 38E#C72C005019000100
(1786378295.638527) can0 38F#4C26E35302000000
(1786378295.639726) can0 38E#9A2D005019000100
(1786378295.646911) can0 38E#7D2E005019000100
(1786378295.657801) can0 38F#1127E35302000000
(1786378295.658650) can0 38E#202F005019000100
(1786378295.667383) can0 38E#7C20005019000100
(1786378295.677483) can0 38F#4D28E35302000000
(1786378295.678890) can0 38E#2121005019000100
(1786378295.687822) can0 38E#C622005019000100
(1786378295.695855) can0 38F#1029E35302000000
(1786378295.697296) can0 38E#9B23005019000100
(1786378295.706408) can0 38E#1524005019000100
(1786378295.716034) can0 38F#F72AE35302000000
(1786378295.716757) can0 38E#4825005019000100
(1786378295.725829) can0 38E#AF26005019000100
(1786378295.736456) can0 38F#AA2BE35302000000
(1786378295.737428) can0 38E#F227005019000100
(1786378295.746414) can0 38E#AE28005019000100
(1786378295.756226) can0 38F#242CE35302000000
(1786378295.756839) can0 38E#F329005019000100
(1786378295.767412) can0 38E#142A005019000100
(1786378295.775709) can0 38F#792DE35302000000
(1786378295.776039) can0 38E#492B005019000100
(1786378295.785792) can0 38E#C72C005019000100
(1786378295.796112) can0 38F#9E2EE35302000000
(1786378295.796436) can0 38E#9A2D005019000100
(1786378295.805774) can0 38E#7D2E005019000100
(1786378295.815772) can0 38F#C32FE35302000000
(1786378295.816127) can0 38E#202F005019000100
(1786378295.825770) can0 38E#7C20005019000100
(1786378295.835757) can0 38F#9F20E35302000000
(1786378295.836109) can0 38E#2121005019000100
(1786378295.845770) can0 38E#C622005019000100
(1786378295.855761) can0 38F#C221E35302000000
(1786378295.856097) can0 38E#9B23005019000100
(1786378295.865777) can0 38E#1524005019000100
(1786378295.875663) can0 38F#2522E35302000000
(1786378295.875978) can0 38E#4825005019000100
(1786378295.885848) can0 38E#AF26005019000100
(1786378295.895770) can0 38F#7823E35302000000
(1786378295.896231) can0 38E#F227005019000100
(1786378295.905785) can0 38E#AE28005019000100
(1786378295.915716) can0 38F#F624E35302000000
(1786378295.916028) can0 38E#F329005019000100
(1786378295.925893) can0 38E#142A005019000100
(1786378295.936456) can0 38F#AB25E35302000000
(1786378295.937929) can0 38E#492B005019000100
(1786378295.945727) can0 38E#C72C005019000100
(1786378295.955677) can0 38F#4C26E35302000000
(1786378295.956010) can0 38E#9A2D005019000100
(1786378295.965768) can0 38E#7D2E005019000100
(1786378295.976361) can0 38F#1127E35302000000
(1786378295.976987) can0 38E#202F005019000100
(1786378295.989849) can0 38E#7C20005019000100
(1786378295.997503) can0 38F#4D28E35302000000
(1786378295.999084) can0 38E#2121005019000100
(1786378296.005812) can0 38E#C622005019000100
(1786378296.015813) can0 38F#1029E35302000000
(1786378296.016224) can0 38E#9B23005019000100
(1786378296.025753) can0 38E#1524005019000100
(1786378296.035987) can0 38F#F72AE35302000000
(1786378296.036542) can0 38E#4825005019000100
(1786378296.045775) can0 38E#AF26005019000100
(1786378296.055777) can0 38F#AA2BE35302000000
(1786378296.056127) can0 38E#F227005019000100
(1786378296.065777) can0 38E#AE28005019000100
(1786378296.075718) can0 38F#242CE35302000000
(1786378296.076053) can0 38E#F329005019000100
(1786378296.085784) can0 38E#142A005019000100
(1786378296.095761) can0 38F#792DE35302000000
(1786378296.096091) can0 38E#492B005019000100
(1786378296.105775) can0 38E#C72C005019000100
(1786378296.115790) can0 38F#9E2EE35302000000
(1786378296.116122) can0 38E#9A2D005019000100
(1786378296.125732) can0 38E#7D2E005019000100
(1786378296.136080) can0 38F#C32FE35302000000
(1786378296.136479) can0 38E#202F005019000100
(1786378296.145774) can0 38E#7C20005019000100
(1786378296.155703) can0 38F#9F20E35302000000
(1786378296.156005) can0 38E#2121005019000100
(1786378296.165761) can0 38E#C622005019000100
(1786378296.175780) can0 38F#C221E35302000000
(1786378296.176054) can0 38E#9B23005019000100
(1786378296.185756) can0 38E#1524005019000100
(1786378296.195766) can0 38F#2522E35302000000
(1786378296.196008) can0 38E#4825005019000100
(1786378296.205707) can0 38E#AF26005019000100
(1786378296.215728) can0 38F#7823E35302000000
(1786378296.216007) can0 38E#F227005019000100
(1786378296.225776) can0 38E#AE28005019000100
(1786378296.235726) can0 38F#F624E35302000000
(1786378296.236093) can0 38E#F329005019000100
(1786378296.245719) can0 38E#142A005019000100
(1786378296.255707) can0 38F#AB25E35302000000
(1786378296.255961) can0 38E#492B005019000100
(1786378296.265714) can0 38E#C72C005019000100
(1786378296.275663) can0 38F#4C26E35302000000
(1786378296.275929) can0 38E#9A2D005019000100
(1786378296.285766) can0 38E#7D2E005019000100
(1786378296.295753) can0 38F#1127E35302000000
(1786378296.296198) can0 38E#202F005019000100
(1786378296.305726) can0 38E#7C20005019000100
(1786378296.315688) can0 38F#4D28E35302000000
(1786378296.316022) can0 38E#2121005019000100
(1786378296.325795) can0 38E#C622005019000100
(1786378296.336139) can0 38F#1029E35302000000
(1786378296.336702) can0 38E#9B23005019000100
(1786378296.345759) can0 38E#1524005019000100
(1786378296.355763) can0 38F#F72AE35302000000
(1786378296.356054) can0 38E#4825005019000100
(1786378296.365763) can0 38E#AF26005019000100
(1786378296.375678) can0 38F#AA2BE35302000000
(1786378296.375922) can0 38E#F227005019000100
(1786378296.385745) can0 38E#AE28005019000100
(1786378296.395743) can0 38F#242CE35302000000
(1786378296.396009) can0 38E#F329005019000100
(1786378296.405770) can0 38E#142A005019000100
(1786378296.415689) can0 38F#792DE35302000000
(1786378296.415987) can0 38E#492B005019000100
(1786378296.425801) can0 38E#C72C005019000100
(1786378296.435956) can0 38F#9E2EE35302000000
(1786378296.436329) can0 38E#9A2D005019000100
(1786378296.446142) can0 38E#7D2E005019000100
(1786378296.455777) can0 38F#C32FE35302000000
(1786378296.456083) can0 38E#B22F004F19000100
(1786378296.465674) can0 38E#EE20004F19000100
(1786378296.475656) can0 38F#9F20E35302000000
(1786378296.475960) can0 38E#B321004F19000100
(1786378296.485727) can0 38E#5422004F19000100
(1786378296.495806) can0 38F#C221E35302000000
(1786378296.496108) can0 38E#0923004F19000100
(1786378296.505726) can0 38E#8724004F19000100
(1786378296.515710) can0 38F#2522E35302000000
(1786378296.515974) can0 38E#DA25004F19000100
(1786378296.525683) can0 38E#3D26004F19000100
(1786378296.535924) can0 38F#7823E35302000000
(1786378296.536518) can0 38E#6027004F19000100
(1786378296.545819) can0 38E#3C28004F19000100
(1786378296.555747) can0 38F#F624E35302000000
(1786378296.556060) can0 38E#6129004F19000100
(1786378296.565739) can0 38E#EC2A004E19000100
(1786378296.575719) can0 38F#AB25E35302000000
(1786378296.575980) can0 38E#B12B004E19000100
(1786378296.585726) can0 38E#3F2C004E19000100
(1786378296.604173) can0 38F#4C26E35302000000
(1786378296.608418) can0 38E#622D004E19000100
(1786378296.614273) can0 38E#852E004E19000100
(1786378296.621315) can0 38F#1127E35302000000
(1786378296.623898) can0 38E#662F004D19000100
(1786378296.627541) can0 38E#3A20004D19000100
(1786378296.637894) can0 38F#4D28E35302000000
(1786378296.639177) can0 38E#6721004D19000100
(1786378296.646238) can0 38E#8022004D19000100
(1786378296.655810) can0 38F#1029E35302000000
(1786378296.656216) can0 38E#DD23004D19000100
(1786378296.666043) can0 38E#5324004D19000100
(1786378296.675710) can0 38F#F72AE35302000000
(1786378296.676044) can0 38E#0E25004D19000100
(1786378296.687253) can0 38E#E926004D19000100
(1786378296.695758) can0 38F#AA2BE35302000000
(1786378296.696105) can0 38E#B427004D19000100
(1786378296.705763) can0 38E#E828004D19000100
(1786378296.715669) can0 38F#242CE35302000000
(1786378296.716011) can0 38E#B529004D19000100
(1786378296.725741) can0 38E#522A004D19000100
(1786378296.735782) can0 38F#792DE35302000000
(1786378296.736131) can0 38E#0F2B004D19000100
(1786378296.745765) can0 38E#812C004D19000100
(1786378296.755713) can0 38F#9E2EE35302000000
(1786378296.756064) can0 38E#DC2D004D19000100
(1786378296.765761) can0 38E#3B2E004D19000100
(1786378296.775792) can0 38F#C32FE35302000000
(1786378296.776146) can0 38E#662F004D19000100
(1786378296.786000) can0 38E#3A20004D19000100
(1786378296.795797) can0 38F#9F20E35302000000
(1786378296.796170) can0 38E#6721004D19000100
(1786378296.805737) can0 38E#8022004D19000100
(1786378296.815806) can0 38F#C221E35302000000
(1786378296.816403) can0 38E#B723004C19000100
(1786378296.825760) can0 38E#3924004C19000100
(1786378296.835945) can0 38F#2522E35302000000
(1786378296.836391) can0 38E#6425004C19000100
(1786378296.847561) can0 38E#8326004C19000100
(1786378296.855751) can0 38F#7823E35302000000
(1786378296.856082) can0 38E#DE27004C19000100
(1786378296.865765) can0 38E#8228004C19000100
(1786378296.876028) can0 38F#F624E35302000000
(1786378296.876359) can0 38E#DF29004C19000100
(1786378296.885849) can0 38E#382A004C19000100
(1786378296.895699) can0 38F#AB25E35302000000
(1786378296.895991) can0 38E#652B004C19000100
(1786378296.905751) can0 38E#E02C004B19000100
(1786378296.915662) can0 38F#4C26E35302000000
(1786378296.915984) can0 38E#BD2D004B19000100
(1786378296.925733) can0 38E#5A2E004B19000100
(1786378296.935837) can0 38F#1127E35302000000
(1786378296.936236) can0 38E#072F004B19000100
(1786378296.945741) can0 38E#5B20004B19000100
(1786378296.955683) can0 38F#4D28E35302000000
(1786378296.956005) can0 38E#0621004B19000100
(1786378296.965754) can0 38E#E122004B19000100
(1786378296.975752) can0 38F#1029E35302000000
(1786378296.976081) can0 38E#D623004A19000100
(1786378296.985792) can0 38E#5824004A19000100
(1786378296.995706) can0 38F#F72AE35302000000
(1786378296.996024) can0 38E#0525004A19000100
(1786378297.005772) can0 38E#E226004A19000100
(1786378297.015672) can0 38F#AA2BE35302000000
(1786378297.015962) can0 38E#BF27004A19000100
(1786378297.025694) can0 38E#E328004A19000100
(1786378297.035844) can0 38F#242CE35302000000
(1786378297.036220) can0 38E#BE29004A19000100
(1786378297.045736) can0 38E#592A004A19000100
(1786378297.055732) can0 38F#792DE35302000000
(1786378297.056029) can0 38E#042B004A19000100
(1786378297.065714) can0 38E#8A2C004A19000100
(1786378297.075678) can0 38F#9E2EE35302000000
(1786378297.075990) can0 38E#D72D004A19000100
(1786378297.085777) can0 38E#302E004A19000100
(1786378297.095713) can0 38F#C32FE35302000000
(1786378297.095948) can0 38E#6D2F004A19000100
(1786378297.105668) can0 38E#3120004A19000100
(1786378297.115712) can0 38F#9F20E35302000000
(1786378297.116001) can0 38E#6C21004A19000100
(1786378297.125660) can0 38E#8B22004A19000100
(1786378297.135784) can0 38F#C221E35302000000
(1786378297.136160) can0 38E#D623004A19000100
(1786378297.145722) can0 38E#5824004A19000100
(1786378297.155681) can0 38F#2522E35302000000
(1786378297.155948) can0 38E#0525004A19000100
(1786378297.165592) can0 38E#E226004A19000100
(1786378297.175687) can0 38F#7823E35302000000
(1786378297.175982) can0 38E#BF27004A19000100
(1786378297.185758) can0 38E#E328004A19000100
(1786378297.195666) can0 38F#F624E35302000000
(1786378297.195985) can0 38E#BE29004A19000100
(1786378297.205769) can0 38E#592A004A19000100
(1786378297.215737) can0 38F#AB25E35302000000
(1786378297.216022) can0 38E#042B004A19000100
(1786378297.225747) can0 38E#8A2C004A19000100
(1786378297.235660) can0 38F#4C26E35302000000
(1786378297.235941) can0 38E#D72D004A19000100
(1786378297.245685) can0 38E#302E004A19000100
(1786378297.255714) can0 38F#1127E35302000000
(1786378297.255988) can0 38E#6D2F004A19000100
(1786378297.265702) can0 38E#3120004A19000100
(1786378297.275712) can0 38F#4D28E35302000000
(1786378297.275980) can0 38E#6C21004A19000100
(1786378297.285783) can0 38E#8B22004A19000100
(1786378297.296021) can0 38F#1029E35302000000
(1786378297.296691) can0 38E#D623004A19000100
(1786378297.305741) can0 38E#5824004A19000100
(1786378297.315738) can0 38F#F72AE35302000000
(1786378297.316205) can0 38E#0525004A19000100
(1786378297.325689) can0 38E#E226004A19000100
(1786378297.335709) can0 38F#AA2BE35302000000
(1786378297.336012) can0 38E#BF27004A19000100
(1786378297.345660) can0 38E#E328004A19000100
(1786378297.355687) can0 38F#242CE35302000000
(1786378297.355924) can0 38E#BE29004A19000100
(1786378297.365729) can0 38E#592A004A19000100
(1786378297.375699) can0 38F#792DE35302000000
(1786378297.376033) can0 38E#042B004A19000100
(1786378297.386044) can0 38E#8A2C004A19000100
(1786378297.395790) can0 38F#9E2EE35302000000
(1786378297.396073) can0 38E#D72D004A19000100
(1786378297.405802) can0 38E#302E004A19000100
(1786378297.415734) can0 38F#C32FE35302000000
(1786378297.416041) can0 38E#6D2F004A19000100
(1786378297.425773) can0 38E#3120004A19000100
(1786378297.435741) can0 38F#9F20E35302000000
(1786378297.436063) can0 38E#6C21004A19000100
(1786378297.445646) can0 38E#8B22004A19000100
(1786378297.455678) can0 38F#C221E35302000000
(1786378297.455932) can0 38E#D623004A19000100
(1786378297.465815) can0 38E#5824004A19000100
(1786378297.475706) can0 38F#2522E35302000000
(1786378297.476121) can0 38E#0525004A19000100
(1786378297.485867) can0 38E#E226004A19000100
(1786378297.495858) can0 38F#7823E35302000000
(1786378297.496414) can0 38E#BF27004A19000100
(1786378297.505737) can0 38E#E328004A19000100
(1786378297.515718) can0 38F#F624E35302000000
(1786378297.516069) can0 38E#BE29004A19000100
(1786378297.525843) can0 38E#592A004A19000100
(1786378297.535774) can0 38F#AB25E35302000000
(1786378297.536201) can0 38E#042B004A19000100
(1786378297.545704) can0 38E#8A2C004A19000100
(1786378297.555739) can0 38F#4C26E35302000000
(1786378297.555967) can0 38E#D72D004A19000100
(1786378297.565661) can0 38E#302E004A19000100
(1786378297.575651) can0 38F#1127E35302000000
(1786378297.575877) can0 38E#6D2F004A19000100
(1786378297.585738) can0 38E#3120004A19000100
(1786378297.595669) can0 38F#4D28E35302000000
(1786378297.596159) can0 38E#6C21004A19000100
(1786378297.606105) can0 38E#8B22004A19000100
(1786378297.616092) can0 38F#1029E35302000000
(1786378297.616550) can0 38E#D623004A19000100
(1786378297.625765) can0 38E#5824004A19000100
(1786378297.636194) can0 38F#F72AE35302000000
(1786378297.636808) can0 38E#0525004A19000100
(1786378297.645855) can0 38E#E226004A19000100
(1786378297.655834) can0 38F#AA2BE35302000000
(1786378297.656326) can0 38E#BF27004A19000100
(1786378297.665679) can0 38E#E328004A19000100
(1786378297.675673) can0 38F#242CE35302000000
(1786378297.675979) can0 38E#BE29004A19000100
(1786378297.685778) can0 38E#592A004A19000100
(1786378297.695759) can0 38F#792DE35302000000
(1786378297.696092) can0 38E#042B004A19000100
(1786378297.705715) can0 38E#8A2C004A19000100
(1786378297.715902) can0 38F#9E2EE35302000000
(1786378297.716262) can0 38E#D72D004A19000100
(1786378297.725757) can0 38E#302E004A19000100
(1786378297.735776) can0 38F#C32FE35302000000
(1786378297.736157) can0 38E#6D2F004A19000100
(1786378297.745752) can0 38E#3120004A19000100
(1786378297.755618) can0 38F#9F20E35302000000
(1786378297.755989) can0 38E#6C21004A19000100
(1786378297.765696) can0 38E#8B22004A19000100
(1786378297.775731) can0 38F#C221E35302000000
(1786378297.776065) can0 38E#D623004A19000100
(1786378297.785764) can0 38E#5824004A19000100
(1786378297.795715) can0 38F#2522E35302000000
(1786378297.796055) can0 38E#0525004A19000100
(1786378297.805707) can0 38E#E226004A19000100
(1786378297.815694) can0 38F#7823E35302000000
(1786378297.816030) can0 38E#BF27004A19000100
(1786378297.825750) can0 38E#E328004A19000100
(1786378297.835762) can0 38F#F624E35302000000
(1786378297.836215) can0 38E#BE29004A19000100
(1786378297.845688) can0 38E#592A004A19000100
(1786378297.855740) can0 38F#AB25E35302000000
(1786378297.856030) can0 38E#042B004A19000100
(1786378297.865703) can0 38E#8A2C004A19000100
(1786378297.875628) can0 38F#4C26E35302000000
(1786378297.875951) can0 38E#D72D004A19000100
(1786378297.885732) can0 38E#302E004A19000100
(1786378297.895723) can0 38F#1127E35302000000
(1786378297.896038) can0 38E#6D2F004A19000100
(1786378297.905680) can0 38E#3120004A19000100
(1786378297.915730) can0 38F#4D28E35302000000
(1786378297.916034) can0 38E#6C21004A19000100
(1786378297.925616) can0 38E#8B22004A19000100
(1786378297.935728) can0 38F#1029E35302000000
(1786378297.936088) can0 38E#D623004A19000100
(1786378297.945759) can0 38E#5824004A19000100
(1786378297.955647) can0 38F#F72AE35302000000
(1786378297.955958) can0 38E#0525004A19000100
(1786378297.965678) can0 38E#E226004A19000100
(1786378297.975686) can0 38F#AA2BE35302000000
(1786378297.975945) can0 38E#BF27004A19000100
(1786378297.985724) can0 38E#E328004A19000100
(1786378297.995679) can0 38F#242CE35302000000
(1786378297.996010) can0 38E#BE29004A19000100
(1786378298.005715) can0 38E#592A004A19000100
(1786378298.015719) can0 38F#792DE35302000000
(1786378298.015972) can0 38E#042B004A19000100
(1786378298.025644) can0 38E#8A2C004A19000100
(1786378298.035647) can0 38F#9E2EE35302000000
(1786378298.035947) can0 38E#D72D004A19000100
(1786378298.045725) can0 38E#302E004A19000100
(1786378298.055641) can0 38F#C32FE35302000000
(1786378298.055869) can0 38E#6D2F004A19000100
(1786378298.065773) can0 38E#3120004A19000100
(1786378298.075741) can0 38F#9F20E35302000000
(1786378298.076075) can0 38E#6C21004A19000100
(1786378298.085803) can0 38E#8B22004A19000100
(1786378298.095824) can0 38F#C221E35302000000
(1786378298.096370) can0 38E#D623004A19000100
(1786378298.105720) can0 38E#5824004A19000100
(1786378298.115748) can0 38F#2522E35302000000
(1786378298.116170) can0 38E#0525004A19000100
(1786378298.125766) can0 38E#E226004A19000100
(1786378298.135793) can0 38F#7823E35302000000
(1786378298.136312) can0 38E#BF27004A19000100
(1786378298.145887) can0 38E#E328004A19000100
(1786378298.155678) can0 38F#F624E35302000000
(1786378298.155971) can0 38E#BE29004A19000100
(1786378298.165827) can0 38E#592A004A19000100
(1786378298.175922) can0 38F#AB25E35302000000
(1786378298.176375) can0 38E#042B004A19000100
(1786378298.185842) can0 38E#8A2C004A19000100
(1786378298.195705) can0 38F#4C26E35302000000
(1786378298.196137) can0 38E#D72D004A19000100
(1786378298.205706) can0 38E#302E004A19000100
(1786378298.215787) can0 38F#1127E35302000000
(1786378298.216235) can0 38E#6D2F004A19000100
(1786378298.225848) can0 38E#3120004A19000100
(1786378298.235714) can0 38F#4D28E35302000000
(1786378298.236254) can0 38E#6C21004A19000100
(1786378298.245870) can0 38E#8B22004A19000100
(1786378298.255687) can0 38F#1029E35302000000
(1786378298.255977) can0 38E#D623004A19000100
(1786378298.265830) can0 38E#5824004A19000100
(1786378298.275791) can0 38F#F72AE35302000000
(1786378298.276146) can0 38E#0525004A19000100
(1786378298.285760) can0 38E#E226004A19000100
(1786378298.295834) can0 38F#AA2BE35302000000
(1786378298.296388) can0 38E#BF27004A19000100
(1786378298.305811) can0 38E#E328004A19000100
(1786378298.315641) can0 38F#242CE35302000000
(1786378298.316093) can0 38E#BE29004A19000100
(1786378298.325986) can0 38E#592A004A19000100
(1786378298.335684) can0 38F#792DE35302000000
(1786378298.336064) can0 38E#042B004A19000100
(1786378298.345690) can0 38E#8A2C004A19000100
(1786378298.355575) can0 38F#9E2EE35302000000
(1786378298.355832) can0 38E#D72D004A19000100
(1786378298.365625) can0 38E#302E004A19000100
(1786378298.375702) can0 38F#C32FE35302000000
(1786378298.375936) can0 38E#6D2F004A19000100
(1786378298.385702) can0 38E#3120004A19000100
(1786378298.395648) can0 38F#9F20E35302000000
(1786378298.395929) can0 38E#6C21004A19000100
(1786378298.405702) can0 38E#8B22004A19000100
(1786378298.415760) can0 38F#C221E35302000000
(1786378298.416119) can0 38E#D623004A19000100
(1786378298.425745) can0 38E#5824004A19000100
(1786378298.435673) can0 38F#2522E35302000000
(1786378298.436037) can0 38E#0525004A19000100
(1786378298.445751) can0 38E#E226004A19000100
(1786378298.455653) can0 38F#7823E35302000000
(1786378298.455923) can0 38E#BF27004A19000100
(1786378298.465657) can0 38E#E328004A19000100
(1786378298.475663) can0 38F#F624E35302000000
(1786378298.475964) can0 38E#BE29004A19000100
(1786378298.485659) can0 38E#592A004A19000100
(1786378298.495655) can0 38F#AB25E35302000000
(1786378298.495898) can0 38E#042B004A19000100
(1786378298.505700) can0 38E#8A2C004A19000100
(1786378298.515708) can0 38F#4C26E35302000000
(1786378298.516012) can0 38E#D72D004A19000100
(1786378298.525629) can0 38E#302E004A19000100
(1786378298.535686) can0 38F#1127E35302000000
(1786378298.536053) can0 38E#6D2F004A19000100
(1786378298.545751) can0 38E#3120004A19000100
(1786378298.555733) can0 38F#4D28E35302000000
(1786378298.556044) can0 38E#6C21004A19000100
(1786378298.565651) can0 38E#8B22004A19000100
(1786378298.575701) can0 38F#1029E35302000000
(1786378298.575995) can0 38E#D623004A19000100
(1786378298.585782) can0 38E#5824004A19000100
(1786378298.596001) can0 38F#F72AE35302000000
(1786378298.596256) can0 38E#0525004A19000100
(1786378298.606052) can0 38E#E226004A19000100
(1786378298.615698) can0 38F#AA2BE35302000000
(1786378298.616018) can0 38E#BF27004A19000100
(1786378298.625714) can0 38E#5D28004919000100
(1786378298.637049) can0 38F#242CE35302000000
(1786378298.638165) can0 38E#0029004919000100
(1786378298.645793) can0 38E#E72A004919000100
(1786378298.655741) can0 38F#792DE35302000000
(1786378298.656067) can0 38E#BA2B004919000100
(1786378298.665710) can0 38E#342C004919000100
(1786378298.675649) can0 38F#9E2EE35302000000
(1786378298.676001) can0 38E#692D004919000100
(1786378298.685829) can0 38E#8E2E004919000100
(1786378298.695763) can0 38F#C32FE35302000000
(1786378298.696092) can0 38E#B92F004819000100
(1786378298.705718) can0 38E#E520004819000100
(1786378298.715754) can0 38F#9F20E35302000000
(1786378298.716133) can0 38E#B821004819000100
(1786378298.725778) can0 38E#5F22004819000100
(1786378298.735722) can0 38F#C221E35302000000
(1786378298.736115) can0 38E#7E23004719000100
(1786378298.745701) can0 38E#F024004719000100
(1786378298.755736) can0 38F#2522E35302000000
(1786378298.756087) can0 38E#AD25004719000100
(1786378298.765672) can0 38E#4A26004719000100
(1786378298.775775) can0 38F#7823E35302000000
(1786378298.776118) can0 38E#1727004719000100
(1786378298.785684) can0 38E#4B28004719000100
(1786378298.795714) can0 38F#F624E35302000000
(1786378298.796052) can0 38E#1629004719000100
(1786378298.806103) can0 38E#F12A004719000100
(1786378298.815721) can0 38F#AB25E35302000000
(1786378298.816043) can0 38E#AC2B004719000100
(1786378298.825694) can0 38E#222C004719000100
(1786378298.835646) can0 38F#4C26E35302000000
(1786378298.836006) can0 38E#7F2D004719000100
(1786378298.845762) can0 38E#982E004719000100
(1786378298.855708) can0 38F#1127E35302000000
(1786378298.856049) can0 38E#C52F004719000100
(1786378298.865694) can0 38E#9920004719000100
(1786378298.875651) can0 38F#4D28E35302000000
(1786378298.875974) can0 38E#C421004719000100
(1786378298.885700) can0 38E#2322004719000100
(1786378298.895692) can0 38F#1029E35302000000
(1786378298.896031) can0 38E#7E23004719000100
(1786378298.905743) can0 38E#F024004719000100
(1786378298.915636) can0 38F#F72AE35302000000
(1786378298.915956) can0 38E#AD25004719000100
(1786378298.925657) can0 38E#4A26004719000100
(1786378298.935735) can0 38F#AA2BE35302000000
(1786378298.936104) can0 38E#1727004719000100
(1786378298.945707) can0 38E#4B28004719000100
(1786378298.955612) can0 38F#242CE35302000000
(1786378298.955834) can0 38E#1629004719000100
(1786378298.965640) can0 38E#F12A004719000100
(1786378298.975633) can0 38F#792DE35302000000
(1786378298.975876) can0 38E#AC2B004719000100
(1786378298.985727) can0 38E#222C004719000100
(1786378298.995663) can0 38F#9E2EE35302000000
(1786378298.995913) can0 38E#7F2D004719000100
(1786378299.005642) can0 38E#982E004719000100
(1786378299.015667) can0 38F#C32FE35302000000
(1786378299.015909) can0 38E#C52F004719000100
(1786378299.025991) can0 38E#9920004719000100
(1786378299.035718) can0 38F#9F20E35302000000
(1786378299.036051) can0 38E#C421004719000100
(1786378299.045637) can0 38E#2322004719000100
(1786378299.055631) can0 38F#C221E35302000000
(1786378299.055914) can0 38E#7E23004719000100
(1786378299.065684) can0 38E#F024004719000100
(1786378299.075711) can0 38F#2522E35302000000
(1786378299.076042) can0 38E#AD25004719000100
(1786378299.085759) can0 38E#4A26004719000100
(1786378299.095668) can0 38F#7823E35302000000
(1786378299.095950) can0 38E#1727004719000100
(1786378299.105689) can0 38E#4B28004719000100
(1786378299.115667) can0 38F#F624E35302000000
(1786378299.116013) can0 38E#1629004719000100
(1786378299.125729) can0 38E#F12A004719000100
(1786378299.135812) can0 38F#AB25E35302000000
(1786378299.136158) can0 38E#AC2B004719000100
(1786378299.145708) can0 38E#222C004719000100
(1786378299.155647) can0 38F#4C26E35302000000
(1786378299.155889) can0 38E#7F2D004719000100
(1786378299.165633) can0 38E#982E004719000100
(1786378299.175601) can0 38F#1127E35302000000
(1786378299.175834) can0 38E#C52F004719000100
(1786378299.185707) can0 38E#9920004719000100
(1786378299.195670) can0 38F#4D28E35302000000
(1786378299.195984) can0 38E#C421004719000100
(1786378299.205694) can0 38E#2322004719000100
(1786378299.215619) can0 38F#1029E35302000000
(1786378299.215871) can0 38E#7E23004719000100
(1786378299.225688) can0 38E#9A24004619000100
(1786378299.235829) can0 38F#F72AE35302000000
(1786378299.236252) can0 38E#AD25004719000100
(1786378299.245651) can0 38E#4A26004719000100
(1786378299.255649) can0 38F#AA2BE35302000000
(1786378299.255901) can0 38E#1727004719000100
(1786378299.265628) can0 38E#4B28004719000100
(1786378299.275620) can0 38F#242CE35302000000
(1786378299.275869) can0 38E#1629004719000100
(1786378299.285688) can0 38E#F12A004719000100
(1786378299.295654) can0 38F#792DE35302000000
(1786378299.295885) can0 38E#AC2B004719000100
(1786378299.305682) can0 38E#482C004619000100
(1786378299.315654) can0 38F#9E2EE35302000000
(1786378299.315887) can0 38E#7F2D004719000100
(1786378299.325672) can0 38E#982E004719000100
(1786378299.335736) can0 38F#C32FE35302000000
(1786378299.336042) can0 38E#C52F004719000100
(1786378299.345629) can0 38E#9920004719000100
(1786378299.355673) can0 38F#9F20E35302000000
(1786378299.355953) can0 38E#C421004719000100
(1786378299.365645) can0 38E#4922004619000100
(1786378299.375705) can0 38F#C221E35302000000
(1786378299.375959) can0 38E#7E23004719000100
(1786378299.385708) can0 38E#9A24004619000100
(1786378299.395609) can0 38F#2522E35302000000
(1786378299.395858) can0 38E#C725004619000100
(1786378299.405663) can0 38E#2026004619000100
(1786378299.415673) can0 38F#7823E35302000000
(1786378299.415915) can0 38E#7D27004619000100
(1786378299.425655) can0 38E#2128004619000100
(1786378299.435689) can0 38F#F624E35302000000
(1786378299.436002) can0 38E#7C29004619000100
(1786378299.445703) can0 38E#252A004519000100
(1786378299.456007) can0 38F#AB25E35302000000
(1786378299.456270) can0 38E#782B004519000100
(1786378299.465658) can0 38E#F62C004519000100
(1786378299.475593) can0 38F#4C26E35302000000
(1786378299.475807) can0 38E#AB2D004519000100
(1786378299.485681) can0 38E#4C2E004519000100
(1786378299.495646) can0 38F#1127E35302000000
(1786378299.495859) can0 38E#112F004519000100
(1786378299.505689) can0 38E#4D20004519000100
(1786378299.515603) can0 38F#4D28E35302000000
(1786378299.515866) can0 38E#1021004519000100
(1786378299.525664) can0 38E#F722004519000100
(1786378299.535695) can0 38F#1029E35302000000
(1786378299.536041) can0 38E#AA23004519000100
(1786378299.545698) can0 38E#4E24004419000100
(1786378299.555629) can0 38F#F72AE35302000000
(1786378299.555901) can0 38E#1325004419000100
(1786378299.565639) can0 38E#F426004419000100
(1786378299.575647) can0 38F#AA2BE35302000000
(1786378299.575886) can0 38E#A927004419000100
(1786378299.585709) can0 38E#F528004419000100
(1786378299.595599) can0 38F#242CE35302000000
(1786378299.595804) can0 38E#A829004419000100
(1786378299.605610) can0 38E#4F2A004419000100
(1786378299.615694) can0 38F#792DE35302000000
(1786378299.615934) can0 38E#122B004419000100
(1786378299.625659) can0 38E#9C2C004419000100
(1786378299.635665) can0 38F#9E2EE35302000000
(1786378299.636006) can0 38E#C12D004419000100
(1786378299.645614) can0 38E#262E004419000100
(1786378299.655670) can0 38F#C32FE35302000000
(1786378299.655910) can0 38E#7B2F004419000100
(1786378299.665919) can0 38E#2720004419000100
(1786378299.675607) can0 38F#9F20E35302000000
(1786378299.675837) can0 38E#7A21004419000100
(1786378299.685675) can0 38E#9D22004419000100
(1786378299.695636) can0 38F#C221E35302000000
(1786378299.695879) can0 38E#C023004419000100
(1786378299.705643) can0 38E#4E24004419000100
(1786378299.715625) can0 38F#2522E35302000000
(1786378299.715849) can0 38E#1325004419000100
(1786378299.725668) can0 38E#F426004419000100
(1786378299.735763) can0 38F#7823E35302000000
(1786378299.736141) can0 38E#A927004419000100
(1786378299.745607) can0 38E#F528004419000100
(1786378299.755636) can0 38F#F624E35302000000
(1786378299.755862) can0 38E#A829004419000100
(1786378299.765654) can0 38E#4F2A004419000100
(1786378299.775638) can0 38F#AB25E35302000000
(1786378299.775859) can0 38E#122B004419000100
(1786378299.785638) can0 38E#9C2C004419000100
(1786378299.795684) can0 38F#4C26E35302000000
(1786378299.795993) can0 38E#C12D004419000100
(1786378299.805700) can0 38E#262E004419000100
(1786378299.815625) can0 38F#1127E35302000000
(1786378299.815876) can0 38E#7B2F004419000100
(1786378299.825652) can0 38E#2720004419000100
(1786378299.835650) can0 38F#4D28E35302000000
(1786378299.836011) can0 38E#7A21004419000100
(1786378299.845752) can0 38E#9D22004419000100
(1786378299.855653) can0 38F#1029E35302000000
(1786378299.855896) can0 38E#C023004419000100
(1786378299.865693) can0 38E#4E24004419000100
(1786378299.875628) can0 38F#F72AE35302000000
(1786378299.875862) can0 38E#1325004419000100
(1786378299.886096) can0 38E#F426004419000100
(1786378299.895668) can0 38F#AA2BE35302000000
(1786378299.895913) can0 38E#A927004419000100
(1786378299.905643) can0 38E#F528004419000100
(1786378299.915685) can0 38F#242CE35302000000
(1786378299.916100) can0 38E#A829004419000100
(1786378299.925825) can0 38E#4F2A004419000100
(1786378299.935802) can0 38F#792DE35302000000
(1786378299.936247) can0 38E#122B004419000100
(1786378299.945696) can0 38E#9C2C004419000100
(1786378299.955661) can0 38F#9E2EE35302000000
(1786378299.955956) can0 38E#C12D004419000100
(1786378299.965868) can0 38E#262E004419000100
(1786378299.975703) can0 38F#C32FE35302000000
(1786378299.976011) can0 38E#7B2F004419000100
(1786378299.985770) can0 38E#2720004419000100
(1786378299.995655) can0 38F#9F20E35302000000
(1786378299.995962) can0 38E#7A21004419000100
(1786378300.005750) can0 38E#9622004319000100
(1786378300.015819) can0 38F#C221E35302000000
(1786378300.016279) can0 38E#CB23004319000100
(1786378300.025609) can0 38E#4524004319000100
(1786378300.035564) can0 38F#2522E35302000000
(1786378300.035962) can0 38E#1825004319000100
(1786378300.046070) can0 38E#FF26004319000100
(1786378300.055748) can0 38F#7823E35302000000
(1786378300.056074) can0 38E#C827004219000100
(1786378300.065883) can0 38E#9428004219000100
(1786378300.075604) can0 38F#F624E35302000000
(1786378300.075838) can0 38E#C929004219000100
(1786378300.085925) can0 38E#2E2A004219000100
(1786378300.096090) can0 38F#AB25E35302000000
(1786378300.096493) can0 38E#CD2B004119000100
(1786378300.105722) can0 38E#432C004119000100
(1786378300.115830) can0 38F#4C26E35302000000
(1786378300.116336) can0 38E#1E2D004119000100
(1786378300.125782) can0 38E#F92E004119000100
(1786378300.135858) can0 38F#1127E35302000000
(1786378300.136277) can0 38E#A42F004119000100
(1786378300.145875) can0 38E#F820004119000100
(1786378300.155662) can0 38F#4D28E35302000000
(1786378300.156031) can0 38E#CF21004019000100
(1786378300.165764) can0 38E#2822004019000100
(1786378300.175627) can0 38F#1029E35302000000
(1786378300.175887) can0 38E#7523004019000100
(1786378300.185638) can0 38E#FB24004019000100
(1786378300.195623) can0 38F#F72AE35302000000
(1786378300.195870) can0 38E#A625004019000100
(1786378300.205635) can0 38E#4126004019000100
(1786378300.215634) can0 38F#AA2BE35302000000
(1786378300.215860) can0 38E#D027003F19000100
(1786378300.225683) can0 38E#8C28003F19000100
(1786378300.235854) can0 38F#242CE35302000000
(1786378300.236259) can0 38E#D129003F19000100
(1786378300.245841) can0 38E#362A003F19000100
(1786378300.255645) can0 38F#792DE35302000000
(1786378300.256073) can0 38E#012B003E19000100
(1786378300.265864) can0 38E#8F2C003E19000100
(1786378300.275768) can0 38F#9E2EE35302000000
(1786378300.276135) can0 38E#D22D003E19000100
(1786378300.285799) can0 38E#352E003E19000100
(1786378300.295878) can0 38F#C32FE35302000000
(1786378300.296309) can0 38E#682F003E19000100
(1786378300.305665) can0 38E#3420003E19000100
(1786378300.315869) can0 38F#9F20E35302000000
(1786378300.316334) can0 38E#6921003E19000100
(1786378300.325753) can0 38E#8E22003E19000100
(1786378300.335756) can0 38F#C221E35302000000
(1786378300.336203) can0 38E#D323003E19000100
(1786378300.345830) can0 38E#5D24003E19000100
(1786378300.355611) can0 38F#2522E35302000000
(1786378300.355953) can0 38E#0025003E19000100
(1786378300.365889) can0 38E#E726003E19000100
(1786378300.375728) can0 38F#7823E35302000000
(1786378300.376063) can0 38E#BA27003E19000100
(1786378300.385658) can0 38E#E628003E19000100
(1786378300.395890) can0 38F#F624E35302000000
(1786378300.396341) can0 38E#BB29003E19000100
(1786378300.405718) can0 38E#5C2A003E19000100
(1786378300.415773) can0 38F#AB25E35302000000
(1786378300.416215) can0 38E#012B003E19000100
(1786378300.425956) can0 38E#8F2C003E19000100
(1786378300.435745) can0 38F#4C26E35302000000
(1786378300.436118) can0 38E#D22D003E19000100
(1786378300.445918) can0 38E#8B2E003D19000100
(1786378300.455728) can0 38F#1127E35302000000
(1786378300.456066) can0 38E#D62F003D19000100
(1786378300.465785) can0 38E#8A20003D19000100
(1786378300.475833) can0 38F#4D28E35302000000
(1786378300.476231) can0 38E#D721003D19000100
(1786378300.485787) can0 38E#3022003D19000100
(1786378300.495762) can0 38F#1029E35302000000
(1786378300.496113) can0 38E#6D23003D19000100
(1786378300.505597) can0 38E#E324003D19000100
(1786378300.515638) can0 38F#F72AE35302000000
(1786378300.515872) can0 38E#BE25003D19000100
(1786378300.525684) can0 38E#5926003D19000100
(1786378300.535724) can0 38F#AA2BE35302000000
(1786378300.536072) can0 38E#0427003D19000100
(1786378300.545725) can0 38E#5828003D19000100
(1786378300.555661) can0 38F#242CE35302000000
(1786378300.555990) can0 38E#0529003D19000100
(1786378300.565772) can0 38E#E22A003D19000100
(1786378300.575756) can0 38F#792DE35302000000
(1786378300.576303) can0 38E#012B003E19000100
(1786378300.585720) can0 38E#8F2C003E19000100
(1786378300.595703) can0 38F#9E2EE35302000000
(1786378300.596033) can0 38E#D22D003E19000100
(1786378300.605608) can0 38E#352E003E19000100
(1786378300.615644) can0 38F#C32FE35302000000
(1786378300.615958) can0 38E#682F003E19000100
(1786378300.625658) can0 38E#3420003E19000100
(1786378300.635586) can0 38F#9F20E35302000000
(1786378300.635979) can0 38E#6921003E19000100
(1786378300.645673) can0 38E#2822004019000100
(1786378300.655679) can0 38F#C221E35302000000
(1786378300.655943) can0 38E#7523004019000100
(1786378300.665685) can0 38E#FB24004019000100
(1786378300.675603) can0 38F#2522E35302000000
(1786378300.675803) can0 38E#A625004019000100
(1786378300.685647) can0 38E#4126004019000100
(1786378300.695783) can0 38F#7823E35302000000
(1786378300.696053) can0 38E#1C27004019000100
(1786378300.706097) can0 38E#2A28004119000100
(1786378300.715716) can0 38F#F624E35302000000
(1786378300.716021) can0 38E#7729004119000100
(1786378300.725717) can0 38E#2E2A004219000100
(1786378300.735707) can0 38F#AB25E35302000000
(1786378300.736054) can0 38E#732B004219000100
(1786378300.746066) can0 38E#972C004319000100
(1786378300.755722) can0 38F#4C26E35302000000
(1786378300.756030) can0 38E#C12D004419000100
(1786378300.765621) can0 38E#262E004419000100
(1786378300.775706) can0 38F#1127E35302000000
(1786378300.775983) can0 38E#7B2F004419000100
(1786378300.785642) can0 38E#2720004419000100
(1786378300.795963) can0 38F#4D28E35302000000
(1786378300.796283) can0 38E#1021004519000100
(1786378300.805682) can0 38E#F722004519000100
(1786378300.815719) can0 38F#1029E35302000000
(1786378300.816082) can0 38E#1423004619000100
(1786378300.825649) can0 38E#F024004719000100
(1786378300.835743) can0 38F#F72AE35302000000
(1786378300.836190) can0 38E#C725004619000100
(1786378300.846223) can0 38E#4A26004719000100
(1786378300.855756) can0 38F#AA2BE35302000000
(1786378300.856056) can0 38E#6B27004819000100
(1786378300.866022) can0 38E#3728004819000100
(1786378300.875681) can0 38F#242CE35302000000
(1786378300.875950) can0 38E#6A29004819000100
(1786378300.885631) can0 38E#8D2A004819000100
(1786378300.895613) can0 38F#792DE35302000000
(1786378300.895866) can0 38E#D02B004819000100
(1786378300.905970) can0 38E#342C004919000100
(1786378300.915680) can0 38F#9E2EE35302000000
(1786378300.916084) can0 38E#692D004919000100
(1786378300.925841) can0 38E#8E2E004919000100
(1786378300.935766) can0 38F#C32FE35302000000
(1786378300.936292) can0 38E#D32F004919000100
(1786378300.945699) can0 38E#8F20004919000100
(1786378300.955714) can0 38F#9F20E35302000000
(1786378300.956065) can0 38E#D221004919000100
(1786378300.965740) can0 38E#3522004919000100
(1786378300.975626) can0 38F#C221E35302000000
(1786378300.975858) can0 38E#6823004919000100
(1786378300.985646) can0 38E#E624004919000100
(1786378300.995780) can0 38F#2522E35302000000
(1786378300.996164) can0 38E#BB25004919000100
(1786378301.005703) can0 38E#5C26004919000100
(1786378301.015696) can0 38F#7823E35302000000
(1786378301.016137) can0 38E#0127004919000100
(1786378301.025706) can0 38E#5D28004919000100
(1786378301.035751) can0 38F#F624E35302000000
(1786378301.036244) can0 38E#BE29004A19000100
(1786378301.045726) can0 38E#382A004C19000100
(1786378301.055759) can0 38F#AB25E35302000000
(1786378301.056073) can0 38E#B12B004E19000100
(1786378301.065843) can0 38E#552C004F19000100
(1786378301.075803) can0 38F#4C26E35302000000
(1786378301.076208) can0 38E#F02D005119000100
(1786378301.085885) can0 38E#C32E005319000100
(1786378301.096028) can0 38F#1127E35302000000
(1786378301.096340) can0 38E#FF2F005519000100
(1786378301.105631) can0 38E#0B20005819000100
(1786378301.115689) can0 38F#4D28E35302000000
(1786378301.116042) can0 38E#E821005B19000100
(1786378301.125704) can0 38E#D022005E19000100
(1786378301.136083) can0 38F#1029E35302000000
(1786378301.136504) can0 38E#B423006019000100
(1786378301.145659) can0 38E#8424006319000100
(1786378301.155657) can0 38F#F72AE35302000000
(1786378301.155907) can0 38E#0625006619000100
(1786378301.165778) can0 38E#F726006819000100
(1786378301.176211) can0 38F#AA2BE35302000000
(1786378301.176617) can0 38E#7E27006A19000100
(1786378301.186023) can0 38E#2928006D19000100
(1786378301.195930) can0 38F#242CE35302000000
(1786378301.196467) can0 38E#3229007019000100
(1786378301.205750) can0 38E#602A007419000100
(1786378301.215780) can0 38F#792DE35302000000
(1786378301.216230) can0 38E#2B2B007A19000100
(1786378301.226080) can0 38E#412C008219000100
(1786378301.235870) can0 38F#9E2EE35302000000
(1786378301.236351) can0 38E#0A2D008C19000100
(1786378301.245802) can0 38E#7F2E009319000100
(1786378301.255688) can0 38F#C32FE35302000000
(1786378301.256037) can0 38E#342F009D19000100
(1786378301.265742) can0 38E#982000A819000100
(1786378301.275732) can0 38F#9F20E35302000000
(1786378301.276101) can0 38E#882100B219000100
(1786378301.285987) can0 38E#132200BD19000100
(1786378301.296147) can0 38F#C221E35302000000
(1786378301.296631) can0 38E#372300C619000100
(1786378301.305811) can0 38E#702400CD19000100
(1786378301.315635) can0 38F#2522E35302000000
(1786378301.316035) can0 38E#D52500D319000100
(1786378301.325837) can0 38E#2F2600DA19000100
(1786378301.336057) can0 38F#7823E35302000000
(1786378301.336633) can0 38E#2A2700E219000100
(1786378301.345648) can0 38E#BF2800E919000100
(1786378301.355751) can0 38F#F624E35302000000
(1786378301.356091) can0 38E#112900F019000100
(1786378301.365701) can0 38E#812A00F819000100
(1786378301.375679) can0 38F#AB25E35302000000
(1786378301.375968) can0 38E#822B00001A000100
(1786378301.386065) can0 38E#072C00071A000100
(1786378301.395644) can0 38F#4C26E35302000000
(1786378301.395908) can0 38E#BF2D00101A000100
(1786378301.405645) can0 38E#532E00171A000100
(1786378301.415634) can0 38F#1127E35302000000
(1786378301.415856) can0 38E#CC2F001B1A000100
(1786378301.425643) can0 38E#F120001D1A000100
(1786378301.435691) can0 38F#4D28E35302000000
(1786378301.436153) can0 38E#412100211A000100
(1786378301.445821) can0 38E#792200241A000100
(1786378301.455690) can0 38F#1029E35302000000
(1786378301.456050) can0 38E#E62300281A000100
(1786378301.465687) can0 38E#DD24002C1A000100
(1786378301.475652) can0 38F#F72AE35302000000
(1786378301.475995) can0 38E#3E25002F1A000100
(1786378301.486038) can0 38E#9F2600321A000100
(1786378301.495705) can0 38F#AA2BE35302000000
(1786378301.496080) can0 38E#C92700351A000100
(1786378301.505705) can0 38E#3D2800381A000100
(1786378301.515796) can0 38F#242CE35302000000
(1786378301.516270) can0 38E#BF29003D1A000100
(1786378301.526095) can0 38E#2A2A00411A000100
(1786378301.535807) can0 38F#792DE35302000000
(1786378301.536240) can0 38E#A82B00441A000100
(1786378301.545824) can0 38E#E42C00481A000100
(1786378301.555706) can0 38F#9E2EE35302000000
(1786378301.556046) can0 38E#072D004B1A000100
(1786378301.566098) can0 38E#EB2E004C1A000100
(1786378301.575782) can0 38F#C32FE35302000000
(1786378301.576118) can0 38E#B62F004C1A000100
(1786378301.585659) can0 38E#3E20004E1A000100
(1786378301.596202) can0 38F#9F20E35302000000
(1786378301.596641) can0 38E#6321004E1A000100
(1786378301.605989) can0 38E#A82200521A000100
(1786378301.615781) can0 38F#C221E35302000000
(1786378301.616228) can0 38E#942300541A000100
(1786378301.625717) can0 38E#A42400571A000100
(1786378301.635783) can0 38F#2522E35302000000
(1786378301.636213) can0 38E#852500581A000100
(1786378301.646000) can0 38E#B626005A1A000100
(1786378301.656031) can0 38F#7823E35302000000
(1786378301.656368) can0 38E#8127005B1A000100
(1786378301.665775) can0 38E#BC28005D1A000100
(1786378301.675653) can0 38F#F624E35302000000
(1786378301.675964) can0 38E#3529005F1A000100
(1786378301.685646) can0 38E#D22A005F1A000100
(1786378301.695938) can0 38F#AB25E35302000000
(1786378301.696378) can0 38E#DC2B00601A000100
(1786378301.706063) can0 38E#382C00611A000100
(1786378301.715675) can0 38F#4C26E35302000000
(1786378301.716133) can0 38E#652D00611A000100
(1786378301.726103) can0 38E#822E00611A000100
(1786378301.735833) can0 38F#1127E35302000000
(1786378301.736260) can0 38E#DF2F00611A000100
(1786378301.745687) can0 38E#832000611A000100
(1786378301.755565) can0 38F#4D28E35302000000
(1786378301.755889) can0 38E#DE2100611A000100
(1786378301.765782) can0 38E#392200611A000100
(1786378301.775614) can0 38F#1029E35302000000
(1786378301.775862) can0 38E#642300611A000100
(1786378301.785714) can0 38E#EA2400611A000100
(1786378301.795590) can0 38F#F72AE35302000000
(1786378301.795806) can0 38E#B72500611A000100
(1786378301.805590) can0 38E#502600611A000100
(1786378301.815683) can0 38F#AA2BE35302000000
(1786378301.815952) can0 38E#0D2700611A000100
(1786378301.825641) can0 38E#EF2800621A000100
(1786378301.835615) can0 38F#242CE35302000000
(1786378301.835994) can0 38E#B22900621A000100
(1786378301.845634) can0 38E#552A00621A000100
(1786378301.855663) can0 38F#792DE35302000000
(1786378301.856090) can0 38E#082B00621A000100
(1786378301.865694) can0 38E#862C00621A000100
(1786378301.875572) can0 38F#9E2EE35302000000
(1786378301.875845) can0 38E#B12D00631A000100
(1786378301.885750) can0 38E#5D2E00641A000100
(1786378301.895888) can0 38F#C32FE35302000000
(1786378301.896357) can0 38E#D42F00661A000100
(1786378301.905619) can0 38E#F42000691A000100
(1786378301.915804) can0 38F#9F20E35302000000
(1786378301.916286) can0 38E#7621006C1A000100
(1786378301.925762) can0 38E#FB22006D1A000100
(1786378301.935734) can0 38F#C221E35302000000
(1786378301.936314) can0 38E#8A2300711A000100
(1786378301.946040) can0 38E#D02400731A000100
(1786378301.956009) can0 38F#2522E35302000000
(1786378301.956327) can0 38E#8D2500731A000100
(1786378301.965819) can0 38E#612600741A000100
(1786378301.975666) can0 38F#7823E35302000000
(1786378301.975958) can0 38E#562700751A000100
(1786378301.985761) can0 38E#0A2800751A000100
(1786378301.996151) can0 38F#F624E35302000000
(1786378301.996548) can0 38E#832900771A000100
(1786378302.005725) can0 38E#642A00771A000100
(1786378302.015633) can0 38F#AB25E35302000000
(1786378302.015935) can0 38E#2F2B00791A000100
(1786378302.025678) can0 38E#1F2C007A1A000100
(1786378302.035953) can0 38F#4C26E35302000000
(1786378302.036329) can0 38E#422D007A1A000100
(1786378302.045982) can0 38E#A52E007A1A000100
(1786378302.055705) can0 38F#1127E35302000000
(1786378302.056101) can0 38E#922F007B1A000100
(1786378302.065726) can0 38E#C520007C1A000100
(1786378302.075644) can0 38F#4D28E35302000000
(1786378302.075973) can0 38E#9821007C1A000100
(1786378302.086015) can0 38E#AB22007E1A000100
(1786378302.095871) can0 38F#1029E35302000000
(1786378302.096404) can0 38E#9C23007F1A000100
(1786378302.105653) can0 38E#972400811A000100
(1786378302.115673) can0 38F#F72AE35302000000
(1786378302.116095) can0 38E#1E2500831A000100
(1786378302.125867) can0 38E#F92600831A000100
(1786378302.135797) can0 38F#AA2BE35302000000
(1786378302.136422) can0 38E#A42700831A000100
(1786378302.146000) can0 38E#F82800831A000100
(1786378302.155712) can0 38F#242CE35302000000
(1786378302.156004) can0 38E#C42900851A000100
(1786378302.166053) can0 38E#8B2A00881A000100
(1786378302.175696) can0 38F#792DE35302000000
(1786378302.176075) can0 38E#682B008B1A000100
(1786378302.185633) can0 38E#872C008D1A000100
(1786378302.196115) can0 38F#9E2EE35302000000
(1786378302.196597) can0 38E#0E2D008F1A000100
(1786378302.205998) can0 38E#7B2E00901A000100
(1786378302.216104) can0 38F#C32FE35302000000
(1786378302.216517) can0 38E#4C2F00911A000100
(1786378302.225748) can0 38E#AE2000921A000100
(1786378302.235756) can0 38F#9F20E35302000000
(1786378302.236224) can0 38E#922100941A000100
(1786378302.246078) can0 38E#1F2200951A000100
(1786378302.255677) can0 38F#C221E35302000000
(1786378302.255956) can0 38E#422300951A000100
(1786378302.265687) can0 38E#722400961A000100
(1786378302.275598) can0 38F#2522E35302000000
(1786378302.275921) can0 38E#452500971A000100
(1786378302.285683) can0 38E#DE2600981A000100
(1786378302.295879) can0 38F#7823E35302000000
(1786378302.296328) can0 38E#E92700991A000100
(1786378302.305664) can0 38E#B52800991A000100
(1786378302.315758) can0 38F#F624E35302000000
(1786378302.316175) can0 38E#5629009A1A000100
(1786378302.325771) can0 38E#DB2A009B1A000100
(1786378302.335702) can0 38F#AB25E35302000000
(1786378302.336241) can0 38E#E72B009D1A000100
(1786378302.345765) can0 38E#BD2C009F1A000100
(1786378302.355664) can0 38F#4C26E35302000000
(1786378302.355970) can0 38E#B32D00A01A000100
(1786378302.365719) can0 38E#3E2E00A11A000100
(1786378302.375747) can0 38F#1127E35302000000
(1786378302.376120) can0 38E#B72F00A31A000100
(1786378302.386018) can0 38E#E02000A41A000100
(1786378302.395595) can0 38F#4D28E35302000000
(1786378302.395826) can0 38E#692100A61A000100
(1786378302.405589) can0 38E#F22200A91A000100
(1786378302.415577) can0 38F#1029E35302000000
(1786378302.415816) can0 38E#7B2300AB1A000100
(1786378302.425953) can0 38E#942400AD1A000100
(1786378302.435738) can0 38F#F72AE35302000000
(1786378302.436051) can0 38E#772500AE1A000100
(1786378302.445626) can0 38E#682600B01A000100
(1786378302.455658) can0 38F#AA2BE35302000000
(1786378302.455929) can0 38E#8B2700B31A000100
(1786378302.465961) can0 38E#082800B61A000100
(1786378302.475679) can0 38F#242CE35302000000
(1786378302.475961) can0 38E#292900B91A000100
(1786378302.485779) can0 38E#1A2A00BB1A000100
(1786378302.495742) can0 38F#792DE35302000000
(1786378302.496130) can0 38E#4C2B00BC1A000100
(1786378302.505696) can0 38E#7C2C00BF1A000100
(1786378302.515836) can0 38F#9E2EE35302000000
(1786378302.516297) can0 38E#872D00C11A000100
(1786378302.525877) can0 38E#B42E00C31A000100
(1786378302.535817) can0 38F#C32FE35302000000
(1786378302.536312) can0 38E#882F00C51A000100
(1786378302.545812) can0 38E#002000C71A000100
(1786378302.555746) can0 38F#9F20E35302000000
(1786378302.556102) can0 38E#5D2100C71A000100
(1786378302.566093) can0 38E#C62200C81A000100
(1786378302.575720) can0 38F#C221E35302000000
(1786378302.576105) can0 38E#F12300C91A000100
(1786378302.585726) can0 38E#AB2400CB1A000100
(1786378302.596022) can0 38F#2522E35302000000
(1786378302.596448) can0 38E#972500CD1A000100
(1786378302.605615) can0 38E#CE2600CE1A000100
(1786378302.615701) can0 38F#7823E35302000000
(1786378302.616150) can0 38E#F92700CF1A000100
(1786378302.626096) can0 38E#372800D01A000100
(1786378302.635773) can0 38F#F624E35302000000
(1786378302.636344) can0 38E#6A2900D01A000100
(1786378302.646060) can0 38E#E72A00D11A000100
(1786378302.655622) can0 38F#AB25E35302000000
(1786378302.655961) can0 38E#042B00D21A000100
(1786378302.665712) can0 38E#E02C00D31A000100
(1786378302.676055) can0 38F#4C26E35302000000
(1786378302.676468) can0 38E#B62D00D41A000100
(1786378302.685884) can0 38E#3B2E00D51A000100
(1786378302.695853) can0 38F#1127E35302000000
(1786378302.696409) can0 38E#D82F00D61A000100
(1786378302.705657) can0 38E#EE2000D71A000100
(1786378302.715754) can0 38F#4D28E35302000000
(1786378302.716208) can0 38E#CF2100D81A000100
(1786378302.725722) can0 38E#282200D81A000100
(1786378302.735699) can0 38F#1029E35302000000
(1786378302.736329) can0 38E#1F2300D91A000100
(1786378302.746116) can0 38E#2F2400DA1A000100
(1786378302.755648) can0 38F#F72AE35302000000
(1786378302.756142) can0 38E#182500DB1A000100
(1786378302.765723) can0 38E#F42600DC1A000100
(1786378302.775734) can0 38F#AA2BE35302000000
(1786378302.776031) can0 38E#C32700DD1A000100
(1786378302.785610) can0 38E#212800DE1A000100
(1786378302.796157) can0 38F#242CE35302000000
(1786378302.796716) can0 38E#162900DF1A000100
(1786378302.805702) can0 38E#A22A00E01A000100
(1786378302.816127) can0 38F#792DE35302000000
(1786378302.816507) can0 38E#952B00E11A000100
(1786378302.825741) can0 38E#A52C00E21A000100
(1786378302.835725) can0 38F#9E2EE35302000000
(1786378302.836111) can0 38E#922D00E31A000100
(1786378302.845735) can0 38E#7E2E00E41A000100
(1786378302.855997) can0 38F#C32FE35302000000
(1786378302.856403) can0 38E#232F00E41A000100
(1786378302.865726) can0 38E#AB2000E61A000100
(1786378302.875698) can0 38F#9F20E35302000000
(1786378302.876256) can0 38E#9C2100E71A000100
(1786378302.885725) can0 38E#072200E81A000100
(1786378302.896201) can0 38F#C221E35302000000
(1786378302.896605) can0 38E#302300E91A000100
(1786378302.906007) can0 38E#002400EA1A000100
(1786378302.915664) can0 38F#2522E35302000000
(1786378302.916152) can0 38E#562500ED1A000100
(1786378302.925722) can0 38E#0F2600EE1A000100
(1786378302.935725) can0 38F#7823E35302000000
(1786378302.936282) can0 38E#AA2700F01A000100
(1786378302.946178) can0 38E#482800F31A000100
(1786378302.955661) can0 38F#F624E35302000000
(1786378302.956022) can0 38E#1E2900F41A000100
(1786378302.965706) can0 38E#472A00F71A000100
(1786378302.975619) can0 38F#AB25E35302000000
(1786378302.975920) can0 38E#0C2B00F91A000100
(1786378302.985702) can0 38E#5D2C00FC1A000100
(1786378302.996201) can0 38F#4C26E35302000000
(1786378302.996686) can0 38E#BE2D00FF1A000100
(1786378303.005682) can0 38E#412E00011B000100
(1786378303.015754) can0 38F#1127E35302000000
(1786378303.016278) can0 38E#C32F00041B000100
(1786378303.026049) can0 38E#4B2000061B000100
(1786378303.035636) can0 38F#4D28E35302000000
(1786378303.036103) can0 38E#D421000A1B000100
(1786378303.045764) can0 38E#5222000C1B000100
(1786378303.056026) can0 38F#1029E35302000000
(1786378303.056364) can0 38E#232300101B000100
(1786378303.065732) can0 38E#792400121B000100
(1786378303.075671) can0 38F#F72AE35302000000
(1786378303.075972) can0 38E#FB2500171B000100
(1786378303.085767) can0 38E#0A2600191B000100
(1786378303.095726) can0 38F#AA2BE35302000000
(1786378303.096156) can0 38E#8827001C1B000100
(1786378303.106099) can0 38E#BE28001D1B000100
(1786378303.115709) can0 38F#242CE35302000000
(1786378303.116185) can0 38E#0E2900211B000100
(1786378303.125792) can0 38E#3D2A00231B000100
(1786378303.135769) can0 38F#792DE35302000000
(1786378303.136270) can0 38E#BF2B00261B000100
(1786378303.145689) can0 38E#272C00281B000100
(1786378303.155751) can0 38F#9E2EE35302000000
(1786378303.156093) can0 38E#AE2D002A1B000100
(1786378303.165674) can0 38E#492E002A1B000100
(1786378303.175732) can0 38F#C32FE35302000000
(1786378303.176075) can0 38E#142F002A1B000100
(1786378303.185765) can0 38E#2220002B1B000100
(1786378303.195866) can0 38F#9F20E35302000000
(1786378303.196500) can0 38E#7421002C1B000100
(1786378303.205717) can0 38E#9322002C1B000100
(1786378303.215641) can0 38F#C221E35302000000
(1786378303.215983) can0 38E#A423002D1B000100
(1786378303.225719) can0 38E#2A24002D1B000100
(1786378303.235671) can0 38F#2522E35302000000
(1786378303.236108) can0 38E#7725002D1B000100
(1786378303.245822) can0 38E#9026002D1B000100
(1786378303.255610) can0 38F#7823E35302000000
(1786378303.255957) can0 38E#CD27002D1B000100
(1786378303.265679) can0 38E#9128002D1B000100
(1786378303.275662) can0 38F#F624E35302000000
(1786378303.275909) can0 38E#7229002E1B000100
(1786378303.286117) can0 38E#952A002E1B000100
(1786378303.295762) can0 38F#AB25E35302000000
(1786378303.296174) can0 38E#C82B002E1B000100
(1786378303.305645) can0 38E#462C002E1B000100
(1786378303.315737) can0 38F#4C26E35302000000
(1786378303.316242) can0 38E#1B2D002E1B000100
(1786378303.326142) can0 38E#FC2E002E1B000100
(1786378303.335698) can0 38F#1127E35302000000
(1786378303.336141) can0 38E#CB2F002F1B000100
(1786378303.345830) can0 38E#9720002F1B000100
(1786378303.355622) can0 38F#4D28E35302000000
(1786378303.355961) can0 38E#CA21002F1B000100
(1786378303.365672) can0 38E#BF2200301B000100
(1786378303.375705) can0 38F#1029E35302000000
(1786378303.376028) can0 38E#362300321B000100
(1786378303.385688) can0 38E#D22400331B000100
(1786378303.395876) can0 38F#F72AE35302000000
(1786378303.396455) can0 38E#EE2500351B000100
(1786378303.405736) can0 38E#092600351B000100
(1786378303.415841) can0 38F#AA2BE35302000000
(1786378303.416349) can0 38E#802700371B000100
(1786378303.426042) can0 38E#CA2800391B000100
(1786378303.435713) can0 38F#242CE35302000000
(1786378303.436210) can0 38E#2929003A1B000100
(1786378303.445767) can0 38E#C52A003D1B000100
(1786378303.455756) can0 38F#792DE35302000000
(1786378303.456032) can0 38E#802B00401B000100
(1786378303.465669) can0 38E#642C00411B000100
(1786378303.475627) can0 38F#A82EDB5302000000
(1786378303.476125) can0 38E#E62D00441B000100
(1786378303.486088) can0 38E#6B2E00451B000100
(1786378303.496142) can0 38F#F52FDB5302000000
(1786378303.496577) can0 38E#9E2F00481B000100
(1786378303.505949) can0 38E#7C20004B1B000100
(1786378303.515659) can0 38F#A920DB5302000000
(1786378303.516068) can0 38E#4021004D1B000100
(1786378303.525689) can0 38E#E12200501B000100
(1786378303.536150) can0 38F#F421DB5302000000
(1786378303.536606) can0 38E#D62300511B000100
(1786378303.545743) can0 38E#582400511B000100
(1786378303.555719) can0 38F#1322DB5302000000
(1786378303.556053) can0 38E#052500511B000100
(1786378303.565719) can0 38E#E22600511B000100
(1786378303.575727) can0 38F#4E23DB5302000000
(1786378303.576101) can0 38E#012700521B000100
(1786378303.585655) can0 38E#5D2800521B000100
(1786378303.595777) can0 38F#C024DB5302000000
(1786378303.596272) can0 38E#002900521B000100
(1786378303.605660) can0 38E#E72A00521B000100
(1786378303.615709) can0 38F#9D25DB5302000000
(1786378303.616171) can0 38E#BA2B00521B000100
(1786378303.625720) can0 38E#342C00521B000100
(1786378303.635668) can0 38F#7A26DB5302000000
(1786378303.636103) can0 38E#692D00521B000100
(1786378303.645650) can0 38E#8E2E00521B000100
(1786378303.655661) can0 38F#2727DB5302000000
(1786378303.656005) can0 38E#D32F00521B000100
(1786378303.665668) can0 38E#8F2000521B000100
(1786378303.675667) can0 38F#7B28DB5302000000
(1786378303.676034) can0 38E#D22100521B000100
(1786378303.685705) can0 38E#352200521B000100
(1786378303.695804) can0 38F#2629DB5302000000
(1786378303.696264) can0 38E#682300521B000100
(1786378303.705614) can0 38E#E62400521B000100
(1786378303.715648) can0 38F#C12ADB5302000000
(1786378303.716006) can0 38E#BB2500521B000100
(1786378303.725693) can0 38E#5C2600521B000100
(1786378303.735670) can0 38F#9C2BDB5302000000
(1786378303.736030) can0 38E#012700521B000100
(1786378303.745711) can0 38E#5D2800521B000100
(1786378303.755674) can0 38F#122CDB5302000000
(1786378303.755963) can0 38E#002900521B000100
(1786378303.765684) can0 38E#E72A00521B000100
(1786378303.775625) can0 38F#4F2DDB5302000000
(1786378303.775983) can0 38E#BA2B00521B000100
(1786378303.785813) can0 38E#342C00521B000100
(1786378303.795710) can0 38F#A82EDB5302000000
(1786378303.796218) can0 38E#692D00521B000100
(1786378303.805688) can0 38E#8E2E00521B000100
(1786378303.815642) can0 38F#F52FDB5302000000
(1786378303.816001) can0 38E#D32F00521B000100
(1786378303.825716) can0 38E#8F2000521B000100
(1786378303.835648) can0 38F#A920DB5302000000
(1786378303.836061) can0 38E#D22100521B000100
(1786378303.845635) can0 38E#352200521B000100
(1786378303.855657) can0 38F#F421DB5302000000
(1786378303.856071) can0 38E#682300521B000100
(1786378303.865679) can0 38E#E62400521B000100
(1786378303.875652) can0 38F#1322DB5302000000
(1786378303.875953) can0 38E#BB2500521B000100
(1786378303.885664) can0 38E#5C2600521B000100
(1786378303.895790) can0 38F#4E23DB5302000000
(1786378303.896363) can0 38E#012700521B000100
(1786378303.905607) can0 38E#5D2800521B000100
(1786378303.915747) can0 38F#C024DB5302000000
(1786378303.916196) can0 38E#002900521B000100
(1786378303.925753) can0 38E#E72A00521B000100
(1786378303.935719) can0 38F#9D25DB5302000000
(1786378303.936228) can0 38E#BA2B00521B000100
(1786378303.945775) can0 38E#342C00521B000100
(1786378303.955598) can0 38F#7A26DB5302000000
(1786378303.955912) can0 38E#692D00521B000100
(1786378303.965992) can0 38E#8E2E00521B000100
(1786378303.975640) can0 38F#2727DB5302000000
(1786378303.975963) can0 38E#D32F00521B000100
(1786378303.985622) can0 38E#8F2000521B000100
(1786378303.995658) can0 38F#7B28DB5302000000
(1786378303.996173) can0 38E#D22100521B000100
(1786378304.005720) can0 38E#352200521B000100
(1786378304.015604) can0 38F#2629DB5302000000
(1786378304.015973) can0 38E#682300521B000100
(1786378304.025811) can0 38E#E62400521B000100
(1786378304.035652) can0 38F#C12ADB5302000000
(1786378304.036158) can0 38E#BB2500521B000100
(1786378304.045852) can0 38E#5C2600521B000100
(1786378304.055641) can0 38F#9C2BDB5302000000
(1786378304.055970) can0 38E#012700521B000100
(1786378304.065759) can0 38E#5D2800521B000100
(1786378304.075559) can0 38F#122CDB5302000000
(1786378304.075904) can0 38E#002900521B000100
(1786378304.085662) can0 38E#E72A00521B000100
(1786378304.095832) can0 38F#4F2DDB5302000000
(1786378304.096270) can0 38E#BA2B00521B000100
(1786378304.105640) can0 38E#342C00521B000100
(1786378304.115622) can0 38F#A82EDB5302000000
(1786378304.116104) can0 38E#692D00521B000100
(1786378304.125667) can0 38E#8E2E00521B000100
(1786378304.135769) can0 38F#F52FDB5302000000
(1786378304.136284) can0 38E#D32F00521B000100
(1786378304.145801) can0 38E#8F2000521B000100
(1786378304.155634) can0 38F#A920DB5302000000
(1786378304.156072) can0 38E#D22100521B000100
(1786378304.165607) can0 38E#352200521B000100
(1786378304.175630) can0 38F#F421DB5302000000
(1786378304.175917) can0 38E#682300521B000100
(1786378304.185617) can0 38E#E62400521B000100
(1786378304.195745) can0 38F#1322DB5302000000
(1786378304.196336) can0 38E#BB2500521B000100
(1786378304.205578) can0 38E#5C2600521B000100
(1786378304.215653) can0 38F#4E23DB5302000000
(1786378304.216106) can0 38E#012700521B000100
(1786378304.225762) can0 38E#5D2800521B000100
(1786378304.235693) can0 38F#C024DB5302000000
(1786378304.236131) can0 38E#002900521B000100
(1786378304.245655) can0 38E#E72A00521B000100
(1786378304.255670) can0 38F#9D25DB5302000000
(1786378304.256012) can0 38E#BA2B00521B000100
(1786378304.265624) can0 38E#342C00521B000100
(1786378304.275562) can0 38F#7A26DB5302000000
(1786378304.275851) can0 38E#692D00521B000100
(1786378304.285839) can0 38E#8E2E00521B000100
(1786378304.295913) can0 38F#2727DB5302000000
(1786378304.296371) can0 38E#D32F00521B000100
(1786378304.305653) can0 38E#8F2000521B000100
(1786378304.315649) can0 38F#7B28DB5302000000
(1786378304.316092) can0 38E#D22100521B000100
(1786378304.325624) can0 38E#352200521B000100
(1786378304.335737) can0 38F#2629DB5302000000
(1786378304.336277) can0 38E#682300521B000100
(1786378304.345766) can0 38E#E62400521B000100
(1786378304.355607) can0 38F#C12ADB5302000000
(1786378304.355992) can0 38E#BB2500521B000100
(1786378304.365811) can0 38E#5C2600521B000100
(1786378304.375640) can0 38F#9C2BDB5302000000
(1786378304.376035) can0 38E#012700521B000100
(1786378304.385666) can0 38E#5D2800521B000100
(1786378304.395930) can0 38F#122CDB5302000000
(1786378304.396283) can0 38E#002900521B000100
(1786378304.405645) can0 38E#E72A00521B000100
(1786378304.415671) can0 38F#4F2DDB5302000000
(1786378304.416103) can0 38E#BA2B00521B000100
(1786378304.425645) can0 38E#342C00521B000100
(1786378304.435639) can0 38F#A82EDB5302000000
(1786378304.436087) can0 38E#692D00521B000100
(1786378304.445763) can0 38E#8E2E00521B000100
(1786378304.455632) can0 38F#F52FDB5302000000
(1786378304.455973) can0 38E#D32F00521B000100
(1786378304.465783) can0 38E#8F2000521B000100
(1786378304.475543) can0 38F#A920DB5302000000
(1786378304.475890) can0 38E#D22100521B000100
(1786378304.485686) can0 38E#352200521B000100
(1786378304.495697) can0 38F#F421DB5302000000
(1786378304.496113) can0 38E#682300521B000100
(1786378304.505657) can0 38E#E62400521B000100
(1786378304.515764) can0 38F#1322DB5302000000
(1786378304.516290) can0 38E#BB2500521B000100
(1786378304.525732) can0 38E#5C2600521B000100
(1786378304.535661) can0 38F#4E23DB5302000000
(1786378304.536260) can0 38E#012700521B000100
(1786378304.545649) can0 38E#5D2800521B000100
(1786378304.555542) can0 38F#C024DB5302000000
(1786378304.555829) can0 38E#002900521B000100
(1786378304.565697) can0 38E#E72A00521B000100
(1786378304.575745) can0 38F#9D25DB5302000000
(1786378304.576132) can0 38E#BA2B00521B000100
(1786378304.585579) can0 38E#342C00521B000100
(1786378304.595786) can0 38F#7A26DB5302000000
(1786378304.596291) can0 38E#692D00521B000100
(1786378304.605587) can0 38E#8E2E00521B000100
(1786378304.615718) can0 38F#2727DB5302000000
(1786378304.616166) can0 38E#D32F00521B000100
(1786378304.625694) can0 38E#8F2000521B000100
(1786378304.635593) can0 38F#7B28DB5302000000
(1786378304.636027) can0 38E#D22100521B000100
(1786378304.645686) can0 38E#352200521B000100
(1786378304.655604) can0 38F#2629DB5302000000
(1786378304.655912) can0 38E#682300521B000100
(1786378304.665832) can0 38E#E62400521B000100
(1786378304.675582) can0 38F#C12ADB5302000000
(1786378304.675908) can0 38E#BB2500521B000100
(1786378304.685778) can0 38E#5C2600521B000100
(1786378304.695794) can0 38F#9C2BDB5302000000
(1786378304.696280) can0 38E#012700521B000100
(1786378304.705589) can0 38E#5D2800521B000100
(1786378304.715641) can0 38F#122CDB5302000000
(1786378304.716096) can0 38E#002900521B000100
(1786378304.725664) can0 38E#E72A00521B000100
(1786378304.735697) can0 38F#4F2DDB5302000000
(1786378304.736150) can0 38E#BA2B00521B000100
(1786378304.745674) can0 38E#342C00521B000100
(1786378304.755508) can0 38F#A82EDB5302000000
(1786378304.755792) can0 38E#692D00521B000100
(1786378304.765543) can0 38E#8E2E00521B000100
(1786378304.775606) can0 38F#F52FDB5302000000
(1786378304.775831) can0 38E#D32F00521B000100
(1786378304.785585) can0 38E#8F2000521B000100
(1786378304.795673) can0 38F#A920DB5302000000
(1786378304.796017) can0 38E#D22100521B000100
(1786378304.805571) can0 38E#352200521B000100
(1786378304.815619) can0 38F#F421DB5302000000
(1786378304.816082) can0 38E#682300521B000100
(1786378304.825683) can0 38E#E62400521B000100
(1786378304.835753) can0 38F#1322DB5302000000
(1786378304.836250) can0 38E#BB2500521B000100
(1786378304.845648) can0 38E#5C2600521B000100
(1786378304.855557) can0 38F#4E23DB5302000000
(1786378304.855859) can0 38E#012700521B000100
(1786378304.865607) can0 38E#5D2800521B000100
(1786378304.875550) can0 38F#C024DB5302000000
(1786378304.875829) can0 38E#002900521B000100
(1786378304.885651) can0 38E#E72A00521B000100
(1786378304.895590) can0 38F#9D25DB5302000000
(1786378304.895918) can0 38E#BA2B00521B000100
(1786378304.905625) can0 38E#342C00521B000100
(1786378304.915593) can0 38F#7A26DB5302000000
(1786378304.916037) can0 38E#692D00521B000100
(1786378304.925655) can0 38E#8E2E00521B000100
(1786378304.935631) can0 38F#2727DB5302000000
(1786378304.936036) can0 38E#D32F00521B000100
(1786378304.945611) can0 38E#8F2000521B000100
(1786378304.955615) can0 38F#7B28DB5302000000
(1786378304.955968) can0 38E#D22100521B000100
(1786378304.965780) can0 38E#352200521B000100
(1786378304.975539) can0 38F#2629DB5302000000
(1786378304.975805) can0 38E#682300521B000100
(1786378304.985679) can0 38E#E62400521B000100
(1786378304.995699) can0 38F#C12ADB5302000000
(1786378304.996076) can0 38E#BB2500521B000100
(1786378305.005710) can0 38E#E22600511B000100
(1786378305.015705) can0 38F#9C2BDB5302000000
(1786378305.016193) can0 38E#BF2700511B000100
(1786378305.025700) can0 38E#E32800511B000100
(1786378305.035740) can0 38F#122CDB5302000000
(1786378305.036135) can0 38E#BE2900511B000100
(1786378305.045996) can0 38E#332A00501B000100
(1786378305.055649) can0 38F#4F2DDB5302000000
(1786378305.056008) can0 38E#6E2B00501B000100
(1786378305.065750) can0 38E#E02C00501B000100
(1786378305.075596) can0 38F#A82EDB5302000000
(1786378305.075899) can0 38E#2F2D004F1B000100
(1786378305.085644) can0 38E#C82E004F1B000100
(1786378305.096055) can0 38F#F52FDB5302000000
(1786378305.096482) can0 38E#FF2F004E1B000100
(1786378305.105667) can0 38E#A320004E1B000100
(1786378305.115660) can0 38F#A920DB5302000000
(1786378305.116131) can0 38E#FE21004E1B000100
(1786378305.125668) can0 38E#A722004D1B000100
(1786378305.135704) can0 38F#F421DB5302000000
(1786378305.136071) can0 38E#FA23004D1B000100
(1786378305.146095) can0 38E#7424004D1B000100
(1786378305.155612) can0 38F#1322DB5302000000
(1786378305.155968) can0 38E#4325004C1B000100
(1786378305.165657) can0 38E#A426004C1B000100
(1786378305.175591) can0 38F#4E23DB5302000000
(1786378305.175854) can0 38E#F927004C1B000100
(1786378305.185516) can0 38E#A528004C1B000100
(1786378305.195716) can0 38F#C024DB5302000000
(1786378305.196108) can0 38E#F329004B1B000100
(1786378305.205932) can0 38E#142A004B1B000100
(1786378305.215703) can0 38F#9D25DB5302000000
(1786378305.216154) can0 38E#492B004B1B000100
(1786378305.225942) can0 38E#AD2C004A1B000100
(1786378305.235585) can0 38F#7A26DB5302000000
(1786378305.235955) can0 38E#F02D004A1B000100
(1786378305.245700) can0 38E#A92E00491B000100
(1786378305.255714) can0 38F#2727DB5302000000
(1786378305.256052) can0 38E#F42F00491B000100
(1786378305.265739) can0 38E#C22000481B000100
(1786378305.275584) can0 38F#7B28DB5302000000
(1786378305.275892) can0 38E#9F2100481B000100
(1786378305.285615) can0 38E#042200471B000100
(1786378305.295838) can0 38F#2629DB5302000000
(1786378305.296320) can0 38E#592300471B000100
(1786378305.305695) can0 38E#D72400471B000100
(1786378305.315648) can0 38F#C12ADB5302000000
(1786378305.316107) can0 38E#8A2500471B000100
(1786378305.325677) can0 38E#072600461B000100
(1786378305.335751) can0 38F#9C2BDB5302000000
(1786378305.336223) can0 38E#5A2700461B000100
(1786378305.345616) can0 38E#062800461B000100
(1786378305.355588) can0 38F#122CDB5302000000
(1786378305.355938) can0 38E#5B2900461B000100
(1786378305.365731) can0 38E#BC2A00461B000100
(1786378305.375677) can0 38F#4F2DDB5302000000
(1786378305.375994) can0 38E#E12B00461B000100
(1786378305.385578) can0 38E#6F2C00461B000100
(1786378305.395948) can0 38F#A82EDB5302000000
(1786378305.396439) can0 38E#322D00461B000100
(1786378305.405599) can0 38E#D52E00461B000100
(1786378305.415651) can0 38F#F52FDB5302000000
(1786378305.416179) can0 38E#882F00461B000100
(1786378305.425666) can0 38E#D42000461B000100
(1786378305.435645) can0 38F#A920DB5302000000
(1786378305.436157) can0 38E#892100461B000100
(1786378305.445679) can0 38E#6E2200461B000100
(1786378305.455588) can0 38F#F421DB5302000000
(1786378305.455986) can0 38E#332300461B000100
(1786378305.465810) can0 38E#BD2400461B000100
(1786378305.475634) can0 38F#1322DB5302000000
(1786378305.475978) can0 38E#E02500461B000100
(1786378305.485642) can0 38E#072600461B000100
(1786378305.495606) can0 38F#4E23DB5302000000
(1786378305.496035) can0 38E#5A2700461B000100
(1786378305.505590) can0 38E#062800461B000100
(1786378305.515597) can0 38F#C024DB5302000000
(1786378305.516001) can0 38E#5B2900461B000100
(1786378305.525765) can0 38E#BC2A00461B000100
(1786378305.535702) can0 38F#9D25DB5302000000
(1786378305.536136) can0 38E#E12B00461B000100
(1786378305.545748) can0 38E#6F2C00461B000100
(1786378305.555564) can0 38F#7A26DB5302000000
(1786378305.555921) can0 38E#322D00461B000100
(1786378305.565697) can0 38E#D52E00461B000100
(1786378305.575634) can0 38F#2727DB5302000000
(1786378305.575949) can0 38E#882F00461B000100
(1786378305.585577) can0 38E#D42000461B000100
(1786378305.595598) can0 38F#7B28DB5302000000
(1786378305.595974) can0 38E#892100461B000100
(1786378305.605578) can0 38E#6E2200461B000100
(1786378305.615555) can0 38F#2629DB5302000000
(1786378305.615885) can0 38E#332300461B000100
(1786378305.625540) can0 38E#BD2400461B000100
(1786378305.635609) can0 38F#C12ADB5302000000
(1786378305.636051) can0 38E#E02500461B000100
(1786378305.645588) can0 38E#072600461B000100
(1786378305.655595) can0 38F#9C2BDB5302000000
(1786378305.655876) can0 38E#5A2700461B000100
(1786378305.665664) can0 38E#062800461B000100
(1786378305.675525) can0 38F#122CDB5302000000
(1786378305.675921) can0 38E#5B2900461B000100
(1786378305.685971) can0 38E#BC2A00461B000100
(1786378305.695665) can0 38F#4F2DDB5302000000
(1786378305.696091) can0 38E#E12B00461B000100
(1786378305.705556) can0 38E#6F2C00461B000100
(1786378305.715492) can0 38F#A82EDB5302000000
(1786378305.715847) can0 38E#322D00461B000100
(1786378305.725616) can0 38E#D52E00461B000100
(1786378305.735544) can0 38F#F52FDB5302000000
(1786378305.735895) can0 38E#882F00461B000100
(1786378305.745553) can0 38E#D42000461B000100
(1786378305.755570) can0 38F#A920DB5302000000
(1786378305.755992) can0 38E#892100461B000100
(1786378305.765544) can0 38E#6E2200461B000100
(1786378305.775530) can0 38F#F421DB5302000000
(1786378305.775766) can0 38E#332300461B000100
(1786378305.785567) can0 38E#BD2400461B000100
(1786378305.795560) can0 38F#1322DB5302000000
(1786378305.795905) can0 38E#8A2500471B000100
(1786378305.805579) can0 38E#7B2600491B000100
(1786378305.815576) can0 38F#4E23DB5302000000
(1786378305.815854) can0 38E#9827004A1B000100
(1786378305.825934) can0 38E#C428004A1B000100
(1786378305.835499) can0 38F#C024DB5302000000
(1786378305.835775) can0 38E#9929004A1B000100
(1786378305.845590) can0 38E#142A004B1B000100
(1786378305.855595) can0 38F#9D25DB5302000000
(1786378305.855831) can0 38E#422B004C1B000100
(1786378305.865928) can0 38E#A62C004D1B000100
(1786378305.875578) can0 38F#7A26DB5302000000
(1786378305.875834) can0 38E#2F2D004F1B000100
(1786378305.885540) can0 38E#302E00511B000100
(1786378305.895902) can0 38F#2727DB5302000000
(1786378305.896178) can0 38E#D32F00521B000100
(1786378305.905986) can0 38E#E52000531B000100
(1786378305.915607) can0 38F#7B28DB5302000000
(1786378305.915901) can0 38E#672100561B000100
(1786378305.925573) can0 38E#EA2200571B000100
(1786378305.935594) can0 38F#2629DB5302000000
(1786378305.935889) can0 38E#A12300591B000100
(1786378305.945775) can0 38E#F024005C1B000100
(1786378305.955703) can0 38F#C12ADB5302000000
(1786378305.956019) can0 38E#1325005F1B000100
(1786378305.965995) can0 38E#CD2600611B000100
(1786378305.975652) can0 38F#9C2BDB5302000000
(1786378305.976054) can0 38E#4F2700641B000100
(1786378305.985589) can0 38E#C72800661B000100
(1786378305.995548) can0 38F#122CDB5302000000
(1786378305.995836) can0 38E#F02900671B000100
(1786378306.005896) can0 38E#6B2A00681B000100
(1786378306.015584) can0 38F#4F2DDB5302000000
(1786378306.015943) can0 38E#E22B006A1B000100
(1786378306.025623) can0 38E#672C006D1B000100
(1786378306.035608) can0 38F#A82EDB5302000000
(1786378306.035880) can0 38E#842D006E1B000100
(1786378306.045565) can0 38E#9B2E00701B000100
(1786378306.055547) can0 38F#F52FDB5302000000
(1786378306.055846) can0 38E#AC2F00711B000100
(1786378306.065907) can0 38E#242000731B000100
(1786378306.075619) can0 38F#A920DB5302000000
(1786378306.075881) can0 38E#722100741B000100
(1786378306.085924) can0 38E#FF2200751B000100
(1786378306.095551) can0 38F#F421DB5302000000
(1786378306.095773) can0 38E#762300771B000100
(1786378306.105554) can0 38E#EE2400791B000100
(1786378306.115846) can0 38F#1322DB5302000000
(1786378306.116122) can0 38E#6725007B1B000100
(1786378306.125573) can0 38E#8B26007C1B000100
(1786378306.135604) can0 38F#4E23DB5302000000
(1786378306.135956) can0 38E#6827007F1B000100
(1786378306.145570) can0 38E#B12800811B000100
(1786378306.155548) can0 38F#C024DB5302000000
(1786378306.155778) can0 38E#382900831B000100
(1786378306.165547) can0 38E#002A00861B000100
(1786378306.175707) can0 38F#9D25DB5302000000
(1786378306.176119) can0 38E#212B00891B000100
(1786378306.185590) can0 38E#702C008C1B000100
(1786378306.195503) can0 38F#7A26DB5302000000
(1786378306.195687) can0 38E#012D00901B000100
(1786378306.205576) can0 38E#582E00931B000100
(1786378306.215583) can0 38F#2727DB5302000000
(1786378306.215805) can0 38E#DA2F00961B000100
(1786378306.225516) can0 38E#2E20009B1B000100
(1786378306.235568) can0 38F#7B28DB5302000000
(1786378306.235861) can0 38E#C621009F1B000100
(1786378306.245907) can0 38E#C72200A41B000100
(1786378306.255912) can0 38F#2629DB5302000000
(1786378306.256169) can0 38E#582300A81B000100
(1786378306.265468) can0 38E#092400AD1B000100
(1786378306.275473) can0 38F#C12ADB5302000000
(1786378306.275744) can0 38E#AC2500B31B000100
(1786378306.285540) can0 38E#822600B81B000100
(1786378306.295888) can0 38F#9C2BDB5302000000
(1786378306.296135) can0 38E#BE2700BE1B000100
(1786378306.305548) can0 38E#9B2800C51B000100
(1786378306.315543) can0 38F#122CDB5302000000
(1786378306.315778) can0 38E#D02900CB1B000100
(1786378306.325892) can0 38E#E82A00CE1B000100
(1786378306.336158) can0 38F#4F2DDB5302000000
(1786378306.336509) can0 38E#272B00D11B000100
(1786378306.345537) can0 38E#762C00D41B000100
(1786378306.355518) can0 38F#A82EDB5302000000
(1786378306.355769) can0 38E#412D00D51B000100
(1786378306.365514) can0 38E#722E00D71B000100
(1786378306.375503) can0 38F#F52FDB5302000000
(1786378306.375710) can0 38E#452F00D61B000100
(1786378306.385825) can0 38E#CD2000D41B000100
(1786378306.395537) can0 38F#A920DB5302000000
(1786378306.395726) can0 38E#9B2100D31B000100
(1786378306.405508) can0 38E#7C2200D31B000100
(1786378306.415528) can0 38F#F421DB5302000000
(1786378306.415801) can0 38E#212300D31B000100
(1786378306.425589) can0 38E#AF2400D31B000100
(1786378306.435578) can0 38F#1322DB5302000000
(1786378306.435962) can0 38E#982500D21B000100
(1786378306.445590) can0 38E#7F2600D21B000100
(1786378306.455568) can0 38F#4E23DB5302000000
(1786378306.455798) can0 38E#9C2700D11B000100
(1786378306.465548) can0 38E#C02800D11B000100
(1786378306.475508) can0 38F#C024DB5302000000
(1786378306.475890) can0 38E#9D2900D11B000100
(1786378306.485543) can0 38E#7A2A00D11B000100
(1786378306.495828) can0 38F#9D25DB5302000000
(1786378306.496103) can0 38E#272B00D11B000100
(1786378306.505553) can0 38E#A92C00D11B000100
(1786378306.515604) can0 38F#7A26DB5302000000
(1786378306.515932) can0 38E#F42D00D11B000100
(1786378306.525560) can0 38E#132E00D11B000100
(1786378306.535500) can0 38F#2727DB5302000000
(1786378306.535755) can0 38E#4E2F00D11B000100
(1786378306.545566) can0 38E#122000D11B000100
(1786378306.555511) can0 38F#7B28DB5302000000
(1786378306.555775) can0 38E#4F2100D11B000100
(1786378306.565498) can0 38E#A82200D11B000100
(1786378306.575516) can0 38F#2629DB5302000000
(1786378306.575752) can0 38E#F52300D11B000100
(1786378306.585464) can0 38E#7B2400D11B000100
(1786378306.595503) can0 38F#C12ADB5302000000
(1786378306.595820) can0 38E#982500D21B000100
(1786378306.605583) can0 38E#7F2600D21B000100
(1786378306.615504) can0 38F#9C2BDB5302000000
(1786378306.615754) can0 38E#222700D21B000100
(1786378306.625509) can0 38E#7E2800D21B000100
(1786378306.635576) can0 38F#122CDB5302000000
(1786378306.635941) can0 38E#232900D21B000100
(1786378306.645566) can0 38E#C42A00D21B000100
(1786378306.655478) can0 38F#4F2DDB5302000000
(1786378306.655680) can0 38E#992B00D21B000100
(1786378306.665521) can0 38E#172C00D21B000100
(1786378306.675540) can0 38F#A82EDB5302000000
(1786378306.675770) can0 38E#4A2D00D21B000100
(1786378306.685559) can0 38E#AD2E00D21B000100
(1786378306.695442) can0 38F#F52FDB5302000000
(1786378306.695643) can0 38E#F02F00D21B000100
(1786378306.705533) can0 38E#AC2000D21B000100
(1786378306.715497) can0 38F#A920DB5302000000
(1786378306.715742) can0 38E#F12100D21B000100
(1786378306.725527) can0 38E#162200D21B000100
(1786378306.735616) can0 38F#F421DB5302000000
(1786378306.735919) can0 38E#4B2300D21B000100
(1786378306.745531) can0 38E#C52400D21B000100
(1786378306.755506) can0 38F#1322DB5302000000
(1786378306.755730) can0 38E#982500D21B000100
(1786378306.765557) can0 38E#7F2600D21B000100
(1786378306.775563) can0 38F#4E23DB5302000000
(1786378306.775840) can0 38E#222700D21B000100
(1786378306.785492) can0 38E#7E2800D21B000100
(1786378306.795582) can0 38F#C024DB5302000000
(1786378306.795925) can0 38E#232900D21B000100
(1786378306.805554) can0 38E#C42A00D21B000100
(1786378306.815552) can0 38F#9D25DB5302000000
(1786378306.815875) can0 38E#992B00D21B000100
(1786378306.825599) can0 38E#172C00D21B000100
(1786378306.835530) can0 38F#7A26DB5302000000
(1786378306.835829) can0 38E#4A2D00D21B000100
(1786378306.845611) can0 38E#AD2E00D21B000100
(1786378306.855608) can0 38F#2727DB5302000000
(1786378306.856021) can0 38E#F02F00D21B000100
(1786378306.865572) can0 38E#C62000D31B000100
(1786378306.875528) can0 38F#7B28DB5302000000
(1786378306.875839) can0 38E#FA2100D51B000100
(1786378306.885580) can0 38E#A32200D61B000100
(1786378306.895885) can0 38F#2629DB5302000000
(1786378306.896212) can0 38E#E82300D81B000100
(1786378306.905523) can0 38E#662400D81B000100
(1786378306.915565) can0 38F#C12ADB5302000000
(1786378306.915831) can0 38E#3B2500D81B000100
(1786378306.925888) can0 38E#B62600D91B000100
(1786378306.935631) can0 38F#9C2BDB5302000000
(1786378306.936003) can0 38E#812700D81B000100
(1786378306.945909) can0 38E#A12800D71B000100
(1786378306.955502) can0 38F#122CDB5302000000
(1786378306.955850) can0 38E#FC2900D71B000100
(1786378306.965565) can0 38E#1B2A00D71B000100
(1786378306.975907) can0 38F#4F2DDB5302000000
(1786378306.976229) can0 38E#2C2B00D61B000100
(1786378306.985598) can0 38E#1C2C00D51B000100
(1786378306.995696) can0 38F#A82EDB5302000000
(1786378306.996223) can0 38E#2B2D00D41B000100
(1786378307.005605) can0 38E#722E00D71B000100
(1786378307.015627) can0 38F#F52FDB5302000000
(1786378307.016042) can0 38E#872F00DA1B000100
(1786378307.025632) can0 38E#DB2000DA1B000100
(1786378307.035598) can0 38F#A920DB5302000000
(1786378307.036074) can0 38E#862100DA1B000100
(1786378307.045629) can0 38E#0B2200DB1B000100
(1786378307.055549) can0 38F#F421DB5302000000
(1786378307.055832) can0 38E#822300D91B000100
(1786378307.065572) can0 38E#662400D81B000100
(1786378307.075527) can0 38F#1322DB5302000000
(1786378307.075767) can0 38E#3B2500D81B000100
(1786378307.085506) can0 38E#DC2600D81B000100
(1786378307.095665) can0 38F#4E23DB5302000000
(1786378307.096066) can0 38E#FD2700D71B000100
(1786378307.105593) can0 38E#A12800D71B000100
(1786378307.115547) can0 38F#C024DB5302000000
(1786378307.115846) can0 38E#962900D61B000100
(1786378307.125546) can0 38E#712A00D61B000100
(1786378307.135477) can0 38F#9D25DB5302000000
(1786378307.135817) can0 38E#2C2B00D61B000100
(1786378307.145548) can0 38E#A22C00D61B000100
(1786378307.155566) can0 38F#7A26DB5302000000
(1786378307.155810) can0 38E#FF2D00D61B000100
(1786378307.165591) can0 38E#182E00D61B000100
(1786378307.175515) can0 38F#2727DB5302000000
(1786378307.175795) can0 38E#452F00D61B000100
(1786378307.185494) can0 38E#192000D61B000100
(1786378307.195568) can0 38F#7B28DB5302000000
(1786378307.195854) can0 38E#442100D61B000100
(1786378307.205551) can0 38E#A32200D61B000100
(1786378307.215522) can0 38F#2629DB5302000000
(1786378307.215903) can0 38E#FE2300D61B000100
(1786378307.225541) can0 38E#702400D61B000100
(1786378307.235538) can0 38F#C12ADB5302000000
(1786378307.236016) can0 38E#2D2500D61B000100
(1786378307.245592) can0 38E#CA2600D61B000100
(1786378307.255564) can0 38F#9C2BDB5302000000
(1786378307.255831) can0 38E#972700D61B000100
(1786378307.265607) can0 38E#CB2800D61B000100
(1786378307.275536) can0 38F#122CDB5302000000
(1786378307.275839) can0 38E#962900D61B000100
(1786378307.285582) can0 38E#712A00D61B000100
(1786378307.295631) can0 38F#4F2DDB5302000000
(1786378307.295992) can0 38E#2C2B00D61B000100
(1786378307.305515) can0 38E#A22C00D61B000100
(1786378307.315541) can0 38F#A82EDB5302000000
(1786378307.315925) can0 38E#FF2D00D61B000100
(1786378307.325559) can0 38E#182E00D61B000100
(1786378307.335493) can0 38F#F52FDB5302000000
(1786378307.335913) can0 38E#452F00D61B000100
(1786378307.345540) can0 38E#192000D61B000100
(1786378307.355597) can0 38F#A920DB5302000000
(1786378307.355929) can0 38E#442100D61B000100
(1786378307.365626) can0 38E#A32200D61B000100
(1786378307.375562) can0 38F#F421DB5302000000
(1786378307.375825) can0 38E#FE2300D61B000100
(1786378307.385574) can0 38E#702400D61B000100
(1786378307.395563) can0 38F#1322DB5302000000
(1786378307.395868) can0 38E#2D2500D61B000100
(1786378307.405567) can0 38E#CA2600D61B000100
(1786378307.415538) can0 38F#4E23DB5302000000
(1786378307.415911) can0 38E#972700D61B000100
(1786378307.425551) can0 38E#CB2800D61B000100
(1786378307.435532) can0 38F#C024DB5302000000
(1786378307.435965) can0 38E#962900D61B000100
(1786378307.445568) can0 38E#712A00D61B000100
(1786378307.455509) can0 38F#9D25DB5302000000
(1786378307.455795) can0 38E#2C2B00D61B000100
(1786378307.465476) can0 38E#1C2C00D51B000100
(1786378307.475505) can0 38F#7A26DB5302000000
(1786378307.475734) can0 38E#412D00D51B000100
(1786378307.485546) can0 38E#A62E00D51B000100
(1786378307.495579) can0 38F#2727DB5302000000
(1786378307.495941) can0 38E#FB2F00D51B000100
(1786378307.505546) can0 38E#CD2000D41B000100
(1786378307.515555) can0 38F#7B28DB5302000000
(1786378307.516030) can0 38E#902100D41B000100
(1786378307.525604) can0 38E#772200D41B000100
(1786378307.535529) can0 38F#2629DB5302000000
(1786378307.535801) can0 38E#2A2300D41B000100
(1786378307.545525) can0 38E#A42400D41B000100
(1786378307.555453) can0 38F#C12ADB5302000000
(1786378307.555719) can0 38E#F92500D41B000100
(1786378307.565549) can0 38E#1E2600D41B000100
(1786378307.575605) can0 38F#9C2BDB5302000000
(1786378307.575958) can0 38E#432700D41B000100
(1786378307.585630) can0 38E#1F2800D41B000100
(1786378307.595511) can0 38F#122CDB5302000000
(1786378307.595846) can0 38E#422900D41B000100
(1786378307.605524) can0 38E#A52A00D41B000100
(1786378307.615576) can0 38F#4F2DDB5302000000
(1786378307.615902) can0 38E#F82B00D41B000100
(1786378307.625627) can0 38E#762C00D41B000100
(1786378307.635517) can0 38F#A82EDB5302000000
(1786378307.635869) can0 38E#412D00D51B000100
(1786378307.645567) can0 38E#A62E00D51B000100
(1786378307.655492) can0 38F#F52FDB5302000000
(1786378307.655829) can0 38E#FB2F00D51B000100
(1786378307.665506) can0 38E#CD2000D41B000100
(1786378307.675494) can0 38F#A920DB5302000000
(1786378307.675777) can0 38E#902100D41B000100
(1786378307.685535) can0 38E#772200D41B000100
(1786378307.695494) can0 38F#F421DB5302000000
(1786378307.695752) can0 38E#2A2300D41B000100
(1786378307.705521) can0 38E#A42400D41B000100
(1786378307.715534) can0 38F#1322DB5302000000
(1786378307.715935) can0 38E#F92500D41B000100
(1786378307.725655) can0 38E#1E2600D41B000100
(1786378307.735581) can0 38F#4E23DB5302000000
(1786378307.735918) can0 38E#432700D41B000100
(1786378307.745593) can0 38E#1F2800D41B000100
(1786378307.755481) can0 38F#C024DB5302000000
(1786378307.755807) can0 38E#422900D41B000100
(1786378307.765499) can0 38E#A52A00D41B000100
(1786378307.775469) can0 38F#9D25DB5302000000
(1786378307.775725) can0 38E#F82B00D41B000100
(1786378307.785584) can0 38E#762C00D41B000100
(1786378307.795556) can0 38F#7A26DB5302000000
(1786378307.795876) can0 38E#2B2D00D41B000100
(1786378307.805562) can0 38E#CC2E00D41B000100
(1786378307.815590) can0 38F#2727DB5302000000
(1786378307.816017) can0 38E#912F00D41B000100
(1786378307.825581) can0 38E#CD2000D41B000100
(1786378307.835554) can0 38F#7B28DB5302000000
(1786378307.835811) can0 38E#902100D41B000100
(1786378307.845558) can0 38E#772200D41B000100
(1786378307.855504) can0 38F#2629DB5302000000
(1786378307.855799) can0 38E#2A2300D41B000100
(1786378307.865565) can0 38E#A42400D41B000100
(1786378307.875502) can0 38F#C12ADB5302000000
(1786378307.875765) can0 38E#F92500D41B000100
(1786378307.885615) can0 38E#1E2600D41B000100
(1786378307.895579) can0 38F#9C2BDB5302000000
(1786378307.895965) can0 38E#432700D41B000100
(1786378307.905534) can0 38E#1F2800D41B000100
(1786378307.915497) can0 38F#122CDB5302000000
(1786378307.915783) can0 38E#422900D41B000100
(1786378307.925495) can0 38E#A52A00D41B000100
(1786378307.935534) can0 38F#4F2DDB5302000000
(1786378307.935841) can0 38E#F82B00D41B000100
(1786378307.945554) can0 38E#762C00D41B000100
(1786378307.955494) can0 38F#A82EDB5302000000
(1786378307.955799) can0 38E#2B2D00D41B000100
(1786378307.965570) can0 38E#CC2E00D41B000100
(1786378307.975510) can0 38F#F52FDB5302000000
(1786378307.975739) can0 38E#912F00D41B000100
(1786378307.985430) can0 38E#CD2000D41B000100
(1786378307.995495) can0 38F#A920DB5302000000
(1786378307.995763) can0 38E#FA2100D51B000100
(1786378308.005492) can0 38E#772200D41B000100
(1786378308.015487) can0 38F#F421DB5302000000
(1786378308.015764) can0 38E#2A2300D41B000100
(1786378308.025562) can0 38E#A42400D41B000100
(1786378308.035567) can0 38F#1322DB5302000000
(1786378308.035930) can0 38E#F92500D41B000100
(1786378308.045583) can0 38E#1E2600D41B000100
(1786378308.055599) can0 38F#4E23DB5302000000
(1786378308.055909) can0 38E#432700D41B000100
(1786378308.065527) can0 38E#1F2800D41B000100
(1786378308.075462) can0 38F#C024DB5302000000
(1786378308.075781) can0 38E#422900D41B000100
(1786378308.085545) can0 38E#A52A00D41B000100
(1786378308.095596) can0 38F#9D25DB5302000000
(1786378308.095940) can0 38E#F82B00D41B000100
(1786378308.105528) can0 38E#1C2C00D51B000100
(1786378308.115531) can0 38F#7A26DB5302000000
(1786378308.115828) can0 38E#2B2D00D41B000100
(1786378308.125529) can0 38E#CC2E00D41B000100
(1786378308.135472) can0 38F#2727DB5302000000
(1786378308.135770) can0 38E#912F00D41B000100
(1786378308.145615) can0 38E#CD2000D41B000100
(1786378308.155512) can0 38F#7B28DB5302000000
(1786378308.155837) can0 38E#902100D41B000100
(1786378308.165562) can0 38E#772200D41B000100
(1786378308.175517) can0 38F#2629DB5302000000
(1786378308.175793) can0 38E#2A2300D41B000100
(1786378308.185532) can0 38E#A42400D41B000100
(1786378308.195516) can0 38F#C12ADB5302000000
(1786378308.195925) can0 38E#932500D51B000100
(1786378308.205514) can0 38E#1E2600D41B000100
(1786378308.215580) can0 38F#9C2BDB5302000000
(1786378308.215884) can0 38E#432700D41B000100
(1786378308.225528) can0 38E#1F2800D41B000100
(1786378308.235483) can0 38F#122CDB5302000000
(1786378308.235816) can0 38E#422900D41B000100
(1786378308.245493) can0 38E#A52A00D41B000100
(1786378308.255516) can0 38F#4F2DDB5302000000
(1786378308.255804) can0 38E#F82B00D41B000100
(1786378308.265656) can0 38E#762C00D41B000100
(1786378308.275546) can0 38F#A82EDB5302000000
(1786378308.275859) can0 38E#2B2D00D41B000100
(1786378308.285557) can0 38E#CC2E00D41B000100
(1786378308.295731) can0 38F#F52FDB5302000000
(1786378308.296170) can0 38E#912F00D41B000100
(1786378308.305548) can0 38E#CD2000D41B000100
(1786378308.315520) can0 38F#A920DB5302000000
(1786378308.315882) can0 38E#902100D41B000100
(1786378308.325534) can0 38E#772200D41B000100
(1786378308.335602) can0 38F#F421DB5302000000
(1786378308.336054) can0 38E#2A2300D41B000100
(1786378308.345487) can0 38E#A42400D41B000100
(1786378308.355522) can0 38F#1322DB5302000000
(1786378308.355794) can0 38E#F92500D41B000100
(1786378308.365548) can0 38E#1E2600D41B000100
(1786378308.375498) can0 38F#4E23DB5302000000
(1786378308.375731) can0 38E#432700D41B000100
(1786378308.385520) can0 38E#1F2800D41B000100
(1786378308.395513) can0 38F#C024DB5302000000
(1786378308.395785) can0 38E#422900D41B000100
(1786378308.405536) can0 38E#A52A00D41B000100
(1786378308.415454) can0 38F#9D25DB5302000000
(1786378308.415674) can0 38E#F82B00D41B000100
(1786378308.425470) can0 38E#762C00D41B000100
(1786378308.435504) can0 38F#7A26DB5302000000
(1786378308.435753) can0 38E#2B2D00D41B000100
(1786378308.445531) can0 38E#CC2E00D41B000100
(1786378308.455499) can0 38F#2727DB5302000000
(1786378308.455728) can0 38E#912F00D41B000100
(1786378308.465433) can0 38E#CD2000D41B000100
(1786378308.475528) can0 38F#7B28DB5302000000
(1786378308.475778) can0 38E#902100D41B000100
(1786378308.485612) can0 38E#772200D41B000100
(1786378308.495569) can0 38F#2629DB5302000000
(1786378308.495915) can0 38E#2A2300D41B000100
(1786378308.505465) can0 38E#A42400D41B000100
(1786378308.515454) can0 38F#C12ADB5302000000
(1786378308.515744) can0 38E#F92500D41B000100
(1786378308.525544) can0 38E#1E2600D41B000100
(1786378308.535549) can0 38F#9C2BDB5302000000
(1786378308.535808) can0 38E#432700D41B000100
(1786378308.545473) can0 38E#1F2800D41B000100
(1786378308.555554) can0 38F#122CDB5302000000
(1786378308.555833) can0 38E#422900D41B000100
(1786378308.565425) can0 38E#A52A00D41B000100
(1786378308.575581) can0 38F#4F2DDB5302000000
(1786378308.575857) can0 38E#F82B00D41B000100
(1786378308.585558) can0 38E#762C00D41B000100
(1786378308.595540) can0 38F#A82EDB5302000000
(1786378308.595896) can0 38E#2B2D00D41B000100
(1786378308.605575) can0 38E#CC2E00D41B000100
(1786378308.615570) can0 38F#F52FDB5302000000
(1786378308.615924) can0 38E#912F00D41B000100
(1786378308.625552) can0 38E#CD2000D41B000100
(1786378308.635518) can0 38F#A920DB5302000000
(1786378308.635918) can0 38E#902100D41B000100
(1786378308.645677) can0 38E#772200D41B000100
(1786378308.655485) can0 38F#F421DB5302000000
(1786378308.655758) can0 38E#2A2300D41B000100
(1786378308.665548) can0 38E#A42400D41B000100
(1786378308.675421) can0 38F#1322DB5302000000
(1786378308.675704) can0 38E#F92500D41B000100
(1786378308.685496) can0 38E#1E2600D41B000100
(1786378308.695537) can0 38F#4E23DB5302000000
(1786378308.695783) can0 38E#432700D41B000100
(1786378308.705502) can0 38E#1F2800D41B000100
(1786378308.715539) can0 38F#C024DB5302000000
(1786378308.715985) can0 38E#422900D41B000100
(1786378308.725574) can0 38E#A52A00D41B000100
(1786378308.735477) can0 38F#9D25DB5302000000
(1786378308.735802) can0 38E#F82B00D41B000100
(1786378308.745490) can0 38E#762C00D41B000100
(1786378308.755505) can0 38F#7A26DB5302000000
(1786378308.755857) can0 38E#2B2D00D41B000100
(1786378308.765672) can0 38E#CC2E00D41B000100
(1786378308.775480) can0 38F#2727DB5302000000
(1786378308.775790) can0 38E#912F00D41B000100
(1786378308.785539) can0 38E#CD2000D41B000100
(1786378308.795566) can0 38F#7B28DB5302000000
(1786378308.795836) can0 38E#902100D41B000100
(1786378308.805520) can0 38E#7C2200D31B000100
(1786378308.815482) can0 38F#2629DB5302000000
(1786378308.815679) can0 38E#212300D31B000100
(1786378308.825565) can0 38E#AF2400D31B000100
(1786378308.835637) can0 38F#C12ADB5302000000
(1786378308.836213) can0 38E#F22500D31B000100
(1786378308.845559) can0 38E#152600D31B000100
(1786378308.855484) can0 38F#9C2BDB5302000000
(1786378308.855781) can0 38E#482700D31B000100
(1786378308.865510) can0 38E#142800D31B000100
(1786378308.875557) can0 38F#122CDB5302000000
(1786378308.875869) can0 38E#492900D31B000100
(1786378308.885519) can0 38E#AE2A00D31B000100
(1786378308.895558) can0 38F#4F2DDB5302000000
(1786378308.895914) can0 38E#F32B00D31B000100
(1786378308.905513) can0 38E#7D2C00D31B000100
(1786378308.915670) can0 38F#A82EDB5302000000
(1786378308.916135) can0 38E#202D00D31B000100
(1786378308.925514) can0 38E#C72E00D31B000100
(1786378308.935468) can0 38F#F52FDB5302000000
(1786378308.935801) can0 38E#9A2F00D31B000100
(1786378308.945486) can0 38E#C62000D31B000100
(1786378308.955515) can0 38F#A920DB5302000000
(1786378308.955855) can0 38E#9B2100D31B000100
(1786378308.965557) can0 38E#7C2200D31B000100
(1786378308.975569) can0 38F#F421DB5302000000
(1786378308.975948) can0 38E#212300D31B000100
(1786378308.985544) can0 38E#AF2400D31B000100
(1786378308.995496) can0 38F#1322DB5302000000
(1786378308.995848) can0 38E#982500D21B000100
(1786378309.005547) can0 38E#7F2600D21B000100
(1786378309.015639) can0 38F#4E23DB5302000000
(1786378309.016081) can0 38E#222700D21B000100
(1786378309.025591) can0 38E#7E2800D21B000100
(1786378309.035619) can0 38F#C024DB5302000000
(1786378309.036039) can0 38E#9D2900D11B000100
(1786378309.045561) can0 38E#7A2A00D11B000100
(1786378309.055483) can0 38F#9D25DB5302000000
(1786378309.055762) can0 38E#4D2B00D01B000100
(1786378309.065530) can0 38E#C32C00D01B000100
(1786378309.075539) can0 38F#7A26DB5302000000
(1786378309.075812) can0 38E#9E2D00D01B000100
(1786378309.085502) can0 38E#792E00D01B000100
(1786378309.095485) can0 38F#2727DB5302000000
(1786378309.095706) can0 38E#242F00D01B000100
(1786378309.105446) can0 38E#782000D01B000100
(1786378309.115538) can0 38F#7B28DB5302000000
(1786378309.116011) can0 38E#252100D01B000100
(1786378309.125561) can0 38E#C22200D01B000100
(1786378309.135544) can0 38F#2629DB5302000000
(1786378309.135951) can0 38E#9F2300D01B000100
(1786378309.145503) can0 38E#832400CF1B000100
(1786378309.155458) can0 38F#C12ADB5302000000
(1786378309.155687) can0 38E#DE2500CF1B000100
(1786378309.165626) can0 38E#392600CF1B000100
(1786378309.175522) can0 38F#9C2BDB5302000000
(1786378309.175843) can0 38E#642700CF1B000100
(1786378309.185500) can0 38E#382800CF1B000100
(1786378309.195503) can0 38F#122CDB5302000000
(1786378309.195807) can0 38E#652900CF1B000100
(1786378309.205493) can0 38E#822A00CF1B000100
(1786378309.215428) can0 38F#4F2DDB5302000000
(1786378309.215691) can0 38E#DF2B00CF1B000100
(1786378309.225566) can0 38E#512C00CF1B000100
(1786378309.235559) can0 38F#A82EDB5302000000
(1786378309.235950) can0 38E#0C2D00CF1B000100
(1786378309.245606) can0 38E#EB2E00CF1B000100
(1786378309.255545) can0 38F#F52FDB5302000000
(1786378309.255862) can0 38E#B62F00CF1B000100
(1786378309.265562) can0 38E#EA2000CF1B000100
(1786378309.275462) can0 38F#A920DB5302000000
(1786378309.275835) can0 38E#B72100CF1B000100
(1786378309.285546) can0 38E#502200CF1B000100
(1786378309.295490) can0 38F#F421DB5302000000
(1786378309.295816) can0 38E#0D2300CF1B000100
(1786378309.305638) can0 38E#832400CF1B000100
(1786378309.315392) can0 38F#1322DB5302000000
(1786378309.315662) can0 38E#DE2500CF1B000100
(1786378309.325468) can0 38E#392600CF1B000100
(1786378309.335537) can0 38F#4E23DB5302000000
(1786378309.335910) can0 38E#642700CF1B000100
(1786378309.346018) can0 38E#382800CF1B000100
(1786378309.355574) can0 38F#C024DB5302000000
(1786378309.355900) can0 38E#0F2900CE1B000100
(1786378309.365477) can0 38E#E82A00CE1B000100
(1786378309.375506) can0 38F#9D25DB5302000000
(1786378309.375825) can0 38E#0B2B00CD1B000100
(1786378309.385511) can0 38E#EF2C00CC1B000100
(1786378309.395785) can0 38F#7A26DB5302000000
(1786378309.396055) can0 38E#B22D00CC1B000100
(1786378309.405510) can0 38E#5E2E00CB1B000100
(1786378309.415522) can0 38F#2727DB5302000000
(1786378309.415841) can0 38E#032F00CB1B000100
(1786378309.425455) can0 38E#5F2000CB1B000100
(1786378309.435443) can0 38F#7B28DB5302000000
(1786378309.435785) can0 38E#022100CB1B000100
(1786378309.445509) can0 38E#E52200CB1B000100
(1786378309.455488) can0 38F#2629DB5302000000
(1786378309.455763) can0 38E#B82300CB1B000100
(1786378309.465495) can0 38E#362400CB1B000100
(1786378309.475501) can0 38F#C12ADB5302000000
(1786378309.475707) can0 38E#6B2500CB1B000100
(1786378309.485427) can0 38E#8C2600CB1B000100
(1786378309.495455) can0 38F#9C2BDB5302000000
(1786378309.495731) can0 38E#D12700CB1B000100
(1786378309.505515) can0 38E#8D2800CB1B000100
(1786378309.515455) can0 38F#122CDB5302000000
(1786378309.515721) can0 38E#D02900CB1B000100
(1786378309.525538) can0 38E#5D2A00CA1B000100
(1786378309.535470) can0 38F#4F2DDB5302000000
(1786378309.535771) can0 38E#002B00CA1B000100
(1786378309.545499) can0 38E#8E2C00CA1B000100
(1786378309.555515) can0 38F#A82EDB5302000000
(1786378309.555762) can0 38E#D32D00CA1B000100
(1786378309.565467) can0 38E#342E00CA1B000100
(1786378309.575480) can0 38F#F52FDB5302000000
(1786378309.575720) can0 38E#D72F00C91B000100
(1786378309.585498) can0 38E#E12000C81B000100
(1786378309.595502) can0 38F#A920DB5302000000
(1786378309.595724) can0 38E#AA2100C61B000100
(1786378309.605499) can0 38E#992200C41B000100
(1786378309.615504) can0 38F#F421DB5302000000
(1786378309.615737) can0 38E#1B2300C11B000100
(1786378309.625541) can0 38E#592400BE1B000100
(1786378309.635477) can0 38F#1322DB5302000000
(1786378309.635798) can0 38E#D02500BC1B000100
(1786378309.645564) can0 38E#562600BA1B000100
(1786378309.655501) can0 38F#4E23DB5302000000
(1786378309.655778) can0 38E#B52700B91B000100
(1786378309.665517) can0 38E#832800B81B000100
(1786378309.675485) can0 38F#C024DB5302000000
(1786378309.675727) can0 38E#A22900B71B000100
(1786378309.685516) can0 38E#912A00B51B000100
(1786378309.695834) can0 38F#9D25DB5302000000
(1786378309.696089) can0 38E#A62B00B41B000100
(1786378309.705454) can0 38E#492C00B21B000100
(1786378309.715441) can0 38F#7A26DB5302000000
(1786378309.715795) can0 38E#C02D00B01B000100
(1786378309.725499) can0 38E#DF2E00AE1B000100
(1786378309.735517) can0 38F#2727DB5302000000
(1786378309.735757) can0 38E#562F00AC1B000100
(1786378309.745502) can0 38E#012000AB1B000100
(1786378309.755445) can0 38F#7B28DB5302000000
(1786378309.755681) can0 38E#882100A91B000100
(1786378309.765533) can0 38E#052200A81B000100
(1786378309.775805) can0 38F#2629DB5302000000
(1786378309.776133) can0 38E#242300A71B000100
(1786378309.785526) can0 38E#AA2400A71B000100
(1786378309.795448) can0 38F#C12ADB5302000000
(1786378309.795641) can0 38E#9D2500A61B000100
(1786378309.805447) can0 38E#7A2600A61B000100
(1786378309.815460) can0 38F#9C2BDB5302000000
(1786378309.815703) can0 38E#992700A51B000100
(1786378309.825482) can0 38E#AF2800A41B000100
(1786378309.835506) can0 38F#122CDB5302000000
(1786378309.835760) can0 38E#F92900A31B000100
(1786378309.845494) can0 38E#742A00A21B000100
(1786378309.855451) can0 38F#4F2DDB5302000000
(1786378309.855702) can0 38E#972B00A11B000100
(1786378309.865523) can0 38E#192C00A11B000100
(1786378309.875489) can0 38F#A82EDB5302000000
(1786378309.875742) can0 38E#2E2D00A01B000100
(1786378309.885520) can0 38E#9A2E009F1B000100
(1786378309.895863) can0 38F#F52FDB5302000000
(1786378309.896156) can0 38E#132F009D1B000100
(1786378309.905817) can0 38E#2520009C1B000100
(1786378309.915404) can0 38F#A920DB5302000000
(1786378309.915645) can0 38E#7321009B1B000100
(1786378309.925456) can0 38E#FE22009A1B000100
(1786378309.935854) can0 38F#F421DB5302000000
(1786378309.936136) can0 38E#772300981B000100
(1786378309.945489) can0 38E#EF2400961B000100
(1786378309.955509) can0 38F#1322DB5302000000
(1786378309.955793) can0 38E#0C2500951B000100
(1786378309.965408) can0 38E#552600961B000100
(1786378309.975448) can0 38F#4E23DB5302000000
(1786378309.975706) can0 38E#1E2700981B000100
(1786378309.985858) can0 38E#FC28009B1B000100
(1786378309.995511) can0 38F#C024DB5302000000
(1786378309.995725) can0 38E#1429009F1B000100
(1786378310.005500) can0 38E#D72A00A81B000100
(1786378310.015463) can0 38F#9D25DB5302000000
(1786378310.015689) can0 38E#A62B00B41B000100
(1786378310.025508) can0 38E#472C00C11B000100
(1786378310.035493) can0 38F#7A26DB5302000000
(1786378310.035759) can0 38E#9E2D00D01B000100
(1786378310.045505) can0 38E#562E00E01B000100
(1786378310.055493) can0 38F#2727DB5302000000
(1786378310.055754) can0 38E#C92F00EC1B000100
(1786378310.065405) can0 38E#9E2000EB1B000100
(1786378310.075460) can0 38F#7B28DB5302000000
(1786378310.075682) can0 38E#522100D81B000100
(1786378310.085520) can0 38E#DF2200D91B000100
(1786378310.095440) can0 38F#2629DB5302000000
(1786378310.095698) can0 38E#212300D31B000100
(1786378310.119403) can0 38E#A42400D41B000100
(1786378310.181205) can0 38F#C12ADB5302000000
(1786378310.182792) can0 38E#DD2500E31B000100
(1786378310.183210) can0 38E#312600E41B000100
(1786378310.184173) can0 38F#9C2BDB5302000000
(1786378310.184440) can0 38E#8A2700DF1B000100
(1786378310.184778) can0 38E#092800DA1B000100
(1786378310.185126) can0 38F#122CDB5302000000
(1786378310.185369) can0 38E#FC2900D71B000100
(1786378310.187040) can0 38E#7A2A00D11B000100
(1786378310.187420) can0 38F#4F2DDB5302000000
(1786378310.187687) can0 38E#EE2B00DA1B000100
(1786378310.187943) can0 38E#E72C00E71B000100
(1786378310.206638) can0 38F#A82EDB5302000000
(1786378310.207022) can0 38E#D02D00E61B000100
(1786378310.207349) can0 38E#BB2E00DC1B000100
(1786378310.215532) can0 38F#F52FDB5302000000
(1786378310.215847) can0 38E#872F00DA1B000100
(1786378310.225445) can0 38E#192000D61B000100
(1786378310.235495) can0 38F#A920DB5302000000
(1786378310.235776) can0 38E#4F2100D11B000100
(1786378310.245484) can0 38E#0B2200DB1B000100
(1786378310.255499) can0 38F#F421DB5302000000
(1786378310.255736) can0 38E#0E2300E31B000100
(1786378310.265661) can0 38E#802400E31B000100
(1786378310.275684) can0 38F#1322DB5302000000
(1786378310.276004) can0 38E#852500DB1B000100
(1786378310.285590) can0 38E#082600DA1B000100
(1786378310.295504) can0 38F#4E23DB5302000000
(1786378310.295764) can0 38E#FD2700D71B000100
(1786378310.305541) can0 38E#7E2800D21B000100
(1786378310.315485) can0 38F#C024DB5302000000
(1786378310.315786) can0 38E#492900D31B000100
(1786378310.325476) can0 38E#B82A00DD1B000100
(1786378310.335490) can0 38F#9D25DB5302000000
(1786378310.335754) can0 38E#622B00E01B000100
(1786378310.345493) can0 38E#D52C00DE1B000100
(1786378310.355516) can0 38F#7A26DB5302000000
(1786378310.355916) can0 38E#E92D00D81B000100
(1786378310.365946) can0 38E#0E2E00D81B000100
(1786378310.375551) can0 38F#2727DB5302000000
(1786378310.375926) can0 38E#912F00D41B000100
(1786378310.385682) can0 38E#122000D11B000100
(1786378310.395468) can0 38F#7B28DB5302000000
(1786378310.395952) can0 38E#442100D61B000100
(1786378310.405486) can0 38E#0B2200DB1B000100
(1786378310.415908) can0 38F#2629DB5302000000
(1786378310.416449) can0 38E#5D2300DC1B000100
(1786378310.425548) can0 38E#0C2400D91B000100
(1786378310.435629) can0 38F#C12ADB5302000000
(1786378310.436115) can0 38E#472500D71B000100
(1786378310.445605) can0 38E#CA2600D61B000100
(1786378310.455502) can0 38F#9C2BDB5302000000
(1786378310.455740) can0 38E#482700D31B000100
(1786378310.465443) can0 38E#C02800D11B000100
(1786378310.475437) can0 38F#122CDB5302000000
(1786378310.475703) can0 38E#962900D61B000100
(1786378310.485923) can0 38E#D92A00DB1B000100
(1786378310.495511) can0 38F#4F2DDB5302000000
(1786378310.495868) can0 38E#842B00DB1B000100
(1786378310.505577) can0 38E#DE2C00D91B000100
(1786378310.515561) can0 38F#A82EDB5302000000
(1786378310.515915) can0 38E#FF2D00D61B000100
(1786378310.525442) can0 38E#182E00D61B000100
(1786378310.535452) can0 38F#F52FDB5302000000
(1786378310.535703) can0 38E#9A2F00D31B000100
(1786378310.545572) can0 38E#AC2000D21B000100
(1786378310.555511) can0 38F#A920DB5302000000
(1786378310.555746) can0 38E#252100D01B000100
(1786378310.565469) can0 38E#A32200D61B000100
(1786378310.575397) can0 38F#F421DB5302000000
(1786378310.575627) can0 38E#5D2300DC1B000100
(1786378310.585487) can0 38E#D32400DC1B000100
(1786378310.595853) can0 38F#1322DB5302000000
(1786378310.596185) can0 38E#EF2500DA1B000100
(1786378310.605539) can0 38E#CA2600D61B000100
(1786378310.615571) can0 38F#4E23DB5302000000
(1786378310.615986) can0 38E#972700D61B000100
(1786378310.625562) can0 38E#7E2800D21B000100
(1786378310.635833) can0 38F#C024DB5302000000
(1786378310.636198) can0 38E#F72900D01B000100
(1786378310.645544) can0 38E#A52A00D41B000100
(1786378310.655476) can0 38F#9D25DB5302000000
(1786378310.655765) can0 38E#3A2B00D81B000100
(1786378310.665480) can0 38E#DE2C00D91B000100
(1786378310.675447) can0 38F#7A26DB5302000000
(1786378310.675771) can0 38E#832D00D91B000100
(1786378310.685871) can0 38E#A62E00D51B000100
(1786378310.695517) can0 38F#2727DB5302000000
(1786378310.695789) can0 38E#FB2F00D51B000100
(1786378310.705475) can0 38E#AC2000D21B000100
(1786378310.715485) can0 38F#7B28DB5302000000
(1786378310.715868) can0 38E#4F2100D11B000100
(1786378310.725497) can0 38E#502200CF1B000100
(1786378310.735540) can0 38F#2629DB5302000000
(1786378310.735885) can0 38E#D92300CD1B000100
(1786378310.745612) can0 38E#362400CB1B000100
(1786378310.755508) can0 38F#C12ADB5302000000
(1786378310.755813) can0 38E#BF2500C91B000100
(1786378310.765552) can0 38E#582600C91B000100
(1786378310.775504) can0 38F#9C2BDB5302000000
(1786378310.775903) can0 38E#052700C91B000100
(1786378310.785470) can0 38E#592800C91B000100
(1786378310.795794) can0 38F#122CDB5302000000
(1786378310.796172) can0 38E#042900C91B000100
(1786378310.805537) can0 38E#E32A00C91B000100
(1786378310.815471) can0 38F#4F2DDB5302000000
(1786378310.815815) can0 38E#BE2B00C91B000100
(1786378310.825506) can0 38E#302C00C91B000100
(1786378310.835529) can0 38F#A82EDB5302000000
(1786378310.835925) can0 38E#6D2D00C91B000100
(1786378310.845829) can0 38E#E02E00C81B000100
(1786378310.855508) can0 38F#F52FDB5302000000
(1786378310.855798) can0 38E#C12F00C71B000100
(1786378310.865485) can0 38E#F72000C61B000100
(1786378310.875442) can0 38F#A920DB5302000000
(1786378310.875778) can0 38E#752100C31B000100
(1786378310.885502) can0 38E#462200C11B000100
(1786378310.895527) can0 38F#F421DB5302000000
(1786378310.895890) can0 38E#D72300BE1B000100
(1786378310.905509) can0 38E#862400BB1B000100
(1786378310.915489) can0 38F#1322DB5302000000
(1786378310.915811) can0 38E#652500B81B000100
(1786378310.925451) can0 38E#2A2600B51B000100
(1786378310.935507) can0 38F#4E23DB5302000000
(1786378310.935847) can0 38E#162700B31B000100
(1786378310.945745) can0 38E#F42800B01B000100
(1786378310.955478) can0 38F#C024DB5302000000
(1786378310.955824) can0 38E#EF2900AD1B000100
(1786378310.965635) can0 38E#BD2A00A91B000100
(1786378310.975577) can0 38F#9D25DB5302000000
(1786378310.975905) can0 38E#222B00A51B000100
(1786378310.985921) can0 38E#192C00A11B000100
(1786378310.995684) can0 38F#7A26DB5302000000
(1786378310.996075) can0 38E#172D009E1B000100
(1786378311.005559) can0 38E#452E009A1B000100
(1786378311.015523) can0 38F#2727DB5302000000
(1786378311.015849) can0 38E#DA2F00961B000100
(1786378311.025821) can0 38E#8D2000911B000100
(1786378311.035467) can0 38F#7B28DB5302000000
(1786378311.035744) can0 38E#FC21008D1B000100
(1786378311.045638) can0 38E#C42200881B000100
(1786378311.055542) can0 38F#2629DB5302000000
(1786378311.055824) can0 38E#502300831B000100
(1786378311.065816) can0 38E#E524007E1B000100
(1786378311.075817) can0 38F#C12ADB5302000000
(1786378311.076131) can0 38E#B32500791B000100
(1786378311.085480) can0 38E#F72600731B000100
(1786378311.095480) can0 38F#9C2BDB5302000000
(1786378311.095822) can0 38E#5227006D1B000100
(1786378311.105456) can0 38E#AD2800671B000100
(1786378311.115793) can0 38F#122CDB5302000000
(1786378311.116073) can0 38E#912900611B000100
(1786378311.125563) can0 38E#902A005A1B000100
(1786378311.135455) can0 38F#4F2DDB5302000000
(1786378311.135721) can0 38E#DB2B00541B000100
(1786378311.145446) can0 38E#A62C004D1B000100
(1786378311.155437) can0 38F#A82EDB5302000000
(1786378311.155687) can0 38E#8C2D00451B000100
(1786378311.165799) can0 38E#AC2E003D1B000100
(1786378311.175496) can0 38F#F52FDB5302000000
(1786378311.175750) can0 38E#862F00351B000100
(1786378311.185515) can0 38E#2920002C1B000100
(1786378311.195538) can0 38F#9F20E35302000000
(1786378311.195866) can0 38E#082100231B000100
(1786378311.205475) can0 38E#DD22001A1B000100
(1786378311.215546) can0 38F#C221E35302000000
(1786378311.215965) can0 38E#492300111B000100
(1786378311.225856) can0 38E#5E2400091B000100
(1786378311.235451) can0 38F#2522E35302000000
(1786378311.235874) can0 38E#1E2500001B000100
(1786378311.245791) can0 38E#FC2600F71A000100
(1786378311.255458) can0 38F#7823E35302000000
(1786378311.255738) can0 38E#382700EF1A000100
(1786378311.265581) can0 38E#132800E71A000100
(1786378311.275858) can0 38F#F624E35302000000
(1786378311.276326) can0 38E#162900DF1A000100
(1786378311.285519) can0 38E#902A00D91A000100
(1786378311.295510) can0 38F#AB25E35302000000
(1786378311.295836) can0 38E#652B00D41A000100
(1786378311.305440) can0 38E#CC2C00CF1A000100
(1786378311.315513) can0 38F#4C26E35302000000
(1786378311.315960) can0 38E#242D00CB1A000100
(1786378311.325487) can0 38E#012E00C71A000100
(1786378311.335658) can0 38F#1127E35302000000
(1786378311.336061) can0 38E#832F00C21A000100
(1786378311.345602) can0 38E#AD2000BE1A000100
(1786378311.355559) can0 38F#4D28E35302000000
(1786378311.355917) can0 38E#452100BA1A000100
(1786378311.365461) can0 38E#602200B61A000100
(1786378311.375602) can0 38F#1029E35302000000
(1786378311.375938) can0 38E#882300B21A000100
(1786378311.385514) can0 38E#942400AD1A000100
(1786378311.395500) can0 38F#F72AE35302000000
(1786378311.395788) can0 38E#7C2500A91A000100
(1786378311.405511) can0 38E#592600A51A000100
(1786378311.415735) can0 38F#AA2BE35302000000
(1786378311.415936) can0 38E#B12700A11A000100
(1786378311.425444) can0 38E#0028009D1A000100
(1786378311.435489) can0 38F#242CE35302000000
(1786378311.435803) can0 38E#E82900991A000100
(1786378311.445497) can0 38E#A72A00941A000100
(1786378311.455742) can0 38F#792DE35302000000
(1786378311.456018) can0 38E#DD2B008F1A000100
(1786378311.465618) can0 38E#322C00891A000100
(1786378311.475431) can0 38F#9E2EE35302000000
(1786378311.475738) can0 38E#CC2D00831A000100
(1786378311.485583) can0 38E#AE2E007D1A000100
(1786378311.495895) can0 38F#C32FE35302000000
(1786378311.496255) can0 38E#3A2F00761A000100
(1786378311.505513) can0 38E#FF20006E1A000100
(1786378311.515546) can0 38F#9F20E35302000000
(1786378311.515973) can0 38E#D52100661A000100
(1786378311.525513) can0 38E#6A22005E1A000100
(1786378311.535564) can0 38F#C221E35302000000
(1786378311.535956) can0 38E#FE2300551A000100
(1786378311.545957) can0 38E#E924004D1A000100
(1786378311.555438) can0 38F#2522E35302000000
(1786378311.555791) can0 38E#A92500441A000100
(1786378311.565418) can0 38E#8226003B1A000100
(1786378311.575505) can0 38F#7823E35302000000
(1786378311.575822) can0 38E#C22700321A000100
(1786378311.585507) can0 38E#B92800291A000100
(1786378311.595782) can0 38F#F624E35302000000
(1786378311.596124) can0 38E#F92900201A000100
(1786378311.605470) can0 38E#3A2A00171A000100
(1786378311.615546) can0 38F#AB25E35302000000
(1786378311.615878) can0 38E#FE2B000F1A000100
(1786378311.625558) can0 38E#6D2C00061A000100
(1786378311.635458) can0 38F#4C26E35302000000
(1786378311.635816) can0 38E#D02D00FD19000100
(1786378311.645650) can0 38E#2A2E00F419000100
(1786378311.655896) can0 38F#1127E35302000000
(1786378311.656252) can0 38E#EE2F00EC19000100
(1786378311.665521) can0 38E#CE2000E319000100
(1786378311.675589) can0 38F#4D28E35302000000
(1786378311.675949) can0 38E#A12100DA19000100
(1786378311.685471) can0 38E#312200D219000100
(1786378311.695503) can0 38F#1029E35302000000
(1786378311.695794) can0 38E#F52300CA19000100
(1786378311.705787) can0 38E#0C2400C219000100
(1786378311.715462) can0 38F#F72AE35302000000
(1786378311.715782) can0 38E#962500BA19000100
(1786378311.725446) can0 38E#672600B419000100
(1786378311.735455) can0 38F#AA2BE35302000000
(1786378311.735705) can0 38E#C92700AD19000100
(1786378311.745443) can0 38E#362800A719000100
(1786378311.755421) can0 38F#242CE35302000000
(1786378311.755630) can0 38E#602900A019000100
(1786378311.765404) can0 38E#0B2A009A19000100
(1786378311.775507) can0 38F#792DE35302000000
(1786378311.775761) can0 38E#402B009419000100
(1786378311.785484) can0 38E#832C008E19000100
(1786378311.795398) can0 38F#9E2EE35302000000
(1786378311.795733) can0 38E#BF2D008819000100
(1786378311.805509) can0 38E#912E008319000100
(1786378311.815409) can0 38F#C32FE35302000000
(1786378311.815672) can0 38E#492F007D19000100
(1786378311.825471) can0 38E#DC20007619000100
(1786378311.835459) can0 38F#9F20E35302000000
(1786378311.835699) can0 38E#E021007019000100
(1786378311.846057) can0 38E#F422006919000100
(1786378311.855436) can0 38F#C221E35302000000
(1786378311.855708) can0 38E#6023006219000100
(1786378311.865353) can0 38E#B624005A19000100
(1786378311.875415) can0 38F#2522E35302000000
(1786378311.875717) can0 38E#F625005319000100
(1786378311.885493) can0 38E#8826004B19000100
(1786378311.895494) can0 38F#7823E35302000000
(1786378311.895749) can0 38E#A227004319000100
(1786378311.905453) can0 38E#3928003B19000100
(1786378311.915451) can0 38F#F624E35302000000
(1786378311.915716) can0 38E#7929003219000100
(1786378311.925813) can0 38E#B92A002919000100
(1786378311.935650) can0 38F#AB25E35302000000
(1786378311.936112) can0 38E#F92B002019000100
(1786378311.945561) can0 38E#532C001719000100
(1786378311.955404) can0 38F#4C26E35302000000
(1786378311.955648) can0 38E#FD2D000E19000100
(1786378311.965409) can0 38E#B92E000419000100
(1786378311.975764) can0 38F#1127E35302000000
(1786378311.975993) can0 38E#962F00FB18000100
(1786378311.985472) can0 38E#692000F118000100
(1786378311.995488) can0 38F#4D28E35302000000
(1786378311.995965) can0 38E#BB2100E718000100
(1786378312.005526) can0 38E#6E2200DE18000100
(1786378312.015533) can0 38F#1029E35302000000
(1786378312.015972) can0 38E#902300D418000100
(1786378312.025803) can0 38E#8C2400CB18000100
(1786378312.035479) can0 38F#F72AE35302000000
(1786378312.035872) can0 38E#CC2500C218000100
(1786378312.045567) can0 38E#522600B918000100
(1786378312.055529) can0 38F#AA2BE35302000000
(1786378312.055792) can0 38E#782700B118000100
(1786378312.065379) can0 38E#D72800A818000100
(1786378312.075432) can0 38F#242CE35302000000
(1786378312.075748) can0 38E#AE29009F18000100
(1786378312.085804) can0 38E#542A009618000100
(1786378312.095542) can0 38F#792DE35302000000
(1786378312.095817) can0 38E#2E2B008D18000100
(1786378312.105795) can0 38E#B62C008318000100
(1786378312.115458) can0 38F#9E2EE35302000000
(1786378312.115897) can0 38E#652D007A18000100
(1786378312.125482) can0 38E#212E007018000100
(1786378312.135869) can0 38F#C32FE35302000000
(1786378312.136264) can0 38E#4D2F006518000100
(1786378312.145672) can0 38E#4220005A18000100
(1786378312.155424) can0 38F#9F20E35302000000
(1786378312.155672) can0 38E#2E21004F18000100
(1786378312.165427) can0 38E#0B22004318000100
(1786378312.175496) can0 38F#C221E35302000000
(1786378312.175825) can0 38E#5323003718000100
(1786378312.185563) can0 38E#FA24002C18000100
(1786378312.195510) can0 38F#2522E35302000000
(1786378312.195886) can0 38E#6525002018000100
(1786378312.205537) can0 38E#7226001518000100
(1786378312.215435) can0 38F#7823E35302000000
(1786378312.215715) can0 38E#0327000918000100
(1786378312.225463) can0 38E#112800FD17000100
(1786378312.235479) can0 38F#F624E35302000000
(1786378312.235732) can0 38E#8E2900F117000100
(1786378312.245435) can0 38E#582A00E417000100
(1786378312.255446) can0 38F#AB25E35302000000
(1786378312.255696) can0 38E#942B00D717000100
(1786378312.265765) can0 38E#5C2C00CA17000100
(1786378312.275767) can0 38F#4C26E35302000000
(1786378312.276160) can0 38E#6E2D00BF17000100
(1786378312.285490) can0 38E#4B2E00B317000100
(1786378312.295456) can0 38F#1127E35302000000
(1786378312.295711) can0 38E#272F00A617000100
(1786378312.305424) can0 38E#2820009917000100
(1786378312.315798) can0 38F#4D28E35302000000
(1786378312.316037) can0 38E#4421008C17000100
(1786378312.325459) can0 38E#8E22007F17000100
(1786378312.335560) can0 38F#1029E35302000000
(1786378312.335903) can0 38E#7B23007217000100
(1786378312.345579) can0 38E#7A24006417000100
(1786378312.355781) can0 38F#F72AE35302000000
(1786378312.356156) can0 38E#B625005717000100
(1786378312.365420) can0 38E#7D26004B17000100
(1786378312.375518) can0 38F#AA2BE35302000000
(1786378312.375841) can0 38E#4F27003E17000100
(1786378312.385495) can0 38E#D128003217000100
(1786378312.395468) can0 38F#242CE35302000000
(1786378312.395926) can0 38E#BD29002717000100
(1786378312.405818) can0 38E#D62A001D17000100
(1786378312.415589) can0 38F#792DE35302000000
(1786378312.416034) can0 38E#962B001417000100
(1786378312.425452) can0 38E#812C000C17000100
(1786378312.435422) can0 38F#9E2EE35302000000
(1786378312.435702) can0 38E#C12D000517000100
(1786378312.445531) can0 38E#E12E00FE16000100
(1786378312.455533) can0 38F#C32FE35302000000
(1786378312.455858) can0 38E#DD2F00F816000100
(1786378312.465560) can0 38E#222000F216000100
(1786378312.475826) can0 38F#9F20E35302000000
(1786378312.476168) can0 38E#8C2100EB16000100
(1786378312.485553) can0 38E#7D2200E516000100
(1786378312.495414) can0 38F#C221E35302000000
(1786378312.495674) can0 38E#AC2300DF16000100
(1786378312.505417) can0 38E#432400D916000100
(1786378312.515753) can0 38F#2522E35302000000
(1786378312.516102) can0 38E#BD2500D316000100
(1786378312.525460) can0 38E#A22600CD16000100
(1786378312.535620) can0 38F#7823E35302000000
(1786378312.536092) can0 38E#5C2700C716000100
(1786378312.545517) can0 38E#0B2800C016000100
(1786378312.555410) can0 38F#F624E35302000000
(1786378312.555654) can0 38E#452900BA16000100
(1786378312.565748) can0 38E#BF2A00B316000100
(1786378312.575474) can0 38F#AB25E35302000000
(1786378312.575771) can0 38E#1A2B00AD16000100
(1786378312.585555) can0 38E#5D2C00A616000100
(1786378312.595479) can0 38F#4C26E35302000000
(1786378312.595738) can0 38E#322D009F16000100
(1786378312.605466) can0 38E#DE2E009816000100
(1786378312.615504) can0 38F#1127E35302000000
(1786378312.615849) can0 38E#9E2F009116000100
(1786378312.625427) can0 38E#8F20008B16000100
(1786378312.635465) can0 38F#4D28E35302000000
(1786378312.635666) can0 38E#AE21008416000100
(1786378312.645414) can0 38E#C722007D16000100
(1786378312.655467) can0 38F#1029E35302000000
(1786378312.655829) can0 38E#3923007716000100
(1786378312.665465) can0 38E#BC24007016000100
(1786378312.675402) can0 38F#F72AE35302000000
(1786378312.675613) can0 38E#AC25006A16000100
(1786378312.685409) can0 38E#5626006316000100
(1786378312.695563) can0 38F#AA2BE35302000000
(1786378312.695841) can0 38E#5827005C16000100
(1786378312.705803) can0 38E#1928005516000100
(1786378312.715396) can0 38F#242CE35302000000
(1786378312.715672) can0 38E#0929004F16000100
(1786378312.725447) can0 38E#8F2A004916000100
(1786378312.735589) can0 38F#792DE35302000000
(1786378312.735990) can0 38E#712B004316000100
(1786378312.745835) can0 38E#592C003D16000100
(1786378312.755453) can0 38F#9E2EE35302000000
(1786378312.755723) can0 38E#DB2D003816000100
(1786378312.765480) can0 38E#9F2E003216000100
(1786378312.775490) can0 38F#C32FE35302000000
(1786378312.775794) can0 38E#3A2F002C16000100
(1786378312.785806) can0 38E#C520002616000100
(1786378312.795853) can0 38F#9F20E35302000000
(1786378312.796398) can0 38E#9321002116000100
(1786378312.805497) can0 38E#F822001B16000100
(1786378312.815490) can0 38F#C221E35302000000
(1786378312.815793) can0 38E#0D23001616000100
(1786378312.825488) can0 38E#8824001116000100
(1786378312.835614) can0 38F#2522E35302000000
(1786378312.835951) can0 38E#9825000B16000100
(1786378312.845463) can0 38E#D726000616000100
(1786378312.855438) can0 38F#7823E35302000000
(1786378312.855699) can0 38E#8127000116000100
(1786378312.865485) can0 38E#572800FB15000100
(1786378312.875426) can0 38F#F624E35302000000
(1786378312.875783) can0 38E#A22900F615000100
(1786378312.885501) can0 38E#4E2A00F115000100
(1786378312.895528) can0 38F#AB25E35302000000
(1786378312.895892) can0 38E#5E2B00EB15000100
(1786378312.905447) can0 38E#782C00E615000100
(1786378312.915802) can0 38F#4C26E35302000000
(1786378312.916120) can0 38E#902D00E215000100
(1786378312.925472) can0 38E#9A2E00DE15000100
(1786378312.935547) can0 38F#1127E35302000000
(1786378312.935977) can0 38E#722F00DA15000100
(1786378312.946011) can0 38E#522000D515000100
(1786378312.955450) can0 38F#4D28E35302000000
(1786378312.955781) can0 38E#BA2100D115000100
(1786378312.965744) can0 38E#712200CD15000100
(1786378312.975405) can0 38F#1029E35302000000
(1786378312.975663) can0 38E#272300CA15000100
(1786378312.985430) can0 38E#D52400C515000100
(1786378312.995902) can0 38F#F72AE35302000000
(1786378312.996305) can0 38E#3D2500C115000100
(1786378313.005514) can0 38E#A82600BD15000100
(1786378313.015519) can0 38F#AA2BE35302000000
(1786378313.015894) can0 38E#FE2700BA15000100
(1786378313.025441) can0 38E#602800B615000100
(1786378313.035437) can0 38F#242CE35302000000
(1786378313.035790) can0 38E#882900B215000100
(1786378313.045477) can0 38E#FD2A00AD15000100
(1786378313.055394) can0 38F#792DE35302000000
(1786378313.055683) can0 38E#AB2B00AA15000100
(1786378313.065405) can0 38E#E72C00A615000100
(1786378313.075380) can0 38F#9E2EE35302000000
(1786378313.075603) can0 38E#0F2D00A215000100
(1786378313.085397) can0 38E#052E009E15000100
(1786378313.095780) can0 38F#C32FE35302000000
(1786378313.096092) can0 38E#872F009B15000100
(1786378313.105560) can0 38E#1920009715000100
(1786378313.115582) can0 38F#9F20E35302000000
(1786378313.115935) can0 38E#FA21009415000100
(1786378313.125519) can0 38E#A822009015000100
(1786378313.135877) can0 38F#C221E35302000000
(1786378313.136150) can0 38E#B323008D15000100
(1786378313.145602) can0 38E#3624008A15000100
(1786378313.155419) can0 38F#2522E35302000000
(1786378313.155645) can0 38E#A925008615000100
(1786378313.165415) can0 38E#FB26008215000100
(1786378313.175756) can0 38F#7823E35302000000
(1786378313.176015) can0 38E#9D27007F15000100
(1786378313.185430) can0 38E#7428007B15000100
(1786378313.195482) can0 38F#F624E35302000000
(1786378313.195723) can0 38E#9729007815000100
(1786378313.205742) can0 38E#B92A007315000100
(1786378313.215716) can0 38F#AB25E35302000000
(1786378313.215938) can0 38E#5A2B007015000100
(1786378313.225510) can0 38E#F82C006C15000100
(1786378313.235459) can0 38F#4C26E35302000000
(1786378313.235827) can0 38E#102D006815000100
(1786378313.245469) can0 38E#352E006415000100
(1786378313.255505) can0 38F#1127E35302000000
(1786378313.255801) can0 38E#8E2F005F15000100
(1786378313.265758) can0 38E#6720005B15000100
(1786378313.275428) can0 38F#4D28E35302000000
(1786378313.275712) can0 38E#F821005715000100
(1786378313.285442) can0 38E#AA22005315000100
(1786378313.295485) can0 38F#1029E35302000000
(1786378313.295896) can0 38E#DB23004F15000100
(1786378313.305480) can0 38E#E024004B15000100
(1786378313.315781) can0 38F#F72AE35302000000
(1786378313.316143) can0 38E#1525004615000100
(1786378313.325486) can0 38E#2D26004315000100
(1786378313.335874) can0 38F#AA2BE35302000000
(1786378313.336251) can0 38E#6827003E15000100
(1786378313.345814) can0 38E#8128003A15000100
(1786378313.355407) can0 38F#242CE35302000000
(1786378313.355675) can0 38E#A029003515000100
(1786378313.365386) can0 38E#982A003015000100
(1786378313.375787) can0 38F#792DE35302000000
(1786378313.376083) can0 38E#E22B002B15000100
(1786378313.385461) can0 38E#C42C002615000100
(1786378313.395745) can0 38F#9E2EE35302000000
(1786378313.395962) can0 38E#922D002115000100
(1786378313.405420) can0 38E#F92E001B15000100
(1786378313.415437) can0 38F#C32FE35302000000
(1786378313.415729) can0 38E#0C2F001615000100
(1786378313.425899) can0 38E#3120001015000100
(1786378313.435453) can0 38F#9F20E35302000000
(1786378313.435783) can0 38E#2121000A15000100
(1786378313.445455) can0 38E#D022000415000100
(1786378313.455468) can0 38F#C221E35302000000
(1786378313.455727) can0 38E#202300FE14000100
(1786378313.465467) can0 38E#CF2400F814000100
(1786378313.475420) can0 38F#2522E35302000000
(1786378313.475713) can0 38E#312500F214000100
(1786378313.485426) can0 38E#2E2600EC14000100
(1786378313.495805) can0 38F#7823E35302000000
(1786378313.496135) can0 38E#D02700E614000100
(1786378313.505416) can0 38E#BE2800DF14000100
(1786378313.515407) can0 38F#F624E35302000000
(1786378313.515729) can0 38E#942900D714000100
(1786378313.525484) can0 38E#782A00D014000100
(1786378313.535393) can0 38F#AB25E35302000000
(1786378313.535754) can0 38E#BC2B00C814000100
(1786378313.545436) can0 38E#452C00C014000100
(1786378313.555502) can0 38F#4C26E35302000000
(1786378313.555855) can0 38E#DF2D00B814000100
(1786378313.565889) can0 38E#DD2E00AF14000100
(1786378313.575410) can0 38F#1127E35302000000
(1786378313.575698) can0 38E#9D2F00A614000100
(1786378313.585411) can0 38E#4D20009C14000100
(1786378313.595528) can0 38F#4D28E35302000000
(1786378313.595969) can0 38E#0621009214000100
(1786378313.605759) can0 38E#AC22008814000100
(1786378313.615569) can0 38F#1029E35302000000
(1786378313.616015) can0 38E#0323007E14000100
(1786378313.625563) can0 38E#4424007514000100
(1786378313.635481) can0 38F#F72AE35302000000
(1786378313.635790) can0 38E#E125006B14000100
(1786378313.645784) can0 38E#CF26006014000100
(1786378313.655509) can0 38F#AA2BE35302000000
(1786378313.655810) can0 38E#6227005514000100
(1786378313.665528) can0 38E#AC28004A14000100
(1786378313.675385) can0 38F#242CE35302000000
(1786378313.675695) can0 38E#F429003E14000100
(1786378313.685470) can0 38E#D12A003214000100
(1786378313.695810) can0 38F#792DE35302000000
(1786378313.696137) can0 38E#BD2B002714000100
(1786378313.705499) can0 38E#BF2C001D14000100
(1786378313.715379) can0 38F#9E2EE35302000000
(1786378313.715615) can0 38E#FF2D001414000100
(1786378313.725598) can0 38E#EB2E000D14000100
(1786378313.735551) can0 38F#C32FE35302000000
(1786378313.736008) can0 38E#7F2F000614000100
(1786378313.745535) can0 38E#4220000014000100
(1786378313.755438) can0 38F#9F20E35302000000
(1786378313.755774) can0 38E#DB2100FA13000100
(1786378313.765706) can0 38E#212200F313000100
(1786378313.775432) can0 38F#C221E35302000000
(1786378313.775708) can0 38E#842300ED13000100
(1786378313.785401) can0 38E#C32400E613000100
(1786378313.795418) can0 38F#2522E35302000000
(1786378313.795661) can0 38E#FF2500E013000100
(1786378313.805752) can0 38E#2A2600D913000100
(1786378313.815560) can0 38F#7823E35302000000
(1786378313.816029) can0 38E#BE2700D213000100
(1786378313.825483) can0 38E#7B2800CA13000100
(1786378313.835442) can0 38F#F624E35302000000
(1786378313.835773) can0 38E#3B2900C313000100
(1786378313.845460) can0 38E#1B2A00BB13000100
(1786378313.855816) can0 38F#AB25E35302000000
(1786378313.856146) can0 38E#312B00B313000100
(1786378313.865570) can0 38E#262C00AB13000100
(1786378313.875350) can0 38F#4C26E35302000000
(1786378313.875661) can0 38E#662D00A213000100
(1786378313.885428) can0 38E#672E009913000100
(1786378313.895416) can0 38F#1127E35302000000
(1786378313.895683) can0 38E#272F009013000100
(1786378313.905423) can0 38E#9E20008713000100
(1786378313.915321) can0 38F#4D28E35302000000
(1786378313.915598) can0 38E#4D21007E13000100
(1786378313.925475) can0 38E#0922007413000100
(1786378313.935364) can0 38F#1029E35302000000
(1786378313.935601) can0 38E#AC23006A13000100
(1786378313.945454) can0 38E#8124006013000100
(1786378313.955411) can0 38F#F72AE35302000000
(1786378313.955691) can0 38E#2C25005513000100
(1786378313.965412) can0 38E#5926004A13000100
(1786378313.975510) can0 38F#AA2BE35302000000
(1786378313.975839) can0 38E#0127003E13000100
(1786378313.985443) can0 38E#F528003313000100
(1786378313.995797) can0 38F#242CE35302000000
(1786378313.996234) can0 38E#8F29002813000100
(1786378314.005385) can0 38E#262A001E13000100
(1786378314.015379) can0 38F#792DE35302000000
(1786378314.015662) can0 38E#D82B001413000100
(1786378314.025414) can0 38E#CF2C000C13000100
(1786378314.035416) can0 38F#9E2EE35302000000
(1786378314.035674) can0 38E#E52D000413000100
(1786378314.045473) can0 38E#702E00FB12000100
(1786378314.055417) can0 38F#C32FE35302000000
(1786378314.055713) can0 38E#5A2F00F312000100
(1786378314.065521) can0 38E#F52000EA12000100
(1786378314.075779) can0 38F#9F20E35302000000
(1786378314.076146) can0 38E#DF2100E212000100
(1786378314.085429) can0 38E#DE2200D912000100
(1786378314.095458) can0 38F#C221E35302000000
(1786378314.095765) can0 38E#9E2300D012000100
(1786378314.105380) can0 38E#892400C812000100
(1786378314.115502) can0 38F#2522E35302000000
(1786378314.115961) can0 38E#6F2500BF12000100
(1786378314.125734) can0 38E#952600B612000100
(1786378314.135427) can0 38F#7823E35302000000
(1786378314.135711) can0 38E#EF2700AD12000100
(1786378314.145377) can0 38E#AE2800A412000100
(1786378314.155394) can0 38F#F624E35302000000
(1786378314.155618) can0 38E#AB29009C12000100
(1786378314.165407) can0 38E#302A009312000100
(1786378314.175423) can0 38F#AB25E35302000000
(1786378314.175653) can0 38E#FF2B008C12000100
(1786378314.185352) can0 38E#6C2C008512000100
(1786378314.195475) can0 38F#4C26E35302000000
(1786378314.195722) can0 38E#012D007F12000100
(1786378314.205435) can0 38E#392E007A12000100
(1786378314.215362) can0 38F#1127E35302000000
(1786378314.215604) can0 38E#A62F007612000100
(1786378314.225375) can0 38E#4F20007212000100
(1786378314.235459) can0 38F#4D28E35302000000
(1786378314.235892) can0 38E#C621007012000100
(1786378314.245510) can0 38E#B322006F12000100
(1786378314.255444) can0 38F#1029E35302000000
(1786378314.255773) can0 38E#3A23006D12000100
(1786378314.265360) can0 38E#D524006B12000100
(1786378314.275392) can0 38F#F72AE35302000000
(1786378314.275706) can0 38E#5C25006912000100
(1786378314.285848) can0 38E#AD26006712000100
(1786378314.295450) can0 38F#AA2BE35302000000
(1786378314.295780) can0 38E#9A27006612000100
(1786378314.305437) can0 38E#7828006512000100
(1786378314.315497) can0 38F#242CE35302000000
(1786378314.315918) can0 38E#4429006312000100
(1786378314.325510) can0 38E#772A006112000100
(1786378314.335417) can0 38F#792DE35302000000
(1786378314.335748) can0 38E#132B005F12000100
(1786378314.345448) can0 38E#232C005C12000100
(1786378314.355442) can0 38F#9E2EE35302000000
(1786378314.355753) can0 38E#1F2D005A12000100
(1786378314.365461) can0 38E#2C2E005812000100
(1786378314.375481) can0 38F#C32FE35302000000
(1786378314.375790) can0 38E#672F005612000100
(1786378314.385591) can0 38E#E420005312000100
(1786378314.395437) can0 38F#9F20E35302000000
(1786378314.395663) can0 38E#6D21005112000100
(1786378314.405404) can0 38E#7222004F12000100
(1786378314.415426) can0 38F#C221E35302000000
(1786378314.415659) can0 38E#9123004C12000100
(1786378314.425823) can0 38E#C024004912000100
(1786378314.435360) can0 38F#2522E35302000000
(1786378314.435946) can0 38E#8B25004712000100
(1786378314.445385) can0 38E#D226004412000100
(1786378314.455455) can0 38F#7823E35302000000
(1786378314.455762) can0 38E#5027004112000100
(1786378314.465815) can0 38E#C028003E12000100
(1786378314.475469) can0 38F#F624E35302000000
(1786378314.475697) can0 38E#4229003B12000100
(1786378314.485488) can0 38E#672A003712000100
(1786378314.495476) can0 38F#AB25E35302000000
(1786378314.495797) can0 38E#842B003412000100
(1786378314.505785) can0 38E#BF2C003012000100
(1786378314.515407) can0 38F#4C26E35302000000
(1786378314.515722) can0 38E#A42D002D12000100
(1786378314.525522) can0 38E#482E002A12000100
(1786378314.535491) can0 38F#1127E35302000000
(1786378314.535946) can0 38E#D72F002612000100
(1786378314.545517) can0 38E#5420002312000100
(1786378314.555490) can0 38F#4D28E35302000000
(1786378314.555799) can0 38E#E421001F12000100
(1786378314.565442) can0 38E#BD22001C12000100
(1786378314.575450) can0 38F#1029E35302000000
(1786378314.575685) can0 38E#3F23001912000100
(1786378314.585354) can0 38E#CD24001612000100
(1786378314.595466) can0 38F#F72AE35302000000
(1786378314.595780) can0 38E#2525001212000100
(1786378314.605697) can0 38E#8426000F12000100
(1786378314.615520) can0 38F#AA2BE35302000000
(1786378314.615925) can0 38E#6C27000B12000100
(1786378314.625492) can0 38E#8E28000812000100
(1786378314.635492) can0 38F#242CE35302000000
(1786378314.635826) can0 38E#7B29000512000100
(1786378314.645430) can0 38E#972A000212000100
(1786378314.655460) can0 38F#792DE35302000000
(1786378314.655792) can0 38E#212B00FE11000100
(1786378314.665924) can0 38E#702C00FB11000100
(1786378314.675408) can0 38F#9E2EE35302000000
(1786378314.675681) can0 38E#EF2D00F711000100
(1786378314.685778) can0 38E#B62E00F411000100
(1786378314.695413) can0 38F#C32FE35302000000
(1786378314.695721) can0 38E#5E2F00F011000100
(1786378314.705468) can0 38E#2E2000EC11000100
(1786378314.715811) can0 38F#9F20E35302000000
(1786378314.716175) can0 38E#C62100E811000100
(1786378314.725449) can0 38E#E82200E311000100
(1786378314.735519) can0 38F#C221E35302000000
(1786378314.736027) can0 38E#582300DF11000100
(1786378314.745474) can0 38E#092400DA11000100
(1786378314.755503) can0 38F#2522E35302000000
(1786378314.755780) can0 38E#962500D611000100
(1786378314.765530) can0 38E#102600D011000100
(1786378314.775478) can0 38F#7823E35302000000
(1786378314.775769) can0 38E#6A2700CB11000100
(1786378314.785519) can0 38E#9E2800C611000100
(1786378314.795474) can0 38F#F624E35302000000
(1786378314.795958) can0 38E#C82900C111000100
(1786378314.805500) can0 38E#3C2A00BB11000100
(1786378314.815454) can0 38F#AB25E35302000000
(1786378314.815766) can0 38E#C92B00B611000100
(1786378314.825458) can0 38E#262C00B011000100
(1786378314.835416) can0 38F#4C26E35302000000
(1786378314.835813) can0 38E#5C2D00AB11000100
(1786378314.845787) can0 38E#AD2E00A511000100
(1786378314.855761) can0 38F#1127E35302000000
(1786378314.856164) can0 38E#2F2F00A011000100
(1786378314.865392) can0 38E#FF20009A11000100
(1786378314.875386) can0 38F#4D28E35302000000
(1786378314.875689) can0 38E#DE21009511000100
(1786378314.885461) can0 38E#7422008F11000100
(1786378314.895811) can0 38F#1029E35302000000
(1786378314.896166) can0 38E#F623008A11000100
(1786378314.905453) can0 38E#BA24008611000100
(1786378314.915481) can0 38F#F72AE35302000000
(1786378314.915792) can0 38E#5225008211000100
(1786378314.925453) can0 38E#A826007E11000000
(1786378314.935704) can0 38F#AA2BE35302000000
(1786378314.935986) can0 38E#2A27007B11000000
(1786378314.945417) can0 38E#C828007811000000
(1786378314.955381) can0 38F#242CE35302000000
(1786378314.955594) can0 38E#8329007611000000
(1786378314.965442) can0 38E#B02A007411000000
(1786378314.975375) can0 38F#792DE35302000000
(1786378314.975604) can0 38E#8C2B007211000000
(1786378314.985441) can0 38E#442C006F11000000
(1786378314.995513) can0 38F#9E2EE35302000000
(1786378314.995786) can0 38E#CD2D006D11000000
(1786378315.005401) can0 38E#4B2E006B11000000
(1786378315.015336) can0 38F#852FE25302000000
(1786378315.015619) can0 38E#7C2F006A11000000
(1786378315.025422) can0 38E#F420006811000000
(1786378315.035511) can0 38F#D920E25302000000
(1786378315.035857) can0 38E#BF21006611000000
(1786378315.045398) can0 38E#8C22006411000000
(1786378315.055402) can0 38F#8421E25302000000
(1786378315.055692) can0 38E#B023006211000000
(1786378315.065501) can0 38E#EA24006011000000
(1786378315.075364) can0 38F#6322E25302000000
(1786378315.075602) can0 38E#8E25005E11000000
(1786378315.085344) can0 38E#BD26005C11000000
(1786378315.095779) can0 38F#3E23E25302000000
(1786378315.096098) can0 38E#3F27005911000000
(1786378315.105440) can0 38E#7528005711000000
(1786378315.115404) can0 38F#B024E25302000000
(1786378315.115720) can0 38E#2829005711000000
(1786378315.125361) can0 38E#CF2A005711000000
(1786378315.135455) can0 38F#ED25E25302000000
(1786378315.135796) can0 38E#922B005711000000
(1786378315.145724) can0 38E#1C2C005711000000
(1786378315.155418) can0 38F#0A26E25302000000
(1786378315.155649) can0 38E#412D005711000000
(1786378315.165378) can0 38E#A62E005711000000
(1786378315.175393) can0 38F#5727E25302000000
(1786378315.175643) can0 38E#FB2F005711000000
(1786378315.185409) can0 38E#A720005711000000
(1786378315.195420) can0 38F#0B28E25302000000
(1786378315.195746) can0 38E#FA21005711000000
(1786378315.205385) can0 38E#1D22005711000000
(1786378315.215402) can0 38F#5629E25302000000
(1786378315.215664) can0 38E#4023005711000000
(1786378315.225330) can0 38E#CE24005711000000
(1786378315.235418) can0 38F#B12AE25302000000
(1786378315.235778) can0 38E#9325005711000000
(1786378315.245392) can0 38E#7426005711000000
(1786378315.255390) can0 38F#EC2BE25302000000
(1786378315.255714) can0 38E#2927005711000000
(1786378315.265446) can0 38E#7528005711000000
(1786378315.275364) can0 38F#622CE25302000000
(1786378315.275645) can0 38E#2829005711000000
(1786378315.285432) can0 38E#CF2A005711000000
(1786378315.295426) can0 38F#3F2DE25302000000
(1786378315.295763) can0 38E#922B005711000000
(1786378315.305373) can0 38E#1C2C005711000000
(1786378315.315381) can0 38F#D82EE25302000000
(1786378315.315707) can0 38E#412D005711000000
(1786378315.325441) can0 38E#A62E005711000000
(1786378315.335448) can0 38F#852FE25302000000
(1786378315.335852) can0 38E#FB2F005711000000
(1786378315.345485) can0 38E#A720005711000000
(1786378315.355411) can0 38F#D920E25302000000
(1786378315.355715) can0 38E#FA21005711000000
(1786378315.365396) can0 38E#1D22005711000000
(1786378315.375373) can0 38F#8421E25302000000
(1786378315.375696) can0 38E#4023005711000000
(1786378315.385395) can0 38E#CE24005711000000
(1786378315.395388) can0 38F#6322E25302000000
(1786378315.395672) can0 38E#9325005711000000
(1786378315.405357) can0 38E#7426005711000000
(1786378315.415399) can0 38F#3E23E25302000000
(1786378315.415631) can0 38E#2927005711000000
(1786378315.425374) can0 38E#7528005711000000
(1786378315.435299) can0 38F#B024E25302000000
(1786378315.435581) can0 38E#2829005711000000
(1786378315.445322) can0 38E#CF2A005711000000
(1786378315.455374) can0 38F#ED25E25302000000
(1786378315.455671) can0 38E#922B005711000000
(1786378315.465424) can0 38E#1C2C005711000000
(1786378315.475334) can0 38F#0A26E25302000000
(1786378315.475586) can0 38E#412D005711000000
(1786378315.485527) can0 38E#A62E005711000000
(1786378315.495469) can0 38F#5727E25302000000
(1786378315.495815) can0 38E#FB2F005711000000
(1786378315.505341) can0 38E#A720005711000000
(1786378315.515325) can0 38F#0B28E25302000000
(1786378315.515668) can0 38E#FA21005711000000
(1786378315.525519) can0 38E#1D22005711000000
(1786378315.535447) can0 38F#5629E25302000000
(1786378315.535799) can0 38E#4023005711000000
(1786378315.545477) can0 38E#CE24005711000000
(1786378315.555348) can0 38F#B12AE25302000000
(1786378315.555651) can0 38E#9325005711000000
(1786378315.565455) can0 38E#7426005711000000
(1786378315.575439) can0 38F#EC2BE25302000000
(1786378315.575707) can0 38E#2927005711000000
(1786378315.585522) can0 38E#7528005711000000
(1786378315.595668) can0 38F#622CE25302000000
(1786378315.596242) can0 38E#2829005711000000
(1786378315.605437) can0 38E#CF2A005711000000
(1786378315.615464) can0 38F#3F2DE25302000000
(1786378315.615909) can0 38E#922B005711000000
(1786378315.625395) can0 38E#1C2C005711000000
(1786378315.635358) can0 38F#D82EE25302000000
(1786378315.635724) can0 38E#412D005711000000
(1786378315.645456) can0 38E#A62E005711000000
(1786378315.655410) can0 38F#852FE25302000000
(1786378315.655751) can0 38E#FB2F005711000000
(1786378315.665379) can0 38E#A720005711000000
(1786378315.675375) can0 38F#D920E25302000000
(1786378315.675621) can0 38E#FA21005711000000
(1786378315.685353) can0 38E#1D22005711000000
(1786378315.695350) can0 38F#8421E25302000000
(1786378315.695634) can0 38E#4023005711000000
(1786378315.705381) can0 38E#CE24005711000000
(1786378315.715413) can0 38F#6322E25302000000
(1786378315.715790) can0 38E#9325005711000000
(1786378315.725437) can0 38E#1E26005611000000
(1786378315.735444) can0 38F#3E23E25302000000
(1786378315.735869) can0 38E#2927005711000000
(1786378315.745449) can0 38E#1F28005611000000
(1786378315.755408) can0 38F#B024E25302000000
(1786378315.755782) can0 38E#2829005711000000
(1786378315.765470) can0 38E#CF2A005711000000
(1786378315.775415) can0 38F#ED25E25302000000
(1786378315.775697) can0 38E#922B005711000000
(1786378315.785469) can0 38E#1C2C005711000000
(1786378315.795473) can0 38F#0A26E25302000000
(1786378315.795784) can0 38E#412D005711000000
(1786378315.805374) can0 38E#CC2E005611000000
(1786378315.815463) can0 38F#5727E25302000000
(1786378315.815906) can0 38E#FB2F005711000000
(1786378315.825422) can0 38E#A720005711000000
(1786378315.835355) can0 38F#0B28E25302000000
(1786378315.835727) can0 38E#FA21005711000000
(1786378315.845394) can0 38E#1D22005711000000
(1786378315.855366) can0 38F#5629E25302000000
(1786378315.855610) can0 38E#4023005711000000
(1786378315.865382) can0 38E#CE24005711000000
(1786378315.875330) can0 38F#B12AE25302000000
(1786378315.875620) can0 38E#9325005711000000
(1786378315.885341) can0 38E#7426005711000000
(1786378315.895432) can0 38F#EC2BE25302000000
(1786378315.895759) can0 38E#2927005711000000
(1786378315.905404) can0 38E#7528005711000000
(1786378315.915377) can0 38F#622CE25302000000
(1786378315.915599) can0 38E#4229005611000000
(1786378315.925384) can0 38E#CF2A005711000000
(1786378315.935383) can0 38F#3F2DE25302000000
(1786378315.935770) can0 38E#922B005711000000
(1786378315.945362) can0 38E#1C2C005711000000
(1786378315.955422) can0 38F#D82EE25302000000
(1786378315.955678) can0 38E#412D005711000000
(1786378315.965381) can0 38E#A62E005711000000
(1786378315.975427) can0 38F#852FE25302000000
(1786378315.975688) can0 38E#FB2F005711000000
(1786378315.985426) can0 38E#A720005711000000
(1786378315.995427) can0 38F#D920E25302000000
(1786378315.995837) can0 38E#FA21005711000000
(1786378316.005462) can0 38E#1D22005711000000
(1786378316.015514) can0 38F#8421E25302000000
(1786378316.015955) can0 38E#4023005711000000
(1786378316.025462) can0 38E#CE24005711000000
(1786378316.035391) can0 38F#6322E25302000000
(1786378316.035784) can0 38E#9325005711000000
(1786378316.045515) can0 38E#7426005711000000
(1786378316.055403) can0 38F#3E23E25302000000
(1786378316.055803) can0 38E#2927005711000000
(1786378316.065315) can0 38E#7528005711000000
(1786378316.075388) can0 38F#B024E25302000000
(1786378316.075700) can0 38E#2829005711000000
(1786378316.085399) can0 38E#CF2A005711000000
(1786378316.095348) can0 38F#ED25E25302000000
(1786378316.095739) can0 38E#922B005711000000
(1786378316.105388) can0 38E#762C005611000000
(1786378316.115399) can0 38F#0A26E25302000000
(1786378316.115805) can0 38E#412D005711000000
(1786378316.125405) can0 38E#A62E005711000000
(1786378316.135321) can0 38F#5727E25302000000
(1786378316.135581) can0 38E#FB2F005711000000
(1786378316.145412) can0 38E#A720005711000000
(1786378316.155316) can0 38F#0B28E25302000000
(1786378316.155653) can0 38E#FA21005711000000
(1786378316.165399) can0 38E#1D22005711000000
(1786378316.175392) can0 38F#5629E25302000000
(1786378316.175649) can0 38E#2A23005611000000
(1786378316.185420) can0 38E#CE24005711000000
(1786378316.195390) can0 38F#B12AE25302000000
(1786378316.195708) can0 38E#9325005711000000
(1786378316.205394) can0 38E#7426005711000000
(1786378316.215321) can0 38F#EC2BE25302000000
(1786378316.215544) can0 38E#2927005711000000
(1786378316.225433) can0 38E#7528005711000000
(1786378316.235411) can0 38F#622CE25302000000
(1786378316.235908) can0 38E#2829005711000000
(1786378316.245402) can0 38E#CF2A005711000000
(1786378316.255370) can0 38F#3F2DE25302000000
(1786378316.255666) can0 38E#F82B005611000000
(1786378316.265297) can0 38E#1C2C005711000000
(1786378316.275410) can0 38F#D82EE25302000000
(1786378316.275662) can0 38E#412D005711000000
(1786378316.285308) can0 38E#A62E005711000000
(1786378316.295421) can0 38F#852FE25302000000
(1786378316.295776) can0 38E#FB2F005711000000
(1786378316.305386) can0 38E#A720005711000000
(1786378316.315286) can0 38F#D920E25302000000
(1786378316.315546) can0 38E#FA21005711000000
(1786378316.325415) can0 38E#7722005611000000
(1786378316.335384) can0 38F#8421E25302000000
(1786378316.335781) can0 38E#4023005711000000
(1786378316.345378) can0 38E#CE24005711000000
(1786378316.355347) can0 38F#6322E25302000000
(1786378316.355644) can0 38E#9325005711000000
(1786378316.365300) can0 38E#7426005711000000
(1786378316.375370) can0 38F#3E23E25302000000
(1786378316.375736) can0 38E#CC27004011000000
(1786378316.385415) can0 38E#9028004011000000
(1786378316.395365) can0 38F#B024E25302000000
(1786378316.395659) can0 38E#CD29004011000000
(1786378316.405436) can0 38E#2A2A004011000000
(1786378316.415332) can0 38F#ED25E25302000000
(1786378316.415595) can0 38E#772B004011000000
(1786378316.425343) can0 38E#F92C004011000000
(1786378316.435424) can0 38F#0A26E25302000000
(1786378316.435870) can0 38E#A42D004011000000
(1786378316.445466) can0 38E#432E004011000000
(1786378316.455374) can0 38F#5727E25302000000
(1786378316.455745) can0 38E#1E2F004011000000
(1786378316.465395) can0 38E#4220004011000000
(1786378316.475361) can0 38F#0B28E25302000000
(1786378316.475676) can0 38E#1F21004011000000
(1786378316.485319) can0 38E#F822004011000000
(1786378316.495329) can0 38F#5629E25302000000
(1786378316.495585) can0 38E#A523004011000000
(1786378316.505386) can0 38E#2B24004011000000
(1786378316.515261) can0 38F#B12AE25302000000
(1786378316.515565) can0 38E#7625004011000000
(1786378316.525246) can0 38E#9126004011000000
(1786378316.535386) can0 38F#EC2BE25302000000
(1786378316.535733) can0 38E#CC27004011000000
(1786378316.545326) can0 38E#9028004011000000
(1786378316.555249) can0 38F#622CE25302000000
(1786378316.555563) can0 38E#CD29004011000000
(1786378316.565307) can0 38E#2A2A004011000000
(1786378316.575334) can0 38F#3F2DE25302000000
(1786378316.575632) can0 38E#772B004011000000
(1786378316.585276) can0 38E#F92C004011000000
(1786378316.595236) can0 38F#D82EE25302000000
(1786378316.595513) can0 38E#A42D004011000000
(1786378316.605227) can0 38E#432E004011000000
(1786378316.615290) can0 38F#852FE25302000000
(1786378316.615606) can0 38E#1E2F004011000000
(1786378316.625272) can0 38E#4220004011000000
(1786378316.635247) can0 38F#D920E25302000000
(1786378316.635614) can0 38E#1F21004011000000
(1786378316.645286) can0 38E#F822004011000000
(1786378316.655309) can0 38F#8421E25302000000
(1786378316.655549) can0 38E#A523004011000000
(1786378316.665412) can0 38E#2B24004011000000
(1786378316.675236) can0 38F#6322E25302000000
(1786378316.675575) can0 38E#7625004011000000
(1786378316.685229) can0 38E#9126004011000000
(1786378316.695214) can0 38F#3E23E25302000000
(1786378316.695453) can0 38E#CC27004011000000
(1786378316.705270) can0 38E#9028004011000000
(1786378316.715276) can0 38F#B024E25302000000
(1786378316.715555) can0 38E#CD29004011000000
(1786378316.725260) can0 38E#2A2A004011000000
(1786378316.735231) can0 38F#ED25E25302000000
(1786378316.735618) can0 38E#772B004011000000
(1786378316.745232) can0 38E#F92C004011000000
(1786378316.755239) can0 38F#0A26E25302000000
(1786378316.755564) can0 38E#A42D004011000000
(1786378316.765228) can0 38E#432E004011000000
(1786378316.775305) can0 38F#5727E25302000000
(1786378316.775621) can0 38E#1E2F004011000000
(1786378316.785297) can0 38E#4220004011000000
(1786378316.795213) can0 38F#0B28E25302000000
(1786378316.795446) can0 38E#1F21004011000000
(1786378316.805222) can0 38E#F822004011000000
(1786378316.815407) can0 38F#5629E25302000000
(1786378316.815862) can0 38E#A523004011000000
(1786378316.825252) can0 38E#2B24004011000000
(1786378316.835289) can0 38F#B12AE25302000000
(1786378316.835662) can0 38E#7625004011000000
(1786378316.845296) can0 38E#9126004011000000
(1786378316.855281) can0 38F#EC2BE25302000000
(1786378316.855550) can0 38E#CC27004011000000
(1786378316.865293) can0 38E#9028004011000000
(1786378316.875251) can0 38F#622CE25302000000
(1786378316.875596) can0 38E#CD29004011000000
(1786378316.885259) can0 38E#2A2A004011000000
(1786378316.895367) can0 38F#3F2DE25302000000
(1786378316.895754) can0 38E#772B004011000000
(1786378316.905339) can0 38E#F92C004011000000
(1786378316.915275) can0 38F#D82EE25302000000
(1786378316.915630) can0 38E#A42D004011000000
(1786378316.925274) can0 38E#432E004011000000
(1786378316.935321) can0 38F#852FE25302000000
(1786378316.935600) can0 38E#1E2F004011000000
(1786378316.945267) can0 38E#4220004011000000
(1786378316.955255) can0 38F#D920E25302000000
(1786378316.955570) can0 38E#1F21004011000000
(1786378316.965362) can0 38E#F822004011000000
(1786378316.975258) can0 38F#8421E25302000000
(1786378316.975540) can0 38E#A523004011000000
(1786378316.985215) can0 38E#2B24004011000000
(1786378316.995271) can0 38F#6322E25302000000
(1786378316.995496) can0 38E#7625004011000000
(1786378317.005332) can0 38E#9126004011000000
(1786378317.015120) can0 38F#3E23E25302000000
(1786378317.015335) can0 38E#CC27004011000000
(1786378317.025271) can0 38E#9028004011000000
(1786378317.035240) can0 38F#B024E25302000000
(1786378317.035535) can0 38E#CD29004011000000
(1786378317.045266) can0 38E#2A2A004011000000
(1786378317.055240) can0 38F#ED25E25302000000
(1786378317.055491) can0 38E#772B004011000000
(1786378317.065259) can0 38E#F92C004011000000
(1786378317.075275) can0 38F#0A26E25302000000
(1786378317.075524) can0 38E#A42D004011000000
(1786378317.085283) can0 38E#432E004011000000
(1786378317.095301) can0 38F#5727E25302000000
(1786378317.095621) can0 38E#1E2F004011000000
(1786378317.105257) can0 38E#4220004011000000
(1786378317.115320) can0 38F#0B28E25302000000
(1786378317.115798) can0 38E#1F21004011000000
(1786378317.125296) can0 38E#F822004011000000
(1786378317.135264) can0 38F#5629E25302000000
(1786378317.135567) can0 38E#A523004011000000
(1786378317.145323) can0 38E#2B24004011000000
(1786378317.155272) can0 38F#B12AE25302000000
(1786378317.155584) can0 38E#7625004011000000
(1786378317.165204) can0 38E#9126004011000000
(1786378317.175220) can0 38F#EC2BE25302000000
(1786378317.175502) can0 38E#CC27004011000000
(1786378317.185302) can0 38E#9028004011000000
(1786378317.195307) can0 38F#622CE25302000000
(1786378317.195785) can0 38E#CD29004011000000
(1786378317.205241) can0 38E#2A2A004011000000
(1786378317.215281) can0 38F#3F2DE25302000000
(1786378317.215562) can0 38E#772B004011000000
(1786378317.225211) can0 38E#F92C004011000000
(1786378317.235193) can0 38F#D82EE25302000000
(1786378317.235533) can0 38E#A42D004011000000
(1786378317.245246) can0 38E#432E004011000000
(1786378317.255257) can0 38F#852FE25302000000
(1786378317.255483) can0 38E#1E2F004011000000
(1786378317.265209) can0 38E#4220004011000000
(1786378317.275179) can0 38F#D920E25302000000
(1786378317.275437) can0 38E#1F21004011000000
(1786378317.285263) can0 38E#F822004011000000
(1786378317.295311) can0 38F#8421E25302000000
(1786378317.295597) can0 38E#A523004011000000
(1786378317.305221) can0 38E#2B24004011000000
(1786378317.315256) can0 38F#6322E25302000000
(1786378317.315704) can0 38E#7625004011000000
(1786378317.325359) can0 38E#9126004011000000
(1786378317.335323) can0 38F#3E23E25302000000
(1786378317.335696) can0 38E#CC27004011000000
(1786378317.345264) can0 38E#9028004011000000
(1786378317.355213) can0 38F#B024E25302000000
(1786378317.355509) can0 38E#CD29004011000000
(1786378317.365303) can0 38E#2A2A004011000000
(1786378317.375185) can0 38F#ED25E25302000000
(1786378317.375462) can0 38E#772B004011000000
(1786378317.385208) can0 38E#F92C004011000000
(1786378317.395311) can0 38F#0A26E25302000000
(1786378317.395564) can0 38E#A42D004011000000
(1786378317.405224) can0 38E#432E004011000000
(1786378317.415252) can0 38F#5727E25302000000
(1786378317.415567) can0 38E#1E2F004011000000
(1786378317.425296) can0 38E#4220004011000000
(1786378317.435306) can0 38F#0B28E25302000000
(1786378317.435691) can0 38E#1F21004011000000
(1786378317.445275) can0 38E#F822004011000000
(1786378317.455219) can0 38F#5629E25302000000
(1786378317.455464) can0 38E#A523004011000000
(1786378317.465187) can0 38E#2B24004011000000
(1786378317.475262) can0 38F#B12AE25302000000
(1786378317.475472) can0 38E#7625004011000000
(1786378317.485195) can0 38E#9126004011000000
(1786378317.495225) can0 38F#EC2BE25302000000
(1786378317.495462) can0 38E#CC27004011000000
(1786378317.505291) can0 38E#9028004011000000
(1786378317.515240) can0 38F#622CE25302000000
(1786378317.515447) can0 38E#CD29004011000000
(1786378317.525217) can0 38E#2A2A004011000000
(1786378317.535301) can0 38F#3F2DE25302000000
(1786378317.535706) can0 38E#772B004011000000
(1786378317.545224) can0 38E#F92C004011000000
(1786378317.555224) can0 38F#D82EE25302000000
(1786378317.555491) can0 38E#A42D004011000000
(1786378317.565361) can0 38E#432E004011000000
(1786378317.575265) can0 38F#852FE25302000000
(1786378317.575535) can0 38E#1E2F004011000000
(1786378317.585305) can0 38E#4220004011000000
(1786378317.595291) can0 38F#D920E25302000000
(1786378317.595665) can0 38E#1F21004011000000
(1786378317.605287) can0 38E#F822004011000000
(1786378317.615331) can0 38F#8421E25302000000
(1786378317.615661) can0 38E#A523004011000000
(1786378317.625277) can0 38E#2B24004011000000
(1786378317.635265) can0 38F#6322E25302000000
(1786378317.635663) can0 38E#7625004011000000
(1786378317.645336) can0 38E#9126004011000000
(1786378317.655256) can0 38F#3E23E25302000000
(1786378317.655562) can0 38E#CC27004011000000
(1786378317.665272) can0 38E#9028004011000000
(1786378317.675319) can0 38F#B024E25302000000
(1786378317.675631) can0 38E#CD29004011000000
(1786378317.685226) can0 38E#2A2A004011000000
(1786378317.695349) can0 38F#ED25E25302000000
(1786378317.695700) can0 38E#772B004011000000
(1786378317.705214) can0 38E#F92C004011000000
(1786378317.715229) can0 38F#0A26E25302000000
(1786378317.715626) can0 38E#A42D004011000000
(1786378317.725393) can0 38E#432E004011000000
(1786378317.735280) can0 38F#5727E25302000000
(1786378317.735631) can0 38E#1E2F004011000000
(1786378317.745268) can0 38E#4220004011000000
(1786378317.755230) can0 38F#0B28E25302000000
(1786378317.755510) can0 38E#1F21004011000000
(1786378317.765275) can0 38E#F822004011000000
(1786378317.775319) can0 38F#5629E25302000000
(1786378317.775673) can0 38E#A523004011000000
(1786378317.785339) can0 38E#2B24004011000000
(1786378317.795431) can0 38F#B12AE25302000000
(1786378317.795890) can0 38E#7625004011000000
(1786378317.805269) can0 38E#9126004011000000
(1786378317.815327) can0 38F#EC2BE25302000000
(1786378317.815736) can0 38E#CC27004011000000
(1786378317.825319) can0 38E#9028004011000000
(1786378317.835236) can0 38F#622CE25302000000
(1786378317.835595) can0 38E#CD29004011000000
(1786378317.845260) can0 38E#2A2A004011000000
(1786378317.855289) can0 38F#3F2DE25302000000
(1786378317.855537) can0 38E#772B004011000000
(1786378317.865256) can0 38E#F92C004011000000
(1786378317.875164) can0 38F#D82EE25302000000
(1786378317.875376) can0 38E#A42D004011000000
(1786378317.885228) can0 38E#432E004011000000
(1786378317.895223) can0 38F#852FE25302000000
(1786378317.895464) can0 38E#1E2F004011000000
(1786378317.905259) can0 38E#4220004011000000
(1786378317.915240) can0 38F#D920E25302000000
(1786378317.915458) can0 38E#1F21004011000000
(1786378317.925214) can0 38E#F822004011000000
(1786378317.935304) can0 38F#8421E25302000000
(1786378317.935687) can0 38E#A523004011000000
(1786378317.945342) can0 38E#2B24004011000000
(1786378317.955244) can0 38F#6322E25302000000
(1786378317.955566) can0 38E#7625004011000000
(1786378317.965255) can0 38E#9126004011000000
(1786378317.975253) can0 38F#3E23E25302000000
(1786378317.975549) can0 38E#CC27004011000000
(1786378317.985207) can0 38E#9028004011000000
(1786378317.995246) can0 38F#B024E25302000000
(1786378317.995480) can0 38E#CD29004011000000
(1786378318.005218) can0 38E#2A2A004011000000
(1786378318.015362) can0 38F#ED25E25302000000
(1786378318.015795) can0 38E#772B004011000000
(1786378318.025347) can0 38E#F92C004011000000
(1786378318.035269) can0 38F#0A26E25302000000
(1786378318.035572) can0 38E#A42D004011000000
(1786378318.045315) can0 38E#432E004011000000
(1786378318.055304) can0 38F#5727E25302000000
(1786378318.055643) can0 38E#1E2F004011000000
(1786378318.065365) can0 38E#4220004011000000
(1786378318.075228) can0 38F#0B28E25302000000
(1786378318.075528) can0 38E#1F21004011000000
(1786378318.085232) can0 38E#F822004011000000
(1786378318.095316) can0 38F#5629E25302000000
(1786378318.095756) can0 38E#A523004011000000
(1786378318.105299) can0 38E#2B24004011000000
(1786378318.115221) can0 38F#B12AE25302000000
(1786378318.115589) can0 38E#7625004011000000
(1786378318.125279) can0 38E#9126004011000000
(1786378318.135166) can0 38F#EC2BE25302000000
(1786378318.135534) can0 38E#CC27004011000000
(1786378318.145222) can0 38E#9028004011000000
(1786378318.155272) can0 38F#622CE25302000000
(1786378318.155499) can0 38E#CD29004011000000
(1786378318.165145) can0 38E#2A2A004011000000
(1786378318.175214) can0 38F#3F2DE25302000000
(1786378318.175436) can0 38E#772B004011000000
(1786378318.185187) can0 38E#F92C004011000000
(1786378318.195243) can0 38F#D82EE25302000000
(1786378318.195500) can0 38E#A42D004011000000
(1786378318.205247) can0 38E#432E004011000000
(1786378318.215168) can0 38F#852FE25302000000
(1786378318.215424) can0 38E#1E2F004011000000
(1786378318.225263) can0 38E#4220004011000000
(1786378318.235239) can0 38F#D920E25302000000
(1786378318.235634) can0 38E#1F21004011000000
(1786378318.245433) can0 38E#F822004011000000
(1786378318.255316) can0 38F#8421E25302000000
(1786378318.255633) can0 38E#A523004011000000
(1786378318.265316) can0 38E#2B24004011000000
(1786378318.275251) can0 38F#6322E25302000000
(1786378318.275577) can0 38E#7625004011000000
(1786378318.285268) can0 38E#9126004011000000
(1786378318.295361) can0 38F#3E23E25302000000
(1786378318.295814) can0 38E#CC27004011000000
(1786378318.305241) can0 38E#9028004011000000
(1786378318.315156) can0 38F#B024E25302000000
(1786378318.315522) can0 38E#CD29004011000000
(1786378318.325322) can0 38E#2A2A004011000000
(1786378318.335394) can0 38F#ED25E25302000000
(1786378318.335776) can0 38E#772B004011000000
(1786378318.345276) can0 38E#F92C004011000000
(1786378318.355214) can0 38F#0A26E25302000000
(1786378318.355536) can0 38E#A42D004011000000
(1786378318.365208) can0 38E#432E004011000000
(1786378318.375260) can0 38F#5727E25302000000
(1786378318.375543) can0 38E#1E2F004011000000
(1786378318.385191) can0 38E#4220004011000000
(1786378318.395255) can0 38F#0B28E25302000000
(1786378318.395703) can0 38E#1F21004011000000
(1786378318.405286) can0 38E#F822004011000000
(1786378318.415315) can0 38F#5629E25302000000
(1786378318.415733) can0 38E#A523004011000000
(1786378318.425247) can0 38E#2B24004011000000
(1786378318.435376) can0 38F#B12AE25302000000
(1786378318.435784) can0 38E#7625004011000000
(1786378318.445304) can0 38E#9126004011000000
(1786378318.455259) can0 38F#EC2BE25302000000
(1786378318.455614) can0 38E#CC27004011000000
(1786378318.465316) can0 38E#9028004011000000
(1786378318.475378) can0 38F#622CE25302000000
(1786378318.475675) can0 38E#CD29004011000000
(1786378318.485297) can0 38E#2A2A004011000000
(1786378318.495248) can0 38F#3F2DE25302000000
(1786378318.495518) can0 38E#772B004011000000
(1786378318.505248) can0 38E#F92C004011000000
(1786378318.515251) can0 38F#D82EE25302000000
(1786378318.515697) can0 38E#A42D004011000000
(1786378318.525270) can0 38E#432E004011000000
(1786378318.535355) can0 38F#852FE25302000000
(1786378318.535690) can0 38E#1E2F004011000000
(1786378318.545324) can0 38E#4220004011000000
(1786378318.555252) can0 38F#D920E25302000000
(1786378318.555527) can0 38E#1F21004011000000
(1786378318.565288) can0 38E#F822004011000000
(1786378318.575296) can0 38F#8421E25302000000
(1786378318.575593) can0 38E#A523004011000000
(1786378318.585486) can0 38E#2B24004011000000
(1786378318.595248) can0 38F#6322E25302000000
(1786378318.595594) can0 38E#7625004011000000
(1786378318.605268) can0 38E#9126004011000000
(1786378318.615232) can0 38F#3E23E25302000000
(1786378318.615519) can0 38E#CC27004011000000
(1786378318.625219) can0 38E#9028004011000000
(1786378318.635159) can0 38F#B024E25302000000
(1786378318.635453) can0 38E#CD29004011000000
(1786378318.645251) can0 38E#2A2A004011000000
(1786378318.655246) can0 38F#ED25E25302000000
(1786378318.655607) can0 38E#772B004011000000
(1786378318.665305) can0 38E#F92C004011000000
(1786378318.675195) can0 38F#0A26E25302000000
(1786378318.675535) can0 38E#A42D004011000000
(1786378318.685386) can0 38E#432E004011000000
(1786378318.695223) can0 38F#5727E25302000000
(1786378318.695620) can0 38E#1E2F004011000000
(1786378318.705286) can0 38E#4220004011000000
(1786378318.715226) can0 38F#0B28E25302000000
(1786378318.715498) can0 38E#1F21004011000000
(1786378318.725321) can0 38E#F822004011000000
(1786378318.735190) can0 38F#5629E25302000000
(1786378318.735540) can0 38E#A523004011000000
(1786378318.745184) can0 38E#2B24004011000000
(1786378318.755174) can0 38F#B12AE25302000000
(1786378318.755482) can0 38E#7625004011000000
(1786378318.765361) can0 38E#9126004011000000
(1786378318.775234) can0 38F#EC2BE25302000000
(1786378318.775513) can0 38E#CC27004011000000
(1786378318.785215) can0 38E#9028004011000000
(1786378318.795376) can0 38F#622CE25302000000
(1786378318.795760) can0 38E#CD29004011000000
(1786378318.805301) can0 38E#2A2A004011000000
(1786378318.815310) can0 38F#3F2DE25302000000
(1786378318.815662) can0 38E#772B004011000000
(1786378318.825242) can0 38E#F92C004011000000
(1786378318.835200) can0 38F#D82EE25302000000
(1786378318.835566) can0 38E#A42D004011000000
(1786378318.845274) can0 38E#432E004011000000
(1786378318.855344) can0 38F#852FE25302000000
(1786378318.855653) can0 38E#1E2F004011000000
(1786378318.865234) can0 38E#4220004011000000
(1786378318.875202) can0 38F#D920E25302000000
(1786378318.875440) can0 38E#1F21004011000000
(1786378318.885212) can0 38E#F822004011000000
(1786378318.895235) can0 38F#8421E25302000000
(1786378318.895521) can0 38E#A523004011000000
(1786378318.905256) can0 38E#2B24004011000000
(1786378318.915156) can0 38F#6322E25302000000
(1786378318.915439) can0 38E#7625004011000000
(1786378318.925210) can0 38E#9126004011000000
(1786378318.935213) can0 38F#3E23E25302000000
(1786378318.935470) can0 38E#CC27004011000000
(1786378318.945187) can0 38E#9028004011000000
(1786378318.955173) can0 38F#B024E25302000000
(1786378318.955544) can0 38E#CD29004011000000
(1786378318.965355) can0 38E#2A2A004011000000
(1786378318.975296) can0 38F#ED25E25302000000
(1786378318.975623) can0 38E#772B004011000000
(1786378318.985339) can0 38E#F92C004011000000
(1786378318.995241) can0 38F#0A26E25302000000
(1786378318.995571) can0 38E#A42D004011000000
(1786378319.005242) can0 38E#432E004011000000
(1786378319.015270) can0 38F#5727E25302000000
(1786378319.015521) can0 38E#1E2F004011000000
(1786378319.025235) can0 38E#4220004011000000
(1786378319.035204) can0 38F#0B28E25302000000
(1786378319.035541) can0 38E#1F21004011000000
(1786378319.045228) can0 38E#F822004011000000
(1786378319.055229) can0 38F#5629E25302000000
(1786378319.055527) can0 38E#A523004011000000
(1786378319.065228) can0 38E#2B24004011000000
(1786378319.075156) can0 38F#B12AE25302000000
(1786378319.075475) can0 38E#7625004011000000
(1786378319.085266) can0 38E#9126004011000000
(1786378319.095208) can0 38F#EC2BE25302000000
(1786378319.095520) can0 38E#CC27004011000000
(1786378319.105260) can0 38E#9028004011000000
(1786378319.115215) can0 38F#622CE25302000000
(1786378319.115538) can0 38E#CD29004011000000
(1786378319.125255) can0 38E#2A2A004011000000
(1786378319.135324) can0 38F#3F2DE25302000000
(1786378319.135676) can0 38E#772B004011000000
(1786378319.145213) can0 38E#F92C004011000000
(1786378319.155229) can0 38F#D82EE25302000000
(1786378319.155471) can0 38E#A42D004011000000
(1786378319.165306) can0 38E#432E004011000000
(1786378319.175178) can0 38F#852FE25302000000
(1786378319.175437) can0 38E#1E2F004011000000
(1786378319.185235) can0 38E#4220004011000000
(1786378319.195255) can0 38F#D920E25302000000
(1786378319.195549) can0 38E#1F21004011000000
(1786378319.205240) can0 38E#F822004011000000
(1786378319.215227) can0 38F#8421E25302000000
(1786378319.215508) can0 38E#A523004011000000
(1786378319.225344) can0 38E#2B24004011000000
(1786378319.235331) can0 38F#6322E25302000000
(1786378319.235671) can0 38E#7625004011000000
(1786378319.245246) can0 38E#9126004011000000
(1786378319.255210) can0 38F#3E23E25302000000
(1786378319.255500) can0 38E#CC27004011000000
(1786378319.265303) can0 38E#9028004011000000
(1786378319.275198) can0 38F#B024E25302000000
(1786378319.275433) can0 38E#CD29004011000000
(1786378319.285236) can0 38E#2A2A004011000000
(1786378319.295354) can0 38F#ED25E25302000000
(1786378319.295735) can0 38E#772B004011000000
(1786378319.305200) can0 38E#F92C004011000000
(1786378319.315169) can0 38F#0A26E25302000000
(1786378319.315430) can0 38E#A42D004011000000
(1786378319.325244) can0 38E#432E004011000000
(1786378319.335205) can0 38F#5727E25302000000
(1786378319.335469) can0 38E#1E2F004011000000
(1786378319.345220) can0 38E#4220004011000000
(1786378319.355245) can0 38F#0B28E25302000000
(1786378319.355584) can0 38E#1F21004011000000
(1786378319.365198) can0 38E#F822004011000000
(1786378319.375139) can0 38F#5629E25302000000
(1786378319.375391) can0 38E#A523004011000000
(1786378319.385244) can0 38E#2B24004011000000
(1786378319.395278) can0 38F#B12AE25302000000
(1786378319.395675) can0 38E#7625004011000000
(1786378319.405270) can0 38E#9126004011000000
(1786378319.415246) can0 38F#EC2BE25302000000
(1786378319.415486) can0 38E#CC27004011000000
(1786378319.425205) can0 38E#9028004011000000
(1786378319.435193) can0 38F#622CE25302000000
(1786378319.435488) can0 38E#CD29004011000000
(1786378319.445266) can0 38E#2A2A004011000000
(1786378319.455267) can0 38F#3F2DE25302000000
(1786378319.455551) can0 38E#772B004011000000
(1786378319.465195) can0 38E#F92C004011000000
(1786378319.475205) can0 38F#D82EE25302000000
(1786378319.475497) can0 38E#A42D004011000000
(1786378319.485259) can0 38E#432E004011000000
(1786378319.495264) can0 38F#852FE25302000000
(1786378319.495584) can0 38E#1E2F004011000000
(1786378319.505219) can0 38E#4220004011000000
(1786378319.515199) can0 38F#D920E25302000000
(1786378319.515433) can0 38E#1F21004011000000
(1786378319.525176) can0 38E#F822004011000000
(1786378319.535126) can0 38F#8421E25302000000
(1786378319.535397) can0 38E#A523004011000000
(1786378319.545208) can0 38E#2B24004011000000
(1786378319.555136) can0 38F#6322E25302000000
(1786378319.555443) can0 38E#7625004011000000
(1786378319.565236) can0 38E#9126004011000000
(1786378319.575307) can0 38F#3E23E25302000000
(1786378319.575611) can0 38E#CC27004011000000
(1786378319.585300) can0 38E#9028004011000000
(1786378319.595299) can0 38F#B024E25302000000
(1786378319.595668) can0 38E#CD29004011000000
(1786378319.605204) can0 38E#2A2A004011000000
(1786378319.615218) can0 38F#ED25E25302000000
(1786378319.615522) can0 38E#772B004011000000
(1786378319.625224) can0 38E#F92C004011000000
(1786378319.635198) can0 38F#0A26E25302000000
(1786378319.635555) can0 38E#A42D004011000000
(1786378319.645249) can0 38E#432E004011000000
(1786378319.655296) can0 38F#5727E25302000000
(1786378319.655795) can0 38E#1E2F004011000000
(1786378319.665396) can0 38E#4220004011000000
(1786378319.675230) can0 38F#0B28E25302000000
(1786378319.675517) can0 38E#1F21004011000000
(1786378319.685294) can0 38E#F822004011000000
(1786378319.695214) can0 38F#5629E25302000000
(1786378319.695496) can0 38E#A523004011000000
(1786378319.705210) can0 38E#2B24004011000000
(1786378319.715303) can0 38F#B12AE25302000000
(1786378319.715722) can0 38E#7625004011000000
(1786378319.725264) can0 38E#9126004011000000
(1786378319.735250) can0 38F#EC2BE25302000000
(1786378319.735576) can0 38E#CC27004011000000
(1786378319.745222) can0 38E#9028004011000000
(1786378319.755197) can0 38F#622CE25302000000
(1786378319.755519) can0 38E#CD29004011000000
(1786378319.765180) can0 38E#2A2A004011000000
(1786378319.775244) can0 38F#3F2DE25302000000
(1786378319.775530) can0 38E#772B004011000000
(1786378319.785208) can0 38E#F92C004011000000
(1786378319.795251) can0 38F#D82EE25302000000
(1786378319.795613) can0 38E#A42D004011000000
(1786378319.805237) can0 38E#432E004011000000
(1786378319.815143) can0 38F#852FE25302000000
(1786378319.815395) can0 38E#1E2F004011000000
(1786378319.825242) can0 38E#4220004011000000
(1786378319.835239) can0 38F#D920E25302000000
(1786378319.835568) can0 38E#1F21004011000000
(1786378319.845261) can0 38E#F822004011000000
(1786378319.855193) can0 38F#8421E25302000000
(1786378319.855465) can0 38E#A523004011000000
(1786378319.865233) can0 38E#2B24004011000000
(1786378319.875324) can0 38F#6322E25302000000
(1786378319.875610) can0 38E#7625004011000000
(1786378319.885193) can0 38E#9126004011000000
(1786378319.895198) can0 38F#3E23E25302000000
(1786378319.895432) can0 38E#CC27004011000000
(1786378319.905208) can0 38E#9028004011000000
(1786378319.915138) can0 38F#B024E25302000000
(1786378319.915344) can0 38E#CD29004011000000
(1786378319.925243) can0 38E#2A2A004011000000
(1786378319.935220) can0 38F#ED25E25302000000
(1786378319.935584) can0 38E#772B004011000000
(1786378319.945266) can0 38E#F92C004011000000
(1786378319.955140) can0 38F#0A26E25302000000
(1786378319.955447) can0 38E#A42D004011000000
(1786378319.965166) can0 38E#432E004011000000
(1786378319.975234) can0 38F#5727E25302000000
(1786378319.975459) can0 38E#1E2F004011000000
(1786378319.985120) can0 38E#4220004011000000
(1786378319.995204) can0 38F#0B28E25302000000
(1786378319.995440) can0 38E#1F21004011000000
(1786378320.005243) can0 38E#F822004011000000
(1786378320.015293) can0 38F#5629E25302000000
(1786378320.015624) can0 38E#A523004011000000
(1786378320.025125) can0 38E#2B24004011000000
(1786378320.035163) can0 38F#B12AE25302000000
(1786378320.035398) can0 38E#7625004011000000
(1786378320.045211) can0 38E#9126004011000000
(1786378320.055195) can0 38F#EC2BE25302000000
(1786378320.055433) can0 38E#CC27004011000000
(1786378320.065335) can0 38E#9028004011000000
(1786378320.075181) can0 38F#622CE25302000000
(1786378320.075454) can0 38E#CD29004011000000
(1786378320.085230) can0 38E#2A2A004011000000
(1786378320.095278) can0 38F#3F2DE25302000000
(1786378320.095544) can0 38E#772B004011000000
(1786378320.105195) can0 38E#F92C004011000000
(1786378320.115183) can0 38F#D82EE25302000000
(1786378320.115682) can0 38E#A42D004011000000
(1786378320.125178) can0 38E#432E004011000000
(1786378320.135184) can0 38F#852FE25302000000
(1786378320.135524) can0 38E#1E2F004011000000
(1786378320.145200) can0 38E#4220004011000000
(1786378320.155134) can0 38F#D920E25302000000
(1786378320.155396) can0 38E#1F21004011000000
(1786378320.165381) can0 38E#F822004011000000
(1786378320.175313) can0 38F#8421E25302000000
(1786378320.175703) can0 38E#A523004011000000
(1786378320.185326) can0 38E#2B24004011000000
(1786378320.195213) can0 38F#6322E25302000000
(1786378320.195507) can0 38E#7625004011000000
(1786378320.205186) can0 38E#9126004011000000
(1786378320.215293) can0 38F#3E23E25302000000
(1786378320.215686) can0 38E#CC27004011000000
(1786378320.225233) can0 38E#9028004011000000
(1786378320.235201) can0 38F#B024E25302000000
(1786378320.235639) can0 38E#CD29004011000000
(1786378320.245186) can0 38E#2A2A004011000000
(1786378320.255271) can0 38F#ED25E25302000000
(1786378320.255517) can0 38E#772B004011000000
(1786378320.265331) can0 38E#F92C004011000000
(1786378320.275295) can0 38F#0A26E25302000000
(1786378320.275697) can0 38E#A42D004011000000
(1786378320.285295) can0 38E#432E004011000000
(1786378320.295267) can0 38F#5727E25302000000
(1786378320.295608) can0 38E#1E2F004011000000
(1786378320.305269) can0 38E#4220004011000000
(1786378320.315199) can0 38F#0B28E25302000000
(1786378320.315488) can0 38E#1F21004011000000
(1786378320.325238) can0 38E#F822004011000000
(1786378320.335155) can0 38F#5629E25302000000
(1786378320.335385) can0 38E#A523004011000000
(1786378320.345209) can0 38E#2B24004011000000
(1786378320.355227) can0 38F#B12AE25302000000
(1786378320.355484) can0 38E#7625004011000000
(1786378320.365188) can0 38E#9126004011000000
(1786378320.375262) can0 38F#EC2BE25302000000
(1786378320.375552) can0 38E#CC27004011000000
(1786378320.385202) can0 38E#9028004011000000
(1786378320.395161) can0 38F#622CE25302000000
(1786378320.395374) can0 38E#CD29004011000000
(1786378320.405265) can0 38E#2A2A004011000000
(1786378320.415186) can0 38F#3F2DE25302000000
(1786378320.415474) can0 38E#772B004011000000
(1786378320.425227) can0 38E#F92C004011000000
(1786378320.435219) can0 38F#D82EE25302000000
(1786378320.435588) can0 38E#A42D004011000000
(1786378320.445357) can0 38E#432E004011000000
(1786378320.455185) can0 38F#852FE25302000000
(1786378320.455494) can0 38E#1E2F004011000000
(1786378320.465181) can0 38E#4220004011000000
(1786378320.475180) can0 38F#D920E25302000000
(1786378320.475430) can0 38E#1F21004011000000
(1786378320.485230) can0 38E#F822004011000000
(1786378320.495191) can0 38F#8421E25302000000
(1786378320.495448) can0 38E#A523004011000000
(1786378320.505149) can0 38E#2B24004011000000
(1786378320.515242) can0 38F#6322E25302000000
(1786378320.515610) can0 38E#7625004011000000
(1786378320.525301) can0 38E#9126004011000000
(1786378320.535379) can0 38F#3E23E25302000000
(1786378320.535760) can0 38E#CC27004011000000
(1786378320.545184) can0 38E#9028004011000000
(1786378320.555220) can0 38F#B024E25302000000
(1786378320.555476) can0 38E#CD29004011000000
(1786378320.565217) can0 38E#2A2A004011000000
(1786378320.575312) can0 38F#ED25E25302000000
(1786378320.575721) can0 38E#772B004011000000
(1786378320.585298) can0 38E#F92C004011000000
(1786378320.595218) can0 38F#0A26E25302000000
(1786378320.595660) can0 38E#A42D004011000000
(1786378320.605182) can0 38E#432E004011000000
(1786378320.615260) can0 38F#5727E25302000000
(1786378320.615639) can0 38E#1E2F004011000000
(1786378320.625211) can0 38E#4220004011000000
(1786378320.635175) can0 38F#0B28E25302000000
(1786378320.635486) can0 38E#1F21004011000000
(1786378320.645497) can0 38E#F822004011000000
(1786378320.655203) can0 38F#5629E25302000000
(1786378320.655538) can0 38E#A523004011000000
(1786378320.665215) can0 38E#2B24004011000000
(1786378320.675172) can0 38F#B12AE25302000000
(1786378320.675476) can0 38E#7625004011000000
(1786378320.685282) can0 38E#9126004011000000
(1786378320.695286) can0 38F#EC2BE25302000000
(1786378320.695645) can0 38E#CC27004011000000
(1786378320.705223) can0 38E#9028004011000000
(1786378320.715164) can0 38F#622CE25302000000
(1786378320.715483) can0 38E#CD29004011000000
(1786378320.725173) can0 38E#2A2A004011000000
(1786378320.735210) can0 38F#3F2DE25302000000
(1786378320.735513) can0 38E#772B004011000000
(1786378320.745145) can0 38E#F92C004011000000
(1786378320.755144) can0 38F#D82EE25302000000
(1786378320.755358) can0 38E#A42D004011000000
(1786378320.765147) can0 38E#432E004011000000
(1786378320.775198) can0 38F#852FE25302000000
(1786378320.775449) can0 38E#1E2F004011000000
(1786378320.785218) can0 38E#4220004011000000
(1786378320.795174) can0 38F#D920E25302000000
(1786378320.795512) can0 38E#1F21004011000000
(1786378320.805251) can0 38E#F822004011000000
(1786378320.815216) can0 38F#8421E25302000000
(1786378320.815624) can0 38E#A523004011000000
(1786378320.825189) can0 38E#2B24004011000000
(1786378320.835198) can0 38F#6322E25302000000
(1786378320.835514) can0 38E#7625004011000000
(1786378320.845307) can0 38E#9126004011000000
(1786378320.855199) can0 38F#3E23E25302000000
(1786378320.855468) can0 38E#CC27004011000000
(1786378320.865153) can0 38E#9028004011000000
(1786378320.875197) can0 38F#B024E25302000000
(1786378320.875440) can0 38E#CD29004011000000
(1786378320.885060) can0 38E#2A2A004011000000
(1786378320.895154) can0 38F#ED25E25302000000
(1786378320.895372) can0 38E#772B004011000000
(1786378320.905198) can0 38E#F92C004011000000
(1786378320.915209) can0 38F#0A26E25302000000
(1786378320.915545) can0 38E#A42D004011000000
(1786378320.925218) can0 38E#432E004011000000
(1786378320.935216) can0 38F#5727E25302000000
(1786378320.935549) can0 38E#1E2F004011000000
(1786378320.945313) can0 38E#4220004011000000
(1786378320.955207) can0 38F#0B28E25302000000
(1786378320.955488) can0 38E#1F21004011000000
(1786378320.965266) can0 38E#F822004011000000
(1786378320.975203) can0 38F#5629E25302000000
(1786378320.975472) can0 38E#A523004011000000
(1786378320.985121) can0 38E#2B24004011000000
(1786378320.995157) can0 38F#B12AE25302000000
(1786378320.995365) can0 38E#7625004011000000
(1786378321.005202) can0 38E#9126004011000000
(1786378321.015296) can0 38F#EC2BE25302000000
(1786378321.015740) can0 38E#CC27004011000000
(1786378321.025178) can0 38E#9028004011000000
(1786378321.035225) can0 38F#622CE25302000000
(1786378321.035581) can0 38E#CD29004011000000
(1786378321.045395) can0 38E#2A2A004011000000
(1786378321.055310) can0 38F#3F2DE25302000000
(1786378321.055643) can0 38E#772B004011000000
(1786378321.065123) can0 38E#F92C004011000000
(1786378321.075159) can0 38F#D82EE25302000000
(1786378321.075474) can0 38E#A42D004011000000
(1786378321.085157) can0 38E#432E004011000000
(1786378321.095114) can0 38F#852FE25302000000
(1786378321.095363) can0 38E#1E2F004011000000
(1786378321.105096) can0 38E#4220004011000000
(1786378321.115209) can0 38F#D920E25302000000
(1786378321.115424) can0 38E#1F21004011000000
(1786378321.125190) can0 38E#F822004011000000
(1786378321.135179) can0 38F#8421E25302000000
(1786378321.135476) can0 38E#A523004011000000
(1786378321.145139) can0 38E#2B24004011000000
(1786378321.155170) can0 38F#6322E25302000000
(1786378321.155412) can0 38E#7625004011000000
(1786378321.165396) can0 38E#9126004011000000
(1786378321.175402) can0 38F#3E23E25302000000
(1786378321.175746) can0 38E#CC27004011000000
(1786378321.185241) can0 38E#9028004011000000
(1786378321.195224) can0 38F#B024E25302000000
(1786378321.195591) can0 38E#CD29004011000000
(1786378321.205260) can0 38E#2A2A004011000000
(1786378321.215253) can0 38F#ED25E25302000000
(1786378321.215660) can0 38E#772B004011000000
(1786378321.225205) can0 38E#F92C004011000000
(1786378321.235293) can0 38F#0A26E25302000000
(1786378321.235680) can0 38E#A42D004011000000
(1786378321.245197) can0 38E#432E004011000000
(1786378321.255176) can0 38F#5727E25302000000
(1786378321.255484) can0 38E#1E2F004011000000
(1786378321.265157) can0 38E#4220004011000000
(1786378321.275145) can0 38F#0B28E25302000000
(1786378321.275361) can0 38E#1F21004011000000
(1786378321.285104) can0 38E#F822004011000000
(1786378321.295194) can0 38F#5629E25302000000
(1786378321.295431) can0 38E#A523004011000000
(1786378321.305199) can0 38E#2B24004011000000
(1786378321.315094) can0 38F#B12AE25302000000
(1786378321.315334) can0 38E#7625004011000000
(1786378321.325155) can0 38E#9126004011000000
(1786378321.335243) can0 38F#EC2BE25302000000
(1786378321.335533) can0 38E#CC27004011000000
(1786378321.345242) can0 38E#9028004011000000
(1786378321.355141) can0 38F#622CE25302000000
(1786378321.355486) can0 38E#CD29004011000000
(1786378321.365126) can0 38E#2A2A004011000000
(1786378321.375193) can0 38F#3F2DE25302000000
(1786378321.375461) can0 38E#772B004011000000
(1786378321.385206) can0 38E#F92C004011000000
(1786378321.395123) can0 38F#D82EE25302000000
(1786378321.395383) can0 38E#A42D004011000000
(1786378321.405260) can0 38E#432E004011000000
(1786378321.415120) can0 38F#852FE25302000000
(1786378321.415386) can0 38E#1E2F004011000000
(1786378321.425207) can0 38E#4220004011000000
(1786378321.435181) can0 38F#D920E25302000000
(1786378321.435420) can0 38E#1F21004011000000
(1786378321.445186) can0 38E#F822004011000000
(1786378321.455233) can0 38F#8421E25302000000
(1786378321.455541) can0 38E#A523004011000000
(1786378321.465290) can0 38E#2B24004011000000
(1786378321.475195) can0 38F#6322E25302000000
(1786378321.475418) can0 38E#7625004011000000
(1786378321.485386) can0 38E#9126004011000000
(1786378321.495420) can0 38F#3E23E25302000000
(1786378321.495811) can0 38E#CC27004011000000
(1786378321.505233) can0 38E#9028004011000000
(1786378321.515206) can0 38F#B024E25302000000
(1786378321.515608) can0 38E#CD29004011000000
(1786378321.525174) can0 38E#2A2A004011000000
(1786378321.535288) can0 38F#ED25E25302000000
(1786378321.535708) can0 38E#772B004011000000
(1786378321.545250) can0 38E#F92C004011000000
(1786378321.555150) can0 38F#0A26E25302000000
(1786378321.555442) can0 38E#A42D004011000000
(1786378321.565300) can0 38E#432E004011000000
(1786378321.575148) can0 38F#5727E25302000000
(1786378321.575416) can0 38E#1E2F004011000000
(1786378321.585304) can0 38E#4220004011000000
(1786378321.595268) can0 38F#0B28E25302000000
(1786378321.595648) can0 38E#1F21004011000000
(1786378321.605200) can0 38E#F822004011000000
(1786378321.615219) can0 38F#5629E25302000000
(1786378321.615588) can0 38E#A523004011000000
(1786378321.625205) can0 38E#2B24004011000000
(1786378321.635174) can0 38F#B12AE25302000000
(1786378321.635481) can0 38E#7625004011000000
(1786378321.645190) can0 38E#9126004011000000
(1786378321.655180) can0 38F#EC2BE25302000000
(1786378321.655521) can0 38E#CC27004011000000
(1786378321.665270) can0 38E#9028004011000000
(1786378321.675122) can0 38F#622CE25302000000
(1786378321.675432) can0 38E#CD29004011000000
(1786378321.685163) can0 38E#2A2A004011000000
(1786378321.695155) can0 38F#3F2DE25302000000
(1786378321.695432) can0 38E#772B004011000000
(1786378321.705141) can0 38E#F92C004011000000
(1786378321.715212) can0 38F#D82EE25302000000
(1786378321.715567) can0 38E#A42D004011000000
(1786378321.725256) can0 38E#432E004011000000
(1786378321.735233) can0 38F#852FE25302000000
(1786378321.735629) can0 38E#1E2F004011000000
(1786378321.745164) can0 38E#4220004011000000
(1786378321.755172) can0 38F#D920E25302000000
(1786378321.755567) can0 38E#1F21004011000000
(1786378321.765318) can0 38E#F822004011000000
(1786378321.775264) can0 38F#8421E25302000000
(1786378321.775582) can0 38E#A523004011000000
(1786378321.785307) can0 38E#2B24004011000000
(1786378321.795198) can0 38F#6322E25302000000
(1786378321.795503) can0 38E#7625004011000000
(1786378321.805194) can0 38E#9126004011000000
(1786378321.815216) can0 38F#3E23E25302000000
(1786378321.815500) can0 38E#CC27004011000000
(1786378321.825145) can0 38E#9028004011000000
(1786378321.835094) can0 38F#B024E25302000000
(1786378321.835354) can0 38E#CD29004011000000
(1786378321.845193) can0 38E#2A2A004011000000
(1786378321.855240) can0 38F#ED25E25302000000
(1786378321.855595) can0 38E#772B004011000000
(1786378321.865284) can0 38E#F92C004011000000
(1786378321.875143) can0 38F#0A26E25302000000
(1786378321.875414) can0 38E#A42D004011000000
(1786378321.885132) can0 38E#432E004011000000
(1786378321.895138) can0 38F#5727E25302000000
(1786378321.895383) can0 38E#1E2F004011000000
(1786378321.905152) can0 38E#4220004011000000
(1786378321.915282) can0 38F#0B28E25302000000
(1786378321.915709) can0 38E#1F21004011000000
(1786378321.925203) can0 38E#F822004011000000
(1786378321.935248) can0 38F#5629E25302000000
(1786378321.935549) can0 38E#A523004011000000
(1786378321.945151) can0 38E#2B24004011000000
(1786378321.955094) can0 38F#B12AE25302000000
(1786378321.955379) can0 38E#7625004011000000
(1786378321.965195) can0 38E#9126004011000000
(1786378321.975217) can0 38F#EC2BE25302000000
(1786378321.975474) can0 38E#CC27004011000000
(1786378321.985152) can0 38E#9028004011000000
(1786378321.995178) can0 38F#622CE25302000000
(1786378321.995414) can0 38E#CD29004011000000
(1786378322.005152) can0 38E#2A2A004011000000
(1786378322.015183) can0 38F#3F2DE25302000000
(1786378322.015504) can0 38E#772B004011000000
(1786378322.025234) can0 38E#F92C004011000000
(1786378322.035285) can0 38F#D82EE25302000000
(1786378322.035578) can0 38E#A42D004011000000
(1786378322.045239) can0 38E#432E004011000000
(1786378322.055209) can0 38F#852FE25302000000
(1786378322.055494) can0 38E#1E2F004011000000
(1786378322.065248) can0 38E#4220004011000000
(1786378322.075166) can0 38F#D920E25302000000
(1786378322.075415) can0 38E#1F21004011000000
(1786378322.085163) can0 38E#F822004011000000
(1786378322.095247) can0 38F#8421E25302000000
(1786378322.095576) can0 38E#A523004011000000
(1786378322.105131) can0 38E#2B24004011000000
(1786378322.115152) can0 38F#6322E25302000000
(1786378322.115441) can0 38E#7625004011000000
(1786378322.125309) can0 38E#9126004011000000
(1786378322.135144) can0 38F#3E23E25302000000
(1786378322.135491) can0 38E#CC27004011000000
(1786378322.145184) can0 38E#9028004011000000
(1786378322.155145) can0 38F#B024E25302000000
(1786378322.155447) can0 38E#CD29004011000000
(1786378322.165265) can0 38E#2A2A004011000000
(1786378322.175128) can0 38F#ED25E25302000000
(1786378322.175399) can0 38E#772B004011000000
(1786378322.185106) can0 38E#F92C004011000000
(1786378322.195149) can0 38F#0A26E25302000000
(1786378322.195503) can0 38E#A42D004011000000
(1786378322.205183) can0 38E#432E004011000000
(1786378322.215111) can0 38F#5727E25302000000
(1786378322.215325) can0 38E#1E2F004011000000
(1786378322.225147) can0 38E#4220004011000000
(1786378322.235132) can0 38F#0B28E25302000000
(1786378322.235437) can0 38E#1F21004011000000
(1786378322.245255) can0 38E#F822004011000000
(1786378322.255188) can0 38F#5629E25302000000
(1786378322.255446) can0 38E#A523004011000000
(1786378322.265081) can0 38E#2B24004011000000
(1786378322.275138) can0 38F#B12AE25302000000
(1786378322.275390) can0 38E#7625004011000000
(1786378322.285169) can0 38E#9126004011000000
(1786378322.295255) can0 38F#EC2BE25302000000
(1786378322.295648) can0 38E#CC27004011000000
(1786378322.305193) can0 38E#9028004011000000
(1786378322.315192) can0 38F#622CE25302000000
(1786378322.315475) can0 38E#CD29004011000000
(1786378322.325175) can0 38E#2A2A004011000000
(1786378322.335140) can0 38F#3F2DE25302000000
(1786378322.335403) can0 38E#772B004011000000
(1786378322.345226) can0 38E#F92C004011000000
(1786378322.355192) can0 38F#D82EE25302000000
(1786378322.355537) can0 38E#A42D004011000000
(1786378322.365332) can0 38E#432E004011000000
(1786378322.375162) can0 38F#852FE25302000000
(1786378322.375443) can0 38E#1E2F004011000000
(1786378322.385106) can0 38E#4220004011000000
(1786378322.395167) can0 38F#D920E25302000000
(1786378322.395496) can0 38E#1F21004011000000
(1786378322.405274) can0 38E#F822004011000000
(1786378322.415276) can0 38F#8421E25302000000
(1786378322.415720) can0 38E#A523004011000000
(1786378322.425217) can0 38E#2B24004011000000
(1786378322.435193) can0 38F#6322E25302000000
(1786378322.435620) can0 38E#7625004011000000
(1786378322.445159) can0 38E#9126004011000000
(1786378322.455183) can0 38F#3E23E25302000000
(1786378322.455424) can0 38E#CC27004011000000
(1786378322.465207) can0 38E#9028004011000000
(1786378322.475165) can0 38F#B024E25302000000
(1786378322.475417) can0 38E#CD29004011000000
(1786378322.485273) can0 38E#2A2A004011000000
(1786378322.495217) can0 38F#ED25E25302000000
(1786378322.495535) can0 38E#772B004011000000
(1786378322.505148) can0 38E#F92C004011000000
(1786378322.515118) can0 38F#0A26E25302000000
(1786378322.515402) can0 38E#A42D004011000000
(1786378322.525191) can0 38E#432E004011000000
(1786378322.535146) can0 38F#5727E25302000000
(1786378322.535519) can0 38E#1E2F004011000000
(1786378322.545173) can0 38E#4220004011000000
(1786378322.555166) can0 38F#0B28E25302000000
(1786378322.555616) can0 38E#1F21004011000000
(1786378322.565190) can0 38E#F822004011000000
(1786378322.575164) can0 38F#5629E25302000000
(1786378322.575415) can0 38E#A523004011000000
(1786378322.585142) can0 38E#2B24004011000000
(1786378322.595202) can0 38F#B12AE25302000000
(1786378322.595424) can0 38E#7625004011000000
(1786378322.605089) can0 38E#9126004011000000
(1786378322.615231) can0 38F#EC2BE25302000000
(1786378322.615675) can0 38E#CC27004011000000
(1786378322.625246) can0 38E#9028004011000000
(1786378322.635216) can0 38F#622CE25302000000
(1786378322.635629) can0 38E#CD29004011000000
(1786378322.645170) can0 38E#2A2A004011000000
(1786378322.655174) can0 38F#3F2DE25302000000
(1786378322.655452) can0 38E#772B004011000000
(1786378322.665121) can0 38E#F92C004011000000
(1786378322.675175) can0 38F#D82EE25302000000
(1786378322.675506) can0 38E#A42D004011000000
(1786378322.685205) can0 38E#432E004011000000
(1786378322.695158) can0 38F#852FE25302000000
(1786378322.695492) can0 38E#1E2F004011000000
(1786378322.705109) can0 38E#4220004011000000
(1786378322.715237) can0 38F#D920E25302000000
(1786378322.715657) can0 38E#1F21004011000000
(1786378322.725270) can0 38E#F822004011000000
(1786378322.735160) can0 38F#8421E25302000000
(1786378322.735493) can0 38E#A523004011000000
(1786378322.745126) can0 38E#2B24004011000000
(1786378322.755155) can0 38F#6322E25302000000
(1786378322.755435) can0 38E#7625004011000000
(1786378322.765263) can0 38E#9126004011000000
(1786378322.775168) can0 38F#3E23E25302000000
(1786378322.775460) can0 38E#CC27004011000000
(1786378322.785124) can0 38E#9028004011000000
(1786378322.795144) can0 38F#B024E25302000000
(1786378322.795361) can0 38E#CD29004011000000
(1786378322.805134) can0 38E#2A2A004011000000
(1786378322.815098) can0 38F#ED25E25302000000
(1786378322.815339) can0 38E#772B004011000000
(1786378322.825131) can0 38E#F92C004011000000
(1786378322.835255) can0 38F#0A26E25302000000
(1786378322.835578) can0 38E#A42D004011000000
(1786378322.845129) can0 38E#432E004011000000
(1786378322.855158) can0 38F#5727E25302000000
(1786378322.855412) can0 38E#1E2F004011000000
(1786378322.865123) can0 38E#4220004011000000
(1786378322.875114) can0 38F#0B28E25302000000
(1786378322.875385) can0 38E#1F21004011000000
(1786378322.885147) can0 38E#F822004011000000
(1786378322.895186) can0 38F#5629E25302000000
(1786378322.895512) can0 38E#A523004011000000
(1786378322.905114) can0 38E#2B24004011000000
(1786378322.915143) can0 38F#B12AE25302000000
(1786378322.915426) can0 38E#7625004011000000
(1786378322.925171) can0 38E#9126004011000000
(1786378322.935179) can0 38F#EC2BE25302000000
(1786378322.935567) can0 38E#CC27004011000000
(1786378322.945199) can0 38E#9028004011000000
(1786378322.955175) can0 38F#622CE25302000000
(1786378322.955518) can0 38E#CD29004011000000
(1786378322.965167) can0 38E#2A2A004011000000
(1786378322.975148) can0 38F#3F2DE25302000000
(1786378322.975416) can0 38E#772B004011000000
(1786378322.985173) can0 38E#F92C004011000000
(1786378322.995127) can0 38F#D82EE25302000000
(1786378322.995410) can0 38E#A42D004011000000
(1786378323.005173) can0 38E#432E004011000000
(1786378323.015179) can0 38F#852FE25302000000
(1786378323.015438) can0 38E#1E2F004011000000
(1786378323.025226) can0 38E#4220004011000000
(1786378323.035154) can0 38F#D920E25302000000
(1786378323.035593) can0 38E#1F21004011000000
(1786378323.045137) can0 38E#F822004011000000
(1786378323.055186) can0 38F#8421E25302000000
(1786378323.055519) can0 38E#A523004011000000
(1786378323.065215) can0 38E#2B24004011000000
(1786378323.075159) can0 38F#6322E25302000000
(1786378323.075502) can0 38E#7625004011000000
(1786378323.085097) can0 38E#9126004011000000
(1786378323.095208) can0 38F#3E23E25302000000
(1786378323.095493) can0 38E#CC27004011000000
(1786378323.105210) can0 38E#9028004011000000
(1786378323.115108) can0 38F#B024E25302000000
(1786378323.115423) can0 38E#CD29004011000000
(1786378323.125118) can0 38E#2A2A004011000000
(1786378323.135201) can0 38F#ED25E25302000000
(1786378323.135567) can0 38E#772B004011000000
(1786378323.145175) can0 38E#F92C004011000000
(1786378323.155194) can0 38F#0A26E25302000000
(1786378323.155457) can0 38E#A42D004011000000
(1786378323.165197) can0 38E#432E004011000000
(1786378323.175116) can0 38F#5727E25302000000
(1786378323.175376) can0 38E#1E2F004011000000
(1786378323.185062) can0 38E#4220004011000000
(1786378323.195177) can0 38F#0B28E25302000000
(1786378323.195478) can0 38E#1F21004011000000
(1786378323.205214) can0 38E#F822004011000000
(1786378323.215231) can0 38F#5629E25302000000
(1786378323.215764) can0 38E#A523004011000000
(1786378323.225221) can0 38E#2B24004011000000
(1786378323.235218) can0 38F#B12AE25302000000
(1786378323.235624) can0 38E#7625004011000000
(1786378323.245163) can0 38E#9126004011000000
(1786378323.255140) can0 38F#EC2BE25302000000
(1786378323.255463) can0 38E#CC27004011000000
(1786378323.265157) can0 38E#9028004011000000
(1786378323.275160) can0 38F#622CE25302000000
(1786378323.275414) can0 38E#CD29004011000000
(1786378323.285117) can0 38E#2A2A004011000000
(1786378323.295119) can0 38F#3F2DE25302000000
(1786378323.295367) can0 38E#772B004011000000
(1786378323.305146) can0 38E#F92C004011000000
(1786378323.315188) can0 38F#D82EE25302000000
(1786378323.315428) can0 38E#A42D004011000000
(1786378323.325143) can0 38E#432E004011000000
(1786378323.335041) can0 38F#852FE25302000000
(1786378323.335363) can0 38E#1E2F004011000000
(1786378323.345132) can0 38E#4220004011000000
(1786378323.355155) can0 38F#D920E25302000000
(1786378323.355467) can0 38E#1F21004011000000
(1786378323.365119) can0 38E#F822004011000000
(1786378323.375126) can0 38F#8421E25302000000
(1786378323.375407) can0 38E#A523004011000000
(1786378323.385287) can0 38E#2B24004011000000
(1786378323.395072) can0 38F#6322E25302000000
(1786378323.395351) can0 38E#7625004011000000
(1786378323.405100) can0 38E#9126004011000000
(1786378323.415231) can0 38F#3E23E25302000000
(1786378323.415541) can0 38E#CC27004011000000
(1786378323.425106) can0 38E#9028004011000000
(1786378323.435111) can0 38F#B024E25302000000
(1786378323.435410) can0 38E#CD29004011000000
(1786378323.445152) can0 38E#2A2A004011000000
(1786378323.455135) can0 38F#ED25E25302000000
(1786378323.455372) can0 38E#772B004011000000
(1786378323.465200) can0 38E#F92C004011000000
(1786378323.475092) can0 38F#0A26E25302000000
(1786378323.475402) can0 38E#A42D004011000000
(1786378323.485268) can0 38E#432E004011000000
(1786378323.495189) can0 38F#5727E25302000000
(1786378323.495483) can0 38E#1E2F004011000000
(1786378323.505172) can0 38E#4220004011000000
(1786378323.515141) can0 38F#0B28E25302000000
(1786378323.515433) can0 38E#1F21004011000000
(1786378323.525176) can0 38E#F822004011000000
(1786378323.535276) can0 38F#5629E25302000000
(1786378323.535614) can0 38E#A523004011000000
(1786378323.545164) can0 38E#2B24004011000000
(1786378323.555102) can0 38F#B12AE25302000000
(1786378323.555305) can0 38E#7625004011000000
(1786378323.565041) can0 38E#9126004011000000
(1786378323.575108) can0 38F#EC2BE25302000000
(1786378323.575394) can0 38E#CC27004011000000
(1786378323.585095) can0 38E#9028004011000000
(1786378323.595145) can0 38F#622CE25302000000
(1786378323.595358) can0 38E#CD29004011000000
(1786378323.605123) can0 38E#2A2A004011000000
(1786378323.615066) can0 38F#3F2DE25302000000
(1786378323.615282) can0 38E#772B004011000000
(1786378323.625091) can0 38E#F92C004011000000
(1786378323.635242) can0 38F#D82EE25302000000
(1786378323.635639) can0 38E#A42D004011000000
(1786378323.645196) can0 38E#432E004011000000
(1786378323.655179) can0 38F#852FE25302000000
(1786378323.655521) can0 38E#1E2F004011000000
(1786378323.665175) can0 38E#4220004011000000
(1786378323.675095) can0 38F#D920E25302000000
(1786378323.675436) can0 38E#1F21004011000000
(1786378323.685136) can0 38E#F822004011000000
(1786378323.695224) can0 38F#8421E25302000000
(1786378323.695558) can0 38E#A523004011000000
(1786378323.705159) can0 38E#2B24004011000000
(1786378323.715170) can0 38F#6322E25302000000
(1786378323.715503) can0 38E#7625004011000000
(1786378323.725129) can0 38E#9126004011000000
(1786378323.735054) can0 38F#3E23E25302000000
(1786378323.735339) can0 38E#CC27004011000000
(1786378323.745219) can0 38E#9028004011000000
(1786378323.755149) can0 38F#B024E25302000000
(1786378323.755584) can0 38E#CD29004011000000
(1786378323.765106) can0 38E#2A2A004011000000
(1786378323.775137) can0 38F#ED25E25302000000
(1786378323.775436) can0 38E#772B004011000000
(1786378323.785122) can0 38E#F92C004011000000
(1786378323.795120) can0 38F#0A26E25302000000
(1786378323.795428) can0 38E#A42D004011000000
(1786378323.805100) can0 38E#432E004011000000
(1786378323.815130) can0 38F#5727E25302000000
(1786378323.815453) can0 38E#1E2F004011000000
(1786378323.825106) can0 38E#4220004011000000
(1786378323.835206) can0 38F#0B28E25302000000
(1786378323.835602) can0 38E#1F21004011000000
(1786378323.845198) can0 38E#F822004011000000
(1786378323.855146) can0 38F#5629E25302000000
(1786378323.855479) can0 38E#A523004011000000
(1786378323.865148) can0 38E#2B24004011000000
(1786378323.875223) can0 38F#B12AE25302000000
(1786378323.875575) can0 38E#7625004011000000
(1786378323.885269) can0 38E#9126004011000000
(1786378323.895190) can0 38F#EC2BE25302000000
(1786378323.895506) can0 38E#CC27004011000000
(1786378323.905118) can0 38E#9028004011000000
(1786378323.915204) can0 38F#622CE25302000000
(1786378323.915618) can0 38E#CD29004011000000
(1786378323.925153) can0 38E#2A2A004011000000
(1786378323.935094) can0 38F#3F2DE25302000000
(1786378323.935505) can0 38E#772B004011000000
(1786378323.945162) can0 38E#F92C004011000000
(1786378323.955175) can0 38F#D82EE25302000000
(1786378323.955626) can0 38E#A42D004011000000
(1786378323.965247) can0 38E#432E004011000000
(1786378323.975206) can0 38F#852FE25302000000
(1786378323.975488) can0 38E#1E2F004011000000
(1786378323.985086) can0 38E#4220004011000000
(1786378323.995094) can0 38F#D920E25302000000
(1786378323.995330) can0 38E#1F21004011000000
(1786378324.005103) can0 38E#F822004011000000
(1786378324.015082) can0 38F#8421E25302000000
(1786378324.015360) can0 38E#A523004011000000
(1786378324.025145) can0 38E#2B24004011000000
(1786378324.035143) can0 38F#6322E25302000000
(1786378324.035481) can0 38E#7625004011000000
(1786378324.045099) can0 38E#9126004011000000
(1786378324.055119) can0 38F#3E23E25302000000
(1786378324.055417) can0 38E#CC27004011000000
(1786378324.065277) can0 38E#9028004011000000
(1786378324.075094) can0 38F#B024E25302000000
(1786378324.075400) can0 38E#CD29004011000000
(1786378324.085236) can0 38E#2A2A004011000000
(1786378324.095182) can0 38F#ED25E25302000000
(1786378324.095520) can0 38E#772B004011000000
(1786378324.105128) can0 38E#F92C004011000000
(1786378324.115138) can0 38F#0A26E25302000000
(1786378324.115625) can0 38E#A42D004011000000
(1786378324.125168) can0 38E#432E004011000000
(1786378324.135365) can0 38F#5727E25302000000
(1786378324.135760) can0 38E#1E2F004011000000
(1786378324.145197) can0 38E#4220004011000000
(1786378324.155114) can0 38F#0B28E25302000000
(1786378324.155470) can0 38E#1F21004011000000
(1786378324.165096) can0 38E#F822004011000000
(1786378324.175149) can0 38F#5629E25302000000
(1786378324.175422) can0 38E#A523004011000000
(1786378324.185072) can0 38E#2B24004011000000
(1786378324.195079) can0 38F#B12AE25302000000
(1786378324.195308) can0 38E#7625004011000000
(1786378324.205137) can0 38E#9126004011000000
(1786378324.215109) can0 38F#EC2BE25302000000
(1786378324.215439) can0 38E#CC27004011000000
(1786378324.225116) can0 38E#9028004011000000
(1786378324.235156) can0 38F#622CE25302000000
(1786378324.235474) can0 38E#CD29004011000000
(1786378324.245129) can0 38E#2A2A004011000000
(1786378324.255120) can0 38F#3F2DE25302000000
(1786378324.255361) can0 38E#772B004011000000
(1786378324.265050) can0 38E#F92C004011000000
(1786378324.275099) can0 38F#D82EE25302000000
(1786378324.275340) can0 38E#A42D004011000000
(1786378324.285179) can0 38E#432E004011000000
(1786378324.295116) can0 38F#852FE25302000000
(1786378324.295486) can0 38E#1E2F004011000000
(1786378324.305195) can0 38E#4220004011000000
(1786378324.315192) can0 38F#D920E25302000000
(1786378324.315596) can0 38E#1F21004011000000
(1786378324.325158) can0 38E#F822004011000000
(1786378324.335177) can0 38F#8421E25302000000
(1786378324.335510) can0 38E#A523004011000000
(1786378324.345152) can0 38E#2B24004011000000
(1786378324.355195) can0 38F#6322E25302000000
(1786378324.355464) can0 38E#7625004011000000
(1786378324.365084) can0 38E#9126004011000000
(1786378324.375079) can0 38F#3E23E25302000000
(1786378324.375319) can0 38E#CC27004011000000
(1786378324.385197) can0 38E#9028004011000000
(1786378324.395168) can0 38F#B024E25302000000
(1786378324.395428) can0 38E#CD29004011000000
(1786378324.405204) can0 38E#2A2A004011000000
(1786378324.415092) can0 38F#ED25E25302000000
(1786378324.415298) can0 38E#772B004011000000
(1786378324.425088) can0 38E#F92C004011000000
(1786378324.435055) can0 38F#0A26E25302000000
(1786378324.435332) can0 38E#A42D004011000000
(1786378324.445123) can0 38E#432E004011000000
(1786378324.455094) can0 38F#5727E25302000000
(1786378324.455368) can0 38E#1E2F004011000000
(1786378324.465045) can0 38E#4220004011000000
(1786378324.475066) can0 38F#0B28E25302000000
(1786378324.475322) can0 38E#1F21004011000000
(1786378324.485116) can0 38E#F822004011000000
(1786378324.495138) can0 38F#5629E25302000000
(1786378324.495428) can0 38E#A523004011000000
(1786378324.505110) can0 38E#2B24004011000000
(1786378324.515110) can0 38F#B12AE25302000000
(1786378324.515321) can0 38E#7625004011000000
(1786378324.525167) can0 38E#9126004011000000
(1786378324.535062) can0 38F#EC2BE25302000000
(1786378324.535322) can0 38E#CC27004011000000
(1786378324.545119) can0 38E#9028004011000000
(1786378324.555182) can0 38F#622CE25302000000
(1786378324.555463) can0 38E#CD29004011000000
(1786378324.565061) can0 38E#2A2A004011000000
(1786378324.575151) can0 38F#3F2DE25302000000
(1786378324.575413) can0 38E#772B004011000000
(1786378324.585113) can0 38E#F92C004011000000
(1786378324.595130) can0 38F#D82EE25302000000
(1786378324.595573) can0 38E#A42D004011000000
(1786378324.605167) can0 38E#432E004011000000
(1786378324.615168) can0 38F#852FE25302000000
(1786378324.615503) can0 38E#1E2F004011000000
(1786378324.625094) can0 38E#4220004011000000
(1786378324.635079) can0 38F#D920E25302000000
(1786378324.635380) can0 38E#1F21004011000000
(1786378324.645243) can0 38E#F822004011000000
(1786378324.655141) can0 38F#8421E25302000000
(1786378324.655451) can0 38E#A523004011000000
(1786378324.665074) can0 38E#2B24004011000000
(1786378324.675127) can0 38F#6322E25302000000
(1786378324.675373) can0 38E#7625004011000000
(1786378324.685023) can0 38E#9126004011000000
(1786378324.695138) can0 38F#3E23E25302000000
(1786378324.695460) can0 38E#CC27004011000000
(1786378324.705120) can0 38E#9028004011000000
(1786378324.715058) can0 38F#B024E25302000000
(1786378324.715330) can0 38E#CD29004011000000
(1786378324.725078) can0 38E#2A2A004011000000
(1786378324.735164) can0 38F#ED25E25302000000
(1786378324.735438) can0 38E#772B004011000000
(1786378324.745144) can0 38E#F92C004011000000
(1786378324.755098) can0 38F#0A26E25302000000
(1786378324.755400) can0 38E#A42D004011000000
(1786378324.765097) can0 38E#432E004011000000
(1786378324.775116) can0 38F#5727E25302000000
(1786378324.775368) can0 38E#1E2F004011000000
(1786378324.785142) can0 38E#4220004011000000
(1786378324.795125) can0 38F#0B28E25302000000
(1786378324.795347) can0 38E#1F21004011000000
(1786378324.805081) can0 38E#F822004011000000
(1786378324.815136) can0 38F#5629E25302000000
(1786378324.815435) can0 38E#A523004011000000
(1786378324.825152) can0 38E#2B24004011000000
(1786378324.835106) can0 38F#B12AE25302000000
(1786378324.835360) can0 38E#7625004011000000
(1786378324.845165) can0 38E#9126004011000000
(1786378324.855143) can0 38F#EC2BE25302000000
(1786378324.855458) can0 38E#CC27004011000000
(1786378324.865145) can0 38E#9028004011000000
(1786378324.875126) can0 38F#622CE25302000000
(1786378324.875428) can0 38E#CD29004011000000
(1786378324.885183) can0 38E#2A2A004011000000
(1786378324.895132) can0 38F#3F2DE25302000000
(1786378324.895415) can0 38E#772B004011000000
(1786378324.905109) can0 38E#F92C004011000000
(1786378324.915110) can0 38F#D82EE25302000000
(1786378324.915364) can0 38E#A42D004011000000
(1786378324.925134) can0 38E#432E004011000000
(1786378324.935080) can0 38F#852FE25302000000
(1786378324.935466) can0 38E#1E2F004011000000
(1786378324.945210) can0 38E#4220004011000000
(1786378324.955133) can0 38F#D920E25302000000
(1786378324.955460) can0 38E#1F21004011000000
(1786378324.965070) can0 38E#F822004011000000
(1786378324.975147) can0 38F#8421E25302000000
(1786378324.975477) can0 38E#A523004011000000
(1786378324.985156) can0 38E#2B24004011000000
(1786378324.995140) can0 38F#6322E25302000000
(1786378324.995446) can0 38E#7625004011000000
(1786378325.005189) can0 38E#9126004011000000
(1786378325.015208) can0 38F#3E23E25302000000
(1786378325.015614) can0 38E#CC27004011000000
(1786378325.025183) can0 38E#9028004011000000
(1786378325.035127) can0 38F#B024E25302000000
(1786378325.035444) can0 38E#CD29004011000000
(1786378325.045100) can0 38E#2A2A004011000000
(1786378325.055100) can0 38F#ED25E25302000000
(1786378325.055339) can0 38E#772B004011000000
(1786378325.065114) can0 38E#F92C004011000000
(1786378325.075140) can0 38F#0A26E25302000000
(1786378325.075401) can0 38E#A42D004011000000
(1786378325.085142) can0 38E#432E004011000000
(1786378325.095106) can0 38F#5727E25302000000
(1786378325.095362) can0 38E#1E2F004011000000
(1786378325.105165) can0 38E#4220004011000000
(1786378325.115104) can0 38F#0B28E25302000000
(1786378325.115444) can0 38E#1F21004011000000
(1786378325.125156) can0 38E#F822004011000000
(1786378325.135217) can0 38F#5629E25302000000
(1786378325.135661) can0 38E#A523004011000000
(1786378325.145154) can0 38E#2B24004011000000
(1786378325.155148) can0 38F#B12AE25302000000
(1786378325.155488) can0 38E#7625004011000000
(1786378325.165174) can0 38E#9126004011000000
(1786378325.175184) can0 38F#EC2BE25302000000
(1786378325.175452) can0 38E#CC27004011000000
(1786378325.185074) can0 38E#9028004011000000
(1786378325.195146) can0 38F#622CE25302000000
(1786378325.195475) can0 38E#CD29004011000000
(1786378325.205127) can0 38E#2A2A004011000000
(1786378325.215199) can0 38F#3F2DE25302000000
(1786378325.215582) can0 38E#772B004011000000
(1786378325.225199) can0 38E#F92C004011000000
(1786378325.235164) can0 38F#D82EE25302000000
(1786378325.235588) can0 38E#A42D004011000000
(1786378325.245243) can0 38E#432E004011000000
(1786378325.255176) can0 38F#852FE25302000000
(1786378325.255531) can0 38E#1E2F004011000000
(1786378325.265111) can0 38E#4220004011000000
(1786378325.275117) can0 38F#D920E25302000000
(1786378325.275362) can0 38E#1F21004011000000
(1786378325.285067) can0 38E#F822004011000000
(1786378325.295115) can0 38F#8421E25302000000
(1786378325.295385) can0 38E#A523004011000000
(1786378325.305246) can0 38E#2B24004011000000
(1786378325.315204) can0 38F#6322E25302000000
(1786378325.315680) can0 38E#7625004011000000
(1786378325.325142) can0 38E#9126004011000000
(1786378325.335220) can0 38F#3E23E25302000000
(1786378325.335698) can0 38E#CC27004011000000
(1786378325.345208) can0 38E#9028004011000000
(1786378325.355153) can0 38F#B024E25302000000
(1786378325.355496) can0 38E#CD29004011000000
(1786378325.365150) can0 38E#2A2A004011000000
(1786378325.375140) can0 38F#ED25E25302000000
(1786378325.375432) can0 38E#772B004011000000
(1786378325.385185) can0 38E#F92C004011000000
(1786378325.395119) can0 38F#0A26E25302000000
(1786378325.395398) can0 38E#A42D004011000000
(1786378325.405139) can0 38E#432E004011000000
(1786378325.415138) can0 38F#5727E25302000000
(1786378325.415578) can0 38E#1E2F004011000000
(1786378325.425131) can0 38E#4220004011000000
(1786378325.435232) can0 38F#0B28E25302000000
(1786378325.435694) can0 38E#1F21004011000000
(1786378325.445138) can0 38E#F822004011000000
(1786378325.455120) can0 38F#5629E25302000000
(1786378325.455480) can0 38E#A523004011000000
(1786378325.465179) can0 38E#2B24004011000000
(1786378325.475153) can0 38F#B12AE25302000000
(1786378325.475567) can0 38E#7625004011000000
(1786378325.485175) can0 38E#9126004011000000
(1786378325.495124) can0 38F#EC2BE25302000000
(1786378325.495392) can0 38E#CC27004011000000
(1786378325.505139) can0 38E#9028004011000000
(1786378325.515176) can0 38F#622CE25302000000
(1786378325.515554) can0 38E#CD29004011000000
(1786378325.525176) can0 38E#2A2A004011000000
(1786378325.535261) can0 38F#3F2DE25302000000
(1786378325.535759) can0 38E#772B004011000000
(1786378325.545222) can0 38E#F92C004011000000
(1786378325.555136) can0 38F#D82EE25302000000
(1786378325.555449) can0 38E#A42D004011000000
(1786378325.565142) can0 38E#432E004011000000
(1786378325.575141) can0 38F#852FE25302000000
(1786378325.575440) can0 38E#1E2F004011000000
(1786378325.585083) can0 38E#4220004011000000
(1786378325.595249) can0 38F#D920E25302000000
(1786378325.595548) can0 38E#1F21004011000000
(1786378325.605146) can0 38E#F822004011000000
(1786378325.615082) can0 38F#8421E25302000000
(1786378325.615352) can0 38E#A523004011000000
(1786378325.625114) can0 38E#2B24004011000000
(1786378325.635095) can0 38F#6322E25302000000
(1786378325.635358) can0 38E#7625004011000000
(1786378325.645197) can0 38E#9126004011000000
(1786378325.655079) can0 38F#3E23E25302000000
(1786378325.655307) can0 38E#CC27004011000000
(1786378325.665051) can0 38E#9028004011000000
(1786378325.675115) can0 38F#B024E25302000000
(1786378325.675421) can0 38E#CD29004011000000
(1786378325.685296) can0 38E#2A2A004011000000
(1786378325.695187) can0 38F#ED25E25302000000
(1786378325.695514) can0 38E#772B004011000000
(1786378325.705095) can0 38E#F92C004011000000
(1786378325.715101) can0 38F#0A26E25302000000
(1786378325.715423) can0 38E#A42D004011000000
(1786378325.725133) can0 38E#432E004011000000
(1786378325.735145) can0 38F#5727E25302000000
(1786378325.735472) can0 38E#1E2F004011000000
(1786378325.745160) can0 38E#4220004011000000
(1786378325.755109) can0 38F#0B28E25302000000
(1786378325.755364) can0 38E#1F21004011000000
(1786378325.765062) can0 38E#F822004011000000
(1786378325.775121) can0 38F#5629E25302000000
(1786378325.775469) can0 38E#A523004011000000
(1786378325.785255) can0 38E#2B24004011000000
(1786378325.795085) can0 38F#B12AE25302000000
(1786378325.795391) can0 38E#7625004011000000
(1786378325.805133) can0 38E#9126004011000000
(1786378325.815095) can0 38F#EC2BE25302000000
(1786378325.815370) can0 38E#CC27004011000000
(1786378325.825198) can0 38E#9028004011000000
(1786378325.835147) can0 38F#622CE25302000000
(1786378325.835520) can0 38E#CD29004011000000
(1786378325.845278) can0 38E#2A2A004011000000
(1786378325.855140) can0 38F#3F2DE25302000000
(1786378325.855406) can0 38E#772B004011000000
(1786378325.865154) can0 38E#F92C004011000000
(1786378325.875067) can0 38F#D82EE25302000000
(1786378325.875344) can0 38E#A42D004011000000
(1786378325.885048) can0 38E#432E004011000000
(1786378325.895210) can0 38F#852FE25302000000
(1786378325.895492) can0 38E#1E2F004011000000
(1786378325.905117) can0 38E#4220004011000000
(1786378325.915123) can0 38F#D920E25302000000
(1786378325.915430) can0 38E#1F21004011000000
(1786378325.925134) can0 38E#F822004011000000
(1786378325.935154) can0 38F#8421E25302000000
(1786378325.935506) can0 38E#A523004011000000
(1786378325.945202) can0 38E#2B24004011000000
(1786378325.955160) can0 38F#6322E25302000000
(1786378325.955487) can0 38E#7625004011000000
(1786378325.965220) can0 38E#9126004011000000
(1786378325.975114) can0 38F#3E23E25302000000
(1786378325.975509) can0 38E#CC27004011000000
(1786378325.985133) can0 38E#9028004011000000
(1786378325.995147) can0 38F#B024E25302000000
(1786378325.995448) can0 38E#CD29004011000000
(1786378326.005116) can0 38E#2A2A004011000000
(1786378326.015205) can0 38F#ED25E25302000000
(1786378326.015623) can0 38E#772B004011000000
(1786378326.025092) can0 38E#F92C004011000000
(1786378326.035194) can0 38F#0A26E25302000000
(1786378326.035527) can0 38E#A42D004011000000
(1786378326.045081) can0 38E#432E004011000000
(1786378326.055112) can0 38F#5727E25302000000
(1786378326.055395) can0 38E#1E2F004011000000
(1786378326.065189) can0 38E#4220004011000000
(1786378326.075155) can0 38F#0B28E25302000000
(1786378326.075446) can0 38E#1F21004011000000
(1786378326.085246) can0 38E#F822004011000000
(1786378326.095197) can0 38F#5629E25302000000
(1786378326.095552) can0 38E#A523004011000000
(1786378326.105132) can0 38E#2B24004011000000
(1786378326.115098) can0 38F#B12AE25302000000
(1786378326.115346) can0 38E#7625004011000000
(1786378326.125138) can0 38E#9126004011000000
(1786378326.135083) can0 38F#EC2BE25302000000
(1786378326.135541) can0 38E#CC27004011000000
(1786378326.145327) can0 38E#9028004011000000
(1786378326.155142) can0 38F#622CE25302000000
(1786378326.155405) can0 38E#CD29004011000000
(1786378326.165212) can0 38E#2A2A004011000000
(1786378326.175233) can0 38F#3F2DE25302000000
(1786378326.175587) can0 38E#772B004011000000
(1786378326.185168) can0 38E#F92C004011000000
(1786378326.195107) can0 38F#D82EE25302000000
(1786378326.195533) can0 38E#A42D004011000000
(1786378326.205188) can0 38E#432E004011000000
(1786378326.215170) can0 38F#852FE25302000000
(1786378326.215590) can0 38E#1E2F004011000000
(1786378326.225196) can0 38E#4220004011000000
(1786378326.235228) can0 38F#D920E25302000000
(1786378326.235620) can0 38E#1F21004011000000
(1786378326.245163) can0 38E#F822004011000000
(1786378326.255143) can0 38F#8421E25302000000
(1786378326.255462) can0 38E#A523004011000000
(1786378326.265111) can0 38E#2B24004011000000
(1786378326.275093) can0 38F#6322E25302000000
(1786378326.275380) can0 38E#7625004011000000
(1786378326.285122) can0 38E#9126004011000000
(1786378326.295370) can0 38F#3E23E25302000000
(1786378326.295845) can0 38E#CC27004011000000
(1786378326.305157) can0 38E#9028004011000000
(1786378326.315097) can0 38F#B024E25302000000
(1786378326.315465) can0 38E#CD29004011000000
(1786378326.325180) can0 38E#2A2A004011000000
(1786378326.335067) can0 38F#ED25E25302000000
(1786378326.335375) can0 38E#772B004011000000
(1786378326.345115) can0 38E#F92C004011000000
(1786378326.355076) can0 38F#0A26E25302000000
(1786378326.355319) can0 38E#A42D004011000000
(1786378326.365176) can0 38E#432E004011000000
(1786378326.375130) can0 38F#5727E25302000000
(1786378326.375413) can0 38E#1E2F004011000000
(1786378326.385118) can0 38E#4220004011000000
(1786378326.395279) can0 38F#0B28E25302000000
(1786378326.395609) can0 38E#1F21004011000000
(1786378326.405111) can0 38E#F822004011000000
(1786378326.415146) can0 38F#5629E25302000000
(1786378326.415588) can0 38E#A523004011000000
(1786378326.425282) can0 38E#2B24004011000000
(1786378326.435151) can0 38F#B12AE25302000000
(1786378326.435574) can0 38E#7625004011000000
(1786378326.445190) can0 38E#9126004011000000
(1786378326.455214) can0 38F#EC2BE25302000000
(1786378326.455532) can0 38E#CC27004011000000
(1786378326.465262) can0 38E#9028004011000000
(1786378326.475062) can0 38F#622CE25302000000
(1786378326.475341) can0 38E#CD29004011000000
(1786378326.485141) can0 38E#2A2A004011000000
(1786378326.495161) can0 38F#3F2DE25302000000
(1786378326.495476) can0 38E#772B004011000000
(1786378326.505132) can0 38E#F92C004011000000
(1786378326.515058) can0 38F#D82EE25302000000
(1786378326.515353) can0 38E#A42D004011000000
(1786378326.525133) can0 38E#432E004011000000
(1786378326.535083) can0 38F#852FE25302000000
(1786378326.535496) can0 38E#1E2F004011000000
(1786378326.545161) can0 38E#4220004011000000
(1786378326.555090) can0 38F#D920E25302000000
(1786378326.555366) can0 38E#1F21004011000000
(1786378326.565169) can0 38E#F822004011000000
(1786378326.575155) can0 38F#8421E25302000000
(1786378326.575489) can0 38E#A523004011000000
(1786378326.585193) can0 38E#2B24004011000000
(1786378326.595167) can0 38F#6322E25302000000
(1786378326.595432) can0 38E#7625004011000000
(1786378326.605117) can0 38E#9126004011000000
(1786378326.615101) can0 38F#3E23E25302000000
(1786378326.615465) can0 38E#CC27004011000000
(1786378326.625150) can0 38E#9028004011000000
(1786378326.635160) can0 38F#B024E25302000000
(1786378326.635613) can0 38E#CD29004011000000
(1786378326.645221) can0 38E#2A2A004011000000
(1786378326.655172) can0 38F#ED25E25302000000
(1786378326.655480) can0 38E#772B004011000000
(1786378326.665164) can0 38E#F92C004011000000
(1786378326.675123) can0 38F#0A26E25302000000
(1786378326.675421) can0 38E#A42D004011000000
(1786378326.685146) can0 38E#432E004011000000
(1786378326.695223) can0 38F#5727E25302000000
(1786378326.695621) can0 38E#1E2F004011000000
(1786378326.705215) can0 38E#4220004011000000
(1786378326.715108) can0 38F#0B28E25302000000
(1786378326.715488) can0 38E#1F21004011000000
(1786378326.725232) can0 38E#F822004011000000
(1786378326.735193) can0 38F#5629E25302000000
(1786378326.735627) can0 38E#A523004011000000
(1786378326.745184) can0 38E#2B24004011000000
(1786378326.755201) can0 38F#B12AE25302000000
(1786378326.755601) can0 38E#7625004011000000
(1786378326.765062) can0 38E#9126004011000000
(1786378326.775158) can0 38F#EC2BE25302000000
(1786378326.775503) can0 38E#CC27004011000000
(1786378326.785067) can0 38E#9028004011000000
(1786378326.795090) can0 38F#622CE25302000000
(1786378326.795460) can0 38E#CD29004011000000
(1786378326.805139) can0 38E#2A2A004011000000
(1786378326.815120) can0 38F#3F2DE25302000000
(1786378326.815462) can0 38E#772B004011000000
(1786378326.825142) can0 38E#F92C004011000000
(1786378326.835087) can0 38F#D82EE25302000000
(1786378326.835651) can0 38E#A42D004011000000
(1786378326.845207) can0 38E#432E004011000000
(1786378326.855199) can0 38F#852FE25302000000
(1786378326.855527) can0 38E#1E2F004011000000
(1786378326.865206) can0 38E#4220004011000000
(1786378326.875064) can0 38F#D920E25302000000
(1786378326.875387) can0 38E#1F21004011000000
(1786378326.885220) can0 38E#F822004011000000
(1786378326.895208) can0 38F#8421E25302000000
(1786378326.895533) can0 38E#A523004011000000
(1786378326.905185) can0 38E#2B24004011000000
(1786378326.915101) can0 38F#6322E25302000000
(1786378326.915373) can0 38E#7625004011000000
(1786378326.925162) can0 38E#9126004011000000
(1786378326.935126) can0 38F#3E23E25302000000
(1786378326.935609) can0 38E#CC27004011000000
(1786378326.945162) can0 38E#9028004011000000
(1786378326.955123) can0 38F#B024E25302000000
(1786378326.955428) can0 38E#CD29004011000000
(1786378326.965047) can0 38E#2A2A004011000000
(1786378326.975164) can0 38F#ED25E25302000000
(1786378326.975489) can0 38E#772B004011000000
(1786378326.985220) can0 38E#F92C004011000000
(1786378326.995111) can0 38F#0A26E25302000000
(1786378326.995413) can0 38E#A42D004011000000
(1786378327.005139) can0 38E#432E004011000000
(1786378327.015210) can0 38F#5727E25302000000
(1786378327.015664) can0 38E#1E2F004011000000
(1786378327.025164) can0 38E#4220004011000000
(1786378327.035147) can0 38F#0B28E25302000000
(1786378327.035544) can0 38E#1F21004011000000
(1786378327.045139) can0 38E#F822004011000000
(1786378327.055243) can0 38F#5629E25302000000
(1786378327.055630) can0 38E#A523004011000000
(1786378327.065190) can0 38E#2B24004011000000
(1786378327.075187) can0 38F#B12AE25302000000
(1786378327.075514) can0 38E#7625004011000000
(1786378327.085112) can0 38E#9126004011000000
(1786378327.095173) can0 38F#EC2BE25302000000
(1786378327.095588) can0 38E#CC27004011000000
(1786378327.105151) can0 38E#9028004011000000
(1786378327.115056) can0 38F#622CE25302000000
(1786378327.115431) can0 38E#CD29004011000000
(1786378327.125129) can0 38E#2A2A004011000000
(1786378327.135097) can0 38F#3F2DE25302000000
(1786378327.135468) can0 38E#772B004011000000
(1786378327.145124) can0 38E#F92C004011000000
(1786378327.155097) can0 38F#D82EE25302000000
(1786378327.155384) can0 38E#A42D004011000000
(1786378327.165142) can0 38E#432E004011000000
(1786378327.175225) can0 38F#852FE25302000000
(1786378327.175629) can0 38E#1E2F004011000000
(1786378327.185232) can0 38E#4220004011000000
(1786378327.195164) can0 38F#D920E25302000000
(1786378327.195556) can0 38E#1F21004011000000
(1786378327.205134) can0 38E#F822004011000000
(1786378327.215061) can0 38F#8421E25302000000
(1786378327.215345) can0 38E#A523004011000000
(1786378327.225128) can0 38E#2B24004011000000
(1786378327.235085) can0 38F#6322E25302000000
(1786378327.235466) can0 38E#7625004011000000
(1786378327.245193) can0 38E#9126004011000000
(1786378327.255100) can0 38F#3E23E25302000000
(1786378327.255387) can0 38E#CC27004011000000
(1786378327.265108) can0 38E#9028004011000000
(1786378327.275070) can0 38F#B024E25302000000
(1786378327.275349) can0 38E#CD29004011000000
(1786378327.285097) can0 38E#2A2A004011000000
(1786378327.295137) can0 38F#ED25E25302000000
(1786378327.295422) can0 38E#772B004011000000
(1786378327.305098) can0 38E#F92C004011000000
(1786378327.315207) can0 38F#0A26E25302000000
(1786378327.315621) can0 38E#A42D004011000000
(1786378327.325182) can0 38E#432E004011000000
(1786378327.335125) can0 38F#5727E25302000000
(1786378327.335571) can0 38E#1E2F004011000000
(1786378327.345226) can0 38E#4220004011000000
(1786378327.355086) can0 38F#0B28E25302000000
(1786378327.355423) can0 38E#1F21004011000000
(1786378327.365104) can0 38E#F822004011000000
(1786378327.375158) can0 38F#5629E25302000000
(1786378327.375525) can0 38E#A523004011000000
(1786378327.385170) can0 38E#2B24004011000000
(1786378327.395085) can0 38F#B12AE25302000000
(1786378327.395361) can0 38E#7625004011000000
(1786378327.405132) can0 38E#9126004011000000
(1786378327.415198) can0 38F#EC2BE25302000000
(1786378327.415741) can0 38E#CC27004011000000
(1786378327.425108) can0 38E#9028004011000000
(1786378327.435154) can0 38F#622CE25302000000
(1786378327.435448) can0 38E#CD29004011000000
(1786378327.445102) can0 38E#2A2A004011000000
(1786378327.455113) can0 38F#3F2DE25302000000
(1786378327.455394) can0 38E#772B004011000000
(1786378327.465185) can0 38E#F92C004011000000
(1786378327.475116) can0 38F#D82EE25302000000
(1786378327.475511) can0 38E#A42D004011000000
(1786378327.485227) can0 38E#432E004011000000
(1786378327.495172) can0 38F#852FE25302000000
(1786378327.495534) can0 38E#1E2F004011000000
(1786378327.505162) can0 38E#4220004011000000
(1786378327.515126) can0 38F#D920E25302000000
(1786378327.515597) can0 38E#1F21004011000000
(1786378327.525098) can0 38E#F822004011000000
(1786378327.535029) can0 38F#8421E25302000000
(1786378327.535298) can0 38E#A523004011000000
(1786378327.545117) can0 38E#2B24004011000000
(1786378327.555022) can0 38F#6322E25302000000
(1786378327.555337) can0 38E#7625004011000000
(1786378327.565179) can0 38E#9126004011000000
(1786378327.575161) can0 38F#3E23E25302000000
(1786378327.575495) can0 38E#CC27004011000000
(1786378327.585123) can0 38E#9028004011000000
(1786378327.595157) can0 38F#B024E25302000000
(1786378327.595485) can0 38E#CD29004011000000
(1786378327.605102) can0 38E#2A2A004011000000
(1786378327.615107) can0 38F#ED25E25302000000
(1786378327.615407) can0 38E#772B004011000000
(1786378327.625092) can0 38E#F92C004011000000
(1786378327.635136) can0 38F#0A26E25302000000
(1786378327.635481) can0 38E#A42D004011000000
(1786378327.645081) can0 38E#432E004011000000
(1786378327.655095) can0 38F#5727E25302000000
(1786378327.655401) can0 38E#1E2F004011000000
(1786378327.665203) can0 38E#4220004011000000
(1786378327.675017) can0 38F#0B28E25302000000
(1786378327.675340) can0 38E#1F21004011000000
(1786378327.685142) can0 38E#F822004011000000
(1786378327.695059) can0 38F#5629E25302000000
(1786378327.695386) can0 38E#A523004011000000
(1786378327.705109) can0 38E#2B24004011000000
(1786378327.715081) can0 38F#B12AE25302000000
(1786378327.715346) can0 38E#7625004011000000
(1786378327.725124) can0 38E#9126004011000000
(1786378327.735263) can0 38F#EC2BE25302000000
(1786378327.735735) can0 38E#CC27004011000000
(1786378327.745323) can0 38E#9028004011000000
(1786378327.755155) can0 38F#622CE25302000000
(1786378327.755504) can0 38E#CD29004011000000
(1786378327.765243) can0 38E#2A2A004011000000
(1786378327.775153) can0 38F#3F2DE25302000000
(1786378327.775501) can0 38E#772B004011000000
(1786378327.785211) can0 38E#F92C004011000000
(1786378327.795140) can0 38F#D82EE25302000000
(1786378327.795464) can0 38E#A42D004011000000
(1786378327.805125) can0 38E#432E004011000000
(1786378327.815095) can0 38F#852FE25302000000
(1786378327.815389) can0 38E#1E2F004011000000
(1786378327.825102) can0 38E#4220004011000000
(1786378327.835219) can0 38F#D920E25302000000
(1786378327.835639) can0 38E#1F21004011000000
(1786378327.845189) can0 38E#F822004011000000
(1786378327.855170) can0 38F#8421E25302000000
(1786378327.855485) can0 38E#A523004011000000
(1786378327.865225) can0 38E#2B24004011000000
(1786378327.875104) can0 38F#6322E25302000000
(1786378327.875488) can0 38E#7625004011000000
(1786378327.885132) can0 38E#9126004011000000
(1786378327.895136) can0 38F#3E23E25302000000
(1786378327.895440) can0 38E#CC27004011000000
(1786378327.905109) can0 38E#9028004011000000
(1786378327.915050) can0 38F#B024E25302000000
(1786378327.915416) can0 38E#CD29004011000000
(1786378327.925094) can0 38E#2A2A004011000000
(1786378327.935182) can0 38F#ED25E25302000000
(1786378327.935546) can0 38E#772B004011000000
(1786378327.945221) can0 38E#F92C004011000000
(1786378327.955086) can0 38F#0A26E25302000000
(1786378327.955406) can0 38E#A42D004011000000
(1786378327.965306) can0 38E#432E004011000000
(1786378327.975212) can0 38F#5727E25302000000
(1786378327.975609) can0 38E#1E2F004011000000
(1786378327.985112) can0 38E#4220004011000000
(1786378327.995101) can0 38F#0B28E25302000000
(1786378327.995418) can0 38E#1F21004011000000
(1786378328.005126) can0 38E#F822004011000000
(1786378328.015053) can0 38F#5629E25302000000
(1786378328.015319) can0 38E#A523004011000000
(1786378328.025182) can0 38E#2B24004011000000
(1786378328.035110) can0 38F#B12AE25302000000
(1786378328.035532) can0 38E#7625004011000000
(1786378328.045181) can0 38E#9126004011000000
(1786378328.055130) can0 38F#EC2BE25302000000
(1786378328.055401) can0 38E#CC27004011000000
(1786378328.065176) can0 38E#9028004011000000
(1786378328.075090) can0 38F#622CE25302000000
(1786378328.075431) can0 38E#CD29004011000000
(1786378328.085183) can0 38E#2A2A004011000000
(1786378328.095222) can0 38F#3F2DE25302000000
(1786378328.095621) can0 38E#772B004011000000
(1786378328.105138) can0 38E#F92C004011000000
(1786378328.115047) can0 38F#D82EE25302000000
(1786378328.115340) can0 38E#A42D004011000000
(1786378328.125015) can0 38E#432E004011000000
(1786378328.135130) can0 38F#852FE25302000000
(1786378328.135516) can0 38E#1E2F004011000000
(1786378328.145150) can0 38E#4220004011000000
(1786378328.155029) can0 38F#D920E25302000000
(1786378328.155347) can0 38E#1F21004011000000
(1786378328.165215) can0 38E#F822004011000000
(1786378328.175228) can0 38F#8421E25302000000
(1786378328.175578) can0 38E#A523004011000000
(1786378328.185134) can0 38E#2B24004011000000
(1786378328.195024) can0 38F#6322E25302000000
(1786378328.195341) can0 38E#7625004011000000
(1786378328.205127) can0 38E#9126004011000000
(1786378328.215248) can0 38F#3E23E25302000000
(1786378328.215716) can0 38E#CC27004011000000
(1786378328.225163) can0 38E#9028004011000000
(1786378328.235159) can0 38F#B024E25302000000
(1786378328.235699) can0 38E#CD29004011000000
(1786378328.245317) can0 38E#2A2A004011000000
(1786378328.255187) can0 38F#ED25E25302000000
(1786378328.255509) can0 38E#772B004011000000
(1786378328.265136) can0 38E#F92C004011000000
(1786378328.275104) can0 38F#0A26E25302000000
(1786378328.275403) can0 38E#A42D004011000000
(1786378328.285136) can0 38E#432E004011000000
(1786378328.295157) can0 38F#5727E25302000000
(1786378328.295563) can0 38E#1E2F004011000000
(1786378328.305149) can0 38E#4220004011000000
(1786378328.315133) can0 38F#0B28E25302000000
(1786378328.315464) can0 38E#1F21004011000000
(1786378328.325180) can0 38E#F822004011000000
(1786378328.335256) can0 38F#5629E25302000000
(1786378328.335645) can0 38E#A523004011000000
(1786378328.345259) can0 38E#2B24004011000000
(1786378328.355088) can0 38F#B12AE25302000000
(1786378328.355416) can0 38E#7625004011000000
(1786378328.365111) can0 38E#9126004011000000
(1786378328.375116) can0 38F#EC2BE25302000000
(1786378328.375461) can0 38E#CC27004011000000
(1786378328.385098) can0 38E#9028004011000000
(1786378328.395153) can0 38F#622CE25302000000
(1786378328.395479) can0 38E#CD29004011000000
(1786378328.405155) can0 38E#2A2A004011000000
(1786378328.415202) can0 38F#3F2DE25302000000
(1786378328.415624) can0 38E#772B004011000000
(1786378328.425075) can0 38E#F92C004011000000
(1786378328.435086) can0 38F#D82EE25302000000
(1786378328.435511) can0 38E#A42D004011000000
(1786378328.445098) can0 38E#432E004011000000
(1786378328.455020) can0 38F#852FE25302000000
(1786378328.455282) can0 38E#1E2F004011000000
(1786378328.465073) can0 38E#4220004011000000
(1786378328.475199) can0 38F#D920E25302000000
(1786378328.475572) can0 38E#1F21004011000000
(1786378328.485173) can0 38E#F822004011000000
(1786378328.495147) can0 38F#8421E25302000000
(1786378328.495518) can0 38E#A523004011000000
(1786378328.505111) can0 38E#2B24004011000000
(1786378328.515067) can0 38F#6322E25302000000
(1786378328.515370) can0 38E#7625004011000000
(1786378328.525098) can0 38E#9126004011000000
(1786378328.535085) can0 38F#3E23E25302000000
(1786378328.535714) can0 38E#CC27004011000000
(1786378328.545115) can0 38E#9028004011000000
(1786378328.555051) can0 38F#B024E25302000000
(1786378328.555400) can0 38E#CD29004011000000
(1786378328.565091) can0 38E#2A2A004011000000
(1786378328.575237) can0 38F#ED25E25302000000
(1786378328.575629) can0 38E#772B004011000000
(1786378328.585172) can0 38E#F92C004011000000
(1786378328.595055) can0 38F#0A26E25302000000
(1786378328.595424) can0 38E#A42D004011000000
(1786378328.605121) can0 38E#432E004011000000
(1786378328.615208) can0 38F#5727E25302000000
(1786378328.615630) can0 38E#1E2F004011000000
(1786378328.625059) can0 38E#4220004011000000
(1786378328.635008) can0 38F#0B28E25302000000
(1786378328.635300) can0 38E#1F21004011000000
(1786378328.645111) can0 38E#F822004011000000
(1786378328.655096) can0 38F#5629E25302000000
(1786378328.655371) can0 38E#A523004011000000
(1786378328.665093) can0 38E#2B24004011000000
(1786378328.675050) can0 38F#B12AE25302000000
(1786378328.675372) can0 38E#7625004011000000
(1786378328.685063) can0 38E#9126004011000000
(1786378328.695145) can0 38F#EC2BE25302000000
(1786378328.695540) can0 38E#CC27004011000000
(1786378328.705093) can0 38E#9028004011000000
(1786378328.715030) can0 38F#622CE25302000000
(1786378328.715357) can0 38E#CD29004011000000
(1786378328.725198) can0 38E#2A2A004011000000
(1786378328.735166) can0 38F#3F2DE25302000000
(1786378328.735608) can0 38E#772B004011000000
(1786378328.745146) can0 38E#F92C004011000000
(1786378328.755050) can0 38F#D82EE25302000000
(1786378328.755307) can0 38E#A42D004011000000
(1786378328.765207) can0 38E#432E004011000000
(1786378328.775101) can0 38F#852FE25302000000
(1786378328.775425) can0 38E#1E2F004011000000
(1786378328.785148) can0 38E#4220004011000000
(1786378328.795129) can0 38F#D920E25302000000
(1786378328.795467) can0 38E#1F21004011000000
(1786378328.805115) can0 38E#F822004011000000
(1786378328.815123) can0 38F#8421E25302000000
(1786378328.815442) can0 38E#A523004011000000
(1786378328.825101) can0 38E#2B24004011000000
(1786378328.835112) can0 38F#6322E25302000000
(1786378328.835473) can0 38E#7625004011000000
(1786378328.845094) can0 38E#9126004011000000
(1786378328.855146) can0 38F#3E23E25302000000
(1786378328.855441) can0 38E#CC27004011000000
(1786378328.865085) can0 38E#9028004011000000
(1786378328.875088) can0 38F#B024E25302000000
(1786378328.875475) can0 38E#CD29004011000000
(1786378328.885090) can0 38E#2A2A004011000000
(1786378328.895228) can0 38F#ED25E25302000000
(1786378328.895612) can0 38E#772B004011000000
(1786378328.905150) can0 38E#F92C004011000000
(1786378328.915113) can0 38F#0A26E25302000000
(1786378328.915531) can0 38E#A42D004011000000
(1786378328.925110) can0 38E#432E004011000000
(1786378328.935074) can0 38F#5727E25302000000
(1786378328.935444) can0 38E#1E2F004011000000
(1786378328.945108) can0 38E#4220004011000000
(1786378328.955075) can0 38F#0B28E25302000000
(1786378328.955326) can0 38E#1F21004011000000
(1786378328.965108) can0 38E#F822004011000000
(1786378328.975200) can0 38F#5629E25302000000
(1786378328.975640) can0 38E#A523004011000000
(1786378328.985125) can0 38E#2B24004011000000
(1786378328.995060) can0 38F#B12AE25302000000
(1786378328.995380) can0 38E#7625004011000000
(1786378329.005107) can0 38E#9126004011000000
(1786378329.014990) can0 38F#EC2BE25302000000
(1786378329.015277) can0 38E#CC27004011000000
(1786378329.025123) can0 38E#9028004011000000
(1786378329.035201) can0 38F#622CE25302000000
(1786378329.035644) can0 38E#CD29004011000000
(1786378329.045234) can0 38E#2A2A004011000000
(1786378329.055117) can0 38F#3F2DE25302000000
(1786378329.055427) can0 38E#772B004011000000
(1786378329.065033) can0 38E#F92C004011000000
(1786378329.075102) can0 38F#D82EE25302000000
(1786378329.075393) can0 38E#A42D004011000000
(1786378329.085056) can0 38E#432E004011000000
(1786378329.095120) can0 38F#852FE25302000000
(1786378329.095418) can0 38E#1E2F004011000000
(1786378329.105077) can0 38E#4220004011000000
(1786378329.115171) can0 38F#D920E25302000000
(1786378329.115609) can0 38E#1F21004011000000
(1786378329.125102) can0 38E#F822004011000000
(1786378329.135186) can0 38F#8421E25302000000
(1786378329.135622) can0 38E#A523004011000000
(1786378329.145150) can0 38E#2B24004011000000
(1786378329.155092) can0 38F#6322E25302000000
(1786378329.155390) can0 38E#7625004011000000
(1786378329.165111) can0 38E#9126004011000000
(1786378329.175152) can0 38F#3E23E25302000000
(1786378329.175421) can0 38E#CC27004011000000
(1786378329.185105) can0 38E#9028004011000000
(1786378329.195058) can0 38F#B024E25302000000
(1786378329.195362) can0 38E#CD29004011000000
(1786378329.205091) can0 38E#2A2A004011000000
(1786378329.215095) can0 38F#ED25E25302000000
(1786378329.215403) can0 38E#772B004011000000
(1786378329.225141) can0 38E#F92C004011000000
(1786378329.235116) can0 38F#0A26E25302000000
(1786378329.235590) can0 38E#A42D004011000000
(1786378329.245135) can0 38E#432E004011000000
(1786378329.255111) can0 38F#5727E25302000000
(1786378329.255409) can0 38E#1E2F004011000000
(1786378329.265063) can0 38E#4220004011000000
(1786378329.275075) can0 38F#0B28E25302000000
(1786378329.275426) can0 38E#1F21004011000000
(1786378329.285137) can0 38E#F822004011000000
(1786378329.295148) can0 38F#5629E25302000000
(1786378329.295548) can0 38E#A523004011000000
(1786378329.305133) can0 38E#2B24004011000000
(1786378329.315077) can0 38F#B12AE25302000000
(1786378329.315524) can0 38E#7625004011000000
(1786378329.325105) can0 38E#9126004011000000
(1786378329.335260) can0 38F#EC2BE25302000000
(1786378329.335622) can0 38E#CC27004011000000
(1786378329.345118) can0 38E#9028004011000000
(1786378329.355081) can0 38F#622CE25302000000
(1786378329.355385) can0 38E#CD29004011000000
(1786378329.365100) can0 38E#2A2A004011000000
(1786378329.375111) can0 38F#3F2DE25302000000
(1786378329.375425) can0 38E#772B004011000000
(1786378329.385151) can0 38E#F92C004011000000
(1786378329.395070) can0 38F#D82EE25302000000
(1786378329.395377) can0 38E#A42D004011000000
(1786378329.405104) can0 38E#432E004011000000
(1786378329.415053) can0 38F#852FE25302000000
(1786378329.415423) can0 38E#1E2F004011000000
(1786378329.425248) can0 38E#4220004011000000
(1786378329.435105) can0 38F#D920E25302000000
(1786378329.435610) can0 38E#1F21004011000000
(1786378329.445220) can0 38E#F822004011000000
(1786378329.455138) can0 38F#8421E25302000000
(1786378329.455487) can0 38E#A523004011000000
(1786378329.465052) can0 38E#2B24004011000000
(1786378329.475067) can0 38F#6322E25302000000
(1786378329.475330) can0 38E#7625004011000000
(1786378329.485149) can0 38E#9126004011000000
(1786378329.495273) can0 38F#3E23E25302000000
(1786378329.495734) can0 38E#CC27004011000000
(1786378329.505156) can0 38E#9028004011000000
(1786378329.515071) can0 38F#B024E25302000000
(1786378329.515326) can0 38E#CD29004011000000
(1786378329.525143) can0 38E#2A2A004011000000
(1786378329.535124) can0 38F#ED25E25302000000
(1786378329.535491) can0 38E#772B004011000000
(1786378329.545113) can0 38E#F92C004011000000
(1786378329.555101) can0 38F#0A26E25302000000
(1786378329.555420) can0 38E#A42D004011000000
(1786378329.565078) can0 38E#432E004011000000
(1786378329.575061) can0 38F#5727E25302000000
(1786378329.575353) can0 38E#1E2F004011000000
(1786378329.585076) can0 38E#4220004011000000
(1786378329.595183) can0 38F#0B28E25302000000
(1786378329.595741) can0 38E#1F21004011000000
(1786378329.605146) can0 38E#F822004011000000
(1786378329.615098) can0 38F#5629E25302000000
(1786378329.615414) can0 38E#A523004011000000
(1786378329.625041) can0 38E#2B24004011000000
(1786378329.635001) can0 38F#B12AE25302000000
(1786378329.635346) can0 38E#7625004011000000
(1786378329.645131) can0 38E#9126004011000000
(1786378329.655139) can0 38F#EC2BE25302000000
(1786378329.655473) can0 38E#CC27004011000000
(1786378329.665099) can0 38E#9028004011000000
(1786378329.675066) can0 38F#622CE25302000000
(1786378329.675415) can0 38E#CD29004011000000
(1786378329.685116) can0 38E#2A2A004011000000
(1786378329.695084) can0 38F#3F2DE25302000000
(1786378329.695440) can0 38E#772B004011000000
(1786378329.705042) can0 38E#F92C004011000000
(1786378329.715025) can0 38F#D82EE25302000000
(1786378329.715305) can0 38E#A42D004011000000
(1786378329.725155) can0 38E#432E004011000000
(1786378329.735113) can0 38F#852FE25302000000
(1786378329.735631) can0 38E#1E2F004011000000
(1786378329.745138) can0 38E#4220004011000000
(1786378329.754991) can0 38F#D920E25302000000
(1786378329.755291) can0 38E#1F21004011000000
(1786378329.765061) can0 38E#F822004011000000
(1786378329.775071) can0 38F#8421E25302000000
(1786378329.775325) can0 38E#A523004011000000
(1786378329.784983) can0 38E#2B24004011000000
(1786378329.795080) can0 38F#6322E25302000000
(1786378329.795377) can0 38E#7625004011000000
(1786378329.805077) can0 38E#9126004011000000
(1786378329.815069) can0 38F#3E23E25302000000
(1786378329.815352) can0 38E#CC27004011000000
(1786378329.825089) can0 38E#9028004011000000
(1786378329.835067) can0 38F#B024E25302000000
(1786378329.835343) can0 38E#CD29004011000000
(1786378329.845072) can0 38E#2A2A004011000000
(1786378329.854986) can0 38F#ED25E25302000000
(1786378329.855212) can0 38E#772B004011000000
(1786378329.865076) can0 38E#F92C004011000000
(1786378329.875021) can0 38F#0A26E25302000000
(1786378329.875335) can0 38E#A42D004011000000
(1786378329.885104) can0 38E#432E004011000000
(1786378329.895089) can0 38F#5727E25302000000
(1786378329.895355) can0 38E#1E2F004011000000
(1786378329.905131) can0 38E#4220004011000000
(1786378329.914981) can0 38F#0B28E25302000000
(1786378329.915283) can0 38E#1F21004011000000
(1786378329.925052) can0 38E#F822004011000000
(1786378329.935169) can0 38F#5629E25302000000
(1786378329.935424) can0 38E#A523004011000000
(1786378329.945118) can0 38E#2B24004011000000
(1786378329.954974) can0 38F#B12AE25302000000
(1786378329.955234) can0 38E#7625004011000000
(1786378329.965086) can0 38E#9126004011000000
(1786378329.975072) can0 38F#EC2BE25302000000
(1786378329.975352) can0 38E#CC27004011000000
(1786378329.985057) can0 38E#9028004011000000
(1786378329.995070) can0 38F#622CE25302000000
(1786378329.995315) can0 38E#CD29004011000000
(1786378330.005022) can0 38E#2A2A004011000000
(1786378330.015111) can0 38F#3F2DE25302000000
(1786378330.015496) can0 38E#772B004011000000
(1786378330.025091) can0 38E#F92C004011000000
(1786378330.035045) can0 38F#D82EE25302000000
(1786378330.035351) can0 38E#A42D004011000000
(1786378330.045130) can0 38E#432E004011000000
(1786378330.055104) can0 38F#852FE25302000000
(1786378330.055364) can0 38E#1E2F004011000000
(1786378330.064978) can0 38E#4220004011000000
(1786378330.074976) can0 38F#D920E25302000000
(1786378330.075271) can0 38E#1F21004011000000
(1786378330.085057) can0 38E#F822004011000000
(1786378330.095073) can0 38F#8421E25302000000
(1786378330.095361) can0 38E#A523004011000000
(1786378330.105083) can0 38E#2B24004011000000
(1786378330.115090) can0 38F#6322E25302000000
(1786378330.115647) can0 38E#7625004011000000
(1786378330.125016) can0 38E#9126004011000000
(1786378330.135036) can0 38F#3E23E25302000000
(1786378330.135364) can0 38E#CC27004011000000
(1786378330.145132) can0 38E#9028004011000000
(1786378330.155031) can0 38F#B024E25302000000
(1786378330.155323) can0 38E#CD29004011000000
(1786378330.165155) can0 38E#2A2A004011000000
(1786378330.175062) can0 38F#ED25E25302000000
(1786378330.175388) can0 38E#772B004011000000
(1786378330.185226) can0 38E#F92C004011000000
(1786378330.195138) can0 38F#0A26E25302000000
(1786378330.195613) can0 38E#A42D004011000000
(1786378330.205141) can0 38E#432E004011000000
(1786378330.215043) can0 38F#5727E25302000000
(1786378330.215406) can0 38E#1E2F004011000000
(1786378330.225144) can0 38E#4220004011000000
(1786378330.234972) can0 38F#0B28E25302000000
(1786378330.235289) can0 38E#1F21004011000000
(1786378330.245140) can0 38E#F822004011000000
(1786378330.255136) can0 38F#5629E25302000000
(1786378330.255430) can0 38E#A523004011000000
(1786378330.265080) can0 38E#2B24004011000000
(1786378330.274931) can0 38F#B12AE25302000000
(1786378330.275226) can0 38E#7625004011000000
(1786378330.285024) can0 38E#9126004011000000
(1786378330.295359) can0 38F#EC2BE25302000000
(1786378330.295820) can0 38E#CC27004011000000
(1786378330.305066) can0 38E#9028004011000000
(1786378330.315046) can0 38F#622CE25302000000
(1786378330.315418) can0 38E#CD29004011000000
(1786378330.325103) can0 38E#2A2A004011000000
(1786378330.335196) can0 38F#3F2DE25302000000
(1786378330.335759) can0 38E#772B004011000000
(1786378330.345074) can0 38E#F92C004011000000
(1786378330.354935) can0 38F#D82EE25302000000
(1786378330.355236) can0 38E#A42D004011000000
(1786378330.365159) can0 38E#432E004011000000
(1786378330.375158) can0 38F#852FE25302000000
(1786378330.375451) can0 38E#1E2F004011000000
(1786378330.385035) can0 38E#4220004011000000
(1786378330.395022) can0 38F#D920E25302000000
(1786378330.395351) can0 38E#1F21004011000000
(1786378330.405111) can0 38E#F822004011000000
(1786378330.415105) can0 38F#8421E25302000000
(1786378330.415414) can0 38E#A523004011000000
(1786378330.425085) can0 38E#2B24004011000000
(1786378330.435078) can0 38F#6322E25302000000
(1786378330.435396) can0 38E#7625004011000000
(1786378330.445003) can0 38E#9126004011000000
(1786378330.455097) can0 38F#3E23E25302000000
(1786378330.455433) can0 38E#CC27004011000000
(1786378330.465168) can0 38E#9028004011000000
(1786378330.475067) can0 38F#B024E25302000000
(1786378330.475462) can0 38E#CD29004011000000
(1786378330.485059) can0 38E#2A2A004011000000
(1786378330.495147) can0 38F#ED25E25302000000
(1786378330.495542) can0 38E#772B004011000000
(1786378330.505116) can0 38E#F92C004011000000
(1786378330.515056) can0 38F#0A26E25302000000
(1786378330.515414) can0 38E#A42D004011000000
(1786378330.525092) can0 38E#432E004011000000
(1786378330.535204) can0 38F#5727E25302000000
(1786378330.535562) can0 38E#1E2F004011000000
(1786378330.545115) can0 38E#4220004011000000
(1786378330.554968) can0 38F#0B28E25302000000
(1786378330.555262) can0 38E#1F21004011000000
(1786378330.565073) can0 38E#F822004011000000
(1786378330.575132) can0 38F#5629E25302000000
(1786378330.575432) can0 38E#A523004011000000
(1786378330.585003) can0 38E#2B24004011000000
(1786378330.595052) can0 38F#B12AE25302000000
(1786378330.595347) can0 38E#7625004011000000
(1786378330.605142) can0 38E#9126004011000000
(1786378330.615011) can0 38F#EC2BE25302000000
(1786378330.615310) can0 38E#CC27004011000000
(1786378330.625254) can0 38E#9028004011000000
(1786378330.635069) can0 38F#622CE25302000000
(1786378330.635430) can0 38E#CD29004011000000
(1786378330.645197) can0 38E#2A2A004011000000
(1786378330.655103) can0 38F#3F2DE25302000000
(1786378330.655459) can0 38E#772B004011000000
(1786378330.665086) can0 38E#F92C004011000000
(1786378330.675028) can0 38F#D82EE25302000000
(1786378330.675371) can0 38E#A42D004011000000
(1786378330.685166) can0 38E#432E004011000000
(1786378330.695109) can0 38F#852FE25302000000
(1786378330.695420) can0 38E#1E2F004011000000
(1786378330.704979) can0 38E#4220004011000000
(1786378330.715035) can0 38F#D920E25302000000
(1786378330.715338) can0 38E#1F21004011000000
(1786378330.725113) can0 38E#F822004011000000
(1786378330.735108) can0 38F#8421E25302000000
(1786378330.735520) can0 38E#A523004011000000
(1786378330.745175) can0 38E#2B24004011000000
(1786378330.755047) can0 38F#6322E25302000000
(1786378330.755523) can0 38E#7625004011000000
(1786378330.765143) can0 38E#9126004011000000
(1786378330.775076) can0 38F#3E23E25302000000
(1786378330.775476) can0 38E#CC27004011000000
(1786378330.785073) can0 38E#9028004011000000
(1786378330.795093) can0 38F#B024E25302000000
(1786378330.795413) can0 38E#CD29004011000000
(1786378330.805114) can0 38E#2A2A004011000000
(1786378330.815017) can0 38F#ED25E25302000000
(1786378330.815321) can0 38E#772B004011000000
(1786378330.825133) can0 38E#F92C004011000000
(1786378330.835081) can0 38F#0A26E25302000000
(1786378330.835410) can0 38E#A42D004011000000
(1786378330.845061) can0 38E#432E004011000000
(1786378330.855055) can0 38F#5727E25302000000
(1786378330.855336) can0 38E#1E2F004011000000
(1786378330.865071) can0 38E#4220004011000000
(1786378330.875016) can0 38F#0B28E25302000000
(1786378330.875313) can0 38E#1F21004011000000
(1786378330.885008) can0 38E#F822004011000000
(1786378330.895121) can0 38F#5629E25302000000
(1786378330.895483) can0 38E#A523004011000000
(1786378330.905053) can0 38E#2B24004011000000
(1786378330.915083) can0 38F#B12AE25302000000
(1786378330.915533) can0 38E#7625004011000000
(1786378330.925196) can0 38E#9126004011000000
(1786378330.935102) can0 38F#EC2BE25302000000
(1786378330.935554) can0 38E#CC27004011000000
(1786378330.945143) can0 38E#9028004011000000
(1786378330.955004) can0 38F#622CE25302000000
(1786378330.955305) can0 38E#CD29004011000000
(1786378330.965065) can0 38E#2A2A004011000000
(1786378330.975055) can0 38F#3F2DE25302000000
(1786378330.975400) can0 38E#772B004011000000
(1786378330.985022) can0 38E#F92C004011000000
(1786378330.995010) can0 38F#D82EE25302000000
(1786378330.995417) can0 38E#A42D004011000000
(1786378331.005113) can0 38E#432E004011000000
(1786378331.015046) can0 38F#852FE25302000000
(1786378331.015370) can0 38E#1E2F004011000000
(1786378331.025210) can0 38E#4220004011000000
(1786378331.035123) can0 38F#D920E25302000000
(1786378331.035593) can0 38E#1F21004011000000
(1786378331.045127) can0 38E#F822004011000000
(1786378331.055121) can0 38F#8421E25302000000
(1786378331.055439) can0 38E#A523004011000000
(1786378331.065116) can0 38E#2B24004011000000
(1786378331.075046) can0 38F#6322E25302000000
(1786378331.075478) can0 38E#7625004011000000
(1786378331.085144) can0 38E#9126004011000000
(1786378331.095095) can0 38F#3E23E25302000000
(1786378331.095438) can0 38E#CC27004011000000
(1786378331.105139) can0 38E#9028004011000000
(1786378331.114983) can0 38F#B024E25302000000
(1786378331.115288) can0 38E#CD29004011000000
(1786378331.125136) can0 38E#2A2A004011000000
(1786378331.135090) can0 38F#ED25E25302000000
(1786378331.135501) can0 38E#772B004011000000
(1786378331.145084) can0 38E#F92C004011000000
(1786378331.155051) can0 38F#0A26E25302000000
(1786378331.155395) can0 38E#A42D004011000000
(1786378331.165168) can0 38E#432E004011000000
(1786378331.175034) can0 38F#5727E25302000000
(1786378331.175331) can0 38E#1E2F004011000000
(1786378331.185059) can0 38E#4220004011000000
(1786378331.195151) can0 38F#0B28E25302000000
(1786378331.195595) can0 38E#1F21004011000000
(1786378331.204977) can0 38E#F822004011000000
(1786378331.214984) can0 38F#5629E25302000000
(1786378331.215287) can0 38E#A523004011000000
(1786378331.225055) can0 38E#2B24004011000000
(1786378331.235056) can0 38F#B12AE25302000000
(1786378331.235370) can0 38E#7625004011000000
(1786378331.245094) can0 38E#9126004011000000
(1786378331.255022) can0 38F#EC2BE25302000000
(1786378331.255305) can0 38E#CC27004011000000
(1786378331.264975) can0 38E#9028004011000000
(1786378331.275073) can0 38F#622CE25302000000
(1786378331.275325) can0 38E#CD29004011000000
(1786378331.285070) can0 38E#2A2A004011000000
(1786378331.295185) can0 38F#3F2DE25302000000
(1786378331.295575) can0 38E#772B004011000000
(1786378331.305087) can0 38E#F92C004011000000
(1786378331.314967) can0 38F#D82EE25302000000
(1786378331.315339) can0 38E#A42D004011000000
(1786378331.325153) can0 38E#432E004011000000
(1786378331.335123) can0 38F#852FE25302000000
(1786378331.335500) can0 38E#1E2F004011000000
(1786378331.345071) can0 38E#4220004011000000
(1786378331.355085) can0 38F#D920E25302000000
(1786378331.355362) can0 38E#1F21004011000000
(1786378331.365052) can0 38E#F822004011000000
(1786378331.375200) can0 38F#8421E25302000000
(1786378331.375519) can0 38E#A523004011000000
(1786378331.385009) can0 38E#2B24004011000000
(1786378331.395089) can0 38F#6322E25302000000
(1786378331.395485) can0 38E#7625004011000000
(1786378331.405122) can0 38E#9126004011000000
(1786378331.414967) can0 38F#3E23E25302000000
(1786378331.415284) can0 38E#CC27004011000000
(1786378331.425018) can0 38E#9028004011000000
(1786378331.435049) can0 38F#B024E25302000000
(1786378331.435459) can0 38E#CD29004011000000
(1786378331.445108) can0 38E#2A2A004011000000
(1786378331.455149) can0 38F#ED25E25302000000
(1786378331.455514) can0 38E#772B004011000000
(1786378331.465006) can0 38E#F92C004011000000
(1786378331.475012) can0 38F#0A26E25302000000
(1786378331.475345) can0 38E#A42D004011000000
(1786378331.485077) can0 38E#432E004011000000
(1786378331.495117) can0 38F#5727E25302000000
(1786378331.495512) can0 38E#1E2F004011000000
(1786378331.505010) can0 38E#4220004011000000
(1786378331.514976) can0 38F#0B28E25302000000
(1786378331.515342) can0 38E#1F21004011000000
(1786378331.525145) can0 38E#F822004011000000
(1786378331.534965) can0 38F#5629E25302000000
(1786378331.535229) can0 38E#A523004011000000
(1786378331.545048) can0 38E#2B24004011000000
(1786378331.555062) can0 38F#B12AE25302000000
(1786378331.555462) can0 38E#7625004011000000
(1786378331.565037) can0 38E#9126004011000000
(1786378331.575025) can0 38F#EC2BE25302000000
(1786378331.575338) can0 38E#CC27004011000000
(1786378331.585045) can0 38E#9028004011000000
(1786378331.595177) can0 38F#622CE25302000000
(1786378331.595661) can0 38E#CD29004011000000
(1786378331.605151) can0 38E#2A2A004011000000
(1786378331.615118) can0 38F#3F2DE25302000000
(1786378331.615586) can0 38E#772B004011000000
(1786378331.625255) can0 38E#F92C004011000000
(1786378331.635005) can0 38F#D82EE25302000000
(1786378331.635468) can0 38E#A42D004011000000
(1786378331.645075) can0 38E#432E004011000000
(1786378331.655124) can0 38F#852FE25302000000
(1786378331.655429) can0 38E#1E2F004011000000
(1786378331.665051) can0 38E#4220004011000000
(1786378331.675025) can0 38F#D920E25302000000
(1786378331.675405) can0 38E#1F21004011000000
(1786378331.685063) can0 38E#F822004011000000
(1786378331.695199) can0 38F#8421E25302000000
(1786378331.695586) can0 38E#A523004011000000
(1786378331.705120) can0 38E#2B24004011000000
(1786378331.714978) can0 38F#6322E25302000000
(1786378331.715239) can0 38E#7625004011000000
(1786378331.725105) can0 38E#9126004011000000
(1786378331.735071) can0 38F#3E23E25302000000
(1786378331.735497) can0 38E#CC27004011000000
(1786378331.745168) can0 38E#9028004011000000
(1786378331.755041) can0 38F#B024E25302000000
(1786378331.755344) can0 38E#CD29004011000000
(1786378331.765048) can0 38E#2A2A004011000000
(1786378331.775152) can0 38F#ED25E25302000000
(1786378331.775458) can0 38E#772B004011000000
(1786378331.784970) can0 38E#F92C004011000000
(1786378331.795018) can0 38F#0A26E25302000000
(1786378331.795311) can0 38E#A42D004011000000
(1786378331.805161) can0 38E#432E004011000000
(1786378331.815078) can0 38F#5727E25302000000
(1786378331.815435) can0 38E#1E2F004011000000
(1786378331.825171) can0 38E#4220004011000000
(1786378331.835064) can0 38F#0B28E25302000000
(1786378331.835498) can0 38E#1F21004011000000
(1786378331.844965) can0 38E#F822004011000000
(1786378331.854989) can0 38F#5629E25302000000
(1786378331.855306) can0 38E#A523004011000000
(1786378331.865045) can0 38E#2B24004011000000
(1786378331.875017) can0 38F#B12AE25302000000
(1786378331.875277) can0 38E#7625004011000000
(1786378331.885066) can0 38E#9126004011000000
(1786378331.895101) can0 38F#EC2BE25302000000
(1786378331.895520) can0 38E#CC27004011000000
(1786378331.905169) can0 38E#9028004011000000
(1786378331.915103) can0 38F#622CE25302000000
(1786378331.915517) can0 38E#CD29004011000000
(1786378331.925007) can0 38E#2A2A004011000000
(1786378331.935003) can0 38F#3F2DE25302000000
(1786378331.935372) can0 38E#772B004011000000
(1786378331.945125) can0 38E#F92C004011000000
(1786378331.955023) can0 38F#D82EE25302000000
(1786378331.955396) can0 38E#A42D004011000000
(1786378331.965073) can0 38E#432E004011000000
(1786378331.974991) can0 38F#852FE25302000000
(1786378331.975276) can0 38E#1E2F004011000000
(1786378331.985077) can0 38E#4220004011000000
(1786378331.994974) can0 38F#D920E25302000000
(1786378331.995374) can0 38E#1F21004011000000
(1786378332.005041) can0 38E#F822004011000000
(1786378332.015007) can0 38F#8421E25302000000
(1786378332.015306) can0 38E#A523004011000000
(1786378332.025154) can0 38E#2B24004011000000
(1786378332.035015) can0 38F#6322E25302000000
(1786378332.035504) can0 38E#7625004011000000
(1786378332.045126) can0 38E#9126004011000000
(1786378332.055104) can0 38F#3E23E25302000000
(1786378332.055422) can0 38E#CC27004011000000
(1786378332.064937) can0 38E#9028004011000000
(1786378332.074964) can0 38F#B024E25302000000
(1786378332.075318) can0 38E#CD29004011000000
(1786378332.085111) can0 38E#2A2A004011000000
(1786378332.095136) can0 38F#ED25E25302000000
(1786378332.095485) can0 38E#772B004011000000
(1786378332.104994) can0 38E#F92C004011000000
(1786378332.115018) can0 38F#0A26E25302000000
(1786378332.115393) can0 38E#A42D004011000000
(1786378332.125187) can0 38E#432E004011000000
(1786378332.135188) can0 38F#5727E25302000000
(1786378332.135649) can0 38E#1E2F004011000000
(1786378332.145161) can0 38E#4220004011000000
(1786378332.154951) can0 38F#0B28E25302000000
(1786378332.155276) can0 38E#1F21004011000000
(1786378332.165062) can0 38E#F822004011000000
(1786378332.175052) can0 38F#5629E25302000000
(1786378332.175310) can0 38E#A523004011000000
(1786378332.184997) can0 38E#2B24004011000000
(1786378332.194983) can0 38F#B12AE25302000000
(1786378332.195266) can0 38E#7625004011000000
(1786378332.205072) can0 38E#9126004011000000
(1786378332.214996) can0 38F#EC2BE25302000000
(1786378332.215340) can0 38E#CC27004011000000
(1786378332.225169) can0 38E#9028004011000000
(1786378332.235025) can0 38F#622CE25302000000
(1786378332.235391) can0 38E#CD29004011000000
(1786378332.245108) can0 38E#2A2A004011000000
(1786378332.255156) can0 38F#3F2DE25302000000
(1786378332.255460) can0 38E#772B004011000000
(1786378332.265071) can0 38E#F92C004011000000
(1786378332.274976) can0 38F#D82EE25302000000
(1786378332.275349) can0 38E#A42D004011000000
(1786378332.285078) can0 38E#432E004011000000
(1786378332.295195) can0 38F#852FE25302000000
(1786378332.295607) can0 38E#1E2F004011000000
(1786378332.305095) can0 38E#4220004011000000
(1786378332.314974) can0 38F#D920E25302000000
(1786378332.315216) can0 38E#1F21004011000000
(1786378332.325016) can0 38E#F822004011000000
(1786378332.335030) can0 38F#8421E25302000000
(1786378332.335392) can0 38E#A523004011000000
(1786378332.345061) can0 38E#2B24004011000000
(1786378332.354963) can0 38F#6322E25302000000
(1786378332.355304) can0 38E#7625004011000000
(1786378332.364978) can0 38E#9126004011000000
(1786378332.375058) can0 38F#3E23E25302000000
(1786378332.375454) can0 38E#CC27004011000000
(1786378332.385241) can0 38E#9028004011000000
(1786378332.395040) can0 38F#B024E25302000000
(1786378332.395434) can0 38E#CD29004011000000
(1786378332.405015) can0 38E#2A2A004011000000
(1786378332.414987) can0 38F#ED25E25302000000
(1786378332.415295) can0 38E#772B004011000000
(1786378332.425026) can0 38E#F92C004011000000
(1786378332.435133) can0 38F#0A26E25302000000
(1786378332.435644) can0 38E#A42D004011000000
(1786378332.445117) can0 38E#432E004011000000
(1786378332.455068) can0 38F#5727E25302000000
(1786378332.455400) can0 38E#1E2F004011000000
(1786378332.465082) can0 38E#4220004011000000
(1786378332.475009) can0 38F#0B28E25302000000
(1786378332.475291) can0 38E#1F21004011000000
(1786378332.485027) can0 38E#F822004011000000
(1786378332.495027) can0 38F#5629E25302000000
(1786378332.495450) can0 38E#A523004011000000
(1786378332.504992) can0 38E#2B24004011000000
(1786378332.515027) can0 38F#B12AE25302000000
(1786378332.515440) can0 38E#7625004011000000
(1786378332.525148) can0 38E#9126004011000000
(1786378332.535028) can0 38F#EC2BE25302000000
(1786378332.535333) can0 38E#CC27004011000000
(1786378332.545137) can0 38E#9028004011000000
(1786378332.554989) can0 38F#622CE25302000000
(1786378332.555293) can0 38E#CD29004011000000
(1786378332.565042) can0 38E#2A2A004011000000
(1786378332.575217) can0 38F#3F2DE25302000000
(1786378332.575629) can0 38E#772B004011000000
(1786378332.585052) can0 38E#F92C004011000000
(1786378332.595035) can0 38F#D82EE25302000000
(1786378332.595455) can0 38E#A42D004011000000
(1786378332.605135) can0 38E#432E004011000000
(1786378332.615116) can0 38F#852FE25302000000
(1786378332.615591) can0 38E#1E2F004011000000
(1786378332.625133) can0 38E#4220004011000000
(1786378332.635042) can0 38F#D920E25302000000
(1786378332.635412) can0 38E#1F21004011000000
(1786378332.644992) can0 38E#F822004011000000
(1786378332.655044) can0 38F#8421E25302000000
(1786378332.655337) can0 38E#A523004011000000
(1786378332.664989) can0 38E#2B24004011000000
(1786378332.675036) can0 38F#6322E25302000000
(1786378332.675327) can0 38E#7625004011000000
(1786378332.685220) can0 38E#9126004011000000
(1786378332.695120) can0 38F#3E23E25302000000
(1786378332.695434) can0 38E#CC27004011000000
(1786378332.704986) can0 38E#9028004011000000
(1786378332.715001) can0 38F#B024E25302000000
(1786378332.715340) can0 38E#CD29004011000000
(1786378332.725130) can0 38E#2A2A004011000000
(1786378332.734980) can0 38F#ED25E25302000000
(1786378332.735318) can0 38E#772B004011000000
(1786378332.744969) can0 38E#F92C004011000000
(1786378332.754924) can0 38F#0A26E25302000000
(1786378332.755248) can0 38E#A42D004011000000
(1786378332.765098) can0 38E#432E004011000000
(1786378332.775140) can0 38F#5727E25302000000
(1786378332.775448) can0 38E#1E2F004011000000
(1786378332.785123) can0 38E#4220004011000000
(1786378332.795101) can0 38F#0B28E25302000000
(1786378332.795451) can0 38E#1F21004011000000
(1786378332.805005) can0 38E#F822004011000000
(1786378332.815115) can0 38F#5629E25302000000
(1786378332.815563) can0 38E#A523004011000000
(1786378332.825101) can0 38E#2B24004011000000
(1786378332.835064) can0 38F#B12AE25302000000
(1786378332.835511) can0 38E#7625004011000000
(1786378332.845066) can0 38E#9126004011000000
(1786378332.855046) can0 38F#EC2BE25302000000
(1786378332.855402) can0 38E#CC27004011000000
(1786378332.865031) can0 38E#9028004011000000
(1786378332.874944) can0 38F#622CE25302000000
(1786378332.875249) can0 38E#CD29004011000000
(1786378332.884902) can0 38E#2A2A004011000000
(1786378332.895104) can0 38F#3F2DE25302000000
(1786378332.895553) can0 38E#772B004011000000
(1786378332.905072) can0 38E#F92C004011000000
(1786378332.915071) can0 38F#D82EE25302000000
(1786378332.915344) can0 38E#A42D004011000000
(1786378332.925026) can0 38E#432E004011000000
(1786378332.934942) can0 38F#852FE25302000000
(1786378332.935231) can0 38E#1E2F004011000000
(1786378332.945067) can0 38E#4220004011000000
(1786378332.954987) can0 38F#D920E25302000000
(1786378332.955378) can0 38E#1F21004011000000
(1786378332.965187) can0 38E#F822004011000000
(1786378332.975036) can0 38F#8421E25302000000
(1786378332.975420) can0 38E#A523004011000000
(1786378332.985036) can0 38E#2B24004011000000
(1786378332.995076) can0 38F#6322E25302000000
(1786378332.995460) can0 38E#7625004011000000
(1786378333.005112) can0 38E#9126004011000000
(1786378333.015002) can0 38F#3E23E25302000000
(1786378333.015351) can0 38E#CC27004011000000
(1786378333.025012) can0 38E#9028004011000000
(1786378333.034965) can0 38F#B024E25302000000
(1786378333.035219) can0 38E#CD29004011000000
(1786378333.045137) can0 38E#2A2A004011000000
(1786378333.055027) can0 38F#ED25E25302000000
(1786378333.055332) can0 38E#772B004011000000
(1786378333.064956) can0 38E#F92C004011000000
(1786378333.074938) can0 38F#0A26E25302000000
(1786378333.075253) can0 38E#A42D004011000000
(1786378333.084960) can0 38E#432E004011000000
(1786378333.094990) can0 38F#5727E25302000000
(1786378333.095247) can0 38E#1E2F004011000000
(1786378333.104950) can0 38E#4220004011000000
(1786378333.114966) can0 38F#0B28E25302000000
(1786378333.115276) can0 38E#1F21004011000000
(1786378333.125100) can0 38E#F822004011000000
(1786378333.134920) can0 38F#5629E25302000000
(1786378333.135219) can0 38E#A523004011000000
(1786378333.144994) can0 38E#2B24004011000000
(1786378333.155027) can0 38F#B12AE25302000000
(1786378333.155368) can0 38E#7625004011000000
(1786378333.165122) can0 38E#9126004011000000
(1786378333.175039) can0 38F#EC2BE25302000000
(1786378333.175372) can0 38E#CC27004011000000
(1786378333.184994) can0 38E#9028004011000000
(1786378333.194999) can0 38F#622CE25302000000
(1786378333.195354) can0 38E#CD29004011000000
(1786378333.205121) can0 38E#2A2A004011000000
(1786378333.215038) can0 38F#3F2DE25302000000
(1786378333.215485) can0 38E#772B004011000000
(1786378333.225031) can0 38E#F92C004011000000
(1786378333.234994) can0 38F#D82EE25302000000
(1786378333.235540) can0 38E#A42D004011000000
(1786378333.245288) can0 38E#432E004011000000
(1786378333.255015) can0 38F#852FE25302000000
(1786378333.255331) can0 38E#1E2F004011000000
(1786378333.264968) can0 38E#4220004011000000
(1786378333.275023) can0 38F#D920E25302000000
(1786378333.275383) can0 38E#1F21004011000000
(1786378333.284964) can0 38E#F822004011000000
(1786378333.295110) can0 38F#8421E25302000000
(1786378333.295468) can0 38E#A523004011000000
(1786378333.304999) can0 38E#2B24004011000000
(1786378333.314988) can0 38F#6322E25302000000
(1786378333.315382) can0 38E#7625004011000000
(1786378333.325146) can0 38E#9126004011000000
(1786378333.335153) can0 38F#3E23E25302000000
(1786378333.335551) can0 38E#CC27004011000000
(1786378333.345266) can0 38E#9028004011000000
(1786378333.354932) can0 38F#B024E25302000000
(1786378333.355217) can0 38E#CD29004011000000
(1786378333.364941) can0 38E#2A2A004011000000
(1786378333.375058) can0 38F#ED25E25302000000
(1786378333.375475) can0 38E#772B004011000000
(1786378333.384992) can0 38E#F92C004011000000
(1786378333.395124) can0 38F#0A26E25302000000
(1786378333.395462) can0 38E#A42D004011000000
(1786378333.405099) can0 38E#432E004011000000
(1786378333.415040) can0 38F#5727E25302000000
(1786378333.415351) can0 38E#1E2F004011000000
(1786378333.425074) can0 38E#4220004011000000
(1786378333.434962) can0 38F#0B28E25302000000
(1786378333.435365) can0 38E#1F21004011000000
(1786378333.445084) can0 38E#F822004011000000
(1786378333.454998) can0 38F#5629E25302000000
(1786378333.455294) can0 38E#A523004011000000
(1786378333.464994) can0 38E#2B24004011000000
(1786378333.475066) can0 38F#B12AE25302000000
(1786378333.475467) can0 38E#7625004011000000
(1786378333.485094) can0 38E#9126004011000000
(1786378333.495064) can0 38F#EC2BE25302000000
(1786378333.495446) can0 38E#CC27004011000000
(1786378333.504945) can0 38E#9028004011000000
(1786378333.515009) can0 38F#622CE25302000000
(1786378333.515400) can0 38E#CD29004011000000
(1786378333.525087) can0 38E#2A2A004011000000
(1786378333.535105) can0 38F#3F2DE25302000000
(1786378333.535447) can0 38E#772B004011000000
(1786378333.545242) can0 38E#F92C004011000000
(1786378333.554979) can0 38F#D82EE25302000000
(1786378333.555335) can0 38E#A42D004011000000
(1786378333.565053) can0 38E#432E004011000000
(1786378333.574999) can0 38F#852FE25302000000
(1786378333.575420) can0 38E#1E2F004011000000
(1786378333.585267) can0 38E#4220004011000000
(1786378333.594993) can0 38F#D920E25302000000
(1786378333.595483) can0 38E#1F21004011000000
(1786378333.605050) can0 38E#F822004011000000
(1786378333.615031) can0 38F#8421E25302000000
(1786378333.615448) can0 38E#A523004011000000
(1786378333.625036) can0 38E#2B24004011000000
(1786378333.635069) can0 38F#6322E25302000000
(1786378333.635579) can0 38E#7625004011000000
(1786378333.645257) can0 38E#9126004011000000
(1786378333.655000) can0 38F#3E23E25302000000
(1786378333.655287) can0 38E#CC27004011000000
(1786378333.665057) can0 38E#9028004011000000
(1786378333.674980) can0 38F#B024E25302000000
(1786378333.675491) can0 38E#CD29004011000000
(1786378333.685106) can0 38E#2A2A004011000000
(1786378333.695098) can0 38F#ED25E25302000000
(1786378333.695529) can0 38E#772B004011000000
(1786378333.705000) can0 38E#F92C004011000000
(1786378333.714926) can0 38F#0A26E25302000000
(1786378333.715278) can0 38E#A42D004011000000
(1786378333.725018) can0 38E#432E004011000000
(1786378333.735004) can0 38F#5727E25302000000
(1786378333.735350) can0 38E#1E2F004011000000
(1786378333.745068) can0 38E#4220004011000000
(1786378333.754991) can0 38F#0B28E25302000000
(1786378333.755313) can0 38E#1F21004011000000
(1786378333.765064) can0 38E#F822004011000000
(1786378333.775064) can0 38F#5629E25302000000
(1786378333.775354) can0 38E#A523004011000000
(1786378333.784881) can0 38E#2B24004011000000
(1786378333.794951) can0 38F#B12AE25302000000
(1786378333.795237) can0 38E#7625004011000000
(1786378333.804988) can0 38E#9126004011000000
(1786378333.815036) can0 38F#EC2BE25302000000
(1786378333.815267) can0 38E#CC27004011000000
(1786378333.825018) can0 38E#9028004011000000
(1786378333.834989) can0 38F#622CE25302000000
(1786378333.835493) can0 38E#CD29004011000000
(1786378333.845313) can0 38E#2A2A004011000000
(1786378333.855202) can0 38F#3F2DE25302000000
(1786378333.855532) can0 38E#772B004011000000
(1786378333.865183) can0 38E#F92C004011000000
(1786378333.875018) can0 38F#D82EE25302000000
(1786378333.875379) can0 38E#A42D004011000000
(1786378333.885074) can0 38E#432E004011000000
(1786378333.895082) can0 38F#852FE25302000000
(1786378333.895579) can0 38E#1E2F004011000000
(1786378333.905097) can0 38E#4220004011000000
(1786378333.915051) can0 38F#D920E25302000000
(1786378333.915507) can0 38E#1F21004011000000
(1786378333.925020) can0 38E#F822004011000000
(1786378333.934923) can0 38F#8421E25302000000
(1786378333.935211) can0 38E#A523004011000000
(1786378333.944952) can0 38E#2B24004011000000
(1786378333.955002) can0 38F#6322E25302000000
(1786378333.955274) can0 38E#7625004011000000
(1786378333.964972) can0 38E#9126004011000000
(1786378333.975022) can0 38F#3E23E25302000000
(1786378333.975279) can0 38E#CC27004011000000
(1786378333.985068) can0 38E#9028004011000000
(1786378333.994936) can0 38F#B024E25302000000
(1786378333.995328) can0 38E#CD29004011000000
(1786378334.004951) can0 38E#2A2A004011000000
(1786378334.015043) can0 38F#ED25E25302000000
(1786378334.015356) can0 38E#772B004011000000
(1786378334.025068) can0 38E#F92C004011000000
(1786378334.035034) can0 38F#0A26E25302000000
(1786378334.035418) can0 38E#A42D004011000000
(1786378334.045176) can0 38E#432E004011000000
(1786378334.054984) can0 38F#5727E25302000000
(1786378334.055270) can0 38E#1E2F004011000000
(1786378334.065056) can0 38E#4220004011000000
(1786378334.074956) can0 38F#0B28E25302000000
(1786378334.075263) can0 38E#1F21004011000000
(1786378334.085086) can0 38E#F822004011000000
(1786378334.095021) can0 38F#5629E25302000000
(1786378334.095359) can0 38E#A523004011000000
(1786378334.105056) can0 38E#2B24004011000000
(1786378334.114949) can0 38F#B12AE25302000000
(1786378334.115233) can0 38E#7625004011000000
(1786378334.125018) can0 38E#9126004011000000
(1786378334.135149) can0 38F#EC2BE25302000000
(1786378334.135504) can0 38E#CC27004011000000
(1786378334.144894) can0 38E#9028004011000000
(1786378334.154943) can0 38F#622CE25302000000
(1786378334.155243) can0 38E#CD29004011000000
(1786378334.164953) can0 38E#2A2A004011000000
(1786378334.174996) can0 38F#3F2DE25302000000
(1786378334.175341) can0 38E#772B004011000000
(1786378334.185011) can0 38E#F92C004011000000
(1786378334.195092) can0 38F#D82EE25302000000
(1786378334.195571) can0 38E#A42D004011000000
(1786378334.205043) can0 38E#432E004011000000
(1786378334.214975) can0 38F#852FE25302000000
(1786378334.215341) can0 38E#1E2F004011000000
(1786378334.224943) can0 38E#4220004011000000
(1786378334.234933) can0 38F#D920E25302000000
(1786378334.235225) can0 38E#1F21004011000000
(1786378334.245046) can0 38E#F822004011000000
(1786378334.254941) can0 38F#8421E25302000000
(1786378334.255186) can0 38E#A523004011000000
(1786378334.264926) can0 38E#2B24004011000000
(1786378334.274909) can0 38F#6322E25302000000
(1786378334.275207) can0 38E#7625004011000000
(1786378334.285029) can0 38E#9126004011000000
(1786378334.295080) can0 38F#3E23E25302000000
(1786378334.295426) can0 38E#CC27004011000000
(1786378334.304960) can0 38E#9028004011000000
(1786378334.314968) can0 38F#B024E25302000000
(1786378334.315386) can0 38E#CD29004011000000
(1786378334.325019) can0 38E#2A2A004011000000
(1786378334.335063) can0 38F#ED25E25302000000
(1786378334.335443) can0 38E#772B004011000000
(1786378334.345147) can0 38E#F92C004011000000
(1786378334.354966) can0 38F#0A26E25302000000
(1786378334.355306) can0 38E#A42D004011000000
(1786378334.364905) can0 38E#432E004011000000
(1786378334.374945) can0 38F#5727E25302000000
(1786378334.375228) can0 38E#1E2F004011000000
(1786378334.384936) can0 38E#4220004011000000
(1786378334.394966) can0 38F#0B28E25302000000
(1786378334.395213) can0 38E#1F21004011000000
(1786378334.404961) can0 38E#F822004011000000
(1786378334.415110) can0 38F#5629E25302000000
(1786378334.415553) can0 38E#A523004011000000
(1786378334.424901) can0 38E#2B24004011000000
(1786378334.434910) can0 38F#B12AE25302000000
(1786378334.435151) can0 38E#7625004011000000
(1786378334.445073) can0 38E#9126004011000000
(1786378334.455050) can0 38F#EC2BE25302000000
(1786378334.455316) can0 38E#CC27004011000000
(1786378334.465037) can0 38E#9028004011000000
(1786378334.474898) can0 38F#622CE25302000000
(1786378334.475161) can0 38E#CD29004011000000
(1786378334.484974) can0 38E#2A2A004011000000
(1786378334.495291) can0 38F#3F2DE25302000000
(1786378334.495682) can0 38E#772B004011000000
(1786378334.505011) can0 38E#F92C004011000000
(1786378334.515036) can0 38F#D82EE25302000000
(1786378334.515489) can0 38E#A42D004011000000
(1786378334.524998) can0 38E#432E004011000000
(1786378334.535020) can0 38F#852FE25302000000
(1786378334.535405) can0 38E#1E2F004011000000
(1786378334.545013) can0 38E#4220004011000000
(1786378334.554979) can0 38F#D920E25302000000
(1786378334.555312) can0 38E#1F21004011000000
(1786378334.565151) can0 38E#F822004011000000
(1786378334.574996) can0 38F#8421E25302000000
(1786378334.575308) can0 38E#A523004011000000
(1786378334.584925) can0 38E#2B24004011000000
(1786378334.594948) can0 38F#6322E25302000000
(1786378334.595261) can0 38E#7625004011000000
(1786378334.604964) can0 38E#9126004011000000
(1786378334.614956) can0 38F#3E23E25302000000
(1786378334.615268) can0 38E#CC27004011000000
(1786378334.625066) can0 38E#9028004011000000
(1786378334.635084) can0 38F#B024E25302000000
(1786378334.635547) can0 38E#CD29004011000000
(1786378334.644975) can0 38E#2A2A004011000000
(1786378334.654943) can0 38F#ED25E25302000000
(1786378334.655246) can0 38E#772B004011000000
(1786378334.664968) can0 38E#F92C004011000000
(1786378334.674989) can0 38F#0A26E25302000000
(1786378334.675292) can0 38E#A42D004011000000
(1786378334.684992) can0 38E#432E004011000000
(1786378334.694977) can0 38F#5727E25302000000
(1786378334.695279) can0 38E#1E2F004011000000
(1786378334.705042) can0 38E#4220004011000000
(1786378334.714932) can0 38F#0B28E25302000000
(1786378334.715245) can0 38E#1F21004011000000
(1786378334.724974) can0 38E#F822004011000000
(1786378334.734996) can0 38F#5629E25302000000
(1786378334.735257) can0 38E#A523004011000000
(1786378334.745189) can0 38E#2B24004011000000
(1786378334.754952) can0 38F#B12AE25302000000
(1786378334.755261) can0 38E#7625004011000000
(1786378334.765044) can0 38E#9126004011000000
(1786378334.775022) can0 38F#EC2BE25302000000
(1786378334.775357) can0 38E#CC27004011000000
(1786378334.784994) can0 38E#9028004011000000
(1786378334.795018) can0 38F#622CE25302000000
(1786378334.795355) can0 38E#CD29004011000000
(1786378334.805009) can0 38E#2A2A004011000000
(1786378334.815009) can0 38F#3F2DE25302000000
(1786378334.815389) can0 38E#772B004011000000
(1786378334.824980) can0 38E#F92C004011000000
(1786378334.835014) can0 38F#D82EE25302000000
(1786378334.835353) can0 38E#A42D004011000000
(1786378334.845097) can0 38E#432E004011000000
(1786378334.854971) can0 38F#852FE25302000000
(1786378334.855251) can0 38E#1E2F004011000000
(1786378334.864936) can0 38E#4220004011000000
(1786378334.875045) can0 38F#D920E25302000000
(1786378334.875375) can0 38E#1F21004011000000
(1786378334.885005) can0 38E#F822004011000000
(1786378334.895092) can0 38F#8421E25302000000
(1786378334.895427) can0 38E#A523004011000000
(1786378334.905003) can0 38E#2B24004011000000
(1786378334.914899) can0 38F#6322E25302000000
(1786378334.915147) can0 38E#7625004011000000
(1786378334.925074) can0 38E#9126004011000000
(1786378334.934944) can0 38F#3E23E25302000000
(1786378334.935244) can0 38E#CC27004011000000
(1786378334.945072) can0 38E#9028004011000000
(1786378334.954940) can0 38F#B024E25302000000
(1786378334.955287) can0 38E#CD29004011000000
(1786378334.964960) can0 38E#2A2A004011000000
(1786378334.975152) can0 38F#ED25E25302000000
(1786378334.975564) can0 38E#772B004011000000
(1786378334.985096) can0 38E#F92C004011000000
(1786378334.994950) can0 38F#0A26E25302000000
(1786378334.995271) can0 38E#A42D004011000000
(1786378335.004981) can0 38E#432E004011000000
(1786378335.014957) can0 38F#5727E25302000000
(1786378335.015305) can0 38E#1E2F004011000000
(1786378335.025029) can0 38E#4220004011000000
(1786378335.034963) can0 38F#0B28E25302000000
(1786378335.035262) can0 38E#1F21004011000000
(1786378335.045047) can0 38E#F822004011000000
(1786378335.055017) can0 38F#5629E25302000000
(1786378335.055298) can0 38E#A523004011000000
(1786378335.065177) can0 38E#2B24004011000000
(1786378335.074933) can0 38F#B12AE25302000000
(1786378335.075229) can0 38E#7625004011000000
(1786378335.085068) can0 38E#9126004011000000
(1786378335.094975) can0 38F#EC2BE25302000000
(1786378335.095318) can0 38E#CC27004011000000
(1786378335.104987) can0 38E#9028004011000000
(1786378335.114916) can0 38F#622CE25302000000
(1786378335.115218) can0 38E#CD29004011000000
(1786378335.124981) can0 38E#2A2A004011000000
(1786378335.135083) can0 38F#3F2DE25302000000
(1786378335.135456) can0 38E#772B004011000000
(1786378335.145164) can0 38E#F92C004011000000
(1786378335.154919) can0 38F#D82EE25302000000
(1786378335.155245) can0 38E#A42D004011000000
(1786378335.164935) can0 38E#432E004011000000
(1786378335.174886) can0 38F#852FE25302000000
(1786378335.175147) can0 38E#1E2F004011000000
(1786378335.184976) can0 38E#4220004011000000
(1786378335.194950) can0 38F#D920E25302000000
(1786378335.195208) can0 38E#1F21004011000000
(1786378335.205014) can0 38E#F822004011000000
(1786378335.214934) can0 38F#8421E25302000000
(1786378335.215309) can0 38E#A523004011000000
(1786378335.225035) can0 38E#2B24004011000000
(1786378335.234951) can0 38F#6322E25302000000
(1786378335.235289) can0 38E#7625004011000000
(1786378335.245158) can0 38E#9126004011000000
(1786378335.255015) can0 38F#3E23E25302000000
(1786378335.255288) can0 38E#CC27004011000000
(1786378335.265026) can0 38E#9028004011000000
(1786378335.274929) can0 38F#B024E25302000000
(1786378335.275146) can0 38E#CD29004011000000
(1786378335.284828) can0 38E#2A2A004011000000
(1786378335.294907) can0 38F#ED25E25302000000
(1786378335.295148) can0 38E#772B004011000000
(1786378335.304969) can0 38E#F92C004011000000
(1786378335.315004) can0 38F#0A26E25302000000
(1786378335.315457) can0 38E#A42D004011000000
(1786378335.325032) can0 38E#432E004011000000
(1786378335.334991) can0 38F#5727E25302000000
(1786378335.335368) can0 38E#1E2F004011000000
(1786378335.345046) can0 38E#4220004011000000
(1786378335.354954) can0 38F#0B28E25302000000
(1786378335.355265) can0 38E#1F21004011000000
(1786378335.364907) can0 38E#F822004011000000
(1786378335.374985) can0 38F#5629E25302000000
(1786378335.375292) can0 38E#A523004011000000
(1786378335.384910) can0 38E#2B24004011000000
(1786378335.394890) can0 38F#B12AE25302000000
(1786378335.395160) can0 38E#7625004011000000
(1786378335.404984) can0 38E#9126004011000000
(1786378335.414915) can0 38F#EC2BE25302000000
(1786378335.415199) can0 38E#CC27004011000000
(1786378335.424937) can0 38E#9028004011000000
(1786378335.434869) can0 38F#622CE25302000000
(1786378335.435156) can0 38E#CD29004011000000
(1786378335.444925) can0 38E#2A2A004011000000
(1786378335.454945) can0 38F#3F2DE25302000000
(1786378335.455257) can0 38E#772B004011000000
(1786378335.464897) can0 38E#F92C004011000000
(1786378335.474879) can0 38F#D82EE25302000000
(1786378335.475179) can0 38E#A42D004011000000
(1786378335.484857) can0 38E#432E004011000000
(1786378335.494943) can0 38F#852FE25302000000
(1786378335.495181) can0 38E#1E2F004011000000
(1786378335.504882) can0 38E#4220004011000000
(1786378335.514956) can0 38F#D920E25302000000
(1786378335.515207) can0 38E#1F21004011000000
(1786378335.524911) can0 38E#F822004011000000
(1786378335.535084) can0 38F#8421E25302000000
(1786378335.535509) can0 38E#A523004011000000
(1786378335.545001) can0 38E#2B24004011000000
(1786378335.554908) can0 38F#6322E25302000000
(1786378335.555223) can0 38E#7625004011000000
(1786378335.565052) can0 38E#9126004011000000
(1786378335.575045) can0 38F#3E23E25302000000
(1786378335.575335) can0 38E#CC27004011000000
(1786378335.584919) can0 38E#9028004011000000
(1786378335.594916) can0 38F#B024E25302000000
(1786378335.595156) can0 38E#CD29004011000000
(1786378335.604946) can0 38E#2A2A004011000000
(1786378335.614966) can0 38F#ED25E25302000000
(1786378335.615247) can0 38E#772B004011000000
(1786378335.625083) can0 38E#F92C004011000000
(1786378335.634975) can0 38F#0A26E25302000000
(1786378335.635267) can0 38E#A42D004011000000
(1786378335.644967) can0 38E#432E004011000000
(1786378335.654934) can0 38F#5727E25302000000
(1786378335.655205) can0 38E#1E2F004011000000
(1786378335.664930) can0 38E#4220004011000000
(1786378335.674934) can0 38F#0B28E25302000000
(1786378335.675248) can0 38E#1F21004011000000
(1786378335.684952) can0 38E#F822004011000000
(1786378335.695013) can0 38F#5629E25302000000
(1786378335.695321) can0 38E#A523004011000000
(1786378335.704985) can0 38E#2B24004011000000
(1786378335.714855) can0 38F#B12AE25302000000
(1786378335.715159) can0 38E#7625004011000000
(1786378335.724919) can0 38E#9126004011000000
(1786378335.735023) can0 38F#EC2BE25302000000
(1786378335.735410) can0 38E#CC27004011000000
(1786378335.745015) can0 38E#9028004011000000
(1786378335.754978) can0 38F#622CE25302000000
(1786378335.755288) can0 38E#CD29004011000000
(1786378335.764865) can0 38E#2A2A004011000000
(1786378335.774964) can0 38F#3F2DE25302000000
(1786378335.775274) can0 38E#772B004011000000
(1786378335.785062) can0 38E#F92C004011000000
(1786378335.794944) can0 38F#D82EE25302000000
(1786378335.795260) can0 38E#A42D004011000000
(1786378335.804953) can0 38E#432E004011000000
(1786378335.814890) can0 38F#852FE25302000000
(1786378335.815154) can0 38E#1E2F004011000000
(1786378335.824976) can0 38E#4220004011000000
(1786378335.834946) can0 38F#D920E25302000000
(1786378335.835245) can0 38E#1F21004011000000
(1786378335.844905) can0 38E#F822004011000000
(1786378335.855034) can0 38F#8421E25302000000
(1786378335.855327) can0 38E#A523004011000000
(1786378335.865014) can0 38E#2B24004011000000
(1786378335.875158) can0 38F#6322E25302000000
(1786378335.875621) can0 38E#7625004011000000
(1786378335.885029) can0 38E#9126004011000000
(1786378335.895012) can0 38F#3E23E25302000000
(1786378335.895399) can0 38E#CC27004011000000
(1786378335.904981) can0 38E#9028004011000000
(1786378335.914995) can0 38F#B024E25302000000
(1786378335.915423) can0 38E#CD29004011000000
(1786378335.925021) can0 38E#2A2A004011000000
(1786378335.935043) can0 38F#ED25E25302000000
(1786378335.935505) can0 38E#772B004011000000
(1786378335.945167) can0 38E#F92C004011000000
(1786378335.954985) can0 38F#0A26E25302000000
(1786378335.955340) can0 38E#A42D004011000000
(1786378335.965098) can0 38E#432E004011000000
(1786378335.974999) can0 38F#5727E25302000000
(1786378335.975339) can0 38E#1E2F004011000000
(1786378335.985098) can0 38E#4220004011000000
(1786378335.995204) can0 38F#0B28E25302000000
(1786378335.995816) can0 38E#1F21004011000000
(1786378336.005115) can0 38E#F822004011000000
(1786378336.015098) can0 38F#5629E25302000000
(1786378336.015558) can0 38E#A523004011000000
(1786378336.025023) can0 38E#2B24004011000000
(1786378336.034977) can0 38F#B12AE25302000000
(1786378336.035413) can0 38E#7625004011000000
(1786378336.045032) can0 38E#9126004011000000
(1786378336.055072) can0 38F#EC2BE25302000000
(1786378336.055438) can0 38E#CC27004011000000
(1786378336.065117) can0 38E#9028004011000000
(1786378336.074925) can0 38F#622CE25302000000
(1786378336.075343) can0 38E#CD29004011000000
(1786378336.085020) can0 38E#2A2A004011000000
(1786378336.095018) can0 38F#3F2DE25302000000
(1786378336.095394) can0 38E#772B004011000000
(1786378336.105020) can0 38E#F92C004011000000
(1786378336.115044) can0 38F#D82EE25302000000
(1786378336.115548) can0 38E#A42D004011000000
(1786378336.125082) can0 38E#432E004011000000
(1786378336.135091) can0 38F#852FE25302000000
(1786378336.135470) can0 38E#1E2F004011000000
(1786378336.145050) can0 38E#4220004011000000
(1786378336.154905) can0 38F#D920E25302000000
(1786378336.155259) can0 38E#1F21004011000000
(1786378336.165141) can0 38E#F822004011000000
(1786378336.174983) can0 38F#8421E25302000000
(1786378336.175276) can0 38E#A523004011000000
(1786378336.184943) can0 38E#2B24004011000000
(1786378336.195059) can0 38F#6322E25302000000
(1786378336.195551) can0 38E#7625004011000000
(1786378336.205006) can0 38E#9126004011000000
(1786378336.215163) can0 38F#3E23E25302000000
(1786378336.215598) can0 38E#CC27004011000000
(1786378336.225121) can0 38E#9028004011000000
(1786378336.234909) can0 38F#B024E25302000000
(1786378336.235337) can0 38E#CD29004011000000
(1786378336.244997) can0 38E#2A2A004011000000
(1786378336.254984) can0 38F#ED25E25302000000
(1786378336.255294) can0 38E#772B004011000000
(1786378336.265024) can0 38E#F92C004011000000
(1786378336.275070) can0 38F#0A26E25302000000
(1786378336.275434) can0 38E#A42D004011000000
(1786378336.285078) can0 38E#432E004011000000
(1786378336.295027) can0 38F#5727E25302000000
(1786378336.295476) can0 38E#1E2F004011000000
(1786378336.305004) can0 38E#4220004011000000
(1786378336.314970) can0 38F#0B28E25302000000
(1786378336.315392) can0 38E#1F21004011000000
(1786378336.325051) can0 38E#F822004011000000
(1786378336.335074) can0 38F#5629E25302000000
(1786378336.335460) can0 38E#A523004011000000
(1786378336.345129) can0 38E#2B24004011000000
(1786378336.354975) can0 38F#B12AE25302000000
(1786378336.355311) can0 38E#7625004011000000
(1786378336.365076) can0 38E#9126004011000000
(1786378336.374983) can0 38F#EC2BE25302000000
(1786378336.375357) can0 38E#CC27004011000000
(1786378336.385105) can0 38E#9028004011000000
(1786378336.395059) can0 38F#622CE25302000000
(1786378336.395422) can0 38E#CD29004011000000
(1786378336.405030) can0 38E#2A2A004011000000
(1786378336.415029) can0 38F#3F2DE25302000000
(1786378336.415446) can0 38E#772B004011000000
(1786378336.425112) can0 38E#F92C004011000000
(1786378336.435043) can0 38F#D82EE25302000000
(1786378336.435649) can0 38E#A42D004011000000
(1786378336.445027) can0 38E#432E004011000000
(1786378336.454928) can0 38F#852FE25302000000
(1786378336.455239) can0 38E#1E2F004011000000
(1786378336.465084) can0 38E#4220004011000000
(1786378336.474939) can0 38F#D920E25302000000
(1786378336.475321) can0 38E#1F21004011000000
(1786378336.485024) can0 38E#F822004011000000
(1786378336.495144) can0 38F#8421E25302000000
(1786378336.495612) can0 38E#A523004011000000
(1786378336.504994) can0 38E#2B24004011000000
(1786378336.514950) can0 38F#6322E25302000000
(1786378336.515434) can0 38E#7625004011000000
(1786378336.525207) can0 38E#9126004011000000
(1786378336.535070) can0 38F#3E23E25302000000
(1786378336.535584) can0 38E#CC27004011000000
(1786378336.545221) can0 38E#9028004011000000
(1786378336.554981) can0 38F#B024E25302000000
(1786378336.555300) can0 38E#CD29004011000000
(1786378336.565148) can0 38E#2A2A004011000000
(1786378336.574962) can0 38F#ED25E25302000000
(1786378336.575294) can0 38E#772B004011000000
(1786378336.585017) can0 38E#F92C004011000000
(1786378336.595213) can0 38F#0A26E25302000000
(1786378336.595691) can0 38E#A42D004011000000
(1786378336.605056) can0 38E#432E004011000000
(1786378336.615034) can0 38F#5727E25302000000
(1786378336.615410) can0 38E#1E2F004011000000
(1786378336.625008) can0 38E#4220004011000000
(1786378336.635020) can0 38F#0B28E25302000000
(1786378336.635454) can0 38E#1F21004011000000
(1786378336.645224) can0 38E#F822004011000000
(1786378336.654991) can0 38F#5629E25302000000
(1786378336.655343) can0 38E#A523004011000000
(1786378336.665066) can0 38E#2B24004011000000
(1786378336.674924) can0 38F#B12AE25302000000
(1786378336.675270) can0 38E#7625004011000000
(1786378336.685063) can0 38E#9126004011000000
(1786378336.695263) can0 38F#EC2BE25302000000
(1786378336.695790) can0 38E#CC27004011000000
(1786378336.704925) can0 38E#9028004011000000
(1786378336.714994) can0 38F#622CE25302000000
(1786378336.715403) can0 38E#CD29004011000000
(1786378336.724992) can0 38E#2A2A004011000000
(1786378336.735067) can0 38F#3F2DE25302000000
(1786378336.735545) can0 38E#772B004011000000
(1786378336.745148) can0 38E#F92C004011000000
(1786378336.754959) can0 38F#D82EE25302000000
(1786378336.755304) can0 38E#A42D004011000000
(1786378336.765014) can0 38E#432E004011000000
(1786378336.774985) can0 38F#852FE25302000000
(1786378336.775340) can0 38E#1E2F004011000000
(1786378336.784994) can0 38E#4220004011000000
(1786378336.795028) can0 38F#D920E25302000000
(1786378336.795454) can0 38E#1F21004011000000
(1786378336.804911) can0 38E#F822004011000000
(1786378336.815128) can0 38F#8421E25302000000
(1786378336.815628) can0 38E#A523004011000000
(1786378336.825078) can0 38E#2B24004011000000
(1786378336.834929) can0 38F#6322E25302000000
(1786378336.835299) can0 38E#7625004011000000
(1786378336.845018) can0 38E#9126004011000000
(1786378336.855025) can0 38F#3E23E25302000000
(1786378336.855372) can0 38E#CC27004011000000
(1786378336.865125) can0 38E#9028004011000000
(1786378336.874987) can0 38F#B024E25302000000
(1786378336.875365) can0 38E#CD29004011000000
(1786378336.885062) can0 38E#2A2A004011000000
(1786378336.895024) can0 38F#ED25E25302000000
(1786378336.895484) can0 38E#772B004011000000
(1786378336.904945) can0 38E#F92C004011000000
(1786378336.915076) can0 38F#0A26E25302000000
(1786378336.915587) can0 38E#A42D004011000000
(1786378336.925064) can0 38E#432E004011000000
(1786378336.935061) can0 38F#5727E25302000000
(1786378336.935577) can0 38E#1E2F004011000000
(1786378336.944960) can0 38E#4220004011000000
(1786378336.954966) can0 38F#0B28E25302000000
(1786378336.955262) can0 38E#1F21004011000000
(1786378336.965136) can0 38E#F822004011000000
(1786378336.974977) can0 38F#5629E25302000000
(1786378336.975383) can0 38E#A523004011000000
(1786378336.985000) can0 38E#2B24004011000000
(1786378336.995034) can0 38F#B12AE25302000000
(1786378336.995459) can0 38E#7625004011000000
(1786378337.004946) can0 38E#9126004011000000
(1786378337.015104) can0 38F#EC2BE25302000000
(1786378337.015585) can0 38E#CC27004011000000
(1786378337.025034) can0 38E#9028004011000000
(1786378337.035001) can0 38F#622CE25302000000
(1786378337.035411) can0 38E#CD29004011000000
(1786378337.045038) can0 38E#2A2A004011000000
(1786378337.054948) can0 38F#3F2DE25302000000
(1786378337.055286) can0 38E#772B004011000000
(1786378337.064993) can0 38E#F92C004011000000
(1786378337.075055) can0 38F#D82EE25302000000
(1786378337.075403) can0 38E#A42D004011000000
(1786378337.085041) can0 38E#432E004011000000
(1786378337.094991) can0 38F#852FE25302000000
(1786378337.095443) can0 38E#1E2F004011000000
(1786378337.104998) can0 38E#4220004011000000
(1786378337.115035) can0 38F#D920E25302000000
(1786378337.115516) can0 38E#1F21004011000000
(1786378337.125015) can0 38E#F822004011000000
(1786378337.134994) can0 38F#8421E25302000000
(1786378337.135420) can0 38E#A523004011000000
(1786378337.145025) can0 38E#2B24004011000000
(1786378337.154928) can0 38F#6322E25302000000
(1786378337.155281) can0 38E#7625004011000000
(1786378337.165001) can0 38E#9126004011000000
(1786378337.174981) can0 38F#3E23E25302000000
(1786378337.175343) can0 38E#CC27004011000000
(1786378337.184948) can0 38E#9028004011000000
(1786378337.195038) can0 38F#B024E25302000000
(1786378337.195502) can0 38E#CD29004011000000
(1786378337.205007) can0 38E#2A2A004011000000
(1786378337.215036) can0 38F#ED25E25302000000
(1786378337.215492) can0 38E#772B004011000000
(1786378337.224894) can0 38E#F92C004011000000
(1786378337.235007) can0 38F#0A26E25302000000
(1786378337.235444) can0 38E#A42D004011000000
(1786378337.245061) can0 38E#432E004011000000
(1786378337.255019) can0 38F#5727E25302000000
(1786378337.255370) can0 38E#1E2F004011000000
(1786378337.265006) can0 38E#4220004011000000
(1786378337.274994) can0 38F#0B28E25302000000
(1786378337.275328) can0 38E#1F21004011000000
(1786378337.285074) can0 38E#F822004011000000
(1786378337.295197) can0 38F#5629E25302000000
(1786378337.295655) can0 38E#A523004011000000
(1786378337.304982) can0 38E#2B24004011000000
(1786378337.315073) can0 38F#B12AE25302000000
(1786378337.315644) can0 38E#7625004011000000
(1786378337.325082) can0 38E#9126004011000000
(1786378337.335004) can0 38F#EC2BE25302000000
(1786378337.335426) can0 38E#CC27004011000000
(1786378337.345030) can0 38E#9028004011000000
(1786378337.354943) can0 38F#622CE25302000000
(1786378337.355318) can0 38E#CD29004011000000
(1786378337.365100) can0 38E#2A2A004011000000
(1786378337.374966) can0 38F#3F2DE25302000000
(1786378337.375334) can0 38E#772B004011000000
(1786378337.385035) can0 38E#F92C004011000000
(1786378337.395092) can0 38F#D82EE25302000000
(1786378337.395553) can0 38E#A42D004011000000
(1786378337.404966) can0 38E#432E004011000000
(1786378337.415154) can0 38F#852FE25302000000
(1786378337.415667) can0 38E#1E2F004011000000
(1786378337.425071) can0 38E#4220004011000000
(1786378337.434915) can0 38F#D920E25302000000
(1786378337.435402) can0 38E#1F21004011000000
(1786378337.445124) can0 38E#F822004011000000
(1786378337.455025) can0 38F#8421E25302000000
(1786378337.455483) can0 38E#A523004011000000
(1786378337.465090) can0 38E#2B24004011000000
(1786378337.474943) can0 38F#6322E25302000000
(1786378337.475214) can0 38E#7625004011000000
(1786378337.485015) can0 38E#9126004011000000
(1786378337.495144) can0 38F#3E23E25302000000
(1786378337.495559) can0 38E#CC27004011000000
(1786378337.504993) can0 38E#9028004011000000
(1786378337.514956) can0 38F#B024E25302000000
(1786378337.515431) can0 38E#CD29004011000000
(1786378337.524906) can0 38E#2A2A004011000000
(1786378337.534990) can0 38F#ED25E25302000000
(1786378337.535548) can0 38E#772B004011000000
(1786378337.544970) can0 38E#F92C004011000000
(1786378337.554878) can0 38F#0A26E25302000000
(1786378337.555243) can0 38E#A42D004011000000
(1786378337.565057) can0 38E#432E004011000000
(1786378337.575016) can0 38F#5727E25302000000
(1786378337.575424) can0 38E#1E2F004011000000
(1786378337.584958) can0 38E#4220004011000000
(1786378337.595169) can0 38F#0B28E25302000000
(1786378337.595729) can0 38E#1F21004011000000
(1786378337.604971) can0 38E#F822004011000000
(1786378337.615017) can0 38F#5629E25302000000
(1786378337.615428) can0 38E#A523004011000000
(1786378337.625018) can0 38E#2B24004011000000
(1786378337.634985) can0 38F#B12AE25302000000
(1786378337.635392) can0 38E#7625004011000000
(1786378337.645141) can0 38E#9126004011000000
(1786378337.654919) can0 38F#EC2BE25302000000
(1786378337.655250) can0 38E#CC27004011000000
(1786378337.664949) can0 38E#9028004011000000
(1786378337.674957) can0 38F#622CE25302000000
(1786378337.675280) can0 38E#CD29004011000000
(1786378337.684916) can0 38E#2A2A004011000000
(1786378337.695058) can0 38F#3F2DE25302000000
(1786378337.695493) can0 38E#772B004011000000
(1786378337.704989) can0 38E#F92C004011000000
(1786378337.714985) can0 38F#D82EE25302000000
(1786378337.715446) can0 38E#A42D004011000000
(1786378337.725015) can0 38E#432E004011000000
(1786378337.734890) can0 38F#852FE25302000000
(1786378337.735119) can0 38E#1E2F004011000000
(1786378337.745078) can0 38E#4220004011000000
(1786378337.754891) can0 38F#D920E25302000000
(1786378337.755259) can0 38E#1F21004011000000
(1786378337.764979) can0 38E#F822004011000000
(1786378337.774990) can0 38F#8421E25302000000
(1786378337.775367) can0 38E#A523004011000000
(1786378337.784994) can0 38E#2B24004011000000
(1786378337.795004) can0 38F#6322E25302000000
(1786378337.795486) can0 38E#7625004011000000
(1786378337.804927) can0 38E#9126004011000000
(1786378337.815126) can0 38F#3E23E25302000000
(1786378337.815562) can0 38E#CC27004011000000
(1786378337.825243) can0 38E#9028004011000000
(1786378337.834985) can0 38F#B024E25302000000
(1786378337.835379) can0 38E#CD29004011000000
(1786378337.845125) can0 38E#2A2A004011000000
(1786378337.854978) can0 38F#ED25E25302000000
(1786378337.855317) can0 38E#772B004011000000
(1786378337.864879) can0 38E#F92C004011000000
(1786378337.874866) can0 38F#0A26E25302000000
(1786378337.875163) can0 38E#A42D004011000000
(1786378337.885060) can0 38E#432E004011000000
(1786378337.895139) can0 38F#5727E25302000000
(1786378337.895584) can0 38E#1E2F004011000000
(1786378337.904996) can0 38E#4220004011000000
(1786378337.914930) can0 38F#0B28E25302000000
(1786378337.915413) can0 38E#1F21004011000000
(1786378337.925137) can0 38E#F822004011000000
(1786378337.935102) can0 38F#5629E25302000000
(1786378337.935527) can0 38E#A523004011000000
(1786378337.945048) can0 38E#2B24004011000000
(1786378337.954883) can0 38F#B12AE25302000000
(1786378337.955251) can0 38E#7625004011000000
(1786378337.965046) can0 38E#9126004011000000
(1786378337.975122) can0 38F#EC2BE25302000000
(1786378337.975632) can0 38E#CC27004011000000
(1786378337.984954) can0 38E#9028004011000000
(1786378337.994938) can0 38F#622CE25302000000
(1786378337.995324) can0 38E#CD29004011000000
(1786378338.004945) can0 38E#2A2A004011000000
(1786378338.014962) can0 38F#3F2DE25302000000
(1786378338.015421) can0 38E#772B004011000000
(1786378338.025030) can0 38E#F92C004011000000
(1786378338.035015) can0 38F#D82EE25302000000
(1786378338.035510) can0 38E#A42D004011000000
(1786378338.044973) can0 38E#432E004011000000
(1786378338.054950) can0 38F#852FE25302000000
(1786378338.055277) can0 38E#1E2F004011000000
(1786378338.065085) can0 38E#4220004011000000
(1786378338.074954) can0 38F#D920E25302000000
(1786378338.075322) can0 38E#1F21004011000000
(1786378338.084963) can0 38E#F822004011000000
(1786378338.095121) can0 38F#8421E25302000000
(1786378338.095543) can0 38E#A523004011000000
(1786378338.104975) can0 38E#2B24004011000000
(1786378338.115076) can0 38F#6322E25302000000
(1786378338.115644) can0 38E#7625004011000000
(1786378338.125028) can0 38E#9126004011000000
(1786378338.134989) can0 38F#3E23E25302000000
(1786378338.135427) can0 38E#CC27004011000000
(1786378338.145043) can0 38E#9028004011000000
(1786378338.154929) can0 38F#B024E25302000000
(1786378338.155321) can0 38E#CD29004011000000
(1786378338.165065) can0 38E#2A2A004011000000
(1786378338.175030) can0 38F#ED25E25302000000
(1786378338.175404) can0 38E#772B004011000000
(1786378338.185012) can0 38E#F92C004011000000
(1786378338.195111) can0 38F#0A26E25302000000
(1786378338.195642) can0 38E#A42D004011000000
(1786378338.204982) can0 38E#432E004011000000
(1786378338.215000) can0 38F#5727E25302000000
(1786378338.215444) can0 38E#1E2F004011000000
(1786378338.225025) can0 38E#4220004011000000
(1786378338.234910) can0 38F#0B28E25302000000
(1786378338.235286) can0 38E#1F21004011000000
(1786378338.244973) can0 38E#F822004011000000
(1786378338.255021) can0 38F#5629E25302000000
(1786378338.255331) can0 38E#A523004011000000
(1786378338.264959) can0 38E#2B24004011000000
(1786378338.274940) can0 38F#B12AE25302000000
(1786378338.275300) can0 38E#7625004011000000
(1786378338.284991) can0 38E#9126004011000000
(1786378338.295022) can0 38F#EC2BE25302000000
(1786378338.295473) can0 38E#CC27004011000000
(1786378338.304947) can0 38E#9028004011000000
(1786378338.315008) can0 38F#622CE25302000000
(1786378338.315476) can0 38E#CD29004011000000
(1786378338.325013) can0 38E#2A2A004011000000
(1786378338.334973) can0 38F#3F2DE25302000000
(1786378338.335356) can0 38E#772B004011000000
(1786378338.344911) can0 38E#F92C004011000000
(1786378338.354877) can0 38F#D82EE25302000000
(1786378338.355168) can0 38E#A42D004011000000
(1786378338.365098) can0 38E#432E004011000000
(1786378338.374936) can0 38F#852FE25302000000
(1786378338.375307) can0 38E#1E2F004011000000
(1786378338.384981) can0 38E#4220004011000000
(1786378338.394954) can0 38F#D920E25302000000
(1786378338.395450) can0 38E#1F21004011000000
(1786378338.404994) can0 38E#F822004011000000
(1786378338.415133) can0 38F#8421E25302000000
(1786378338.415610) can0 38E#A523004011000000
(1786378338.424938) can0 38E#2B24004011000000
(1786378338.434995) can0 38F#6322E25302000000
(1786378338.435439) can0 38E#7625004011000000
(1786378338.445021) can0 38E#9126004011000000
(1786378338.454981) can0 38F#3E23E25302000000
(1786378338.455361) can0 38E#CC27004011000000
(1786378338.465029) can0 38E#9028004011000000
(1786378338.474954) can0 38F#B024E25302000000
(1786378338.475328) can0 38E#CD29004011000000
(1786378338.484982) can0 38E#2A2A004011000000
(1786378338.495092) can0 38F#ED25E25302000000
(1786378338.495598) can0 38E#772B004011000000
(1786378338.504965) can0 38E#F92C004011000000
(1786378338.514891) can0 38F#0A26E25302000000
(1786378338.515399) can0 38E#A42D004011000000
(1786378338.524931) can0 38E#432E004011000000
(1786378338.535051) can0 38F#5727E25302000000
(1786378338.535475) can0 38E#1E2F004011000000
(1786378338.545076) can0 38E#4220004011000000
(1786378338.554862) can0 38F#0B28E25302000000
(1786378338.555261) can0 38E#1F21004011000000
(1786378338.564998) can0 38E#F822004011000000
(1786378338.575025) can0 38F#5629E25302000000
(1786378338.575391) can0 38E#A523004011000000
(1786378338.585062) can0 38E#2B24004011000000
(1786378338.595103) can0 38F#B12AE25302000000
(1786378338.595744) can0 38E#7625004011000000
(1786378338.604953) can0 38E#9126004011000000
(1786378338.614992) can0 38F#EC2BE25302000000
(1786378338.615413) can0 38E#CC27004011000000
(1786378338.625071) can0 38E#9028004011000000
(1786378338.635020) can0 38F#622CE25302000000
(1786378338.635401) can0 38E#CD29004011000000
(1786378338.645083) can0 38E#2A2A004011000000
(1786378338.654957) can0 38F#3F2DE25302000000
(1786378338.655288) can0 38E#772B004011000000
(1786378338.665042) can0 38E#F92C004011000000
(1786378338.674940) can0 38F#D82EE25302000000
(1786378338.675287) can0 38E#A42D004011000000
(1786378338.685082) can0 38E#432E004011000000
(1786378338.695003) can0 38F#852FE25302000000
(1786378338.695451) can0 38E#1E2F004011000000
(1786378338.704914) can0 38E#4220004011000000
(1786378338.714911) can0 38F#D920E25302000000
(1786378338.715242) can0 38E#1F21004011000000
(1786378338.725030) can0 38E#F822004011000000
(1786378338.734987) can0 38F#8421E25302000000
(1786378338.735407) can0 38E#A523004011000000
(1786378338.745020) can0 38E#2B24004011000000
(1786378338.754906) can0 38F#6322E25302000000
(1786378338.755200) can0 38E#7625004011000000
(1786378338.765015) can0 38E#9126004011000000
(1786378338.774937) can0 38F#3E23E25302000000
(1786378338.775300) can0 38E#CC27004011000000
(1786378338.784982) can0 38E#9028004011000000
(1786378338.795099) can0 38F#B024E25302000000
(1786378338.795494) can0 38E#CD29004011000000
(1786378338.805038) can0 38E#2A2A004011000000
(1786378338.814985) can0 38F#ED25E25302000000
(1786378338.815445) can0 38E#772B004011000000
(1786378338.824983) can0 38E#F92C004011000000
(1786378338.834924) can0 38F#0A26E25302000000
(1786378338.835304) can0 38E#A42D004011000000
(1786378338.844944) can0 38E#432E004011000000
(1786378338.854929) can0 38F#5727E25302000000
(1786378338.855280) can0 38E#1E2F004011000000
(1786378338.864984) can0 38E#4220004011000000
(1786378338.874869) can0 38F#0B28E25302000000
(1786378338.875273) can0 38E#1F21004011000000
(1786378338.885008) can0 38E#F822004011000000
(1786378338.895030) can0 38F#5629E25302000000
(1786378338.895470) can0 38E#A523004011000000
(1786378338.904892) can0 38E#2B24004011000000
(1786378338.915047) can0 38F#B12AE25302000000
(1786378338.915573) can0 38E#7625004011000000
(1786378338.925028) can0 38E#9126004011000000
(1786378338.935034) can0 38F#EC2BE25302000000
(1786378338.935456) can0 38E#CC27004011000000
(1786378338.944976) can0 38E#9028004011000000
(1786378338.954838) can0 38F#622CE25302000000
(1786378338.955160) can0 38E#CD29004011000000
(1786378338.965024) can0 38E#2A2A004011000000
(1786378338.975000) can0 38F#3F2DE25302000000
(1786378338.975359) can0 38E#772B004011000000
(1786378338.984952) can0 38E#F92C004011000000
(1786378338.994931) can0 38F#D82EE25302000000
(1786378338.995374) can0 38E#A42D004011000000
(1786378339.004947) can0 38E#432E004011000000
(1786378339.015118) can0 38F#852FE25302000000
(1786378339.015523) can0 38E#1E2F004011000000
(1786378339.025030) can0 38E#4220004011000000
(1786378339.034956) can0 38F#D920E25302000000
(1786378339.035579) can0 38E#1F21004011000000
(1786378339.044962) can0 38E#F822004011000000
(1786378339.054930) can0 38F#8421E25302000000
(1786378339.055229) can0 38E#A523004011000000
(1786378339.064999) can0 38E#2B24004011000000
(1786378339.074990) can0 38F#6322E25302000000
(1786378339.075373) can0 38E#7625004011000000
(1786378339.085011) can0 38E#9126004011000000
(1786378339.094950) can0 38F#3E23E25302000000
(1786378339.095426) can0 38E#CC27004011000000
(1786378339.104936) can0 38E#9028004011000000
(1786378339.115114) can0 38F#B024E25302000000
(1786378339.115569) can0 38E#CD29004011000000
(1786378339.124994) can0 38E#2A2A004011000000
(1786378339.134967) can0 38F#ED25E25302000000
(1786378339.135402) can0 38E#772B004011000000
(1786378339.144990) can0 38E#F92C004011000000
(1786378339.154866) can0 38F#0A26E25302000000
(1786378339.155277) can0 38E#A42D004011000000
(1786378339.164959) can0 38E#432E004011000000
(1786378339.175008) can0 38F#5727E25302000000
(1786378339.175411) can0 38E#1E2F004011000000
(1786378339.185019) can0 38E#4220004011000000
(1786378339.195042) can0 38F#0B28E25302000000
(1786378339.195515) can0 38E#1F21004011000000
(1786378339.205002) can0 38E#F822004011000000
(1786378339.214979) can0 38F#5629E25302000000
(1786378339.215391) can0 38E#A523004011000000
(1786378339.225081) can0 38E#2B24004011000000
(1786378339.234928) can0 38F#B12AE25302000000
(1786378339.235414) can0 38E#7625004011000000
(1786378339.244961) can0 38E#9126004011000000
(1786378339.254917) can0 38F#EC2BE25302000000
(1786378339.255213) can0 38E#CC27004011000000
(1786378339.265073) can0 38E#9028004011000000
(1786378339.274898) can0 38F#622CE25302000000
(1786378339.275258) can0 38E#CD29004011000000
(1786378339.284995) can0 38E#2A2A004011000000
(1786378339.295040) can0 38F#3F2DE25302000000
(1786378339.295505) can0 38E#772B004011000000
(1786378339.304926) can0 38E#F92C004011000000
(1786378339.314964) can0 38F#D82EE25302000000
(1786378339.315378) can0 38E#A42D004011000000
(1786378339.325082) can0 38E#432E004011000000
(1786378339.334966) can0 38F#852FE25302000000
(1786378339.335504) can0 38E#1E2F004011000000
(1786378339.345053) can0 38E#4220004011000000
(1786378339.354894) can0 38F#D920E25302000000
(1786378339.355221) can0 38E#1F21004011000000
(1786378339.365014) can0 38E#F822004011000000
(1786378339.374885) can0 38F#8421E25302000000
(1786378339.375224) can0 38E#A523004011000000
(1786378339.384955) can0 38E#2B24004011000000
(1786378339.394996) can0 38F#6322E25302000000
(1786378339.395488) can0 38E#7625004011000000
(1786378339.404975) can0 38E#9126004011000000
(1786378339.415001) can0 38F#3E23E25302000000
(1786378339.415459) can0 38E#CC27004011000000
(1786378339.425015) can0 38E#9028004011000000
(1786378339.434965) can0 38F#B024E25302000000
(1786378339.435433) can0 38E#CD29004011000000
(1786378339.445172) can0 38E#2A2A004011000000
(1786378339.454894) can0 38F#ED25E25302000000
(1786378339.455216) can0 38E#772B004011000000
(1786378339.464978) can0 38E#F92C004011000000
(1786378339.474883) can0 38F#0A26E25302000000
(1786378339.475198) can0 38E#A42D004011000000
(1786378339.484978) can0 38E#432E004011000000
(1786378339.495119) can0 38F#5727E25302000000
(1786378339.495679) can0 38E#1E2F004011000000
(1786378339.504936) can0 38E#4220004011000000
(1786378339.514921) can0 38F#0B28E25302000000
(1786378339.515399) can0 38E#1F21004011000000
(1786378339.525176) can0 38E#F822004011000000
(1786378339.534984) can0 38F#5629E25302000000
(1786378339.535381) can0 38E#A523004011000000
(1786378339.545046) can0 38E#2B24004011000000
(1786378339.554875) can0 38F#B12AE25302000000
(1786378339.555248) can0 38E#7625004011000000
(1786378339.564963) can0 38E#9126004011000000
(1786378339.574925) can0 38F#EC2BE25302000000
(1786378339.575337) can0 38E#CC27004011000000
(1786378339.584932) can0 38E#9028004011000000
(1786378339.594985) can0 38F#622CE25302000000
(1786378339.595416) can0 38E#CD29004011000000
(1786378339.604942) can0 38E#2A2A004011000000
(1786378339.615083) can0 38F#3F2DE25302000000
(1786378339.615594) can0 38E#772B004011000000
(1786378339.625035) can0 38E#F92C004011000000
(1786378339.634939) can0 38F#D82EE25302000000
(1786378339.635419) can0 38E#A42D004011000000
(1786378339.645025) can0 38E#432E004011000000
(1786378339.654931) can0 38F#852FE25302000000
(1786378339.655286) can0 38E#1E2F004011000000
(1786378339.664997) can0 38E#4220004011000000
(1786378339.674853) can0 38F#D920E25302000000
(1786378339.675256) can0 38E#1F21004011000000
(1786378339.685031) can0 38E#F822004011000000
(1786378339.694974) can0 38F#8421E25302000000
(1786378339.695367) can0 38E#A523004011000000
(1786378339.704888) can0 38E#2B24004011000000
(1786378339.714880) can0 38F#6322E25302000000
(1786378339.715235) can0 38E#7625004011000000
(1786378339.724982) can0 38E#9126004011000000
(1786378339.734981) can0 38F#3E23E25302000000
(1786378339.735373) can0 38E#CC27004011000000
(1786378339.744891) can0 38E#9028004011000000
(1786378339.754912) can0 38F#B024E25302000000
(1786378339.755186) can0 38E#CD29004011000000
(1786378339.765036) can0 38E#2A2A004011000000
(1786378339.774961) can0 38F#ED25E25302000000
(1786378339.775349) can0 38E#772B004011000000
(1786378339.785077) can0 38E#F92C004011000000
(1786378339.794965) can0 38F#0A26E25302000000
(1786378339.795350) can0 38E#A42D004011000000
(1786378339.804852) can0 38E#432E004011000000
(1786378339.814921) can0 38F#5727E25302000000
(1786378339.815347) can0 38E#1E2F004011000000
(1786378339.824933) can0 38E#4220004011000000
(1786378339.835069) can0 38F#0B28E25302000000
(1786378339.835628) can0 38E#1F21004011000000
(1786378339.844968) can0 38E#F822004011000000
(1786378339.854910) can0 38F#5629E25302000000
(1786378339.855232) can0 38E#A523004011000000
(1786378339.864989) can0 38E#2B24004011000000
(1786378339.874993) can0 38F#B12AE25302000000
(1786378339.875420) can0 38E#7625004011000000
(1786378339.884914) can0 38E#9126004011000000
(1786378339.895171) can0 38F#EC2BE25302000000
(1786378339.895700) can0 38E#CC27004011000000
(1786378339.905072) can0 38E#9028004011000000
(1786378339.914892) can0 38F#622CE25302000000
(1786378339.915335) can0 38E#CD29004011000000
(1786378339.925048) can0 38E#2A2A004011000000
(1786378339.935002) can0 38F#3F2DE25302000000
(1786378339.935425) can0 38E#772B004011000000
(1786378339.945158) can0 38E#F92C004011000000
(1786378339.954861) can0 38F#D82EE25302000000
(1786378339.955191) can0 38E#A42D004011000000
(1786378339.965024) can0 38E#432E004011000000
(1786378339.975173) can0 38F#852FE25302000000
(1786378339.975592) can0 38E#1E2F004011000000
(1786378339.984977) can0 38E#4220004011000000
(1786378339.994921) can0 38F#D920E25302000000
(1786378339.995257) can0 38E#1F21004011000000
(1786378340.004904) can0 38E#F822004011000000
(1786378340.014964) can0 38F#8421E25302000000
(1786378340.015428) can0 38E#A523004011000000
(1786378340.024956) can0 38E#2B24004011000000
(1786378340.035059) can0 38F#6322E25302000000
(1786378340.035453) can0 38E#7625004011000000
(1786378340.045100) can0 38E#9126004011000000
(1786378340.054911) can0 38F#3E23E25302000000
(1786378340.055313) can0 38E#CC27004011000000
(1786378340.064988) can0 38E#9028004011000000
(1786378340.074869) can0 38F#B024E25302000000
(1786378340.075212) can0 38E#CD29004011000000
(1786378340.085041) can0 38E#2A2A004011000000
(1786378340.094981) can0 38F#ED25E25302000000
(1786378340.095418) can0 38E#772B004011000000
(1786378340.104883) can0 38E#F92C004011000000
(1786378340.115017) can0 38F#0A26E25302000000
(1786378340.115498) can0 38E#A42D004011000000
(1786378340.124957) can0 38E#432E004011000000
(1786378340.134973) can0 38F#5727E25302000000
(1786378340.135321) can0 38E#1E2F004011000000
(1786378340.144929) can0 38E#4220004011000000
(1786378340.154865) can0 38F#0B28E25302000000
(1786378340.155279) can0 38E#1F21004011000000
(1786378340.164925) can0 38E#F822004011000000
(1786378340.174995) can0 38F#5629E25302000000
(1786378340.175393) can0 38E#A523004011000000
(1786378340.185032) can0 38E#2B24004011000000
(1786378340.195006) can0 38F#B12AE25302000000
(1786378340.195394) can0 38E#7625004011000000
(1786378340.204953) can0 38E#9126004011000000
(1786378340.214968) can0 38F#EC2BE25302000000
(1786378340.215426) can0 38E#CC27004011000000
(1786378340.225016) can0 38E#9028004011000000
(1786378340.234828) can0 38F#622CE25302000000
(1786378340.235265) can0 38E#CD29004011000000
(1786378340.244962) can0 38E#2A2A004011000000
(1786378340.254911) can0 38F#3F2DE25302000000
(1786378340.255298) can0 38E#772B004011000000
(1786378340.264998) can0 38E#F92C004011000000
(1786378340.274951) can0 38F#D82EE25302000000
(1786378340.275487) can0 38E#A42D004011000000
(1786378340.284937) can0 38E#432E004011000000
(1786378340.295018) can0 38F#852FE25302000000
(1786378340.295563) can0 38E#1E2F004011000000
(1786378340.304989) can0 38E#4220004011000000
(1786378340.314872) can0 38F#D920E25302000000
(1786378340.315192) can0 38E#1F21004011000000
(1786378340.324900) can0 38E#F822004011000000
(1786378340.334963) can0 38F#8421E25302000000
(1786378340.335499) can0 38E#A523004011000000
(1786378340.345094) can0 38E#2B24004011000000
(1786378340.354863) can0 38F#6322E25302000000
(1786378340.355216) can0 38E#7625004011000000
(1786378340.365023) can0 38E#9126004011000000
(1786378340.374968) can0 38F#3E23E25302000000
(1786378340.375420) can0 38E#CC27004011000000
(1786378340.385006) can0 38E#9028004011000000
(1786378340.394904) can0 38F#B024E25302000000
(1786378340.395333) can0 38E#CD29004011000000
(1786378340.404992) can0 38E#2A2A004011000000
(1786378340.414937) can0 38F#ED25E25302000000
(1786378340.415320) can0 38E#772B004011000000
(1786378340.425044) can0 38E#F92C004011000000
(1786378340.435003) can0 38F#0A26E25302000000
(1786378340.435442) can0 38E#A42D004011000000
(1786378340.445045) can0 38E#432E004011000000
(1786378340.454866) can0 38F#5727E25302000000
(1786378340.455211) can0 38E#1E2F004011000000
(1786378340.464994) can0 38E#4220004011000000
(1786378340.474866) can0 38F#0B28E25302000000
(1786378340.475226) can0 38E#1F21004011000000
(1786378340.485098) can0 38E#F822004011000000
(1786378340.494935) can0 38F#5629E25302000000
(1786378340.495310) can0 38E#A523004011000000
(1786378340.504874) can0 38E#2B24004011000000
(1786378340.514927) can0 38F#B12AE25302000000
(1786378340.515346) can0 38E#7625004011000000
(1786378340.525029) can0 38E#9126004011000000
(1786378340.534903) can0 38F#EC2BE25302000000
(1786378340.535314) can0 38E#CC27004011000000
(1786378340.545067) can0 38E#9028004011000000
(1786378340.554843) can0 38F#622CE25302000000
(1786378340.555150) can0 38E#CD29004011000000
(1786378340.565034) can0 38E#2A2A004011000000
(1786378340.574900) can0 38F#3F2DE25302000000
(1786378340.575220) can0 38E#772B004011000000
(1786378340.584996) can0 38E#F92C004011000000
(1786378340.594984) can0 38F#D82EE25302000000
(1786378340.595370) can0 38E#A42D004011000000
(1786378340.604907) can0 38E#432E004011000000
(1786378340.614983) can0 38F#852FE25302000000
(1786378340.615401) can0 38E#1E2F004011000000
(1786378340.624971) can0 38E#4220004011000000
(1786378340.634910) can0 38F#D920E25302000000
(1786378340.635278) can0 38E#1F21004011000000
(1786378340.645142) can0 38E#F822004011000000
(1786378340.654943) can0 38F#8421E25302000000
(1786378340.655274) can0 38E#A523004011000000
(1786378340.664901) can0 38E#2B24004011000000
(1786378340.674781) can0 38F#6322E25302000000
(1786378340.675060) can0 38E#7625004011000000
(1786378340.684970) can0 38E#9126004011000000
(1786378340.694961) can0 38F#3E23E25302000000
(1786378340.695321) can0 38E#CC27004011000000
(1786378340.704887) can0 38E#9028004011000000
(1786378340.715004) can0 38F#B024E25302000000
(1786378340.715530) can0 38E#CD29004011000000
(1786378340.724969) can0 38E#2A2A004011000000
(1786378340.734953) can0 38F#ED25E25302000000
(1786378340.735300) can0 38E#772B004011000000
(1786378340.744945) can0 38E#F92C004011000000
(1786378340.754875) can0 38F#0A26E25302000000
(1786378340.755183) can0 38E#A42D004011000000
(1786378340.764913) can0 38E#432E004011000000
(1786378340.774890) can0 38F#5727E25302000000
(1786378340.775206) can0 38E#1E2F004011000000
(1786378340.785004) can0 38E#4220004011000000
(1786378340.795145) can0 38F#0B28E25302000000
(1786378340.795600) can0 38E#1F21004011000000
(1786378340.804928) can0 38E#F822004011000000
(1786378340.814977) can0 38F#5629E25302000000
(1786378340.815471) can0 38E#A523004011000000
(1786378340.824888) can0 38E#2B24004011000000
(1786378340.834960) can0 38F#B12AE25302000000
(1786378340.835570) can0 38E#7625004011000000
(1786378340.845065) can0 38E#9126004011000000
(1786378340.854946) can0 38F#EC2BE25302000000
(1786378340.855284) can0 38E#CC27004011000000
(1786378340.865089) can0 38E#9028004011000000
(1786378340.874833) can0 38F#622CE25302000000
(1786378340.875195) can0 38E#CD29004011000000
(1786378340.884952) can0 38E#2A2A004011000000
(1786378340.895014) can0 38F#3F2DE25302000000
(1786378340.895452) can0 38E#772B004011000000
(1786378340.904981) can0 38E#F92C004011000000
(1786378340.914905) can0 38F#D82EE25302000000
(1786378340.915318) can0 38E#A42D004011000000
(1786378340.924924) can0 38E#432E004011000000
(1786378340.935016) can0 38F#852FE25302000000
(1786378340.935448) can0 38E#1E2F004011000000
(1786378340.945164) can0 38E#4220004011000000
(1786378340.954848) can0 38F#D920E25302000000
(1786378340.955174) can0 38E#1F21004011000000
(1786378340.964972) can0 38E#F822004011000000
(1786378340.974952) can0 38F#8421E25302000000
(1786378340.975322) can0 38E#A523004011000000
(1786378340.984954) can0 38E#2B24004011000000
(1786378340.994979) can0 38F#6322E25302000000
(1786378340.995546) can0 38E#7625004011000000
(1786378341.004898) can0 38E#9126004011000000
(1786378341.014973) can0 38F#3E23E25302000000
(1786378341.015501) can0 38E#CC27004011000000
(1786378341.024992) can0 38E#9028004011000000
(1786378341.034865) can0 38F#B024E25302000000
(1786378341.035305) can0 38E#CD29004011000000
(1786378341.045011) can0 38E#2A2A004011000000
(1786378341.054908) can0 38F#ED25E25302000000
(1786378341.055293) can0 38E#772B004011000000
(1786378341.064947) can0 38E#F92C004011000000
(1786378341.074848) can0 38F#0A26E25302000000
(1786378341.075121) can0 38E#A42D004011000000
(1786378341.084968) can0 38E#432E004011000000
(1786378341.094885) can0 38F#5727E25302000000
(1786378341.095268) can0 38E#1E2F004011000000
(1786378341.104885) can0 38E#4220004011000000
(1786378341.114885) can0 38F#0B28E25302000000
(1786378341.115316) can0 38E#1F21004011000000
(1786378341.124932) can0 38E#F822004011000000
(1786378341.135008) can0 38F#5629E25302000000
(1786378341.135389) can0 38E#A523004011000000
(1786378341.145098) can0 38E#2B24004011000000
(1786378341.154891) can0 38F#B12AE25302000000
(1786378341.155218) can0 38E#7625004011000000
(1786378341.165044) can0 38E#9126004011000000
(1786378341.174983) can0 38F#EC2BE25302000000
(1786378341.175415) can0 38E#CC27004011000000
(1786378341.184990) can0 38E#9028004011000000
(1786378341.194926) can0 38F#622CE25302000000
(1786378341.195346) can0 38E#CD29004011000000
(1786378341.204926) can0 38E#2A2A004011000000
(1786378341.214993) can0 38F#3F2DE25302000000
(1786378341.215421) can0 38E#772B004011000000
(1786378341.224874) can0 38E#F92C004011000000
(1786378341.234809) can0 38F#D82EE25302000000
(1786378341.235215) can0 38E#A42D004011000000
(1786378341.245111) can0 38E#432E004011000000
(1786378341.254865) can0 38F#852FE25302000000
(1786378341.255183) can0 38E#1E2F004011000000
(1786378341.265130) can0 38E#4220004011000000
(1786378341.274883) can0 38F#D920E25302000000
(1786378341.275285) can0 38E#1F21004011000000
(1786378341.284952) can0 38E#F822004011000000
(1786378341.294964) can0 38F#8421E25302000000
(1786378341.295384) can0 38E#A523004011000000
(1786378341.304807) can0 38E#2B24004011000000
(1786378341.314843) can0 38F#6322E25302000000
(1786378341.315269) can0 38E#7625004011000000
(1786378341.324990) can0 38E#9126004011000000
(1786378341.334993) can0 38F#3E23E25302000000
(1786378341.335398) can0 38E#CC27004011000000
(1786378341.345090) can0 38E#9028004011000000
(1786378341.354915) can0 38F#B024E25302000000
(1786378341.355366) can0 38E#CD29004011000000
(1786378341.364951) can0 38E#2A2A004011000000
(1786378341.375045) can0 38F#ED25E25302000000
(1786378341.375467) can0 38E#772B004011000000
(1786378341.384998) can0 38E#F92C004011000000
(1786378341.394953) can0 38F#0A26E25302000000
(1786378341.395352) can0 38E#A42D004011000000
(1786378341.404864) can0 38E#432E004011000000
(1786378341.414949) can0 38F#5727E25302000000
(1786378341.415433) can0 38E#1E2F004011000000
(1786378341.424941) can0 38E#4220004011000000
(1786378341.434918) can0 38F#0B28E25302000000
(1786378341.435490) can0 38E#1F21004011000000
(1786378341.444985) can0 38E#F822004011000000
(1786378341.454834) can0 38F#5629E25302000000
(1786378341.455176) can0 38E#A523004011000000
(1786378341.464941) can0 38E#2B24004011000000
(1786378341.474882) can0 38F#B12AE25302000000
(1786378341.475258) can0 38E#7625004011000000
(1786378341.484996) can0 38E#9126004011000000
(1786378341.494939) can0 38F#EC2BE25302000000
(1786378341.495402) can0 38E#CC27004011000000
(1786378341.504923) can0 38E#9028004011000000
(1786378341.515015) can0 38F#622CE25302000000
(1786378341.515531) can0 38E#CD29004011000000
(1786378341.524821) can0 38E#2A2A004011000000
(1786378341.534951) can0 38F#3F2DE25302000000
(1786378341.535470) can0 38E#772B004011000000
(1786378341.544949) can0 38E#F92C004011000000
(1786378341.554904) can0 38F#D82EE25302000000
(1786378341.555274) can0 38E#A42D004011000000
(1786378341.564999) can0 38E#432E004011000000
(1786378341.574863) can0 38F#852FE25302000000
(1786378341.575211) can0 38E#1E2F004011000000
(1786378341.584884) can0 38E#4220004011000000
(1786378341.595030) can0 38F#D920E25302000000
(1786378341.595426) can0 38E#1F21004011000000
(1786378341.605011) can0 38E#F822004011000000
(1786378341.614870) can0 38F#8421E25302000000
(1786378341.615249) can0 38E#A523004011000000
(1786378341.624913) can0 38E#2B24004011000000
(1786378341.634821) can0 38F#6322E25302000000
(1786378341.635322) can0 38E#7625004011000000
(1786378341.645082) can0 38E#9126004011000000
(1786378341.654979) can0 38F#3E23E25302000000
(1786378341.655346) can0 38E#CC27004011000000
(1786378341.664830) can0 38E#9028004011000000
(1786378341.674881) can0 38F#B024E25302000000
(1786378341.675177) can0 38E#CD29004011000000
(1786378341.684897) can0 38E#2A2A004011000000
(1786378341.695050) can0 38F#ED25E25302000000
(1786378341.695458) can0 38E#772B004011000000
(1786378341.704928) can0 38E#F92C004011000000
(1786378341.714936) can0 38F#0A26E25302000000
(1786378341.715385) can0 38E#A42D004011000000
(1786378341.724917) can0 38E#432E004011000000
(1786378341.734933) can0 38F#5727E25302000000
(1786378341.735397) can0 38E#1E2F004011000000
(1786378341.744939) can0 38E#4220004011000000
(1786378341.754899) can0 38F#0B28E25302000000
(1786378341.755217) can0 38E#1F21004011000000
(1786378341.765067) can0 38E#F822004011000000
(1786378341.774926) can0 38F#5629E25302000000
(1786378341.775288) can0 38E#A523004011000000
(1786378341.784932) can0 38E#2B24004011000000
(1786378341.794968) can0 38F#B12AE25302000000
(1786378341.795394) can0 38E#7625004011000000
(1786378341.804984) can0 38E#9126004011000000
(1786378341.814970) can0 38F#EC2BE25302000000
(1786378341.815429) can0 38E#CC27004011000000
(1786378341.824908) can0 38E#9028004011000000
(1786378341.834884) can0 38F#622CE25302000000
(1786378341.835303) can0 38E#CD29004011000000
(1786378341.844998) can0 38E#2A2A004011000000
(1786378341.854891) can0 38F#3F2DE25302000000
(1786378341.855264) can0 38E#772B004011000000
(1786378341.864890) can0 38E#F92C004011000000
(1786378341.874869) can0 38F#D82EE25302000000
(1786378341.875269) can0 38E#A42D004011000000
(1786378341.884832) can0 38E#432E004011000000
(1786378341.895121) can0 38F#852FE25302000000
(1786378341.895605) can0 38E#1E2F004011000000
(1786378341.904922) can0 38E#4220004011000000
(1786378341.914973) can0 38F#D920E25302000000
(1786378341.915552) can0 38E#1F21004011000000
(1786378341.924928) can0 38E#F822004011000000
(1786378341.934998) can0 38F#8421E25302000000
(1786378341.935346) can0 38E#A523004011000000
(1786378341.944994) can0 38E#2B24004011000000
(1786378341.954821) can0 38F#6322E25302000000
(1786378341.955173) can0 38E#7625004011000000
(1786378341.964951) can0 38E#9126004011000000
(1786378341.974934) can0 38F#3E23E25302000000
(1786378341.975271) can0 38E#CC27004011000000
(1786378341.984969) can0 38E#9028004011000000
(1786378341.994921) can0 38F#B024E25302000000
(1786378341.995398) can0 38E#CD29004011000000
(1786378342.004851) can0 38E#2A2A004011000000
(1786378342.014932) can0 38F#ED25E25302000000
(1786378342.015357) can0 38E#772B004011000000
(1786378342.025049) can0 38E#F92C004011000000
(1786378342.034901) can0 38F#0A26E25302000000
(1786378342.035396) can0 38E#A42D004011000000
(1786378342.045009) can0 38E#432E004011000000
(1786378342.054843) can0 38F#5727E25302000000
(1786378342.055136) can0 38E#1E2F004011000000
(1786378342.065035) can0 38E#4220004011000000
(1786378342.074959) can0 38F#0B28E25302000000
(1786378342.075350) can0 38E#1F21004011000000
(1786378342.084965) can0 38E#F822004011000000
(1786378342.095004) can0 38F#5629E25302000000
(1786378342.095550) can0 38E#A523004011000000
(1786378342.104878) can0 38E#2B24004011000000
(1786378342.114891) can0 38F#B12AE25302000000
(1786378342.115363) can0 38E#7625004011000000
(1786378342.124893) can0 38E#9126004011000000
(1786378342.134934) can0 38F#EC2BE25302000000
(1786378342.135257) can0 38E#CC27004011000000
(1786378342.144952) can0 38E#9028004011000000
(1786378342.154837) can0 38F#622CE25302000000
(1786378342.155191) can0 38E#CD29004011000000
(1786378342.164920) can0 38E#2A2A004011000000
(1786378342.174928) can0 38F#3F2DE25302000000
(1786378342.175334) can0 38E#772B004011000000
(1786378342.184967) can0 38E#F92C004011000000
(1786378342.194841) can0 38F#D82EE25302000000
(1786378342.195282) can0 38E#A42D004011000000
(1786378342.204929) can0 38E#432E004011000000
(1786378342.214898) can0 38F#852FE25302000000
(1786378342.215497) can0 38E#1E2F004011000000
(1786378342.224907) can0 38E#4220004011000000
(1786378342.234988) can0 38F#D920E25302000000
(1786378342.235454) can0 38E#1F21004011000000
(1786378342.245115) can0 38E#F822004011000000
(1786378342.254845) can0 38F#8421E25302000000
(1786378342.255155) can0 38E#A523004011000000
(1786378342.264969) can0 38E#2B24004011000000
(1786378342.274904) can0 38F#6322E25302000000
(1786378342.275236) can0 38E#7625004011000000
(1786378342.284962) can0 38E#9126004011000000
(1786378342.294898) can0 38F#3E23E25302000000
(1786378342.295308) can0 38E#CC27004011000000
(1786378342.304920) can0 38E#9028004011000000
(1786378342.314898) can0 38F#B024E25302000000
(1786378342.315436) can0 38E#CD29004011000000
(1786378342.324916) can0 38E#2A2A004011000000
(1786378342.334985) can0 38F#ED25E25302000000
(1786378342.335494) can0 38E#772B004011000000
(1786378342.345128) can0 38E#F92C004011000000
(1786378342.354815) can0 38F#0A26E25302000000
(1786378342.355098) can0 38E#A42D004011000000
(1786378342.364968) can0 38E#432E004011000000
(1786378342.374912) can0 38F#5727E25302000000
(1786378342.375254) can0 38E#1E2F004011000000
(1786378342.384772) can0 38E#4220004011000000
(1786378342.394950) can0 38F#0B28E25302000000
(1786378342.395530) can0 38E#1F21004011000000
(1786378342.404944) can0 38E#F822004011000000
(1786378342.414931) can0 38F#5629E25302000000
(1786378342.415302) can0 38E#A523004011000000
(1786378342.424858) can0 38E#2B24004011000000
(1786378342.434898) can0 38F#B12AE25302000000
(1786378342.435315) can0 38E#7625004011000000
(1786378342.444988) can0 38E#9126004011000000
(1786378342.454939) can0 38F#EC2BE25302000000
(1786378342.455276) can0 38E#CC27004011000000
(1786378342.464949) can0 38E#9028004011000000
(1786378342.474816) can0 38F#622CE25302000000
(1786378342.475154) can0 38E#CD29004011000000
(1786378342.484925) can0 38E#2A2A004011000000
(1786378342.495114) can0 38F#3F2DE25302000000
(1786378342.495619) can0 38E#772B004011000000
(1786378342.504923) can0 38E#F92C004011000000
(1786378342.514852) can0 38F#D82EE25302000000
(1786378342.515223) can0 38E#A42D004011000000
(1786378342.524877) can0 38E#432E004011000000
(1786378342.534967) can0 38F#852FE25302000000
(1786378342.535356) can0 38E#1E2F004011000000
(1786378342.545022) can0 38E#4220004011000000
(1786378342.554867) can0 38F#D920E25302000000
(1786378342.555229) can0 38E#1F21004011000000
(1786378342.564909) can0 38E#F822004011000000
(1786378342.574938) can0 38F#8421E25302000000
(1786378342.575278) can0 38E#A523004011000000
(1786378342.584940) can0 38E#2B24004011000000
(1786378342.594867) can0 38F#6322E25302000000
(1786378342.595225) can0 38E#7625004011000000
(1786378342.604824) can0 38E#9126004011000000
(1786378342.614940) can0 38F#3E23E25302000000
(1786378342.615377) can0 38E#CC27004011000000
(1786378342.624897) can0 38E#9028004011000000
(1786378342.634937) can0 38F#B024E25302000000
(1786378342.635358) can0 38E#CD29004011000000
(1786378342.645061) can0 38E#2A2A004011000000
(1786378342.654943) can0 38F#ED25E25302000000
(1786378342.655270) can0 38E#772B004011000000
(1786378342.665088) can0 38E#F92C004011000000
(1786378342.675022) can0 38F#0A26E25302000000
(1786378342.675442) can0 38E#A42D004011000000
(1786378342.684916) can0 38E#432E004011000000
(1786378342.694904) can0 38F#5727E25302000000
(1786378342.695324) can0 38E#1E2F004011000000
(1786378342.704855) can0 38E#4220004011000000
(1786378342.714861) can0 38F#0B28E25302000000
(1786378342.715273) can0 38E#1F21004011000000
(1786378342.724948) can0 38E#F822004011000000
(1786378342.734978) can0 38F#5629E25302000000
(1786378342.735407) can0 38E#A523004011000000
(1786378342.745020) can0 38E#2B24004011000000
(1786378342.754765) can0 38F#B12AE25302000000
(1786378342.755090) can0 38E#7625004011000000
(1786378342.764940) can0 38E#9126004011000000
(1786378342.774906) can0 38F#EC2BE25302000000
(1786378342.775252) can0 38E#CC27004011000000
(1786378342.784971) can0 38E#9028004011000000
(1786378342.794895) can0 38F#622CE25302000000
(1786378342.795244) can0 38E#CD29004011000000
(1786378342.804914) can0 38E#2A2A004011000000
(1786378342.814941) can0 38F#3F2DE25302000000
(1786378342.815446) can0 38E#772B004011000000
(1786378342.824890) can0 38E#F92C004011000000
(1786378342.834930) can0 38F#D82EE25302000000
(1786378342.835550) can0 38E#A42D004011000000
(1786378342.845105) can0 38E#432E004011000000
(1786378342.854891) can0 38F#852FE25302000000
(1786378342.855225) can0 38E#1E2F004011000000
(1786378342.864940) can0 38E#4220004011000000
(1786378342.874892) can0 38F#D920E25302000000
(1786378342.875295) can0 38E#1F21004011000000
(1786378342.884842) can0 38E#F822004011000000
(1786378342.894974) can0 38F#8421E25302000000
(1786378342.895367) can0 38E#A523004011000000
(1786378342.904854) can0 38E#2B24004011000000
(1786378342.914850) can0 38F#6322E25302000000
(1786378342.915260) can0 38E#7625004011000000
(1786378342.924848) can0 38E#9126004011000000
(1786378342.935016) can0 38F#3E23E25302000000
(1786378342.935476) can0 38E#CC27004011000000
(1786378342.945025) can0 38E#9028004011000000
(1786378342.954869) can0 38F#B024E25302000000
(1786378342.955211) can0 38E#CD29004011000000
(1786378342.964848) can0 38E#2A2A004011000000
(1786378342.974891) can0 38F#ED25E25302000000
(1786378342.975266) can0 38E#772B004011000000
(1786378342.984932) can0 38E#F92C004011000000
(1786378342.994883) can0 38F#0A26E25302000000
(1786378342.995289) can0 38E#A42D004011000000
(1786378343.004962) can0 38E#432E004011000000
(1786378343.014893) can0 38F#5727E25302000000
(1786378343.015284) can0 38E#1E2F004011000000
(1786378343.024874) can0 38E#4220004011000000
(1786378343.034893) can0 38F#0B28E25302000000
(1786378343.035265) can0 38E#1F21004011000000
(1786378343.045163) can0 38E#F822004011000000
(1786378343.054840) can0 38F#5629E25302000000
(1786378343.055235) can0 38E#A523004011000000
(1786378343.064966) can0 38E#2B24004011000000
(1786378343.074814) can0 38F#B12AE25302000000
(1786378343.075246) can0 38E#7625004011000000
(1786378343.084966) can0 38E#9126004011000000
(1786378343.095149) can0 38F#EC2BE25302000000
(1786378343.095599) can0 38E#CC27004011000000
(1786378343.104846) can0 38E#9028004011000000
(1786378343.114859) can0 38F#622CE25302000000
(1786378343.115252) can0 38E#CD29004011000000
(1786378343.124916) can0 38E#2A2A004011000000
(1786378343.134932) can0 38F#3F2DE25302000000
(1786378343.135268) can0 38E#772B004011000000
(1786378343.144988) can0 38E#F92C004011000000
(1786378343.154865) can0 38F#D82EE25302000000
(1786378343.155220) can0 38E#A42D004011000000
(1786378343.164819) can0 38E#432E004011000000
(1786378343.174912) can0 38F#852FE25302000000
(1786378343.175310) can0 38E#1E2F004011000000
(1786378343.184853) can0 38E#4220004011000000
(1786378343.194985) can0 38F#D920E25302000000
(1786378343.195447) can0 38E#1F21004011000000
(1786378343.204840) can0 38E#F822004011000000
(1786378343.214917) can0 38F#8421E25302000000
(1786378343.215372) can0 38E#A523004011000000
(1786378343.224929) can0 38E#2B24004011000000
(1786378343.234997) can0 38F#6322E25302000000
(1786378343.235516) can0 38E#7625004011000000
(1786378343.245029) can0 38E#9126004011000000
(1786378343.254823) can0 38F#3E23E25302000000
(1786378343.255138) can0 38E#CC27004011000000
(1786378343.264954) can0 38E#9028004011000000
(1786378343.274930) can0 38F#B024E25302000000
(1786378343.275370) can0 38E#CD29004011000000
(1786378343.284935) can0 38E#2A2A004011000000
(1786378343.294966) can0 38F#ED25E25302000000
(1786378343.295388) can0 38E#772B004011000000
(1786378343.304932) can0 38E#F92C004011000000
(1786378343.314880) can0 38F#0A26E25302000000
(1786378343.315321) can0 38E#A42D004011000000
(1786378343.324874) can0 38E#432E004011000000
(1786378343.334945) can0 38F#5727E25302000000
(1786378343.335398) can0 38E#1E2F004011000000
(1786378343.345044) can0 38E#4220004011000000
(1786378343.354803) can0 38F#0B28E25302000000
(1786378343.355158) can0 38E#1F21004011000000
(1786378343.364943) can0 38E#F822004011000000
(1786378343.375063) can0 38F#5629E25302000000
(1786378343.375487) can0 38E#A523004011000000
(1786378343.384946) can0 38E#2B24004011000000
(1786378343.394906) can0 38F#B12AE25302000000
(1786378343.395284) can0 38E#7625004011000000
(1786378343.404847) can0 38E#9126004011000000
(1786378343.414965) can0 38F#EC2BE25302000000
(1786378343.415420) can0 38E#CC27004011000000
(1786378343.424972) can0 38E#9028004011000000
(1786378343.434936) can0 38F#622CE25302000000
(1786378343.435366) can0 38E#CD29004011000000
(1786378343.445029) can0 38E#2A2A004011000000
(1786378343.454527) can0 38F#3F2DE25302000000
(1786378343.454858) can0 38E#772B004011000000
(1786378343.464785) can0 38E#F92C004011000000
(1786378343.474896) can0 38F#D82EE25302000000
(1786378343.475278) can0 38E#A42D004011000000
(1786378343.484899) can0 38E#432E004011000000
(1786378343.494980) can0 38F#852FE25302000000
(1786378343.495405) can0 38E#1E2F004011000000
(1786378343.504818) can0 38E#4220004011000000
(1786378343.514936) can0 38F#D920E25302000000
(1786378343.515500) can0 38E#1F21004011000000
(1786378343.524960) can0 38E#F822004011000000
(1786378343.534898) can0 38F#8421E25302000000
(1786378343.535258) can0 38E#A523004011000000
(1786378343.545042) can0 38E#2B24004011000000
(1786378343.554765) can0 38F#6322E25302000000
(1786378343.555068) can0 38E#7625004011000000
(1786378343.564838) can0 38E#9126004011000000
(1786378343.575006) can0 38F#3E23E25302000000
(1786378343.575424) can0 38E#CC27004011000000
(1786378343.584882) can0 38E#9028004011000000
(1786378343.594852) can0 38F#B024E25302000000
(1786378343.595224) can0 38E#CD29004011000000
(1786378343.604819) can0 38E#2A2A004011000000
(1786378343.614807) can0 38F#ED25E25302000000
(1786378343.615105) can0 38E#772B004011000000
(1786378343.624852) can0 38E#F92C004011000000
(1786378343.634840) can0 38F#0A26E25302000000
(1786378343.635225) can0 38E#A42D004011000000
(1786378343.644980) can0 38E#432E004011000000
(1786378343.654880) can0 38F#5727E25302000000
(1786378343.655253) can0 38E#1E2F004011000000
(1786378343.664962) can0 38E#4220004011000000
(1786378343.674805) can0 38F#0B28E25302000000
(1786378343.675324) can0 38E#1F21004011000000
(1786378343.684900) can0 38E#F822004011000000
(1786378343.695093) can0 38F#5629E25302000000
(1786378343.695598) can0 38E#A523004011000000
(1786378343.704904) can0 38E#2B24004011000000
(1786378343.714938) can0 38F#B12AE25302000000
(1786378343.715557) can0 38E#7625004011000000
(1786378343.724797) can0 38E#9126004011000000
(1786378343.734982) can0 38F#EC2BE25302000000
(1786378343.735415) can0 38E#CC27004011000000
(1786378343.745213) can0 38E#9028004011000000
(1786378343.754870) can0 38F#622CE25302000000
(1786378343.755232) can0 38E#CD29004011000000
(1786378343.764872) can0 38E#2A2A004011000000
(1786378343.774843) can0 38F#3F2DE25302000000
(1786378343.775208) can0 38E#772B004011000000
(1786378343.784920) can0 38E#F92C004011000000
(1786378343.794875) can0 38F#D82EE25302000000
(1786378343.795233) can0 38E#A42D004011000000
(1786378343.804881) can0 38E#432E004011000000
(1786378343.814921) can0 38F#852FE25302000000
(1786378343.815377) can0 38E#1E2F004011000000
(1786378343.824882) can0 38E#4220004011000000
(1786378343.834862) can0 38F#D920E25302000000
(1786378343.835223) can0 38E#1F21004011000000
(1786378343.844953) can0 38E#F822004011000000
(1786378343.854850) can0 38F#8421E25302000000
(1786378343.855195) can0 38E#A523004011000000
(1786378343.864968) can0 38E#2B24004011000000
(1786378343.874857) can0 38F#6322E25302000000
(1786378343.875271) can0 38E#7625004011000000
(1786378343.884857) can0 38E#9126004011000000
(1786378343.894887) can0 38F#3E23E25302000000
(1786378343.895293) can0 38E#CC27004011000000
(1786378343.904914) can0 38E#9028004011000000
(1786378343.914851) can0 38F#B024E25302000000
(1786378343.915237) can0 38E#CD29004011000000
(1786378343.924869) can0 38E#2A2A004011000000
(1786378343.934884) can0 38F#ED25E25302000000
(1786378343.935225) can0 38E#772B004011000000
(1786378343.944885) can0 38E#F92C004011000000
(1786378343.954799) can0 38F#0A26E25302000000
(1786378343.955140) can0 38E#A42D004011000000
(1786378343.964883) can0 38E#432E004011000000
(1786378343.974859) can0 38F#5727E25302000000
(1786378343.975249) can0 38E#1E2F004011000000
(1786378343.984898) can0 38E#4220004011000000
(1786378343.994871) can0 38F#0B28E25302000000
(1786378343.995351) can0 38E#1F21004011000000
(1786378344.004946) can0 38E#F822004011000000
(1786378344.014840) can0 38F#5629E25302000000
(1786378344.015210) can0 38E#A523004011000000
(1786378344.024812) can0 38E#2B24004011000000
(1786378344.034761) can0 38F#B12AE25302000000
(1786378344.035062) can0 38E#7625004011000000
(1786378344.044967) can0 38E#9126004011000000
(1786378344.054821) can0 38F#EC2BE25302000000
(1786378344.055174) can0 38E#CC27004011000000
(1786378344.064819) can0 38E#9028004011000000
(1786378344.074858) can0 38F#622CE25302000000
(1786378344.075258) can0 38E#CD29004011000000
(1786378344.084846) can0 38E#2A2A004011000000
(1786378344.095024) can0 38F#3F2DE25302000000
(1786378344.095527) can0 38E#772B004011000000
(1786378344.104783) can0 38E#F92C004011000000
(1786378344.114787) can0 38F#D82EE25302000000
(1786378344.115062) can0 38E#A42D004011000000
(1786378344.124865) can0 38E#432E004011000000
(1786378344.134899) can0 38F#852FE25302000000
(1786378344.135305) can0 38E#1E2F004011000000
(1786378344.145070) can0 38E#4220004011000000
(1786378344.154771) can0 38F#D920E25302000000
(1786378344.155089) can0 38E#1F21004011000000
(1786378344.164931) can0 38E#F822004011000000
(1786378344.175012) can0 38F#8421E25302000000
(1786378344.175435) can0 38E#A523004011000000
(1786378344.184864) can0 38E#2B24004011000000
(1786378344.194934) can0 38F#6322E25302000000
(1786378344.195403) can0 38E#7625004011000000
(1786378344.204871) can0 38E#9126004011000000
(1786378344.214889) can0 38F#3E23E25302000000
(1786378344.215299) can0 38E#CC27004011000000
(1786378344.224912) can0 38E#9028004011000000
(1786378344.234881) can0 38F#B024E25302000000
(1786378344.235250) can0 38E#CD29004011000000
(1786378344.244964) can0 38E#2A2A004011000000
(1786378344.254838) can0 38F#ED25E25302000000
(1786378344.255146) can0 38E#772B004011000000
(1786378344.264895) can0 38E#F92C004011000000
(1786378344.274863) can0 38F#0A26E25302000000
(1786378344.275306) can0 38E#A42D004011000000
(1786378344.284884) can0 38E#432E004011000000
(1786378344.294973) can0 38F#5727E25302000000
(1786378344.295455) can0 38E#1E2F004011000000
(1786378344.304844) can0 38E#4220004011000000
(1786378344.314827) can0 38F#0B28E25302000000
(1786378344.315239) can0 38E#1F21004011000000
(1786378344.324864) can0 38E#F822004011000000
(1786378344.335012) can0 38F#5629E25302000000
(1786378344.335406) can0 38E#A523004011000000
(1786378344.345088) can0 38E#2B24004011000000
(1786378344.354809) can0 38F#B12AE25302000000
(1786378344.355133) can0 38E#7625004011000000
(1786378344.364870) can0 38E#9126004011000000
(1786378344.374878) can0 38F#EC2BE25302000000
(1786378344.375189) can0 38E#CC27004011000000
(1786378344.384993) can0 38E#9028004011000000
(1786378344.394858) can0 38F#622CE25302000000
(1786378344.395205) can0 38E#CD29004011000000
(1786378344.404918) can0 38E#2A2A004011000000
(1786378344.414937) can0 38F#3F2DE25302000000
(1786378344.415407) can0 38E#772B004011000000
(1786378344.424897) can0 38E#F92C004011000000
(1786378344.434866) can0 38F#D82EE25302000000
(1786378344.435424) can0 38E#A42D004011000000
(1786378344.444884) can0 38E#432E004011000000
(1786378344.454869) can0 38F#852FE25302000000
(1786378344.455212) can0 38E#1E2F004011000000
(1786378344.464949) can0 38E#4220004011000000
(1786378344.474948) can0 38F#D920E25302000000
(1786378344.475477) can0 38E#1F21004011000000
(1786378344.484879) can0 38E#F822004011000000
(1786378344.494847) can0 38F#8421E25302000000
(1786378344.495279) can0 38E#A523004011000000
(1786378344.504858) can0 38E#2B24004011000000
(1786378344.514850) can0 38F#6322E25302000000
(1786378344.515249) can0 38E#7625004011000000
(1786378344.524964) can0 38E#9126004011000000
(1786378344.534878) can0 38F#3E23E25302000000
(1786378344.535312) can0 38E#CC27004011000000
(1786378344.545091) can0 38E#9028004011000000
(1786378344.554798) can0 38F#B024E25302000000
(1786378344.555225) can0 38E#CD29004011000000
(1786378344.565059) can0 38E#2A2A004011000000
(1786378344.575027) can0 38F#ED25E25302000000
(1786378344.575531) can0 38E#772B004011000000
(1786378344.584854) can0 38E#F92C004011000000
(1786378344.594818) can0 38F#0A26E25302000000
(1786378344.595155) can0 38E#A42D004011000000
(1786378344.604913) can0 38E#432E004011000000
(1786378344.614884) can0 38F#5727E25302000000
(1786378344.615294) can0 38E#1E2F004011000000
(1786378344.624845) can0 38E#4220004011000000
(1786378344.634874) can0 38F#0B28E25302000000
(1786378344.635267) can0 38E#1F21004011000000
(1786378344.644958) can0 38E#F822004011000000
(1786378344.654865) can0 38F#5629E25302000000
(1786378344.655196) can0 38E#A523004011000000
(1786378344.664873) can0 38E#2B24004011000000
(1786378344.674928) can0 38F#B12AE25302000000
(1786378344.675266) can0 38E#7625004011000000
(1786378344.684853) can0 38E#9126004011000000
(1786378344.694890) can0 38F#EC2BE25302000000
(1786378344.695309) can0 38E#CC27004011000000
(1786378344.704849) can0 38E#9028004011000000
(1786378344.714826) can0 38F#622CE25302000000
(1786378344.715277) can0 38E#CD29004011000000
(1786378344.724897) can0 38E#2A2A004011000000
(1786378344.734969) can0 38F#3F2DE25302000000
(1786378344.735327) can0 38E#772B004011000000
(1786378344.745025) can0 38E#F92C004011000000
(1786378344.754811) can0 38F#D82EE25302000000
(1786378344.755149) can0 38E#A42D004011000000
(1786378344.765055) can0 38E#432E004011000000
(1786378344.774943) can0 38F#852FE25302000000
(1786378344.775367) can0 38E#1E2F004011000000
(1786378344.784963) can0 38E#4220004011000000
(1786378344.794796) can0 38F#D920E25302000000
(1786378344.795300) can0 38E#1F21004011000000
(1786378344.804859) can0 38E#F822004011000000
(1786378344.814981) can0 38F#8421E25302000000
(1786378344.815506) can0 38E#A523004011000000
(1786378344.824801) can0 38E#2B24004011000000
(1786378344.834886) can0 38F#6322E25302000000
(1786378344.835331) can0 38E#7625004011000000
(1786378344.845032) can0 38E#9126004011000000
(1786378344.854862) can0 38F#3E23E25302000000
(1786378344.855195) can0 38E#CC27004011000000
(1786378344.865021) can0 38E#9028004011000000
(1786378344.874829) can0 38F#B024E25302000000
(1786378344.875303) can0 38E#CD29004011000000
(1786378344.884944) can0 38E#2A2A004011000000
(1786378344.894771) can0 38F#ED25E25302000000
(1786378344.895130) can0 38E#772B004011000000
(1786378344.904764) can0 38E#F92C004011000000
(1786378344.914844) can0 38F#0A26E25302000000
(1786378344.915235) can0 38E#A42D004011000000
(1786378344.924848) can0 38E#432E004011000000
(1786378344.934936) can0 38F#5727E25302000000
(1786378344.935464) can0 38E#1E2F004011000000
(1786378344.944900) can0 38E#4220004011000000
(1786378344.954817) can0 38F#0B28E25302000000
(1786378344.955194) can0 38E#1F21004011000000
(1786378344.964871) can0 38E#F822004011000000
(1786378344.974880) can0 38F#5629E25302000000
(1786378344.975305) can0 38E#A523004011000000
(1786378344.984898) can0 38E#2B24004011000000
(1786378344.994899) can0 38F#B12AE25302000000
(1786378344.995384) can0 38E#7625004011000000
(1786378345.004867) can0 38E#9126004011000000
(1786378345.014734) can0 38F#EC2BE25302000000
(1786378345.015124) can0 38E#CC27004011000000
(1786378345.024862) can0 38E#9028004011000000
(1786378345.034903) can0 38F#622CE25302000000
(1786378345.035338) can0 38E#CD29004011000000
(1786378345.044914) can0 38E#2A2A004011000000
(1786378345.054780) can0 38F#3F2DE25302000000
(1786378345.055069) can0 38E#772B004011000000
(1786378345.064853) can0 38E#F92C004011000000
(1786378345.074823) can0 38F#D82EE25302000000
(1786378345.075243) can0 38E#A42D004011000000
(1786378345.084947) can0 38E#432E004011000000
(1786378345.094991) can0 38F#852FE25302000000
(1786378345.095483) can0 38E#1E2F004011000000
(1786378345.104896) can0 38E#4220004011000000
(1786378345.114830) can0 38F#D920E25302000000
(1786378345.115197) can0 38E#1F21004011000000
(1786378345.124845) can0 38E#F822004011000000
(1786378345.134963) can0 38F#8421E25302000000
(1786378345.135522) can0 38E#A523004011000000
(1786378345.144922) can0 38E#2B24004011000000
(1786378345.154776) can0 38F#6322E25302000000
(1786378345.155097) can0 38E#7625004011000000
(1786378345.164903) can0 38E#9126004011000000
(1786378345.174856) can0 38F#3E23E25302000000
(1786378345.175258) can0 38E#CC27004011000000
(1786378345.184813) can0 38E#9028004011000000
(1786378345.194864) can0 38F#B024E25302000000
(1786378345.195268) can0 38E#CD29004011000000
(1786378345.204828) can0 38E#2A2A004011000000
(1786378345.214888) can0 38F#ED25E25302000000
(1786378345.215292) can0 38E#772B004011000000
(1786378345.224876) can0 38E#F92C004011000000
(1786378345.234842) can0 38F#0A26E25302000000
(1786378345.235361) can0 38E#A42D004011000000
(1786378345.245041) can0 38E#432E004011000000
(1786378345.254828) can0 38F#5727E25302000000
(1786378345.255166) can0 38E#1E2F004011000000
(1786378345.265014) can0 38E#4220004011000000
(1786378345.274942) can0 38F#0B28E25302000000
(1786378345.275362) can0 38E#1F21004011000000
(1786378345.284911) can0 38E#F822004011000000
(1786378345.294890) can0 38F#5629E25302000000
(1786378345.295391) can0 38E#A523004011000000
(1786378345.304799) can0 38E#2B24004011000000
(1786378345.314918) can0 38F#B12AE25302000000
(1786378345.315427) can0 38E#7625004011000000
(1786378345.324824) can0 38E#9126004011000000
(1786378345.334789) can0 38F#EC2BE25302000000
(1786378345.335161) can0 38E#CC27004011000000
(1786378345.344964) can0 38E#9028004011000000
(1786378345.354727) can0 38F#622CE25302000000
(1786378345.355006) can0 38E#CD29004011000000
(1786378345.364904) can0 38E#2A2A004011000000
(1786378345.374869) can0 38F#3F2DE25302000000
(1786378345.375299) can0 38E#772B004011000000
(1786378345.384812) can0 38E#F92C004011000000
(1786378345.394791) can0 38F#D82EE25302000000
(1786378345.395213) can0 38E#A42D004011000000
(1786378345.404831) can0 38E#432E004011000000
(1786378345.414805) can0 38F#852FE25302000000
(1786378345.415243) can0 38E#1E2F004011000000
(1786378345.424876) can0 38E#4220004011000000
(1786378345.434898) can0 38F#D920E25302000000
(1786378345.435342) can0 38E#1F21004011000000
(1786378345.444898) can0 38E#F822004011000000
(1786378345.454845) can0 38F#8421E25302000000
(1786378345.455160) can0 38E#A523004011000000
(1786378345.464951) can0 38E#2B24004011000000
(1786378345.474834) can0 38F#6322E25302000000
(1786378345.475248) can0 38E#7625004011000000
(1786378345.484838) can0 38E#9126004011000000
(1786378345.494878) can0 38F#3E23E25302000000
(1786378345.495353) can0 38E#CC27004011000000
(1786378345.504876) can0 38E#9028004011000000
(1786378345.514831) can0 38F#B024E25302000000
(1786378345.515289) can0 38E#CD29004011000000
(1786378345.524877) can0 38E#2A2A004011000000
(1786378345.534921) can0 38F#ED25E25302000000
(1786378345.535282) can0 38E#772B004011000000
(1786378345.545057) can0 38E#F92C004011000000
(1786378345.554814) can0 38F#0A26E25302000000
(1786378345.555141) can0 38E#A42D004011000000
(1786378345.564920) can0 38E#432E004011000000
(1786378345.574844) can0 38F#5727E25302000000
(1786378345.575292) can0 38E#1E2F004011000000
(1786378345.584866) can0 38E#4220004011000000
(1786378345.594798) can0 38F#0B28E25302000000
(1786378345.595105) can0 38E#1F21004011000000
(1786378345.604780) can0 38E#F822004011000000
(1786378345.614796) can0 38F#5629E25302000000
(1786378345.615212) can0 38E#A523004011000000
(1786378345.624888) can0 38E#2B24004011000000
(1786378345.634790) can0 38F#B12AE25302000000
(1786378345.635088) can0 38E#7625004011000000
(1786378345.644857) can0 38E#9126004011000000
(1786378345.654801) can0 38F#EC2BE25302000000
(1786378345.655120) can0 38E#CC27004011000000
(1786378345.664741) can0 38E#9028004011000000
(1786378345.674790) can0 38F#622CE25302000000
(1786378345.675112) can0 38E#CD29004011000000
(1786378345.684743) can0 38E#2A2A004011000000
(1786378345.694842) can0 38F#3F2DE25302000000
(1786378345.695187) can0 38E#772B004011000000
(1786378345.704760) can0 38E#F92C004011000000
(1786378345.714724) can0 38F#D82EE25302000000
(1786378345.715001) can0 38E#A42D004011000000
(1786378345.724783) can0 38E#432E004011000000
(1786378345.734764) can0 38F#852FE25302000000
(1786378345.735126) can0 38E#1E2F004011000000
(1786378345.744844) can0 38E#4220004011000000
(1786378345.754798) can0 38F#D920E25302000000
(1786378345.755123) can0 38E#1F21004011000000
(1786378345.764935) can0 38E#F822004011000000
(1786378345.774883) can0 38F#8421E25302000000
(1786378345.775177) can0 38E#A523004011000000
(1786378345.784800) can0 38E#2B24004011000000
(1786378345.794825) can0 38F#6322E25302000000
(1786378345.795228) can0 38E#7625004011000000
(1786378345.804876) can0 38E#9126004011000000
(1786378345.814884) can0 38F#3E23E25302000000
(1786378345.815300) can0 38E#CC27004011000000
(1786378345.824767) can0 38E#9028004011000000
(1786378345.834746) can0 38F#B024E25302000000
(1786378345.835033) can0 38E#CD29004011000000
(1786378345.844836) can0 38E#2A2A004011000000
(1786378345.854840) can0 38F#ED25E25302000000
(1786378345.855175) can0 38E#772B004011000000
(1786378345.864795) can0 38E#F92C004011000000
(1786378345.874800) can0 38F#0A26E25302000000
(1786378345.875158) can0 38E#A42D004011000000
(1786378345.884806) can0 38E#432E004011000000
(1786378345.894900) can0 38F#5727E25302000000
(1786378345.895263) can0 38E#1E2F004011000000
(1786378345.904838) can0 38E#4220004011000000
(1786378345.914694) can0 38F#0B28E25302000000
(1786378345.914973) can0 38E#1F21004011000000
(1786378345.924794) can0 38E#F822004011000000
(1786378345.934813) can0 38F#5629E25302000000
(1786378345.935137) can0 38E#A523004011000000
(1786378345.944921) can0 38E#2B24004011000000
(1786378345.954782) can0 38F#B12AE25302000000
(1786378345.955118) can0 38E#7625004011000000
(1786378345.964819) can0 38E#9126004011000000
(1786378345.974838) can0 38F#EC2BE25302000000
(1786378345.975243) can0 38E#CC27004011000000
(1786378345.984772) can0 38E#9028004011000000
(1786378345.994813) can0 38F#622CE25302000000
(1786378345.995172) can0 38E#CD29004011000000
(1786378346.004767) can0 38E#2A2A004011000000
(1786378346.014793) can0 38F#3F2DE25302000000
(1786378346.015110) can0 38E#772B004011000000
(1786378346.024801) can0 38E#F92C004011000000
(1786378346.034682) can0 38F#D82EE25302000000
(1786378346.034956) can0 38E#A42D004011000000
(1786378346.044895) can0 38E#432E004011000000
(1786378346.054846) can0 38F#852FE25302000000
(1786378346.055214) can0 38E#1E2F004011000000
(1786378346.064788) can0 38E#4220004011000000
(1786378346.074800) can0 38F#D920E25302000000
(1786378346.075146) can0 38E#1F21004011000000
(1786378346.084721) can0 38E#F822004011000000
(1786378346.094785) can0 38F#8421E25302000000
(1786378346.095050) can0 38E#A523004011000000
(1786378346.104880) can0 38E#2B24004011000000
(1786378346.114706) can0 38F#6322E25302000000
(1786378346.115001) can0 38E#7625004011000000
(1786378346.124766) can0 38E#9126004011000000
(1786378346.134803) can0 38F#3E23E25302000000
(1786378346.135175) can0 38E#CC27004011000000
(1786378346.144850) can0 38E#9028004011000000
(1786378346.154782) can0 38F#B024E25302000000
(1786378346.155204) can0 38E#CD29004011000000
(1786378346.164738) can0 38E#2A2A004011000000
(1786378346.174811) can0 38F#ED25E25302000000
(1786378346.175097) can0 38E#772B004011000000
(1786378346.184735) can0 38E#F92C004011000000
(1786378346.194794) can0 38F#0A26E25302000000
(1786378346.195155) can0 38E#A42D004011000000
(1786378346.204759) can0 38E#432E004011000000
(1786378346.214727) can0 38F#5727E25302000000
(1786378346.215003) can0 38E#1E2F004011000000
(1786378346.224808) can0 38E#4220004011000000
(1786378346.234888) can0 38F#0B28E25302000000
(1786378346.235264) can0 38E#1F21004011000000
(1786378346.244929) can0 38E#F822004011000000
(1786378346.254773) can0 38F#5629E25302000000
(1786378346.255081) can0 38E#A523004011000000
(1786378346.264775) can0 38E#2B24004011000000
(1786378346.274731) can0 38F#B12AE25302000000
(1786378346.275055) can0 38E#7625004011000000
(1786378346.284765) can0 38E#9126004011000000
(1786378346.294825) can0 38F#EC2BE25302000000
(1786378346.295122) can0 38E#CC27004011000000
(1786378346.304738) can0 38E#9028004011000000
(1786378346.314761) can0 38F#622CE25302000000
(1786378346.315114) can0 38E#CD29004011000000
(1786378346.324909) can0 38E#2A2A004011000000
(1786378346.334926) can0 38F#3F2DE25302000000
(1786378346.335429) can0 38E#772B004011000000
(1786378346.344721) can0 38E#F92C004011000000
(1786378346.354748) can0 38F#D82EE25302000000
(1786378346.355079) can0 38E#A42D004011000000
(1786378346.364709) can0 38E#432E004011000000
(1786378346.374784) can0 38F#852FE25302000000
(1786378346.375079) can0 38E#1E2F004011000000
(1786378346.384683) can0 38E#4220004011000000
(1786378346.394767) can0 38F#D920E25302000000
(1786378346.395051) can0 38E#1F21004011000000
(1786378346.404733) can0 38E#F822004011000000
(1786378346.414854) can0 38F#8421E25302000000
(1786378346.415285) can0 38E#A523004011000000
(1786378346.424850) can0 38E#2B24004011000000
(1786378346.434832) can0 38F#6322E25302000000
(1786378346.435343) can0 38E#7625004011000000
(1786378346.444909) can0 38E#9126004011000000
(1786378346.454846) can0 38F#3E23E25302000000
(1786378346.455179) can0 38E#CC27004011000000
(1786378346.464820) can0 38E#9028004011000000
(1786378346.474665) can0 38F#B024E25302000000
(1786378346.474972) can0 38E#CD29004011000000
(1786378346.484794) can0 38E#2A2A004011000000
(1786378346.494846) can0 38F#ED25E25302000000
(1786378346.495166) can0 38E#772B004011000000
(1786378346.504816) can0 38E#F92C004011000000
(1786378346.514777) can0 38F#0A26E25302000000
(1786378346.515103) can0 38E#A42D004011000000
(1786378346.524817) can0 38E#432E004011000000
(1786378346.534973) can0 38F#5727E25302000000
(1786378346.535483) can0 38E#1E2F004011000000
(1786378346.544860) can0 38E#4220004011000000
(1786378346.554731) can0 38F#0B28E25302000000
(1786378346.555019) can0 38E#1F21004011000000
(1786378346.564760) can0 38E#F822004011000000
(1786378346.574789) can0 38F#5629E25302000000
(1786378346.575071) can0 38E#A523004011000000
(1786378346.584695) can0 38E#2B24004011000000
(1786378346.594745) can0 38F#B12AE25302000000
(1786378346.595000) can0 38E#7625004011000000
(1786378346.604785) can0 38E#9126004011000000
(1786378346.614657) can0 38F#EC2BE25302000000
(1786378346.614965) can0 38E#CC27004011000000
(1786378346.624739) can0 38E#9028004011000000
(1786378346.634728) can0 38F#622CE25302000000
(1786378346.635000) can0 38E#CD29004011000000
(1786378346.644810) can0 38E#2A2A004011000000
(1786378346.654764) can0 38F#3F2DE25302000000
(1786378346.655038) can0 38E#772B004011000000
(1786378346.664803) can0 38E#F92C004011000000
(1786378346.674823) can0 38F#D82EE25302000000
(1786378346.675202) can0 38E#A42D004011000000
(1786378346.684784) can0 38E#432E004011000000
(1786378346.694787) can0 38F#852FE25302000000
(1786378346.695142) can0 38E#1E2F004011000000
(1786378346.704821) can0 38E#4220004011000000
(1786378346.714781) can0 38F#D920E25302000000
(1786378346.715121) can0 38E#1F21004011000000
(1786378346.724748) can0 38E#F822004011000000
(1786378346.734798) can0 38F#8421E25302000000
(1786378346.735134) can0 38E#A523004011000000
(1786378346.744834) can0 38E#2B24004011000000
(1786378346.754759) can0 38F#6322E25302000000
(1786378346.755060) can0 38E#7625004011000000
(1786378346.764757) can0 38E#9126004011000000
(1786378346.774742) can0 38F#3E23E25302000000
(1786378346.775036) can0 38E#CC27004011000000
(1786378346.784747) can0 38E#9028004011000000
(1786378346.794819) can0 38F#B024E25302000000
(1786378346.795133) can0 38E#CD29004011000000
(1786378346.804824) can0 38E#2A2A004011000000
(1786378346.814712) can0 38F#ED25E25302000000
(1786378346.815005) can0 38E#772B004011000000
(1786378346.824788) can0 38E#F92C004011000000
(1786378346.834742) can0 38F#0A26E25302000000
(1786378346.835007) can0 38E#A42D004011000000
(1786378346.844866) can0 38E#432E004011000000
(1786378346.854815) can0 38F#5727E25302000000
(1786378346.855125) can0 38E#1E2F004011000000
(1786378346.864728) can0 38E#4220004011000000
(1786378346.874778) can0 38F#0B28E25302000000
(1786378346.875055) can0 38E#1F21004011000000
(1786378346.884823) can0 38E#F822004011000000
(1786378346.894734) can0 38F#5629E25302000000
(1786378346.895032) can0 38E#A523004011000000
(1786378346.904735) can0 38E#2B24004011000000
(1786378346.914820) can0 38F#B12AE25302000000
(1786378346.915219) can0 38E#7625004011000000
(1786378346.924787) can0 38E#9126004011000000
(1786378346.934744) can0 38F#EC2BE25302000000
(1786378346.935039) can0 38E#CC27004011000000
(1786378346.944762) can0 38E#9028004011000000
(1786378346.954843) can0 38F#622CE25302000000
(1786378346.955146) can0 38E#CD29004011000000
(1786378346.964854) can0 38E#2A2A004011000000
(1786378346.974823) can0 38F#3F2DE25302000000
(1786378346.975183) can0 38E#772B004011000000
(1786378346.984801) can0 38E#F92C004011000000
(1786378346.994758) can0 38F#D82EE25302000000
(1786378346.995185) can0 38E#A42D004011000000
(1786378347.004798) can0 38E#432E004011000000
(1786378347.014718) can0 38F#852FE25302000000
(1786378347.014996) can0 38E#1E2F004011000000
(1786378347.024778) can0 38E#4220004011000000
(1786378347.034924) can0 38F#D920E25302000000
(1786378347.035371) can0 38E#1F21004011000000
(1786378347.045015) can0 38E#F822004011000000
(1786378347.054807) can0 38F#8421E25302000000
(1786378347.055151) can0 38E#A523004011000000
(1786378347.064747) can0 38E#2B24004011000000
(1786378347.074719) can0 38F#6322E25302000000
(1786378347.075036) can0 38E#7625004011000000
(1786378347.084748) can0 38E#9126004011000000
(1786378347.094782) can0 38F#3E23E25302000000
(1786378347.095087) can0 38E#CC27004011000000
(1786378347.104839) can0 38E#9028004011000000
(1786378347.114686) can0 38F#B024E25302000000
(1786378347.114977) can0 38E#CD29004011000000
(1786378347.124789) can0 38E#2A2A004011000000
(1786378347.134923) can0 38F#ED25E25302000000
(1786378347.135442) can0 38E#772B004011000000
(1786378347.144848) can0 38E#F92C004011000000
(1786378347.154782) can0 38F#0A26E25302000000
(1786378347.155103) can0 38E#A42D004011000000
(1786378347.164823) can0 38E#432E004011000000
(1786378347.174810) can0 38F#5727E25302000000
(1786378347.175102) can0 38E#1E2F004011000000
(1786378347.184879) can0 38E#4220004011000000
(1786378347.194699) can0 38F#0B28E25302000000
(1786378347.194973) can0 38E#1F21004011000000
(1786378347.204736) can0 38E#F822004011000000
(1786378347.214815) can0 38F#5629E25302000000
(1786378347.215212) can0 38E#A523004011000000
(1786378347.224779) can0 38E#2B24004011000000
(1786378347.234780) can0 38F#B12AE25302000000
(1786378347.235191) can0 38E#7625004011000000
(1786378347.244828) can0 38E#9126004011000000
(1786378347.254776) can0 38F#EC2BE25302000000
(1786378347.255068) can0 38E#CC27004011000000
(1786378347.264719) can0 38E#9028004011000000
(1786378347.274704) can0 38F#622CE25302000000
(1786378347.274975) can0 38E#CD29004011000000
(1786378347.284754) can0 38E#2A2A004011000000
(1786378347.294774) can0 38F#3F2DE25302000000
(1786378347.295092) can0 38E#772B004011000000
(1786378347.304810) can0 38E#F92C004011000000
(1786378347.314801) can0 38F#D82EE25302000000
(1786378347.315269) can0 38E#A42D004011000000
(1786378347.324749) can0 38E#432E004011000000
(1786378347.334762) can0 38F#852FE25302000000
(1786378347.335134) can0 38E#1E2F004011000000
(1786378347.344799) can0 38E#4220004011000000
(1786378347.354723) can0 38F#D920E25302000000
(1786378347.355015) can0 38E#1F21004011000000
(1786378347.364817) can0 38E#F822004011000000
(1786378347.374778) can0 38F#8421E25302000000
(1786378347.375089) can0 38E#A523004011000000
(1786378347.384815) can0 38E#2B24004011000000
(1786378347.394803) can0 38F#6322E25302000000
(1786378347.395187) can0 38E#7625004011000000
(1786378347.404784) can0 38E#9126004011000000
(1786378347.414701) can0 38F#3E23E25302000000
(1786378347.415006) can0 38E#CC27004011000000
(1786378347.424770) can0 38E#9028004011000000
(1786378347.434769) can0 38F#B024E25302000000
(1786378347.435140) can0 38E#CD29004011000000
(1786378347.444799) can0 38E#2A2A004011000000
(1786378347.454846) can0 38F#ED25E25302000000
(1786378347.455195) can0 38E#772B004011000000
(1786378347.464773) can0 38E#F92C004011000000
(1786378347.474711) can0 38F#0A26E25302000000
(1786378347.475036) can0 38E#A42D004011000000
(1786378347.484843) can0 38E#432E004011000000
(1786378347.494807) can0 38F#5727E25302000000
(1786378347.495099) can0 38E#1E2F004011000000
(1786378347.504739) can0 38E#4220004011000000
(1786378347.514711) can0 38F#0B28E25302000000
(1786378347.515041) can0 38E#1F21004011000000
(1786378347.524822) can0 38E#F822004011000000
(1786378347.534937) can0 38F#5629E25302000000
(1786378347.535304) can0 38E#A523004011000000
(1786378347.544818) can0 38E#2B24004011000000
(1786378347.554698) can0 38F#B12AE25302000000
(1786378347.554982) can0 38E#7625004011000000
(1786378347.564685) can0 38E#9126004011000000
(1786378347.574824) can0 38F#EC2BE25302000000
(1786378347.575164) can0 38E#CC27004011000000
(1786378347.584742) can0 38E#9028004011000000
(1786378347.594723) can0 38F#622CE25302000000
(1786378347.595030) can0 38E#CD29004011000000
(1786378347.604782) can0 38E#2A2A004011000000
(1786378347.614781) can0 38F#3F2DE25302000000
(1786378347.615070) can0 38E#772B004011000000
(1786378347.624776) can0 38E#F92C004011000000
(1786378347.634793) can0 38F#D82EE25302000000
(1786378347.635209) can0 38E#A42D004011000000
(1786378347.644774) can0 38E#432E004011000000
(1786378347.654834) can0 38F#852FE25302000000
(1786378347.655138) can0 38E#1E2F004011000000
(1786378347.664900) can0 38E#4220004011000000
(1786378347.674777) can0 38F#D920E25302000000
(1786378347.675248) can0 38E#1F21004011000000
(1786378347.684844) can0 38E#F822004011000000
(1786378347.694806) can0 38F#8421E25302000000
(1786378347.695149) can0 38E#A523004011000000
(1786378347.704889) can0 38E#2B24004011000000
(1786378347.714839) can0 38F#6322E25302000000
(1786378347.715242) can0 38E#7625004011000000
(1786378347.724814) can0 38E#9126004011000000
(1786378347.734882) can0 38F#3E23E25302000000
(1786378347.735306) can0 38E#CC27004011000000
(1786378347.744815) can0 38E#9028004011000000
(1786378347.754696) can0 38F#B024E25302000000
(1786378347.755075) can0 38E#CD29004011000000
(1786378347.764686) can0 38E#2A2A004011000000
(1786378347.774865) can0 38F#ED25E25302000000
(1786378347.775259) can0 38E#772B004011000000
(1786378347.784765) can0 38E#F92C004011000000
(1786378347.794752) can0 38F#0A26E25302000000
(1786378347.795075) can0 38E#A42D004011000000
(1786378347.804756) can0 38E#432E004011000000
(1786378347.814756) can0 38F#5727E25302000000
(1786378347.815152) can0 38E#1E2F004011000000
(1786378347.824781) can0 38E#4220004011000000
(1786378347.834711) can0 38F#0B28E25302000000
(1786378347.834949) can0 38E#1F21004011000000
(1786378347.844788) can0 38E#F822004011000000
(1786378347.854844) can0 38F#5629E25302000000
(1786378347.855121) can0 38E#A523004011000000
(1786378347.864724) can0 38E#2B24004011000000
(1786378347.874820) can0 38F#B12AE25302000000
(1786378347.875198) can0 38E#7625004011000000
(1786378347.884825) can0 38E#9126004011000000
(1786378347.894803) can0 38F#EC2BE25302000000
(1786378347.895194) can0 38E#CC27004011000000
(1786378347.904751) can0 38E#9028004011000000
(1786378347.914719) can0 38F#622CE25302000000
(1786378347.915111) can0 38E#CD29004011000000
(1786378347.924796) can0 38E#2A2A004011000000
(1786378347.934831) can0 38F#3F2DE25302000000
(1786378347.935228) can0 38E#772B004011000000
(1786378347.944747) can0 38E#F92C004011000000
(1786378347.954737) can0 38F#D82EE25302000000
(1786378347.955039) can0 38E#A42D004011000000
(1786378347.964848) can0 38E#432E004011000000
(1786378347.974748) can0 38F#852FE25302000000
(1786378347.975053) can0 38E#1E2F004011000000
(1786378347.984845) can0 38E#4220004011000000
(1786378347.994706) can0 38F#D920E25302000000
(1786378347.995060) can0 38E#1F21004011000000
(1786378348.004819) can0 38E#F822004011000000
(1786378348.014707) can0 38F#8421E25302000000
(1786378348.014969) can0 38E#A523004011000000
(1786378348.024786) can0 38E#2B24004011000000
(1786378348.034687) can0 38F#6322E25302000000
(1786378348.034925) can0 38E#7625004011000000
(1786378348.044775) can0 38E#9126004011000000
(1786378348.054828) can0 38F#3E23E25302000000
(1786378348.055116) can0 38E#CC27004011000000
(1786378348.064666) can0 38E#9028004011000000
(1786378348.074715) can0 38F#B024E25302000000
(1786378348.074963) can0 38E#CD29004011000000
(1786378348.084655) can0 38E#2A2A004011000000
(1786378348.094764) can0 38F#ED25E25302000000
(1786378348.095003) can0 38E#772B004011000000
(1786378348.104726) can0 38E#F92C004011000000
(1786378348.114675) can0 38F#0A26E25302000000
(1786378348.114929) can0 38E#A42D004011000000
(1786378348.124780) can0 38E#432E004011000000
(1786378348.134868) can0 38F#5727E25302000000
(1786378348.135406) can0 38E#1E2F004011000000
(1786378348.144841) can0 38E#4220004011000000
(1786378348.154714) can0 38F#0B28E25302000000
(1786378348.155112) can0 38E#1F21004011000000
(1786378348.164811) can0 38E#F822004011000000
(1786378348.174774) can0 38F#5629E25302000000
(1786378348.175102) can0 38E#A523004011000000
(1786378348.184721) can0 38E#2B24004011000000
(1786378348.194693) can0 38F#B12AE25302000000
(1786378348.195101) can0 38E#7625004011000000
(1786378348.204805) can0 38E#9126004011000000
(1786378348.214729) can0 38F#EC2BE25302000000
(1786378348.215088) can0 38E#CC27004011000000
(1786378348.224827) can0 38E#9028004011000000
(1786378348.234707) can0 38F#622CE25302000000
(1786378348.235057) can0 38E#CD29004011000000
(1786378348.244748) can0 38E#2A2A004011000000
(1786378348.254816) can0 38F#3F2DE25302000000
(1786378348.255137) can0 38E#772B004011000000
(1786378348.264729) can0 38E#F92C004011000000
(1786378348.274695) can0 38F#D82EE25302000000
(1786378348.274994) can0 38E#A42D004011000000
(1786378348.284792) can0 38E#432E004011000000
(1786378348.294740) can0 38F#852FE25302000000
(1786378348.294989) can0 38E#1E2F004011000000
(1786378348.304747) can0 38E#4220004011000000
(1786378348.314681) can0 38F#D920E25302000000
(1786378348.315035) can0 38E#1F21004011000000
(1786378348.324771) can0 38E#F822004011000000
(1786378348.334746) can0 38F#8421E25302000000
(1786378348.335051) can0 38E#A523004011000000
(1786378348.344851) can0 38E#2B24004011000000
(1786378348.354856) can0 38F#6322E25302000000
(1786378348.355181) can0 38E#7625004011000000
(1786378348.364740) can0 38E#9126004011000000
(1786378348.374778) can0 38F#3E23E25302000000
(1786378348.375109) can0 38E#CC27004011000000
(1786378348.384865) can0 38E#9028004011000000
(1786378348.394814) can0 38F#B024E25302000000
(1786378348.395083) can0 38E#CD29004011000000
(1786378348.404749) can0 38E#2A2A004011000000
(1786378348.414650) can0 38F#ED25E25302000000
(1786378348.414970) can0 38E#772B004011000000
(1786378348.424717) can0 38E#F92C004011000000
(1786378348.434748) can0 38F#0A26E25302000000
(1786378348.435014) can0 38E#A42D004011000000
(1786378348.444710) can0 38E#432E004011000000
(1786378348.454727) can0 38F#5727E25302000000
(1786378348.455002) can0 38E#1E2F004011000000
(1786378348.464712) can0 38E#4220004011000000
(1786378348.474729) can0 38F#0B28E25302000000
(1786378348.475050) can0 38E#1F21004011000000
(1786378348.484685) can0 38E#F822004011000000
(1786378348.494742) can0 38F#5629E25302000000
(1786378348.495011) can0 38E#A523004011000000
(1786378348.504748) can0 38E#2B24004011000000
(1786378348.514664) can0 38F#B12AE25302000000
(1786378348.514949) can0 38E#7625004011000000
(1786378348.524870) can0 38E#9126004011000000
(1786378348.534851) can0 38F#EC2BE25302000000
(1786378348.535278) can0 38E#CC27004011000000
(1786378348.544865) can0 38E#9028004011000000
(1786378348.554675) can0 38F#622CE25302000000
(1786378348.554946) can0 38E#CD29004011000000
(1786378348.564694) can0 38E#2A2A004011000000
(1786378348.574740) can0 38F#3F2DE25302000000
(1786378348.575008) can0 38E#772B004011000000
(1786378348.584618) can0 38E#F92C004011000000
(1786378348.594775) can0 38F#D82EE25302000000
(1786378348.595044) can0 38E#A42D004011000000
(1786378348.604716) can0 38E#432E004011000000
(1786378348.614644) can0 38F#852FE25302000000
(1786378348.614941) can0 38E#1E2F004011000000
(1786378348.624665) can0 38E#4220004011000000
(1786378348.634746) can0 38F#D920E25302000000
(1786378348.635000) can0 38E#1F21004011000000
(1786378348.644750) can0 38E#F822004011000000
(1786378348.654732) can0 38F#8421E25302000000
(1786378348.654983) can0 38E#A523004011000000
(1786378348.664704) can0 38E#2B24004011000000
(1786378348.674744) can0 38F#6322E25302000000
(1786378348.675116) can0 38E#7625004011000000
(1786378348.684887) can0 38E#9126004011000000
(1786378348.694778) can0 38F#3E23E25302000000
(1786378348.695088) can0 38E#CC27004011000000
(1786378348.704811) can0 38E#9028004011000000
(1786378348.714757) can0 38F#B024E25302000000
(1786378348.715109) can0 38E#CD29004011000000
(1786378348.724761) can0 38E#2A2A004011000000
(1786378348.734722) can0 38F#ED25E25302000000
(1786378348.735123) can0 38E#772B004011000000
(1786378348.744729) can0 38E#F92C004011000000
(1786378348.754723) can0 38F#0A26E25302000000
(1786378348.755045) can0 38E#A42D004011000000
(1786378348.764640) can0 38E#432E004011000000
(1786378348.774723) can0 38F#5727E25302000000
(1786378348.774989) can0 38E#1E2F004011000000
(1786378348.784768) can0 38E#4220004011000000
(1786378348.794720) can0 38F#0B28E25302000000
(1786378348.795104) can0 38E#1F21004011000000
(1786378348.804772) can0 38E#F822004011000000
(1786378348.814829) can0 38F#5629E25302000000
(1786378348.815207) can0 38E#A523004011000000
(1786378348.824822) can0 38E#2B24004011000000
(1786378348.834691) can0 38F#B12AE25302000000
(1786378348.835021) can0 38E#7625004011000000
(1786378348.844885) can0 38E#9126004011000000
(1786378348.854728) can0 38F#EC2BE25302000000
(1786378348.855011) can0 38E#CC27004011000000
(1786378348.864711) can0 38E#9028004011000000
(1786378348.874680) can0 38F#622CE25302000000
(1786378348.874967) can0 38E#CD29004011000000
(1786378348.884788) can0 38E#2A2A004011000000
(1786378348.894807) can0 38F#3F2DE25302000000
(1786378348.895121) can0 38E#772B004011000000
(1786378348.904873) can0 38E#F92C004011000000
(1786378348.914738) can0 38F#D82EE25302000000
(1786378348.915136) can0 38E#A42D004011000000
(1786378348.924687) can0 38E#432E004011000000
(1786378348.934827) can0 38F#852FE25302000000
(1786378348.935273) can0 38E#1E2F004011000000
(1786378348.944886) can0 38E#4220004011000000
(1786378348.954723) can0 38F#D920E25302000000
(1786378348.955118) can0 38E#1F21004011000000
(1786378348.964755) can0 38E#F822004011000000
(1786378348.974787) can0 38F#8421E25302000000
(1786378348.975141) can0 38E#A523004011000000
(1786378348.984739) can0 38E#2B24004011000000
(1786378348.994760) can0 38F#6322E25302000000
(1786378348.995066) can0 38E#7625004011000000
(1786378349.004773) can0 38E#9126004011000000
(1786378349.014683) can0 38F#3E23E25302000000
(1786378349.015006) can0 38E#CC27004011000000
(1786378349.024709) can0 38E#9028004011000000
(1786378349.034718) can0 38F#B024E25302000000
(1786378349.035093) can0 38E#CD29004011000000
(1786378349.044822) can0 38E#2A2A004011000000
(1786378349.054720) can0 38F#ED25E25302000000
(1786378349.055016) can0 38E#772B004011000000
(1786378349.064763) can0 38E#F92C004011000000
(1786378349.074749) can0 38F#0A26E25302000000
(1786378349.075121) can0 38E#A42D004011000000
(1786378349.084809) can0 38E#432E004011000000
(1786378349.094706) can0 38F#5727E25302000000
(1786378349.095032) can0 38E#1E2F004011000000
(1786378349.104762) can0 38E#4220004011000000
(1786378349.114740) can0 38F#0B28E25302000000
(1786378349.115000) can0 38E#1F21004011000000
(1786378349.124718) can0 38E#F822004011000000
(1786378349.134761) can0 38F#5629E25302000000
(1786378349.135064) can0 38E#A523004011000000
(1786378349.144748) can0 38E#2B24004011000000
(1786378349.154715) can0 38F#B12AE25302000000
(1786378349.155000) can0 38E#7625004011000000
(1786378349.164839) can0 38E#9126004011000000
(1786378349.174741) can0 38F#EC2BE25302000000
(1786378349.175075) can0 38E#CC27004011000000
(1786378349.184797) can0 38E#9028004011000000
(1786378349.194774) can0 38F#622CE25302000000
(1786378349.195169) can0 38E#CD29004011000000
(1786378349.204804) can0 38E#2A2A004011000000
(1786378349.214715) can0 38F#3F2DE25302000000
(1786378349.215005) can0 38E#772B004011000000
(1786378349.224714) can0 38E#F92C004011000000
(1786378349.234743) can0 38F#D82EE25302000000
(1786378349.235042) can0 38E#A42D004011000000
(1786378349.244774) can0 38E#432E004011000000
(1786378349.254856) can0 38F#852FE25302000000
(1786378349.255177) can0 38E#1E2F004011000000
(1786378349.264662) can0 38E#4220004011000000
(1786378349.274681) can0 38F#D920E25302000000
(1786378349.275056) can0 38E#1F21004011000000
(1786378349.284764) can0 38E#F822004011000000
(1786378349.294798) can0 38F#8421E25302000000
(1786378349.295096) can0 38E#A523004011000000
(1786378349.304752) can0 38E#2B24004011000000
(1786378349.314662) can0 38F#6322E25302000000
(1786378349.315003) can0 38E#7625004011000000
(1786378349.324813) can0 38E#9126004011000000
(1786378349.334808) can0 38F#3E23E25302000000
(1786378349.335188) can0 38E#CC27004011000000
(1786378349.344774) can0 38E#9028004011000000
(1786378349.354700) can0 38F#B024E25302000000
(1786378349.355080) can0 38E#CD29004011000000
(1786378349.364753) can0 38E#2A2A004011000000
(1786378349.374715) can0 38F#ED25E25302000000
(1786378349.375043) can0 38E#772B004011000000
(1786378349.384778) can0 38E#F92C004011000000
(1786378349.394780) can0 38F#0A26E25302000000
(1786378349.395100) can0 38E#A42D004011000000
(1786378349.404769) can0 38E#432E004011000000
(1786378349.414669) can0 38F#5727E25302000000
(1786378349.414957) can0 38E#1E2F004011000000
(1786378349.424713) can0 38E#4220004011000000
(1786378349.434770) can0 38F#0B28E25302000000
(1786378349.435198) can0 38E#1F21004011000000
(1786378349.444694) can0 38E#F822004011000000
(1786378349.454742) can0 38F#5629E25302000000
(1786378349.455097) can0 38E#A523004011000000
(1786378349.464700) can0 38E#2B24004011000000
(1786378349.474614) can0 38F#B12AE25302000000
(1786378349.474884) can0 38E#7625004011000000
(1786378349.484623) can0 38E#9126004011000000
(1786378349.494872) can0 38F#EC2BE25302000000
(1786378349.495320) can0 38E#CC27004011000000
(1786378349.504767) can0 38E#9028004011000000
(1786378349.514686) can0 38F#622CE25302000000
(1786378349.515008) can0 38E#CD29004011000000
(1786378349.524760) can0 38E#2A2A004011000000
(1786378349.534842) can0 38F#3F2DE25302000000
(1786378349.535371) can0 38E#772B004011000000
(1786378349.544847) can0 38E#F92C004011000000
(1786378349.554762) can0 38F#D82EE25302000000
(1786378349.555137) can0 38E#A42D004011000000
(1786378349.564784) can0 38E#432E004011000000
(1786378349.574760) can0 38F#852FE25302000000
(1786378349.575158) can0 38E#1E2F004011000000
(1786378349.584776) can0 38E#4220004011000000
(1786378349.594778) can0 38F#D920E25302000000
(1786378349.595253) can0 38E#1F21004011000000
(1786378349.604765) can0 38E#F822004011000000
(1786378349.614763) can0 38F#8421E25302000000
(1786378349.615125) can0 38E#A523004011000000
(1786378349.624739) can0 38E#2B24004011000000
(1786378349.634752) can0 38F#6322E25302000000
(1786378349.635176) can0 38E#7625004011000000
(1786378349.644765) can0 38E#9126004011000000
(1786378349.654782) can0 38F#3E23E25302000000
(1786378349.655130) can0 38E#CC27004011000000
(1786378349.664738) can0 38E#9028004011000000
(1786378349.674742) can0 38F#B024E25302000000
(1786378349.675123) can0 38E#CD29004011000000
(1786378349.684777) can0 38E#2A2A004011000000
(1786378349.694728) can0 38F#ED25E25302000000
(1786378349.695103) can0 38E#772B004011000000
(1786378349.704768) can0 38E#F92C004011000000
(1786378349.714681) can0 38F#0A26E25302000000
(1786378349.715008) can0 38E#A42D004011000000
(1786378349.724813) can0 38E#432E004011000000
(1786378349.734831) can0 38F#5727E25302000000
(1786378349.735171) can0 38E#1E2F004011000000
(1786378349.744802) can0 38E#4220004011000000
(1786378349.754718) can0 38F#0B28E25302000000
(1786378349.755043) can0 38E#1F21004011000000
(1786378349.764804) can0 38E#F822004011000000
(1786378349.774728) can0 38F#5629E25302000000
(1786378349.775050) can0 38E#A523004011000000
(1786378349.784858) can0 38E#2B24004011000000
(1786378349.794667) can0 38F#B12AE25302000000
(1786378349.794955) can0 38E#7625004011000000
(1786378349.804706) can0 38E#9126004011000000
(1786378349.814794) can0 38F#EC2BE25302000000
(1786378349.815179) can0 38E#CC27004011000000
(1786378349.824808) can0 38E#9028004011000000
(1786378349.834733) can0 38F#622CE25302000000
(1786378349.835103) can0 38E#CD29004011000000
(1786378349.844752) can0 38E#2A2A004011000000
(1786378349.854719) can0 38F#3F2DE25302000000
(1786378349.855094) can0 38E#772B004011000000
(1786378349.864756) can0 38E#F92C004011000000
(1786378349.874743) can0 38F#D82EE25302000000
(1786378349.875137) can0 38E#A42D004011000000
(1786378349.884798) can0 38E#432E004011000000
(1786378349.894776) can0 38F#852FE25302000000
(1786378349.895146) can0 38E#1E2F004011000000
(1786378349.904738) can0 38E#4220004011000000
(1786378349.914754) can0 38F#D920E25302000000
(1786378349.915197) can0 38E#1F21004011000000
(1786378349.924849) can0 38E#F822004011000000
(1786378349.934848) can0 38F#8421E25302000000
(1786378349.935167) can0 38E#A523004011000000
(1786378349.944799) can0 38E#2B24004011000000
(1786378349.954622) can0 38F#6322E25302000000
(1786378349.954991) can0 38E#7625004011000000
(1786378349.964772) can0 38E#9126004011000000
(1786378350.019523) can0 38F#3E23E25302000000
(1786378350.023372) can0 38E#CC27004011000000
(1786378350.029735) can0 38E#9028004011000000
(1786378350.030338) can0 38F#B024E25302000000
(1786378350.030915) can0 38E#CD29004011000000
(1786378350.031788) can0 38E#2A2A004011000000
(1786378350.032062) can0 38F#ED25E25302000000
(1786378350.032307) can0 38E#772B004011000000
(1786378350.032678) can0 38E#F92C004011000000
(1786378350.034639) can0 38F#0A26E25302000000
(1786378350.034920) can0 38E#A42D004011000000
(1786378350.044718) can0 38E#432E004011000000
(1786378350.054635) can0 38F#5727E25302000000
(1786378350.054963) can0 38E#1E2F004011000000
(1786378350.064735) can0 38E#4220004011000000
(1786378350.074710) can0 38F#0B28E25302000000
(1786378350.074978) can0 38E#1F21004011000000
(1786378350.084660) can0 38E#F822004011000000
(1786378350.094763) can0 38F#5629E25302000000
(1786378350.095101) can0 38E#A523004011000000
(1786378350.104758) can0 38E#2B24004011000000
(1786378350.114636) can0 38F#B12AE25302000000
(1786378350.114901) can0 38E#7625004011000000
(1786378350.124617) can0 38E#9126004011000000
(1786378350.134573) can0 38F#EC2BE25302000000
(1786378350.134914) can0 38E#CC27004011000000
(1786378350.144800) can0 38E#9028004011000000
(1786378350.154747) can0 38F#622CE25302000000
(1786378350.155069) can0 38E#CD29004011000000
(1786378350.164625) can0 38E#2A2A004011000000
(1786378350.174727) can0 38F#3F2DE25302000000
(1786378350.175042) can0 38E#772B004011000000
(1786378350.184849) can0 38E#F92C004011000000
(1786378350.194800) can0 38F#D82EE25302000000
(1786378350.195189) can0 38E#A42D004011000000
(1786378350.204675) can0 38E#432E004011000000
(1786378350.214773) can0 38F#852FE25302000000
(1786378350.215167) can0 38E#1E2F004011000000
(1786378350.224677) can0 38E#4220004011000000
(1786378350.234626) can0 38F#D920E25302000000
(1786378350.234908) can0 38E#1F21004011000000
(1786378350.244829) can0 38E#F822004011000000
(1786378350.254773) can0 38F#8421E25302000000
(1786378350.255082) can0 38E#A523004011000000
(1786378350.264627) can0 38E#2B24004011000000
(1786378350.274662) can0 38F#6322E25302000000
(1786378350.274960) can0 38E#7625004011000000
(1786378350.284642) can0 38E#9126004011000000
(1786378350.294738) can0 38F#3E23E25302000000
(1786378350.294986) can0 38E#CC27004011000000
(1786378350.304664) can0 38E#9028004011000000
(1786378350.314799) can0 38F#B024E25302000000
(1786378350.315247) can0 38E#CD29004011000000
(1786378350.324783) can0 38E#2A2A004011000000
(1786378350.334706) can0 38F#ED25E25302000000
(1786378350.335032) can0 38E#772B004011000000
(1786378350.344778) can0 38E#F92C004011000000
(1786378350.354721) can0 38F#0A26E25302000000
(1786378350.355043) can0 38E#A42D004011000000
(1786378350.364631) can0 38E#432E004011000000
(1786378350.374746) can0 38F#5727E25302000000
(1786378350.375009) can0 38E#1E2F004011000000
(1786378350.384642) can0 38E#4220004011000000
(1786378350.394710) can0 38F#0B28E25302000000
(1786378350.395097) can0 38E#1F21004011000000
(1786378350.404799) can0 38E#F822004011000000
(1786378350.414762) can0 38F#5629E25302000000
(1786378350.415137) can0 38E#A523004011000000
(1786378350.424729) can0 38E#2B24004011000000
(1786378350.434790) can0 38F#B12AE25302000000
(1786378350.435205) can0 38E#7625004011000000
(1786378350.444736) can0 38E#9126004011000000
(1786378350.454730) can0 38F#EC2BE25302000000
(1786378350.455102) can0 38E#CC27004011000000
(1786378350.464676) can0 38E#9028004011000000
(1786378350.474686) can0 38F#622CE25302000000
(1786378350.474987) can0 38E#CD29004011000000
(1786378350.484797) can0 38E#2A2A004011000000
(1786378350.494703) can0 38F#3F2DE25302000000
(1786378350.494971) can0 38E#772B004011000000
(1786378350.504705) can0 38E#F92C004011000000
(1786378350.514753) can0 38F#D82EE25302000000
(1786378350.515133) can0 38E#A42D004011000000
(1786378350.524809) can0 38E#432E004011000000
(1786378350.534746) can0 38F#852FE25302000000
(1786378350.535023) can0 38E#1E2F004011000000
(1786378350.544799) can0 38E#4220004011000000
(1786378350.554621) can0 38F#D920E25302000000
(1786378350.554940) can0 38E#1F21004011000000
(1786378350.564629) can0 38E#F822004011000000
(1786378350.574706) can0 38F#8421E25302000000
(1786378350.574998) can0 38E#A523004011000000
(1786378350.584690) can0 38E#2B24004011000000
(1786378350.594698) can0 38F#6322E25302000000
(1786378350.595097) can0 38E#7625004011000000
(1786378350.604782) can0 38E#9126004011000000
(1786378350.614766) can0 38F#3E23E25302000000
(1786378350.615127) can0 38E#CC27004011000000
(1786378350.624774) can0 38E#9028004011000000
(1786378350.634673) can0 38F#B024E25302000000
(1786378350.634946) can0 38E#CD29004011000000
(1786378350.644737) can0 38E#2A2A004011000000
(1786378350.654701) can0 38F#ED25E25302000000
(1786378350.654985) can0 38E#772B004011000000
(1786378350.664627) can0 38E#F92C004011000000
(1786378350.674704) can0 38F#0A26E25302000000
(1786378350.674961) can0 38E#A42D004011000000
(1786378350.684663) can0 38E#432E004011000000
(1786378350.694693) can0 38F#5727E25302000000
(1786378350.694988) can0 38E#1E2F004011000000
(1786378350.704683) can0 38E#4220004011000000
(1786378350.714646) can0 38F#0B28E25302000000
(1786378350.714903) can0 38E#1F21004011000000
(1786378350.724706) can0 38E#F822004011000000
(1786378350.734621) can0 38F#5629E25302000000
(1786378350.734906) can0 38E#A523004011000000
(1786378350.744796) can0 38E#2B24004011000000
(1786378350.754638) can0 38F#B12AE25302000000
(1786378350.754909) can0 38E#7625004011000000
(1786378350.764619) can0 38E#9126004011000000
(1786378350.774626) can0 38F#EC2BE25302000000
(1786378350.774905) can0 38E#CC27004011000000
(1786378350.784711) can0 38E#9028004011000000
(1786378350.794670) can0 38F#622CE25302000000
(1786378350.795000) can0 38E#CD29004011000000
(1786378350.804754) can0 38E#2A2A004011000000
(1786378350.814623) can0 38F#3F2DE25302000000
(1786378350.814930) can0 38E#772B004011000000
(1786378350.824673) can0 38E#F92C004011000000
(1786378350.834756) can0 38F#D82EE25302000000
(1786378350.835116) can0 38E#A42D004011000000
(1786378350.844751) can0 38E#432E004011000000
(1786378350.854678) can0 38F#852FE25302000000
(1786378350.854958) can0 38E#1E2F004011000000
(1786378350.864665) can0 38E#4220004011000000
(1786378350.874656) can0 38F#D920E25302000000
(1786378350.874946) can0 38E#1F21004011000000
(1786378350.884666) can0 38E#F822004011000000
(1786378350.894682) can0 38F#8421E25302000000
(1786378350.894944) can0 38E#A523004011000000
(1786378350.904705) can0 38E#2B24004011000000
(1786378350.914588) can0 38F#6322E25302000000
(1786378350.914849) can0 38E#7625004011000000
(1786378350.924689) can0 38E#9126004011000000
(1786378350.934624) can0 38F#3E23E25302000000
(1786378350.934876) can0 38E#CC27004011000000
(1786378350.944623) can0 38E#9028004011000000
(1786378350.954660) can0 38F#B024E25302000000
(1786378350.954988) can0 38E#CD29004011000000
(1786378350.964698) can0 38E#2A2A004011000000
(1786378350.974708) can0 38F#ED25E25302000000
(1786378350.975022) can0 38E#772B004011000000
(1786378350.984577) can0 38E#F92C004011000000
(1786378350.994640) can0 38F#0A26E25302000000
(1786378350.994919) can0 38E#A42D004011000000
(1786378351.004719) can0 38E#432E004011000000
(1786378351.014775) can0 38F#5727E25302000000
(1786378351.015105) can0 38E#1E2F004011000000
(1786378351.024646) can0 38E#4220004011000000
(1786378351.034653) can0 38F#0B28E25302000000
(1786378351.034925) can0 38E#1F21004011000000
(1786378351.044745) can0 38E#F822004011000000
(1786378351.054773) can0 38F#5629E25302000000
(1786378351.055094) can0 38E#A523004011000000
(1786378351.064727) can0 38E#2B24004011000000
(1786378351.074638) can0 38F#B12AE25302000000
(1786378351.074965) can0 38E#7625004011000000
(1786378351.084665) can0 38E#9126004011000000
(1786378351.094679) can0 38F#EC2BE25302000000
(1786378351.095011) can0 38E#CC27004011000000
(1786378351.104712) can0 38E#9028004011000000
(1786378351.114653) can0 38F#622CE25302000000
(1786378351.114952) can0 38E#CD29004011000000
(1786378351.124667) can0 38E#2A2A004011000000
(1786378351.134586) can0 38F#3F2DE25302000000
(1786378351.134897) can0 38E#772B004011000000
(1786378351.144746) can0 38E#F92C004011000000
(1786378351.154645) can0 38F#D82EE25302000000
(1786378351.154939) can0 38E#A42D004011000000
(1786378351.164659) can0 38E#432E004011000000
(1786378351.174723) can0 38F#852FE25302000000
(1786378351.175029) can0 38E#1E2F004011000000
(1786378351.184646) can0 38E#4220004011000000
(1786378351.194695) can0 38F#D920E25302000000
(1786378351.195054) can0 38E#1F21004011000000
(1786378351.204664) can0 38E#F822004011000000
(1786378351.214727) can0 38F#8421E25302000000
(1786378351.214971) can0 38E#A523004011000000
(1786378351.224680) can0 38E#2B24004011000000
(1786378351.234690) can0 38F#6322E25302000000
(1786378351.235076) can0 38E#7625004011000000
(1786378351.244701) can0 38E#9126004011000000
(1786378351.254695) can0 38F#3E23E25302000000
(1786378351.254985) can0 38E#CC27004011000000
(1786378351.264697) can0 38E#9028004011000000
(1786378351.274692) can0 38F#B024E25302000000
(1786378351.275046) can0 38E#CD29004011000000
(1786378351.284756) can0 38E#2A2A004011000000
(1786378351.294668) can0 38F#ED25E25302000000
(1786378351.294946) can0 38E#772B004011000000
(1786378351.304676) can0 38E#F92C004011000000
(1786378351.314676) can0 38F#0A26E25302000000
(1786378351.314924) can0 38E#A42D004011000000
(1786378351.324660) can0 38E#432E004011000000
(1786378351.334625) can0 38F#5727E25302000000
(1786378351.334908) can0 38E#1E2F004011000000
(1786378351.344697) can0 38E#4220004011000000
(1786378351.354669) can0 38F#0B28E25302000000
(1786378351.355050) can0 38E#1F21004011000000
(1786378351.364794) can0 38E#F822004011000000
(1786378351.374720) can0 38F#5629E25302000000
(1786378351.375059) can0 38E#A523004011000000
(1786378351.384704) can0 38E#2B24004011000000
(1786378351.394680) can0 38F#B12AE25302000000
(1786378351.394993) can0 38E#7625004011000000
(1786378351.404771) can0 38E#9126004011000000
(1786378351.414623) can0 38F#EC2BE25302000000
(1786378351.414902) can0 38E#CC27004011000000
(1786378351.424690) can0 38E#9028004011000000
(1786378351.434700) can0 38F#622CE25302000000
(1786378351.434997) can0 38E#CD29004011000000
(1786378351.444797) can0 38E#2A2A004011000000
(1786378351.454699) can0 38F#3F2DE25302000000
(1786378351.455006) can0 38E#772B004011000000
(1786378351.464610) can0 38E#F92C004011000000
(1786378351.474660) can0 38F#D82EE25302000000
(1786378351.474949) can0 38E#A42D004011000000
(1786378351.484685) can0 38E#432E004011000000
(1786378351.494680) can0 38F#852FE25302000000
(1786378351.494991) can0 38E#1E2F004011000000
(1786378351.504735) can0 38E#4220004011000000
(1786378351.514698) can0 38F#D920E25302000000
(1786378351.515149) can0 38E#1F21004011000000
(1786378351.524848) can0 38E#F822004011000000
(1786378351.534729) can0 38F#8421E25302000000
(1786378351.535041) can0 38E#A523004011000000
(1786378351.544800) can0 38E#2B24004011000000
(1786378351.554664) can0 38F#6322E25302000000
(1786378351.555004) can0 38E#7625004011000000
(1786378351.564688) can0 38E#9126004011000000
(1786378351.574773) can0 38F#3E23E25302000000
(1786378351.575127) can0 38E#CC27004011000000
(1786378351.584656) can0 38E#9028004011000000
(1786378351.594689) can0 38F#B024E25302000000
(1786378351.595069) can0 38E#CD29004011000000
(1786378351.604707) can0 38E#2A2A004011000000
(1786378351.614667) can0 38F#ED25E25302000000
(1786378351.614946) can0 38E#772B004011000000
(1786378351.624599) can0 38E#F92C004011000000
(1786378351.634667) can0 38F#0A26E25302000000
(1786378351.635012) can0 38E#A42D004011000000
(1786378351.644790) can0 38E#432E004011000000
(1786378351.654688) can0 38F#5727E25302000000
(1786378351.654998) can0 38E#1E2F004011000000
(1786378351.664681) can0 38E#4220004011000000
(1786378351.674591) can0 38F#0B28E25302000000
(1786378351.674914) can0 38E#1F21004011000000
(1786378351.684670) can0 38E#F822004011000000
(1786378351.694710) can0 38F#5629E25302000000
(1786378351.695058) can0 38E#A523004011000000
(1786378351.704654) can0 38E#2B24004011000000
(1786378351.714714) can0 38F#B12AE25302000000
(1786378351.715130) can0 38E#7625004011000000
(1786378351.724735) can0 38E#9126004011000000
(1786378351.734777) can0 38F#EC2BE25302000000
(1786378351.735086) can0 38E#CC27004011000000
(1786378351.744736) can0 38E#9028004011000000
(1786378351.754629) can0 38F#622CE25302000000
(1786378351.754920) can0 38E#CD29004011000000
(1786378351.764649) can0 38E#2A2A004011000000
(1786378351.774681) can0 38F#3F2DE25302000000
(1786378351.775025) can0 38E#772B004011000000
(1786378351.784623) can0 38E#F92C004011000000
(1786378351.794658) can0 38F#D82EE25302000000
(1786378351.794904) can0 38E#A42D004011000000
(1786378351.804631) can0 38E#432E004011000000
(1786378351.814655) can0 38F#852FE25302000000
(1786378351.814994) can0 38E#1E2F004011000000
(1786378351.824671) can0 38E#4220004011000000
(1786378351.834690) can0 38F#D920E25302000000
(1786378351.835003) can0 38E#1F21004011000000
(1786378351.844610) can0 38E#F822004011000000
(1786378351.854660) can0 38F#8421E25302000000
(1786378351.854922) can0 38E#A523004011000000
(1786378351.864608) can0 38E#2B24004011000000
(1786378351.874694) can0 38F#6322E25302000000
(1786378351.875075) can0 38E#7625004011000000
(1786378351.884652) can0 38E#9126004011000000
(1786378351.894710) can0 38F#3E23E25302000000
(1786378351.895033) can0 38E#CC27004011000000
(1786378351.904673) can0 38E#9028004011000000
(1786378351.914714) can0 38F#B024E25302000000
(1786378351.915013) can0 38E#CD29004011000000
(1786378351.924685) can0 38E#2A2A004011000000
(1786378351.934687) can0 38F#ED25E25302000000
(1786378351.935085) can0 38E#772B004011000000
(1786378351.944653) can0 38E#F92C004011000000
(1786378351.954607) can0 38F#0A26E25302000000
(1786378351.954919) can0 38E#A42D004011000000
(1786378351.964636) can0 38E#432E004011000000
(1786378351.974706) can0 38F#5727E25302000000
(1786378351.974965) can0 38E#1E2F004011000000
(1786378351.984614) can0 38E#4220004011000000
(1786378351.994633) can0 38F#0B28E25302000000
(1786378351.994929) can0 38E#1F21004011000000
(1786378352.004670) can0 38E#F822004011000000
(1786378352.014656) can0 38F#5629E25302000000
(1786378352.014953) can0 38E#A523004011000000
(1786378352.024694) can0 38E#2B24004011000000
(1786378352.034651) can0 38F#B12AE25302000000
(1786378352.034887) can0 38E#7625004011000000
(1786378352.044698) can0 38E#9126004011000000
(1786378352.054611) can0 38F#EC2BE25302000000
(1786378352.054906) can0 38E#CC27004011000000
(1786378352.064734) can0 38E#9028004011000000
(1786378352.074732) can0 38F#622CE25302000000
(1786378352.075055) can0 38E#CD29004011000000
(1786378352.084676) can0 38E#2A2A004011000000
(1786378352.094732) can0 38F#3F2DE25302000000
(1786378352.095139) can0 38E#772B004011000000
(1786378352.104645) can0 38E#F92C004011000000
(1786378352.114614) can0 38F#D82EE25302000000
(1786378352.114921) can0 38E#A42D004011000000
(1786378352.124723) can0 38E#432E004011000000
(1786378352.134632) can0 38F#852FE25302000000
(1786378352.134901) can0 38E#1E2F004011000000
(1786378352.144664) can0 38E#4220004011000000
(1786378352.154615) can0 38F#D920E25302000000
(1786378352.154890) can0 38E#1F21004011000000
(1786378352.164643) can0 38E#F822004011000000
(1786378352.174679) can0 38F#8421E25302000000
(1786378352.174946) can0 38E#A523004011000000
(1786378352.184619) can0 38E#2B24004011000000
(1786378352.194693) can0 38F#6322E25302000000
(1786378352.194991) can0 38E#7625004011000000
(1786378352.204702) can0 38E#9126004011000000
(1786378352.214667) can0 38F#3E23E25302000000
(1786378352.215004) can0 38E#CC27004011000000
(1786378352.224719) can0 38E#9028004011000000
(1786378352.234631) can0 38F#B024E25302000000
(1786378352.234943) can0 38E#CD29004011000000
(1786378352.244673) can0 38E#2A2A004011000000
(1786378352.254728) can0 38F#ED25E25302000000
(1786378352.255078) can0 38E#772B004011000000
(1786378352.264722) can0 38E#F92C004011000000
(1786378352.274649) can0 38F#0A26E25302000000
(1786378352.274923) can0 38E#A42D004011000000
(1786378352.284624) can0 38E#432E004011000000
(1786378352.294669) can0 38F#5727E25302000000
(1786378352.294988) can0 38E#1E2F004011000000
(1786378352.304691) can0 38E#4220004011000000
(1786378352.314683) can0 38F#0B28E25302000000
(1786378352.315039) can0 38E#1F21004011000000
(1786378352.324694) can0 38E#F822004011000000
(1786378352.334717) can0 38F#5629E25302000000
(1786378352.335101) can0 38E#A523004011000000
(1786378352.344714) can0 38E#2B24004011000000
(1786378352.354622) can0 38F#B12AE25302000000
(1786378352.354929) can0 38E#7625004011000000
(1786378352.364650) can0 38E#9126004011000000
(1786378352.374625) can0 38F#EC2BE25302000000
(1786378352.374929) can0 38E#CC27004011000000
(1786378352.384643) can0 38E#9028004011000000
(1786378352.394627) can0 38F#622CE25302000000
(1786378352.394920) can0 38E#CD29004011000000
(1786378352.404678) can0 38E#2A2A004011000000
(1786378352.414652) can0 38F#3F2DE25302000000
(1786378352.415014) can0 38E#772B004011000000
(1786378352.424634) can0 38E#F92C004011000000
(1786378352.434624) can0 38F#D82EE25302000000
(1786378352.434917) can0 38E#A42D004011000000
(1786378352.444681) can0 38E#432E004011000000
(1786378352.454634) can0 38F#852FE25302000000
(1786378352.454916) can0 38E#1E2F004011000000
(1786378352.464651) can0 38E#4220004011000000
(1786378352.474684) can0 38F#D920E25302000000
(1786378352.475030) can0 38E#1F21004011000000
(1786378352.484574) can0 38E#F822004011000000
(1786378352.494616) can0 38F#8421E25302000000
(1786378352.494910) can0 38E#A523004011000000
(1786378352.504696) can0 38E#2B24004011000000
(1786378352.514678) can0 38F#6322E25302000000
(1786378352.515043) can0 38E#7625004011000000
(1786378352.524713) can0 38E#9126004011000000
(1786378352.534795) can0 38F#3E23E25302000000
(1786378352.535280) can0 38E#CC27004011000000
(1786378352.544628) can0 38E#9028004011000000
(1786378352.554654) can0 38F#B024E25302000000
(1786378352.555017) can0 38E#CD29004011000000
(1786378352.564724) can0 38E#2A2A004011000000
(1786378352.574678) can0 38F#ED25E25302000000
(1786378352.575013) can0 38E#772B004011000000
(1786378352.584645) can0 38E#F92C004011000000
(1786378352.594664) can0 38F#0A26E25302000000
(1786378352.594973) can0 38E#A42D004011000000
(1786378352.604690) can0 38E#432E004011000000
(1786378352.614606) can0 38F#5727E25302000000
(1786378352.614944) can0 38E#1E2F004011000000
(1786378352.624712) can0 38E#4220004011000000
(1786378352.634548) can0 38F#0B28E25302000000
(1786378352.634896) can0 38E#1F21004011000000
(1786378352.644667) can0 38E#F822004011000000
(1786378352.654706) can0 38F#5629E25302000000
(1786378352.655011) can0 38E#A523004011000000
(1786378352.664570) can0 38E#2B24004011000000
(1786378352.674600) can0 38F#B12AE25302000000
(1786378352.674863) can0 38E#7625004011000000
(1786378352.684603) can0 38E#9126004011000000
(1786378352.694781) can0 38F#EC2BE25302000000
(1786378352.695104) can0 38E#CC27004011000000
(1786378352.704667) can0 38E#9028004011000000
(1786378352.714704) can0 38F#622CE25302000000
(1786378352.715063) can0 38E#CD29004011000000
(1786378352.724725) can0 38E#2A2A004011000000
(1786378352.734746) can0 38F#3F2DE25302000000
(1786378352.735076) can0 38E#772B004011000000
(1786378352.744645) can0 38E#F92C004011000000
(1786378352.754629) can0 38F#D82EE25302000000
(1786378352.755018) can0 38E#A42D004011000000
(1786378352.764635) can0 38E#432E004011000000
(1786378352.774758) can0 38F#852FE25302000000
(1786378352.775029) can0 38E#1E2F004011000000
(1786378352.784750) can0 38E#4220004011000000
(1786378352.794714) can0 38F#D920E25302000000
(1786378352.795126) can0 38E#1F21004011000000
(1786378352.804623) can0 38E#F822004011000000
(1786378352.814698) can0 38F#8421E25302000000
(1786378352.814998) can0 38E#A523004011000000
(1786378352.824682) can0 38E#2B24004011000000
(1786378352.834639) can0 38F#6322E25302000000
(1786378352.834951) can0 38E#7625004011000000
(1786378352.844644) can0 38E#9126004011000000
(1786378352.854639) can0 38F#3E23E25302000000
(1786378352.854893) can0 38E#CC27004011000000
(1786378352.864654) can0 38E#9028004011000000
(1786378352.874624) can0 38F#B024E25302000000
(1786378352.874891) can0 38E#CD29004011000000
(1786378352.884853) can0 38E#2A2A004011000000
(1786378352.894898) can0 38F#ED25E25302000000
(1786378352.895375) can0 38E#772B004011000000
(1786378352.904701) can0 38E#F92C004011000000
(1786378352.914411) can0 38F#0A26E25302000000
(1786378352.914916) can0 38E#A42D004011000000
(1786378352.924667) can0 38E#432E004011000000
(1786378352.934775) can0 38F#5727E25302000000
(1786378352.935137) can0 38E#1E2F004011000000
(1786378352.944659) can0 38E#4220004011000000
(1786378352.954666) can0 38F#0B28E25302000000
(1786378352.955054) can0 38E#1F21004011000000
(1786378352.964630) can0 38E#F822004011000000
(1786378352.974621) can0 38F#5629E25302000000
(1786378352.974881) can0 38E#A523004011000000
(1786378352.984626) can0 38E#2B24004011000000
(1786378352.994666) can0 38F#B12AE25302000000
(1786378352.994978) can0 38E#7625004011000000
(1786378353.004660) can0 38E#9126004011000000
(1786378353.014709) can0 38F#EC2BE25302000000
(1786378353.015127) can0 38E#CC27004011000000
(1786378353.024728) can0 38E#9028004011000000
(1786378353.034605) can0 38F#622CE25302000000
(1786378353.034988) can0 38E#CD29004011000000
(1786378353.044721) can0 38E#2A2A004011000000
(1786378353.054705) can0 38F#3F2DE25302000000
(1786378353.055019) can0 38E#772B004011000000
(1786378353.064722) can0 38E#F92C004011000000
(1786378353.074567) can0 38F#D82EE25302000000
(1786378353.074903) can0 38E#A42D004011000000
(1786378353.084663) can0 38E#432E004011000000
(1786378353.094839) can0 38F#852FE25302000000
(1786378353.095300) can0 38E#1E2F004011000000
(1786378353.104708) can0 38E#4220004011000000
(1786378353.114719) can0 38F#D920E25302000000
(1786378353.115113) can0 38E#1F21004011000000
(1786378353.124773) can0 38E#F822004011000000
(1786378353.134686) can0 38F#8421E25302000000
(1786378353.135052) can0 38E#A523004011000000
(1786378353.144633) can0 38E#2B24004011000000
(1786378353.154624) can0 38F#6322E25302000000
(1786378353.154934) can0 38E#7625004011000000
(1786378353.164638) can0 38E#9126004011000000
(1786378353.174616) can0 38F#3E23E25302000000
(1786378353.174881) can0 38E#CC27004011000000
(1786378353.184618) can0 38E#9028004011000000
(1786378353.194684) can0 38F#B024E25302000000
(1786378353.195032) can0 38E#CD29004011000000
(1786378353.204755) can0 38E#2A2A004011000000
(1786378353.214656) can0 38F#ED25E25302000000
(1786378353.214943) can0 38E#772B004011000000
(1786378353.224647) can0 38E#F92C004011000000
(1786378353.234574) can0 38F#0A26E25302000000
(1786378353.234912) can0 38E#A42D004011000000
(1786378353.244609) can0 38E#432E004011000000
(1786378353.254710) can0 38F#5727E25302000000
(1786378353.254979) can0 38E#1E2F004011000000
(1786378353.264597) can0 38E#4220004011000000
(1786378353.274598) can0 38F#0B28E25302000000
(1786378353.274911) can0 38E#1F21004011000000
(1786378353.284732) can0 38E#F822004011000000
(1786378353.294679) can0 38F#5629E25302000000
(1786378353.295000) can0 38E#A523004011000000
(1786378353.304663) can0 38E#2B24004011000000
(1786378353.314603) can0 38F#B12AE25302000000
(1786378353.314975) can0 38E#7625004011000000
(1786378353.324625) can0 38E#9126004011000000
(1786378353.334595) can0 38F#EC2BE25302000000
(1786378353.334892) can0 38E#CC27004011000000
(1786378353.344604) can0 38E#9028004011000000
(1786378353.354562) can0 38F#622CE25302000000
(1786378353.354921) can0 38E#CD29004011000000
(1786378353.364628) can0 38E#2A2A004011000000
(1786378353.374629) can0 38F#3F2DE25302000000
(1786378353.374926) can0 38E#772B004011000000
(1786378353.384617) can0 38E#F92C004011000000
(1786378353.394618) can0 38F#D82EE25302000000
(1786378353.394865) can0 38E#A42D004011000000
(1786378353.404658) can0 38E#432E004011000000
(1786378353.414644) can0 38F#852FE25302000000
(1786378353.414952) can0 38E#1E2F004011000000
(1786378353.424638) can0 38E#4220004011000000
(1786378353.434575) can0 38F#D920E25302000000
(1786378353.434862) can0 38E#1F21004011000000
(1786378353.444602) can0 38E#F822004011000000
(1786378353.454653) can0 38F#8421E25302000000
(1786378353.454928) can0 38E#A523004011000000
(1786378353.464634) can0 38E#2B24004011000000
(1786378353.474609) can0 38F#6322E25302000000
(1786378353.474886) can0 38E#7625004011000000
(1786378353.484609) can0 38E#9126004011000000
(1786378353.494623) can0 38F#3E23E25302000000
(1786378353.494890) can0 38E#CC27004011000000
(1786378353.504664) can0 38E#9028004011000000
(1786378353.514631) can0 38F#B024E25302000000
(1786378353.514927) can0 38E#CD29004011000000
(1786378353.524644) can0 38E#2A2A004011000000
(1786378353.534614) can0 38F#ED25E25302000000
(1786378353.534982) can0 38E#772B004011000000
(1786378353.544691) can0 38E#F92C004011000000
(1786378353.554634) can0 38F#0A26E25302000000
(1786378353.554899) can0 38E#A42D004011000000
(1786378353.564602) can0 38E#432E004011000000
(1786378353.574575) can0 38F#5727E25302000000
(1786378353.574924) can0 38E#1E2F004011000000
(1786378353.584612) can0 38E#4220004011000000
(1786378353.594669) can0 38F#0B28E25302000000
(1786378353.595058) can0 38E#1F21004011000000
(1786378353.604654) can0 38E#F822004011000000
(1786378353.614656) can0 38F#5629E25302000000
(1786378353.615007) can0 38E#A523004011000000
(1786378353.624750) can0 38E#2B24004011000000
(1786378353.634671) can0 38F#B12AE25302000000
(1786378353.635093) can0 38E#7625004011000000
(1786378353.644742) can0 38E#9126004011000000
(1786378353.654664) can0 38F#EC2BE25302000000
(1786378353.654965) can0 38E#CC27004011000000
(1786378353.664700) can0 38E#9028004011000000
(1786378353.674637) can0 38F#622CE25302000000
(1786378353.674916) can0 38E#CD29004011000000
(1786378353.684706) can0 38E#2A2A004011000000
(1786378353.694695) can0 38F#3F2DE25302000000
(1786378353.695018) can0 38E#772B004011000000
(1786378353.704620) can0 38E#F92C004011000000
(1786378353.714596) can0 38F#D82EE25302000000
(1786378353.714966) can0 38E#A42D004011000000
(1786378353.724684) can0 38E#432E004011000000
(1786378353.734642) can0 38F#852FE25302000000
(1786378353.734889) can0 38E#1E2F004011000000
(1786378353.744730) can0 38E#4220004011000000
(1786378353.754648) can0 38F#D920E25302000000
(1786378353.754919) can0 38E#1F21004011000000
(1786378353.764606) can0 38E#F822004011000000
(1786378353.774293) can0 38F#8421E25302000000
(1786378353.774584) can0 38E#A523004011000000
(1786378353.784580) can0 38E#2B24004011000000
(1786378353.794695) can0 38F#6322E25302000000
(1786378353.795033) can0 38E#7625004011000000
(1786378353.804723) can0 38E#9126004011000000
(1786378353.814640) can0 38F#3E23E25302000000
(1786378353.814881) can0 38E#CC27004011000000
(1786378353.824536) can0 38E#9028004011000000
(1786378353.834594) can0 38F#B024E25302000000
(1786378353.834984) can0 38E#CD29004011000000
(1786378353.844681) can0 38E#2A2A004011000000
(1786378353.854627) can0 38F#ED25E25302000000
(1786378353.854973) can0 38E#772B004011000000
(1786378353.864539) can0 38E#F92C004011000000
(1786378353.874569) can0 38F#0A26E25302000000
(1786378353.874894) can0 38E#A42D004011000000
(1786378353.884582) can0 38E#432E004011000000
(1786378353.894651) can0 38F#5727E25302000000
(1786378353.894922) can0 38E#1E2F004011000000
(1786378353.904604) can0 38E#4220004011000000
(1786378353.914629) can0 38F#0B28E25302000000
(1786378353.914953) can0 38E#1F21004011000000
(1786378353.924597) can0 38E#F822004011000000
(1786378353.934617) can0 38F#5629E25302000000
(1786378353.934878) can0 38E#A523004011000000
(1786378353.944689) can0 38E#2B24004011000000
(1786378353.954554) can0 38F#B12AE25302000000
(1786378353.954890) can0 38E#7625004011000000
(1786378353.964712) can0 38E#9126004011000000
(1786378353.974619) can0 38F#EC2BE25302000000
(1786378353.974878) can0 38E#CC27004011000000
(1786378353.984668) can0 38E#9028004011000000
(1786378353.994602) can0 38F#622CE25302000000
(1786378353.994865) can0 38E#CD29004011000000
(1786378354.004669) can0 38E#2A2A004011000000
(1786378354.014609) can0 38F#3F2DE25302000000
(1786378354.014938) can0 38E#772B004011000000
(1786378354.024654) can0 38E#F92C004011000000
(1786378354.034655) can0 38F#D82EE25302000000
(1786378354.035068) can0 38E#A42D004011000000
(1786378354.044651) can0 38E#432E004011000000
(1786378354.054640) can0 38F#852FE25302000000
(1786378354.054993) can0 38E#1E2F004011000000
(1786378354.064879) can0 38E#4220004011000000
(1786378354.074681) can0 38F#D920E25302000000
(1786378354.075067) can0 38E#1F21004011000000
(1786378354.084581) can0 38E#F822004011000000
(1786378354.094610) can0 38F#8421E25302000000
(1786378354.094878) can0 38E#A523004011000000
(1786378354.104651) can0 38E#2B24004011000000
(1786378354.114730) can0 38F#6322E25302000000
(1786378354.115190) can0 38E#7625004011000000
(1786378354.124671) can0 38E#9126004011000000
(1786378354.134631) can0 38F#3E23E25302000000
(1786378354.135005) can0 38E#CC27004011000000
(1786378354.144662) can0 38E#9028004011000000
(1786378354.154608) can0 38F#B024E25302000000
(1786378354.154899) can0 38E#CD29004011000000
(1786378354.164618) can0 38E#2A2A004011000000
(1786378354.174647) can0 38F#ED25E25302000000
(1786378354.174926) can0 38E#772B004011000000
(1786378354.184579) can0 38E#F92C004011000000
(1786378354.194665) can0 38F#0A26E25302000000
(1786378354.194940) can0 38E#A42D004011000000
(1786378354.204562) can0 38E#432E004011000000
(1786378354.214559) can0 38F#5727E25302000000
(1786378354.214871) can0 38E#1E2F004011000000
(1786378354.224688) can0 38E#4220004011000000
(1786378354.234619) can0 38F#0B28E25302000000
(1786378354.235057) can0 38E#1F21004011000000
(1786378354.244726) can0 38E#F822004011000000
(1786378354.254623) can0 38F#5629E25302000000
(1786378354.254892) can0 38E#A523004011000000
(1786378354.264588) can0 38E#2B24004011000000
(1786378354.274640) can0 38F#B12AE25302000000
(1786378354.274954) can0 38E#7625004011000000
(1786378354.284624) can0 38E#9126004011000000
(1786378354.294653) can0 38F#EC2BE25302000000
(1786378354.294958) can0 38E#CC27004011000000
(1786378354.304659) can0 38E#9028004011000000
(1786378354.314668) can0 38F#622CE25302000000
(1786378354.315152) can0 38E#CD29004011000000
(1786378354.324649) can0 38E#2A2A004011000000
(1786378354.334611) can0 38F#3F2DE25302000000
(1786378354.334878) can0 38E#772B004011000000
(1786378354.344668) can0 38E#F92C004011000000
(1786378354.354513) can0 38F#D82EE25302000000
(1786378354.354834) can0 38E#A42D004011000000
(1786378354.364580) can0 38E#432E004011000000
(1786378354.374645) can0 38F#852FE25302000000
(1786378354.374921) can0 38E#1E2F004011000000
(1786378354.384551) can0 38E#4220004011000000
(1786378354.394579) can0 38F#D920E25302000000
(1786378354.394872) can0 38E#1F21004011000000
(1786378354.404696) can0 38E#F822004011000000
(1786378354.414660) can0 38F#8421E25302000000
(1786378354.415003) can0 38E#A523004011000000
(1786378354.424590) can0 38E#2B24004011000000
(1786378354.434535) can0 38F#6322E25302000000
(1786378354.434886) can0 38E#7625004011000000
(1786378354.444645) can0 38E#9126004011000000
(1786378354.454664) can0 38F#3E23E25302000000
(1786378354.454995) can0 38E#CC27004011000000
(1786378354.464539) can0 38E#9028004011000000
(1786378354.474579) can0 38F#B024E25302000000
(1786378354.474891) can0 38E#CD29004011000000
(1786378354.484630) can0 38E#2A2A004011000000
(1786378354.494685) can0 38F#ED25E25302000000
(1786378354.494962) can0 38E#772B004011000000
(1786378354.504645) can0 38E#F92C004011000000
(1786378354.514567) can0 38F#0A26E25302000000
(1786378354.514882) can0 38E#A42D004011000000
(1786378354.524652) can0 38E#432E004011000000
(1786378354.534560) can0 38F#5727E25302000000
(1786378354.534896) can0 38E#1E2F004011000000
(1786378354.544710) can0 38E#4220004011000000
(1786378354.554611) can0 38F#0B28E25302000000
(1786378354.554902) can0 38E#1F21004011000000
(1786378354.564612) can0 38E#F822004011000000
(1786378354.574611) can0 38F#5629E25302000000
(1786378354.574892) can0 38E#A523004011000000
(1786378354.584564) can0 38E#2B24004011000000
(1786378354.594608) can0 38F#B12AE25302000000
(1786378354.594894) can0 38E#7625004011000000
(1786378354.604640) can0 38E#9126004011000000
(1786378354.614723) can0 38F#EC2BE25302000000
(1786378354.615118) can0 38E#CC27004011000000
(1786378354.624667) can0 38E#9028004011000000
(1786378354.634410) can0 38F#622CE25302000000
(1786378354.634785) can0 38E#CD29004011000000
(1786378354.644586) can0 38E#2A2A004011000000
(1786378354.654703) can0 38F#3F2DE25302000000
(1786378354.655022) can0 38E#772B004011000000
(1786378354.664587) can0 38E#F92C004011000000
(1786378354.674629) can0 38F#D82EE25302000000
(1786378354.674950) can0 38E#A42D004011000000
(1786378354.684570) can0 38E#432E004011000000
(1786378354.694586) can0 38F#852FE25302000000
(1786378354.694871) can0 38E#1E2F004011000000
(1786378354.704632) can0 38E#4220004011000000
(1786378354.714542) can0 38F#D920E25302000000
(1786378354.714805) can0 38E#1F21004011000000
(1786378354.724640) can0 38E#F822004011000000
(1786378354.734608) can0 38F#8421E25302000000
(1786378354.734857) can0 38E#A523004011000000
(1786378354.744584) can0 38E#2B24004011000000
(1786378354.754579) can0 38F#6322E25302000000
(1786378354.754871) can0 38E#7625004011000000
(1786378354.764555) can0 38E#9126004011000000
(1786378354.774648) can0 38F#3E23E25302000000
(1786378354.774914) can0 38E#CC27004011000000
(1786378354.784570) can0 38E#9028004011000000
(1786378354.794590) can0 38F#B024E25302000000
(1786378354.794938) can0 38E#CD29004011000000
(1786378354.804674) can0 38E#2A2A004011000000
(1786378354.814609) can0 38F#ED25E25302000000
(1786378354.814877) can0 38E#772B004011000000
(1786378354.824609) can0 38E#F92C004011000000
(1786378354.834596) can0 38F#0A26E25302000000
(1786378354.834890) can0 38E#A42D004011000000
(1786378354.844640) can0 38E#432E004011000000
(1786378354.854520) can0 38F#5727E25302000000
(1786378354.854775) can0 38E#1E2F004011000000
(1786378354.864639) can0 38E#4220004011000000
(1786378354.874576) can0 38F#0B28E25302000000
(1786378354.874856) can0 38E#1F21004011000000
(1786378354.884626) can0 38E#F822004011000000
(1786378354.894583) can0 38F#5629E25302000000
(1786378354.894871) can0 38E#A523004011000000
(1786378354.904566) can0 38E#2B24004011000000
(1786378354.914563) can0 38F#B12AE25302000000
(1786378354.914805) can0 38E#7625004011000000
(1786378354.924643) can0 38E#9126004011000000
(1786378354.934609) can0 38F#EC2BE25302000000
(1786378354.934914) can0 38E#CC27004011000000
(1786378354.944580) can0 38E#9028004011000000
(1786378354.954615) can0 38F#622CE25302000000
(1786378354.954881) can0 38E#CD29004011000000
(1786378354.964535) can0 38E#2A2A004011000000
(1786378354.974687) can0 38F#3F2DE25302000000
(1786378354.974967) can0 38E#772B004011000000
(1786378354.984665) can0 38E#F92C004011000000
(1786378354.994602) can0 38F#D82EE25302000000
(1786378354.994922) can0 38E#A42D004011000000
(1786378355.004597) can0 38E#432E004011000000
(1786378355.014586) can0 38F#852FE25302000000
(1786378355.014932) can0 38E#1E2F004011000000
(1786378355.024579) can0 38E#4220004011000000
(1786378355.034639) can0 38F#D920E25302000000
(1786378355.035021) can0 38E#1F21004011000000
(1786378355.044680) can0 38E#F822004011000000
(1786378355.054622) can0 38F#8421E25302000000
(1786378355.054959) can0 38E#A523004011000000
(1786378355.064540) can0 38E#2B24004011000000
(1786378355.074539) can0 38F#6322E25302000000
(1786378355.074888) can0 38E#7625004011000000
(1786378355.084600) can0 38E#9126004011000000
(1786378355.094617) can0 38F#3E23E25302000000
(1786378355.094910) can0 38E#CC27004011000000
(1786378355.104699) can0 38E#9028004011000000
(1786378355.114515) can0 38F#B024E25302000000
(1786378355.114807) can0 38E#CD29004011000000
(1786378355.124596) can0 38E#2A2A004011000000
(1786378355.134690) can0 38F#ED25E25302000000
(1786378355.135085) can0 38E#772B004011000000
(1786378355.144651) can0 38E#F92C004011000000
(1786378355.154590) can0 38F#0A26E25302000000
(1786378355.154936) can0 38E#A42D004011000000
(1786378355.164718) can0 38E#432E004011000000
(1786378355.174687) can0 38F#5727E25302000000
(1786378355.175011) can0 38E#1E2F004011000000
(1786378355.184614) can0 38E#4220004011000000
(1786378355.194628) can0 38F#0B28E25302000000
(1786378355.194987) can0 38E#1F21004011000000
(1786378355.204666) can0 38E#F822004011000000
(1786378355.214430) can0 38F#5629E25302000000
(1786378355.214886) can0 38E#A523004011000000
(1786378355.224630) can0 38E#2B24004011000000
(1786378355.234599) can0 38F#B12AE25302000000
(1786378355.234923) can0 38E#7625004011000000
(1786378355.244649) can0 38E#9126004011000000
(1786378355.254683) can0 38F#EC2BE25302000000
(1786378355.255125) can0 38E#CC27004011000000
(1786378355.264633) can0 38E#9028004011000000
(1786378355.274625) can0 38F#622CE25302000000
(1786378355.274962) can0 38E#CD29004011000000
(1786378355.284511) can0 38E#2A2A004011000000
(1786378355.294622) can0 38F#3F2DE25302000000
(1786378355.294926) can0 38E#772B004011000000
(1786378355.304601) can0 38E#F92C004011000000
(1786378355.314588) can0 38F#D82EE25302000000
(1786378355.314907) can0 38E#A42D004011000000
(1786378355.324599) can0 38E#432E004011000000
(1786378355.334589) can0 38F#852FE25302000000
(1786378355.334941) can0 38E#1E2F004011000000
(1786378355.344677) can0 38E#4220004011000000
(1786378355.354638) can0 38F#D920E25302000000
(1786378355.355067) can0 38E#1F21004011000000
(1786378355.364595) can0 38E#F822004011000000
(1786378355.374566) can0 38F#8421E25302000000
(1786378355.374864) can0 38E#A523004011000000
(1786378355.384528) can0 38E#2B24004011000000
(1786378355.394586) can0 38F#6322E25302000000
(1786378355.394886) can0 38E#7625004011000000
(1786378355.404681) can0 38E#9126004011000000
(1786378355.414550) can0 38F#3E23E25302000000
(1786378355.414776) can0 38E#CC27004011000000
(1786378355.424603) can0 38E#9028004011000000
(1786378355.434551) can0 38F#B024E25302000000
(1786378355.434943) can0 38E#CD29004011000000
(1786378355.444602) can0 38E#2A2A004011000000
(1786378355.454639) can0 38F#ED25E25302000000
(1786378355.454936) can0 38E#772B004011000000
(1786378355.464728) can0 38E#F92C004011000000
(1786378355.474701) can0 38F#0A26E25302000000
(1786378355.475083) can0 38E#A42D004011000000
(1786378355.484700) can0 38E#432E004011000000
(1786378355.494634) can0 38F#5727E25302000000
(1786378355.495011) can0 38E#1E2F004011000000
(1786378355.504566) can0 38E#4220004011000000
(1786378355.514594) can0 38F#0B28E25302000000
(1786378355.514946) can0 38E#1F21004011000000
(1786378355.524607) can0 38E#F822004011000000
(1786378355.534544) can0 38F#5629E25302000000
(1786378355.534768) can0 38E#A523004011000000
(1786378355.544615) can0 38E#2B24004011000000
(1786378355.554663) can0 38F#B12AE25302000000
(1786378355.554925) can0 38E#7625004011000000
(1786378355.564651) can0 38E#9126004011000000
(1786378355.574647) can0 38F#EC2BE25302000000
(1786378355.574921) can0 38E#CC27004011000000
(1786378355.584518) can0 38E#9028004011000000
(1786378355.594557) can0 38F#622CE25302000000
(1786378355.594890) can0 38E#CD29004011000000
(1786378355.604602) can0 38E#2A2A004011000000
(1786378355.614544) can0 38F#3F2DE25302000000
(1786378355.614780) can0 38E#772B004011000000
(1786378355.624600) can0 38E#F92C004011000000
(1786378355.634629) can0 38F#D82EE25302000000
(1786378355.634935) can0 38E#A42D004011000000
(1786378355.644598) can0 38E#432E004011000000
(1786378355.654535) can0 38F#852FE25302000000
(1786378355.654806) can0 38E#1E2F004011000000
(1786378355.664567) can0 38E#4220004011000000
(1786378355.674551) can0 38F#D920E25302000000
(1786378355.674871) can0 38E#1F21004011000000
(1786378355.684605) can0 38E#F822004011000000
(1786378355.694599) can0 38F#8421E25302000000
(1786378355.694863) can0 38E#A523004011000000
(1786378355.704681) can0 38E#2B24004011000000
(1786378355.714556) can0 38F#6322E25302000000
(1786378355.714927) can0 38E#7625004011000000
(1786378355.724538) can0 38E#9126004011000000
(1786378355.734579) can0 38F#3E23E25302000000
(1786378355.734888) can0 38E#CC27004011000000
(1786378355.744650) can0 38E#9028004011000000
(1786378355.754671) can0 38F#B024E25302000000
(1786378355.755021) can0 38E#CD29004011000000
(1786378355.764604) can0 38E#2A2A004011000000
(1786378355.774715) can0 38F#ED25E25302000000
(1786378355.775071) can0 38E#772B004011000000
(1786378355.784695) can0 38E#F92C004011000000
(1786378355.794595) can0 38F#0A26E25302000000
(1786378355.794939) can0 38E#A42D004011000000
(1786378355.804592) can0 38E#432E004011000000
(1786378355.814571) can0 38F#5727E25302000000
(1786378355.814907) can0 38E#1E2F004011000000
(1786378355.824619) can0 38E#4220004011000000
(1786378355.834720) can0 38F#0B28E25302000000
(1786378355.835220) can0 38E#1F21004011000000
(1786378355.844652) can0 38E#F822004011000000
(1786378355.854561) can0 38F#5629E25302000000
(1786378355.854871) can0 38E#A523004011000000
(1786378355.864658) can0 38E#2B24004011000000
(1786378355.874583) can0 38F#B12AE25302000000
(1786378355.874931) can0 38E#7625004011000000
(1786378355.884586) can0 38E#9126004011000000
(1786378355.894638) can0 38F#EC2BE25302000000
(1786378355.894956) can0 38E#CC27004011000000
(1786378355.904592) can0 38E#9028004011000000
(1786378355.914649) can0 38F#622CE25302000000
(1786378355.914984) can0 38E#CD29004011000000
(1786378355.924615) can0 38E#2A2A004011000000
(1786378355.934614) can0 38F#3F2DE25302000000
(1786378355.934940) can0 38E#772B004011000000
(1786378355.944785) can0 38E#F92C004011000000
(1786378355.954575) can0 38F#D82EE25302000000
(1786378355.954920) can0 38E#A42D004011000000
(1786378355.964568) can0 38E#432E004011000000
(1786378355.974603) can0 38F#852FE25302000000
(1786378355.974965) can0 38E#1E2F004011000000
(1786378355.984547) can0 38E#4220004011000000
(1786378355.994606) can0 38F#D920E25302000000
(1786378355.994945) can0 38E#1F21004011000000
(1786378356.004608) can0 38E#F822004011000000
(1786378356.014510) can0 38F#8421E25302000000
(1786378356.014755) can0 38E#A523004011000000
(1786378356.024558) can0 38E#2B24004011000000
(1786378356.034582) can0 38F#6322E25302000000
(1786378356.035018) can0 38E#7625004011000000
(1786378356.044625) can0 38E#9126004011000000
(1786378356.054553) can0 38F#3E23E25302000000
(1786378356.054909) can0 38E#CC27004011000000
(1786378356.064616) can0 38E#9028004011000000
(1786378356.074510) can0 38F#B024E25302000000
(1786378356.074997) can0 38E#CD29004011000000
(1786378356.084664) can0 38E#2A2A004011000000
(1786378356.094685) can0 38F#ED25E25302000000
(1786378356.095022) can0 38E#772B004011000000
(1786378356.104610) can0 38E#F92C004011000000
(1786378356.114663) can0 38F#0A26E25302000000
(1786378356.115078) can0 38E#A42D004011000000
(1786378356.124668) can0 38E#432E004011000000
(1786378356.134558) can0 38F#5727E25302000000
(1786378356.134862) can0 38E#1E2F004011000000
(1786378356.144610) can0 38E#4220004011000000
(1786378356.154563) can0 38F#0B28E25302000000
(1786378356.154968) can0 38E#1F21004011000000
(1786378356.164700) can0 38E#F822004011000000
(1786378356.174813) can0 38F#5629E25302000000
(1786378356.175157) can0 38E#A523004011000000
(1786378356.184682) can0 38E#2B24004011000000
(1786378356.194617) can0 38F#B12AE25302000000
(1786378356.194985) can0 38E#7625004011000000
(1786378356.204614) can0 38E#9126004011000000
(1786378356.214724) can0 38F#EC2BE25302000000
(1786378356.215081) can0 38E#CC27004011000000
(1786378356.224661) can0 38E#9028004011000000
(1786378356.234593) can0 38F#622CE25302000000
(1786378356.234926) can0 38E#CD29004011000000
(1786378356.244597) can0 38E#2A2A004011000000
(1786378356.254574) can0 38F#3F2DE25302000000
(1786378356.254931) can0 38E#772B004011000000
(1786378356.264612) can0 38E#F92C004011000000
(1786378356.274597) can0 38F#D82EE25302000000
(1786378356.274904) can0 38E#A42D004011000000
(1786378356.284681) can0 38E#432E004011000000
(1786378356.294727) can0 38F#852FE25302000000
(1786378356.295057) can0 38E#1E2F004011000000
(1786378356.304611) can0 38E#4220004011000000
(1786378356.314549) can0 38F#D920E25302000000
(1786378356.314833) can0 38E#1F21004011000000
(1786378356.324580) can0 38E#F822004011000000
(1786378356.334682) can0 38F#8421E25302000000
(1786378356.335038) can0 38E#A523004011000000
(1786378356.344607) can0 38E#2B24004011000000
(1786378356.354554) can0 38F#6322E25302000000
(1786378356.354981) can0 38E#7625004011000000
(1786378356.364577) can0 38E#9126004011000000
(1786378356.374650) can0 38F#3E23E25302000000
(1786378356.374960) can0 38E#CC27004011000000
(1786378356.384619) can0 38E#9028004011000000
(1786378356.394610) can0 38F#B024E25302000000
(1786378356.394903) can0 38E#CD29004011000000
(1786378356.404565) can0 38E#2A2A004011000000
(1786378356.414517) can0 38F#ED25E25302000000
(1786378356.414859) can0 38E#772B004011000000
(1786378356.424645) can0 38E#F92C004011000000
(1786378356.434570) can0 38F#0A26E25302000000
(1786378356.434974) can0 38E#A42D004011000000
(1786378356.444728) can0 38E#432E004011000000
(1786378356.454608) can0 38F#5727E25302000000
(1786378356.454925) can0 38E#1E2F004011000000
(1786378356.464715) can0 38E#4220004011000000
(1786378356.474581) can0 38F#0B28E25302000000
(1786378356.474871) can0 38E#1F21004011000000
(1786378356.484626) can0 38E#F822004011000000
(1786378356.494709) can0 38F#5629E25302000000
(1786378356.495139) can0 38E#A523004011000000
(1786378356.504616) can0 38E#2B24004011000000
(1786378356.514558) can0 38F#B12AE25302000000
(1786378356.514953) can0 38E#7625004011000000
(1786378356.524646) can0 38E#9126004011000000
(1786378356.534676) can0 38F#EC2BE25302000000
(1786378356.535148) can0 38E#CC27004011000000
(1786378356.544648) can0 38E#9028004011000000
(1786378356.554713) can0 38F#622CE25302000000
(1786378356.555039) can0 38E#CD29004011000000
(1786378356.564695) can0 38E#2A2A004011000000
(1786378356.574598) can0 38F#3F2DE25302000000
(1786378356.574980) can0 38E#772B004011000000
(1786378356.584549) can0 38E#F92C004011000000
(1786378356.594621) can0 38F#D82EE25302000000
(1786378356.595003) can0 38E#A42D004011000000
(1786378356.604725) can0 38E#432E004011000000
(1786378356.614608) can0 38F#852FE25302000000
(1786378356.614946) can0 38E#1E2F004011000000
(1786378356.624584) can0 38E#4220004011000000
(1786378356.634670) can0 38F#D920E25302000000
(1786378356.635097) can0 38E#1F21004011000000
(1786378356.644692) can0 38E#F822004011000000
(1786378356.654632) can0 38F#8421E25302000000
(1786378356.654936) can0 38E#A523004011000000
(1786378356.664674) can0 38E#2B24004011000000
(1786378356.674531) can0 38F#6322E25302000000
(1786378356.674920) can0 38E#7625004011000000
(1786378356.684576) can0 38E#9126004011000000
(1786378356.694680) can0 38F#3E23E25302000000
(1786378356.694941) can0 38E#CC27004011000000
(1786378356.704580) can0 38E#9028004011000000
(1786378356.714488) can0 38F#B024E25302000000
(1786378356.714784) can0 38E#CD29004011000000
(1786378356.724556) can0 38E#2A2A004011000000
(1786378356.734595) can0 38F#ED25E25302000000
(1786378356.734891) can0 38E#772B004011000000
(1786378356.744627) can0 38E#F92C004011000000
(1786378356.754556) can0 38F#0A26E25302000000
(1786378356.754913) can0 38E#A42D004011000000
(1786378356.764574) can0 38E#432E004011000000
(1786378356.774608) can0 38F#5727E25302000000
(1786378356.774920) can0 38E#1E2F004011000000
(1786378356.784549) can0 38E#4220004011000000
(1786378356.794545) can0 38F#0B28E25302000000
(1786378356.794792) can0 38E#1F21004011000000
(1786378356.804654) can0 38E#F822004011000000
(1786378356.814574) can0 38F#5629E25302000000
(1786378356.814870) can0 38E#A523004011000000
(1786378356.824608) can0 38E#2B24004011000000
(1786378356.834530) can0 38F#B12AE25302000000
(1786378356.834961) can0 38E#7625004011000000
(1786378356.844608) can0 38E#9126004011000000
(1786378356.854634) can0 38F#EC2BE25302000000
(1786378356.854910) can0 38E#CC27004011000000
(1786378356.864545) can0 38E#9028004011000000
(1786378356.874492) can0 38F#622CE25302000000
(1786378356.874797) can0 38E#CD29004011000000
(1786378356.884495) can0 38E#2A2A004011000000
(1786378356.894585) can0 38F#3F2DE25302000000
(1786378356.894851) can0 38E#772B004011000000
(1786378356.904576) can0 38E#F92C004011000000
(1786378356.914582) can0 38F#D82EE25302000000
(1786378356.914956) can0 38E#A42D004011000000
(1786378356.924649) can0 38E#432E004011000000
(1786378356.934381) can0 38F#852FE25302000000
(1786378356.934809) can0 38E#1E2F004011000000
(1786378356.944606) can0 38E#4220004011000000
(1786378356.954593) can0 38F#D920E25302000000
(1786378356.954901) can0 38E#1F21004011000000
(1786378356.964539) can0 38E#F822004011000000
(1786378356.974667) can0 38F#8421E25302000000
(1786378356.975067) can0 38E#A523004011000000
(1786378356.984556) can0 38E#2B24004011000000
(1786378356.994660) can0 38F#6322E25302000000
(1786378356.994952) can0 38E#7625004011000000
(1786378357.004544) can0 38E#9126004011000000
(1786378357.014564) can0 38F#3E23E25302000000
(1786378357.014905) can0 38E#CC27004011000000
(1786378357.024548) can0 38E#9028004011000000
(1786378357.034644) can0 38F#B024E25302000000
(1786378357.035000) can0 38E#CD29004011000000
(1786378357.044665) can0 38E#2A2A004011000000
(1786378357.054560) can0 38F#ED25E25302000000
(1786378357.054895) can0 38E#772B004011000000
(1786378357.064574) can0 38E#F92C004011000000
(1786378357.074579) can0 38F#0A26E25302000000
(1786378357.074895) can0 38E#A42D004011000000
(1786378357.084612) can0 38E#432E004011000000
(1786378357.094621) can0 38F#5727E25302000000
(1786378357.095050) can0 38E#1E2F004011000000
(1786378357.104562) can0 38E#4220004011000000
(1786378357.114488) can0 38F#0B28E25302000000
(1786378357.114801) can0 38E#1F21004011000000
(1786378357.124630) can0 38E#F822004011000000
(1786378357.134549) can0 38F#5629E25302000000
(1786378357.134790) can0 38E#A523004011000000
(1786378357.144602) can0 38E#2B24004011000000
(1786378357.154493) can0 38F#B12AE25302000000
(1786378357.154855) can0 38E#7625004011000000
(1786378357.164615) can0 38E#9126004011000000
(1786378357.174586) can0 38F#EC2BE25302000000
(1786378357.174861) can0 38E#CC27004011000000
(1786378357.184622) can0 38E#9028004011000000
(1786378357.194662) can0 38F#622CE25302000000
(1786378357.195042) can0 38E#CD29004011000000
(1786378357.204606) can0 38E#2A2A004011000000
(1786378357.214582) can0 38F#3F2DE25302000000
(1786378357.214971) can0 38E#772B004011000000
(1786378357.224587) can0 38E#F92C004011000000
(1786378357.234683) can0 38F#D82EE25302000000
(1786378357.235083) can0 38E#A42D004011000000
(1786378357.244664) can0 38E#432E004011000000
(1786378357.254610) can0 38F#852FE25302000000
(1786378357.255009) can0 38E#1E2F004011000000
(1786378357.264638) can0 38E#4220004011000000
(1786378357.274534) can0 38F#D920E25302000000
(1786378357.274903) can0 38E#1F21004011000000
(1786378357.284598) can0 38E#F822004011000000
(1786378357.294646) can0 38F#8421E25302000000
(1786378357.295101) can0 38E#A523004011000000
(1786378357.304598) can0 38E#2B24004011000000
(1786378357.314522) can0 38F#6322E25302000000
(1786378357.314828) can0 38E#7625004011000000
(1786378357.324575) can0 38E#9126004011000000
(1786378357.334495) can0 38F#3E23E25302000000
(1786378357.334753) can0 38E#CC27004011000000
(1786378357.344557) can0 38E#9028004011000000
(1786378357.354582) can0 38F#B024E25302000000
(1786378357.354857) can0 38E#CD29004011000000
(1786378357.364489) can0 38E#2A2A004011000000
(1786378357.374584) can0 38F#ED25E25302000000
(1786378357.374857) can0 38E#772B004011000000
(1786378357.384559) can0 38E#F92C004011000000
(1786378357.394572) can0 38F#0A26E25302000000
(1786378357.394903) can0 38E#A42D004011000000
(1786378357.404615) can0 38E#432E004011000000
(1786378357.414579) can0 38F#5727E25302000000
(1786378357.414890) can0 38E#1E2F004011000000
(1786378357.424574) can0 38E#4220004011000000
(1786378357.434542) can0 38F#0B28E25302000000
(1786378357.434792) can0 38E#1F21004011000000
(1786378357.444521) can0 38E#F822004011000000
(1786378357.454530) can0 38F#5629E25302000000
(1786378357.454907) can0 38E#A523004011000000
(1786378357.464698) can0 38E#2B24004011000000
(1786378357.474555) can0 38F#B12AE25302000000
(1786378357.474864) can0 38E#7625004011000000
(1786378357.484484) can0 38E#9126004011000000
(1786378357.494594) can0 38F#EC2BE25302000000
(1786378357.494869) can0 38E#CC27004011000000
(1786378357.504642) can0 38E#9028004011000000
(1786378357.514529) can0 38F#622CE25302000000
(1786378357.514922) can0 38E#CD29004011000000
(1786378357.524590) can0 38E#2A2A004011000000
(1786378357.534570) can0 38F#3F2DE25302000000
(1786378357.534897) can0 38E#772B004011000000
(1786378357.544532) can0 38E#F92C004011000000
(1786378357.554589) can0 38F#D82EE25302000000
(1786378357.554922) can0 38E#A42D004011000000
(1786378357.564533) can0 38E#432E004011000000
(1786378357.574550) can0 38F#852FE25302000000
(1786378357.574878) can0 38E#1E2F004011000000
(1786378357.584498) can0 38E#4220004011000000
(1786378357.594604) can0 38F#D920E25302000000
(1786378357.594961) can0 38E#1F21004011000000
(1786378357.604637) can0 38E#F822004011000000
(1786378357.614595) can0 38F#8421E25302000000
(1786378357.614965) can0 38E#A523004011000000
(1786378357.624652) can0 38E#2B24004011000000
(1786378357.634782) can0 38F#6322E25302000000
(1786378357.635120) can0 38E#7625004011000000
(1786378357.644611) can0 38E#9126004011000000
(1786378357.654538) can0 38F#3E23E25302000000
(1786378357.654908) can0 38E#CC27004011000000
(1786378357.664588) can0 38E#9028004011000000
(1786378357.674542) can0 38F#B024E25302000000
(1786378357.674865) can0 38E#CD29004011000000
(1786378357.684615) can0 38E#2A2A004011000000
(1786378357.694577) can0 38F#ED25E25302000000
(1786378357.694904) can0 38E#772B004011000000
(1786378357.704577) can0 38E#F92C004011000000
(1786378357.714555) can0 38F#0A26E25302000000
(1786378357.714899) can0 38E#A42D004011000000
(1786378357.724667) can0 38E#432E004011000000
(1786378357.734493) can0 38F#5727E25302000000
(1786378357.734751) can0 38E#1E2F004011000000
(1786378357.744530) can0 38E#4220004011000000
(1786378357.754501) can0 38F#0B28E25302000000
(1786378357.754836) can0 38E#1F21004011000000
(1786378357.764502) can0 38E#F822004011000000
(1786378357.774537) can0 38F#5629E25302000000
(1786378357.774854) can0 38E#A523004011000000
(1786378357.784656) can0 38E#2B24004011000000
(1786378357.794625) can0 38F#B12AE25302000000
(1786378357.795072) can0 38E#7625004011000000
(1786378357.804583) can0 38E#9126004011000000
(1786378357.814556) can0 38F#EC2BE25302000000
(1786378357.814879) can0 38E#CC27004011000000
(1786378357.824601) can0 38E#9028004011000000
(1786378357.834574) can0 38F#622CE25302000000
(1786378357.835045) can0 38E#CD29004011000000
(1786378357.844692) can0 38E#2A2A004011000000
(1786378357.854647) can0 38F#3F2DE25302000000
(1786378357.855033) can0 38E#772B004011000000
(1786378357.864549) can0 38E#F92C004011000000
(1786378357.874529) can0 38F#D82EE25302000000
(1786378357.874931) can0 38E#A42D004011000000
(1786378357.884557) can0 38E#432E004011000000
(1786378357.894611) can0 38F#852FE25302000000
(1786378357.894952) can0 38E#1E2F004011000000
(1786378357.904579) can0 38E#4220004011000000
(1786378357.914513) can0 38F#D920E25302000000
(1786378357.914798) can0 38E#1F21004011000000
(1786378357.924641) can0 38E#F822004011000000
(1786378357.934657) can0 38F#8421E25302000000
(1786378357.935048) can0 38E#A523004011000000
(1786378357.944621) can0 38E#2B24004011000000
(1786378357.954515) can0 38F#6322E25302000000
(1786378357.954909) can0 38E#7625004011000000
(1786378357.964630) can0 38E#9126004011000000
(1786378357.974555) can0 38F#3E23E25302000000
(1786378357.974921) can0 38E#CC27004011000000
(1786378357.984592) can0 38E#9028004011000000
(1786378357.994602) can0 38F#B024E25302000000
(1786378357.994972) can0 38E#CD29004011000000
(1786378358.004554) can0 38E#2A2A004011000000
(1786378358.014565) can0 38F#ED25E25302000000
(1786378358.014923) can0 38E#772B004011000000
(1786378358.024606) can0 38E#F92C004011000000
(1786378358.034677) can0 38F#0A26E25302000000
(1786378358.035011) can0 38E#A42D004011000000
(1786378358.044516) can0 38E#432E004011000000
(1786378358.054517) can0 38F#5727E25302000000
(1786378358.054778) can0 38E#1E2F004011000000
(1786378358.064621) can0 38E#4220004011000000
(1786378358.074533) can0 38F#0B28E25302000000
(1786378358.074856) can0 38E#1F21004011000000
(1786378358.084461) can0 38E#F822004011000000
(1786378358.094613) can0 38F#5629E25302000000
(1786378358.094869) can0 38E#A523004011000000
(1786378358.104615) can0 38E#2B24004011000000
(1786378358.114557) can0 38F#B12AE25302000000
(1786378358.114856) can0 38E#7625004011000000
(1786378358.124541) can0 38E#9126004011000000
(1786378358.134496) can0 38F#EC2BE25302000000
(1786378358.134731) can0 38E#CC27004011000000
(1786378358.144584) can0 38E#9028004011000000
(1786378358.154516) can0 38F#622CE25302000000
(1786378358.154800) can0 38E#CD29004011000000
(1786378358.164530) can0 38E#2A2A004011000000
(1786378358.174544) can0 38F#3F2DE25302000000
(1786378358.174912) can0 38E#772B004011000000
(1786378358.184471) can0 38E#F92C004011000000
(1786378358.194614) can0 38F#D82EE25302000000
(1786378358.194959) can0 38E#A42D004011000000
(1786378358.204536) can0 38E#432E004011000000
(1786378358.214629) can0 38F#852FE25302000000
(1786378358.215078) can0 38E#1E2F004011000000
(1786378358.224609) can0 38E#4220004011000000
(1786378358.234601) can0 38F#D920E25302000000
(1786378358.235108) can0 38E#1F21004011000000
(1786378358.244566) can0 38E#F822004011000000
(1786378358.254570) can0 38F#8421E25302000000
(1786378358.254897) can0 38E#A523004011000000
(1786378358.264639) can0 38E#2B24004011000000
(1786378358.274542) can0 38F#6322E25302000000
(1786378358.274788) can0 38E#7625004011000000
(1786378358.284520) can0 38E#9126004011000000
(1786378358.294555) can0 38F#3E23E25302000000
(1786378358.294976) can0 38E#CC27004011000000
(1786378358.304574) can0 38E#9028004011000000
(1786378358.314490) can0 38F#B024E25302000000
(1786378358.314808) can0 38E#CD29004011000000
(1786378358.324660) can0 38E#2A2A004011000000
(1786378358.334579) can0 38F#ED25E25302000000
(1786378358.334905) can0 38E#772B004011000000
(1786378358.344637) can0 38E#F92C004011000000
(1786378358.354579) can0 38F#0A26E25302000000
(1786378358.354874) can0 38E#A42D004011000000
(1786378358.364646) can0 38E#432E004011000000
(1786378358.374609) can0 38F#5727E25302000000
(1786378358.374915) can0 38E#1E2F004011000000
(1786378358.384630) can0 38E#4220004011000000
(1786378358.394651) can0 38F#0B28E25302000000
(1786378358.395113) can0 38E#1F21004011000000
(1786378358.404574) can0 38E#F822004011000000
(1786378358.414643) can0 38F#5629E25302000000
(1786378358.415008) can0 38E#A523004011000000
(1786378358.424619) can0 38E#2B24004011000000
(1786378358.434506) can0 38F#B12AE25302000000
(1786378358.434830) can0 38E#7625004011000000
(1786378358.444553) can0 38E#9126004011000000
(1786378358.454576) can0 38F#EC2BE25302000000
(1786378358.454927) can0 38E#CC27004011000000
(1786378358.464551) can0 38E#9028004011000000
(1786378358.474554) can0 38F#622CE25302000000
(1786378358.474904) can0 38E#CD29004011000000
(1786378358.484608) can0 38E#2A2A004011000000
(1786378358.494693) can0 38F#3F2DE25302000000
(1786378358.495075) can0 38E#772B004011000000
(1786378358.504521) can0 38E#F92C004011000000
(1786378358.514452) can0 38F#D82EE25302000000
(1786378358.514815) can0 38E#A42D004011000000
(1786378358.524678) can0 38E#432E004011000000
(1786378358.534563) can0 38F#852FE25302000000
(1786378358.534924) can0 38E#1E2F004011000000
(1786378358.544658) can0 38E#4220004011000000
(1786378358.554538) can0 38F#D920E25302000000
(1786378358.554922) can0 38E#1F21004011000000
(1786378358.564684) can0 38E#F822004011000000
(1786378358.574580) can0 38F#8421E25302000000
(1786378358.574835) can0 38E#A523004011000000
(1786378358.584500) can0 38E#2B24004011000000
(1786378358.594686) can0 38F#6322E25302000000
(1786378358.595111) can0 38E#7625004011000000
(1786378358.604566) can0 38E#9126004011000000
(1786378358.614621) can0 38F#3E23E25302000000
(1786378358.615014) can0 38E#CC27004011000000
(1786378358.624596) can0 38E#9028004011000000
(1786378358.634606) can0 38F#B024E25302000000
(1786378358.635034) can0 38E#CD29004011000000
(1786378358.644616) can0 38E#2A2A004011000000
(1786378358.654519) can0 38F#ED25E25302000000
(1786378358.654831) can0 38E#772B004011000000
(1786378358.664509) can0 38E#F92C004011000000
(1786378358.674523) can0 38F#0A26E25302000000
(1786378358.674853) can0 38E#A42D004011000000
(1786378358.684464) can0 38E#432E004011000000
(1786378358.694577) can0 38F#5727E25302000000
(1786378358.694922) can0 38E#1E2F004011000000
(1786378358.704605) can0 38E#4220004011000000
(1786378358.714581) can0 38F#0B28E25302000000
(1786378358.714881) can0 38E#1F21004011000000
(1786378358.724491) can0 38E#F822004011000000
(1786378358.734431) can0 38F#5629E25302000000
(1786378358.734654) can0 38E#A523004011000000
(1786378358.744535) can0 38E#2B24004011000000
(1786378358.754599) can0 38F#B12AE25302000000
(1786378358.754863) can0 38E#7625004011000000
(1786378358.764529) can0 38E#9126004011000000
(1786378358.774500) can0 38F#EC2BE25302000000
(1786378358.774781) can0 38E#CC27004011000000
(1786378358.784569) can0 38E#9028004011000000
(1786378358.794670) can0 38F#622CE25302000000
(1786378358.795065) can0 38E#CD29004011000000
(1786378358.804541) can0 38E#2A2A004011000000
(1786378358.814522) can0 38F#3F2DE25302000000
(1786378358.814841) can0 38E#772B004011000000
(1786378358.824541) can0 38E#F92C004011000000
(1786378358.834523) can0 38F#D82EE25302000000
(1786378358.834938) can0 38E#A42D004011000000
(1786378358.844565) can0 38E#432E004011000000
(1786378358.854653) can0 38F#852FE25302000000
(1786378358.854975) can0 38E#1E2F004011000000
(1786378358.864547) can0 38E#4220004011000000
(1786378358.874544) can0 38F#D920E25302000000
(1786378358.874927) can0 38E#1F21004011000000
(1786378358.884537) can0 38E#F822004011000000
(1786378358.894579) can0 38F#8421E25302000000
(1786378358.894831) can0 38E#A523004011000000
(1786378358.904556) can0 38E#2B24004011000000
(1786378358.914494) can0 38F#6322E25302000000
(1786378358.914807) can0 38E#7625004011000000
(1786378358.924574) can0 38E#9126004011000000
(1786378358.934181) can0 38F#3E23E25302000000
(1786378358.934469) can0 38E#CC27004011000000
(1786378358.944476) can0 38E#9028004011000000
(1786378358.954569) can0 38F#B024E25302000000
(1786378358.954879) can0 38E#CD29004011000000
(1786378358.964674) can0 38E#2A2A004011000000
(1786378358.974645) can0 38F#ED25E25302000000
(1786378358.974980) can0 38E#772B004011000000
(1786378358.984578) can0 38E#F92C004011000000
(1786378358.994517) can0 38F#0A26E25302000000
(1786378358.994913) can0 38E#A42D004011000000
(1786378359.004607) can0 38E#432E004011000000
(1786378359.014450) can0 38F#5727E25302000000
(1786378359.014715) can0 38E#1E2F004011000000
(1786378359.024474) can0 38E#4220004011000000
(1786378359.034494) can0 38F#0B28E25302000000
(1786378359.034757) can0 38E#1F21004011000000
(1786378359.044538) can0 38E#F822004011000000
(1786378359.054521) can0 38F#5629E25302000000
(1786378359.054880) can0 38E#A523004011000000
(1786378359.064465) can0 38E#2B24004011000000
(1786378359.074503) can0 38F#B12AE25302000000
(1786378359.074779) can0 38E#7625004011000000
(1786378359.084450) can0 38E#9126004011000000
(1786378359.094596) can0 38F#EC2BE25302000000
(1786378359.094883) can0 38E#CC27004011000000
(1786378359.104547) can0 38E#9028004011000000
(1786378359.114499) can0 38F#622CE25302000000
(1786378359.114850) can0 38E#CD29004011000000
(1786378359.124544) can0 38E#2A2A004011000000
(1786378359.134591) can0 38F#3F2DE25302000000
(1786378359.134993) can0 38E#772B004011000000
(1786378359.144771) can0 38E#F92C004011000000
(1786378359.154566) can0 38F#D82EE25302000000
(1786378359.154902) can0 38E#A42D004011000000
(1786378359.164620) can0 38E#432E004011000000
(1786378359.174600) can0 38F#852FE25302000000
(1786378359.174915) can0 38E#1E2F004011000000
(1786378359.184639) can0 38E#4220004011000000
(1786378359.194541) can0 38F#D920E25302000000
(1786378359.194948) can0 38E#1F21004011000000
(1786378359.204566) can0 38E#F822004011000000
(1786378359.214510) can0 38F#8421E25302000000
(1786378359.214800) can0 38E#A523004011000000
(1786378359.224682) can0 38E#2B24004011000000
(1786378359.234548) can0 38F#6322E25302000000
(1786378359.234993) can0 38E#7625004011000000
(1786378359.244680) can0 38E#9126004011000000
(1786378359.254511) can0 38F#3E23E25302000000
(1786378359.254818) can0 38E#CC27004011000000
(1786378359.264541) can0 38E#9028004011000000
(1786378359.274574) can0 38F#B024E25302000000
(1786378359.274964) can0 38E#CD29004011000000
(1786378359.284672) can0 38E#2A2A004011000000
(1786378359.294591) can0 38F#ED25E25302000000
(1786378359.294911) can0 38E#772B004011000000
(1786378359.304486) can0 38E#F92C004011000000
(1786378359.314562) can0 38F#0A26E25302000000
(1786378359.314953) can0 38E#A42D004011000000
(1786378359.324574) can0 38E#432E004011000000
(1786378359.334479) can0 38F#5727E25302000000
(1786378359.334746) can0 38E#1E2F004011000000
(1786378359.344579) can0 38E#4220004011000000
(1786378359.354578) can0 38F#0B28E25302000000
(1786378359.354889) can0 38E#1F21004011000000
(1786378359.364477) can0 38E#F822004011000000
(1786378359.374533) can0 38F#5629E25302000000
(1786378359.374901) can0 38E#A523004011000000
(1786378359.384639) can0 38E#2B24004011000000
(1786378359.394626) can0 38F#B12AE25302000000
(1786378359.395100) can0 38E#7625004011000000
(1786378359.404728) can0 38E#9126004011000000
(1786378359.414485) can0 38F#EC2BE25302000000
(1786378359.414797) can0 38E#CC27004011000000
(1786378359.424533) can0 38E#9028004011000000
(1786378359.434597) can0 38F#622CE25302000000
(1786378359.434890) can0 38E#CD29004011000000
(1786378359.444528) can0 38E#2A2A004011000000
(1786378359.454510) can0 38F#3F2DE25302000000
(1786378359.454790) can0 38E#772B004011000000
(1786378359.464453) can0 38E#F92C004011000000
(1786378359.474530) can0 38F#D82EE25302000000
(1786378359.474882) can0 38E#A42D004011000000
(1786378359.484579) can0 38E#432E004011000000
(1786378359.494550) can0 38F#852FE25302000000
(1786378359.494946) can0 38E#1E2F004011000000
(1786378359.504670) can0 38E#4220004011000000
(1786378359.514487) can0 38F#D920E25302000000
(1786378359.514773) can0 38E#1F21004011000000
(1786378359.524502) can0 38E#F822004011000000
(1786378359.534523) can0 38F#8421E25302000000
(1786378359.534805) can0 38E#A523004011000000
(1786378359.544598) can0 38E#2B24004011000000
(1786378359.554537) can0 38F#6322E25302000000
(1786378359.554884) can0 38E#7625004011000000
(1786378359.564529) can0 38E#9126004011000000
(1786378359.574635) can0 38F#3E23E25302000000
(1786378359.574988) can0 38E#CC27004011000000
(1786378359.584472) can0 38E#9028004011000000
(1786378359.594520) can0 38F#B024E25302000000
(1786378359.594926) can0 38E#CD29004011000000
(1786378359.604587) can0 38E#2A2A004011000000
(1786378359.614630) can0 38F#ED25E25302000000
(1786378359.614961) can0 38E#772B004011000000
(1786378359.624525) can0 38E#F92C004011000000
(1786378359.634488) can0 38F#0A26E25302000000
(1786378359.634923) can0 38E#A42D004011000000
(1786378359.644529) can0 38E#432E004011000000
(1786378359.654651) can0 38F#5727E25302000000
(1786378359.655012) can0 38E#1E2F004011000000
(1786378359.664499) can0 38E#4220004011000000
(1786378359.674531) can0 38F#0B28E25302000000
(1786378359.674917) can0 38E#1F21004011000000
(1786378359.684519) can0 38E#F822004011000000
(1786378359.694560) can0 38F#5629E25302000000
(1786378359.694927) can0 38E#A523004011000000
(1786378359.704648) can0 38E#2B24004011000000
(1786378359.714473) can0 38F#B12AE25302000000
(1786378359.714793) can0 38E#7625004011000000
(1786378359.724519) can0 38E#9126004011000000
(1786378359.734531) can0 38F#EC2BE25302000000
(1786378359.734924) can0 38E#CC27004011000000
(1786378359.744627) can0 38E#9028004011000000
(1786378359.754533) can0 38F#622CE25302000000
(1786378359.754898) can0 38E#CD29004011000000
(1786378359.764481) can0 38E#2A2A004011000000
(1786378359.774512) can0 38F#3F2DE25302000000
(1786378359.774769) can0 38E#772B004011000000
(1786378359.784546) can0 38E#F92C004011000000
(1786378359.794414) can0 38F#D82EE25302000000
(1786378359.794669) can0 38E#A42D004011000000
(1786378359.804456) can0 38E#432E004011000000
(1786378359.814538) can0 38F#852FE25302000000
(1786378359.814869) can0 38E#1E2F004011000000
(1786378359.824503) can0 38E#4220004011000000
(1786378359.834530) can0 38F#D920E25302000000
(1786378359.834850) can0 38E#1F21004011000000
(1786378359.844518) can0 38E#F822004011000000
(1786378359.854550) can0 38F#8421E25302000000
(1786378359.854909) can0 38E#A523004011000000
(1786378359.864598) can0 38E#2B24004011000000
(1786378359.874492) can0 38F#6322E25302000000
(1786378359.874784) can0 38E#7625004011000000
(1786378359.884489) can0 38E#9126004011000000
(1786378359.894514) can0 38F#3E23E25302000000
(1786378359.894753) can0 38E#CC27004011000000
(1786378359.904542) can0 38E#9028004011000000
(1786378359.914503) can0 38F#B024E25302000000
(1786378359.914731) can0 38E#CD29004011000000
(1786378359.924513) can0 38E#2A2A004011000000
(1786378359.934456) can0 38F#ED25E25302000000
(1786378359.934699) can0 38E#772B004011000000
(1786378359.944474) can0 38E#F92C004011000000
(1786378359.954538) can0 38F#0A26E25302000000
(1786378359.954840) can0 38E#A42D004011000000
(1786378359.964635) can0 38E#432E004011000000
(1786378359.974543) can0 38F#5727E25302000000
(1786378359.974901) can0 38E#1E2F004011000000
(1786378359.984649) can0 38E#4220004011000000
(1786378359.994533) can0 38F#0B28E25302000000
(1786378359.994906) can0 38E#1F21004011000000
(1786378360.004679) can0 38E#F822004011000000
(1786378360.014422) can0 38F#5629E25302000000
(1786378360.014665) can0 38E#A523004011000000
(1786378360.024467) can0 38E#2B24004011000000
(1786378360.034498) can0 38F#B12AE25302000000
(1786378360.034772) can0 38E#7625004011000000
(1786378360.044589) can0 38E#9126004011000000
(1786378360.054560) can0 38F#EC2BE25302000000
(1786378360.054880) can0 38E#CC27004011000000
(1786378360.064512) can0 38E#9028004011000000
(1786378360.074530) can0 38F#622CE25302000000
(1786378360.074877) can0 38E#CD29004011000000
(1786378360.084532) can0 38E#2A2A004011000000
(1786378360.094523) can0 38F#3F2DE25302000000
(1786378360.094912) can0 38E#772B004011000000
(1786378360.104599) can0 38E#F92C004011000000
(1786378360.114554) can0 38F#D82EE25302000000
(1786378360.114994) can0 38E#A42D004011000000
(1786378360.124561) can0 38E#432E004011000000
(1786378360.134518) can0 38F#852FE25302000000
(1786378360.134790) can0 38E#1E2F004011000000
(1786378360.144495) can0 38E#4220004011000000
(1786378360.154492) can0 38F#D920E25302000000
(1786378360.154733) can0 38E#1F21004011000000
(1786378360.164460) can0 38E#F822004011000000
(1786378360.174541) can0 38F#8421E25302000000
(1786378360.174894) can0 38E#A523004011000000
(1786378360.184547) can0 38E#2B24004011000000
(1786378360.194493) can0 38F#6322E25302000000
(1786378360.194753) can0 38E#7625004011000000
(1786378360.204574) can0 38E#9126004011000000
(1786378360.214507) can0 38F#3E23E25302000000
(1786378360.214762) can0 38E#CC27004011000000
(1786378360.224496) can0 38E#9028004011000000
(1786378360.234444) can0 38F#B024E25302000000
(1786378360.234807) can0 38E#CD29004011000000
(1786378360.244558) can0 38E#2A2A004011000000
(1786378360.254573) can0 38F#ED25E25302000000
(1786378360.254881) can0 38E#772B004011000000
(1786378360.264506) can0 38E#F92C004011000000
(1786378360.274448) can0 38F#0A26E25302000000
(1786378360.274716) can0 38E#A42D004011000000
(1786378360.284429) can0 38E#432E004011000000
(1786378360.294576) can0 38F#5727E25302000000
(1786378360.294851) can0 38E#1E2F004011000000
(1786378360.304565) can0 38E#4220004011000000
(1786378360.314515) can0 38F#0B28E25302000000
(1786378360.314772) can0 38E#1F21004011000000
(1786378360.324520) can0 38E#F822004011000000
(1786378360.334518) can0 38F#5629E25302000000
(1786378360.334769) can0 38E#A523004011000000
(1786378360.344536) can0 38E#2B24004011000000
(1786378360.354543) can0 38F#B12AE25302000000
(1786378360.354876) can0 38E#7625004011000000
(1786378360.364501) can0 38E#9126004011000000
(1786378360.374490) can0 38F#EC2BE25302000000
(1786378360.374813) can0 38E#CC27004011000000
(1786378360.384485) can0 38E#9028004011000000
(1786378360.394505) can0 38F#622CE25302000000
(1786378360.394793) can0 38E#CD29004011000000
(1786378360.404469) can0 38E#2A2A004011000000
(1786378360.414526) can0 38F#3F2DE25302000000
(1786378360.414802) can0 38E#772B004011000000
(1786378360.424516) can0 38E#F92C004011000000
(1786378360.434540) can0 38F#D82EE25302000000
(1786378360.434821) can0 38E#A42D004011000000
(1786378360.444509) can0 38E#432E004011000000
(1786378360.454516) can0 38F#852FE25302000000
(1786378360.454818) can0 38E#1E2F004011000000
(1786378360.464498) can0 38E#4220004011000000
(1786378360.474478) can0 38F#D920E25302000000
(1786378360.474766) can0 38E#1F21004011000000
(1786378360.484534) can0 38E#F822004011000000
(1786378360.494584) can0 38F#8421E25302000000
(1786378360.494975) can0 38E#A523004011000000
(1786378360.504563) can0 38E#2B24004011000000
(1786378360.514713) can0 38F#6322E25302000000
(1786378360.515247) can0 38E#7625004011000000
(1786378360.524537) can0 38E#9126004011000000
(1786378360.534477) can0 38F#3E23E25302000000
(1786378360.534761) can0 38E#CC27004011000000
(1786378360.544610) can0 38E#9028004011000000
(1786378360.554497) can0 38F#B024E25302000000
(1786378360.554831) can0 38E#CD29004011000000
(1786378360.564715) can0 38E#2A2A004011000000
(1786378360.574695) can0 38F#ED25E25302000000
(1786378360.575101) can0 38E#772B004011000000
(1786378360.584649) can0 38E#F92C004011000000
(1786378360.594600) can0 38F#0A26E25302000000
(1786378360.595130) can0 38E#A42D004011000000
(1786378360.604554) can0 38E#432E004011000000
(1786378360.614649) can0 38F#5727E25302000000
(1786378360.615099) can0 38E#1E2F004011000000
(1786378360.624586) can0 38E#4220004011000000
(1786378360.634573) can0 38F#0B28E25302000000
(1786378360.635003) can0 38E#1F21004011000000
(1786378360.644824) can0 38E#F822004011000000
(1786378360.654215) can0 38F#5629E25302000000
(1786378360.654557) can0 38E#A523004011000000
(1786378360.664588) can0 38E#2B24004011000000
(1786378360.674527) can0 38F#B12AE25302000000
(1786378360.674922) can0 38E#7625004011000000
(1786378360.684565) can0 38E#9126004011000000
(1786378360.694689) can0 38F#EC2BE25302000000
(1786378360.695118) can0 38E#CC27004011000000
(1786378360.704595) can0 38E#9028004011000000
(1786378360.714572) can0 38F#622CE25302000000
(1786378360.714950) can0 38E#CD29004011000000
(1786378360.724661) can0 38E#2A2A004011000000
(1786378360.734633) can0 38F#3F2DE25302000000
(1786378360.735048) can0 38E#772B004011000000
(1786378360.744709) can0 38E#F92C004011000000
(1786378360.754469) can0 38F#D82EE25302000000
(1786378360.754916) can0 38E#A42D004011000000
(1786378360.764667) can0 38E#432E004011000000
(1786378360.774545) can0 38F#852FE25302000000
(1786378360.774911) can0 38E#1E2F004011000000
(1786378360.784527) can0 38E#4220004011000000
(1786378360.794588) can0 38F#D920E25302000000
(1786378360.795058) can0 38E#1F21004011000000
(1786378360.804546) can0 38E#F822004011000000
(1786378360.814513) can0 38F#8421E25302000000
(1786378360.814804) can0 38E#A523004011000000
(1786378360.824614) can0 38E#2B24004011000000
(1786378360.834560) can0 38F#6322E25302000000
(1786378360.835021) can0 38E#7625004011000000
(1786378360.844712) can0 38E#9126004011000000
(1786378360.854601) can0 38F#3E23E25302000000
(1786378360.854958) can0 38E#CC27004011000000
(1786378360.864794) can0 38E#9028004011000000
(1786378360.874524) can0 38F#B024E25302000000
(1786378360.874924) can0 38E#CD29004011000000
(1786378360.884543) can0 38E#2A2A004011000000
(1786378360.894772) can0 38F#ED25E25302000000
(1786378360.895172) can0 38E#772B004011000000
(1786378360.904551) can0 38E#F92C004011000000
(1786378360.914503) can0 38F#0A26E25302000000
(1786378360.914951) can0 38E#A42D004011000000
(1786378360.924634) can0 38E#432E004011000000
(1786378360.934583) can0 38F#5727E25302000000
(1786378360.934988) can0 38E#1E2F004011000000
(1786378360.944623) can0 38E#4220004011000000
(1786378360.954516) can0 38F#0B28E25302000000
(1786378360.954922) can0 38E#1F21004011000000
(1786378360.964587) can0 38E#F822004011000000
(1786378360.974497) can0 38F#5629E25302000000
(1786378360.974789) can0 38E#A523004011000000
(1786378360.984607) can0 38E#2B24004011000000
(1786378360.994693) can0 38F#B12AE25302000000
(1786378360.995049) can0 38E#7625004011000000
(1786378361.004582) can0 38E#9126004011000000
(1786378361.014591) can0 38F#EC2BE25302000000
(1786378361.015038) can0 38E#CC27004011000000
(1786378361.024738) can0 38E#9028004011000000
(1786378361.034549) can0 38F#622CE25302000000
(1786378361.035033) can0 38E#CD29004011000000
(1786378361.044621) can0 38E#2A2A004011000000
(1786378361.054541) can0 38F#3F2DE25302000000
(1786378361.054955) can0 38E#772B004011000000
(1786378361.064606) can0 38E#F92C004011000000
(1786378361.074553) can0 38F#D82EE25302000000
(1786378361.074949) can0 38E#A42D004011000000
(1786378361.084574) can0 38E#432E004011000000
(1786378361.094728) can0 38F#852FE25302000000
(1786378361.095193) can0 38E#1E2F004011000000
(1786378361.104623) can0 38E#4220004011000000
(1786378361.114662) can0 38F#D920E25302000000
(1786378361.115252) can0 38E#1F21004011000000
(1786378361.124710) can0 38E#F822004011000000
(1786378361.134600) can0 38F#8421E25302000000
(1786378361.135055) can0 38E#A523004011000000
(1786378361.144554) can0 38E#2B24004011000000
(1786378361.154623) can0 38F#6322E25302000000
(1786378361.154910) can0 38E#7625004011000000
(1786378361.164570) can0 38E#9126004011000000
(1786378361.174549) can0 38F#3E23E25302000000
(1786378361.174927) can0 38E#CC27004011000000
(1786378361.184593) can0 38E#9028004011000000
(1786378361.194664) can0 38F#B024E25302000000
(1786378361.195127) can0 38E#CD29004011000000
(1786378361.204592) can0 38E#2A2A004011000000
(1786378361.214649) can0 38F#ED25E25302000000
(1786378361.215092) can0 38E#772B004011000000
(1786378361.224583) can0 38E#F92C004011000000
(1786378361.234584) can0 38F#0A26E25302000000
(1786378361.235023) can0 38E#A42D004011000000
(1786378361.244557) can0 38E#432E004011000000
(1786378361.254562) can0 38F#5727E25302000000
(1786378361.254950) can0 38E#1E2F004011000000
(1786378361.264641) can0 38E#4220004011000000
(1786378361.274556) can0 38F#0B28E25302000000
(1786378361.274881) can0 38E#1F21004011000000
(1786378361.284659) can0 38E#F822004011000000
(1786378361.294677) can0 38F#5629E25302000000
(1786378361.295103) can0 38E#A523004011000000
(1786378361.304549) can0 38E#2B24004011000000
(1786378361.314619) can0 38F#B12AE25302000000
(1786378361.315197) can0 38E#7625004011000000
(1786378361.324655) can0 38E#9126004011000000
(1786378361.334655) can0 38F#EC2BE25302000000
(1786378361.335126) can0 38E#CC27004011000000
(1786378361.344598) can0 38E#9028004011000000
(1786378361.354446) can0 38F#622CE25302000000
(1786378361.354812) can0 38E#CD29004011000000
(1786378361.364601) can0 38E#2A2A004011000000
(1786378361.374624) can0 38F#3F2DE25302000000
(1786378361.375013) can0 38E#772B004011000000
(1786378361.384582) can0 38E#F92C004011000000
(1786378361.394567) can0 38F#D82EE25302000000
(1786378361.395008) can0 38E#A42D004011000000
(1786378361.404487) can0 38E#432E004011000000
(1786378361.414575) can0 38F#852FE25302000000
(1786378361.414949) can0 38E#1E2F004011000000
(1786378361.424605) can0 38E#4220004011000000
(1786378361.434613) can0 38F#D920E25302000000
(1786378361.435108) can0 38E#1F21004011000000
(1786378361.444569) can0 38E#F822004011000000
(1786378361.454535) can0 38F#8421E25302000000
(1786378361.454954) can0 38E#A523004011000000
(1786378361.464602) can0 38E#2B24004011000000
(1786378361.474507) can0 38F#6322E25302000000
(1786378361.474859) can0 38E#7625004011000000
(1786378361.484611) can0 38E#9126004011000000
(1786378361.494733) can0 38F#3E23E25302000000
(1786378361.495202) can0 38E#CC27004011000000
(1786378361.504551) can0 38E#9028004011000000
(1786378361.514412) can0 38F#B024E25302000000
(1786378361.515066) can0 38E#CD29004011000000
(1786378361.524565) can0 38E#2A2A004011000000
(1786378361.534662) can0 38F#ED25E25302000000
(1786378361.535101) can0 38E#772B004011000000
(1786378361.544566) can0 38E#F92C004011000000
(1786378361.554525) can0 38F#0A26E25302000000
(1786378361.554930) can0 38E#A42D004011000000
(1786378361.564560) can0 38E#432E004011000000
(1786378361.574548) can0 38F#5727E25302000000
(1786378361.574977) can0 38E#1E2F004011000000
(1786378361.584734) can0 38E#4220004011000000
(1786378361.594688) can0 38F#0B28E25302000000
(1786378361.595116) can0 38E#1F21004011000000
(1786378361.604560) can0 38E#F822004011000000
(1786378361.614584) can0 38F#5629E25302000000
(1786378361.615040) can0 38E#A523004011000000
(1786378361.624652) can0 38E#2B24004011000000
(1786378361.634585) can0 38F#B12AE25302000000
(1786378361.635060) can0 38E#7625004011000000
(1786378361.644688) can0 38E#9126004011000000
(1786378361.654564) can0 38F#EC2BE25302000000
(1786378361.654898) can0 38E#CC27004011000000
(1786378361.664554) can0 38E#9028004011000000
(1786378361.674515) can0 38F#622CE25302000000
(1786378361.674877) can0 38E#CD29004011000000
(1786378361.684536) can0 38E#2A2A004011000000
(1786378361.694587) can0 38F#3F2DE25302000000
(1786378361.695052) can0 38E#772B004011000000
(1786378361.704605) can0 38E#F92C004011000000
(1786378361.714555) can0 38F#D82EE25302000000
(1786378361.714984) can0 38E#A42D004011000000
(1786378361.724610) can0 38E#432E004011000000
(1786378361.734584) can0 38F#852FE25302000000
(1786378361.734986) can0 38E#1E2F004011000000
(1786378361.744588) can0 38E#4220004011000000
(1786378361.754538) can0 38F#D920E25302000000
(1786378361.754907) can0 38E#1F21004011000000
(1786378361.764646) can0 38E#F822004011000000
(1786378361.774595) can0 38F#8421E25302000000
(1786378361.774970) can0 38E#A523004011000000
(1786378361.784514) can0 38E#2B24004011000000
(1786378361.794574) can0 38F#6322E25302000000
(1786378361.794935) can0 38E#7625004011000000
(1786378361.804643) can0 38E#9126004011000000
(1786378361.814503) can0 38F#3E23E25302000000
(1786378361.814841) can0 38E#CC27004011000000
(1786378361.824571) can0 38E#9028004011000000
(1786378361.834527) can0 38F#B024E25302000000
(1786378361.834938) can0 38E#CD29004011000000
(1786378361.844599) can0 38E#2A2A004011000000
(1786378361.854558) can0 38F#ED25E25302000000
(1786378361.854926) can0 38E#772B004011000000
(1786378361.864669) can0 38E#F92C004011000000
(1786378361.874543) can0 38F#0A26E25302000000
(1786378361.874924) can0 38E#A42D004011000000
(1786378361.884614) can0 38E#432E004011000000
(1786378361.894706) can0 38F#5727E25302000000
(1786378361.895286) can0 38E#1E2F004011000000
(1786378361.904541) can0 38E#4220004011000000
(1786378361.914477) can0 38F#0B28E25302000000
(1786378361.914825) can0 38E#1F21004011000000
(1786378361.924593) can0 38E#F822004011000000
(1786378361.934551) can0 38F#5629E25302000000
(1786378361.934891) can0 38E#A523004011000000
(1786378361.944517) can0 38E#2B24004011000000
(1786378361.954485) can0 38F#B12AE25302000000
(1786378361.954789) can0 38E#7625004011000000
(1786378361.964618) can0 38E#9126004011000000
(1786378361.974536) can0 38F#EC2BE25302000000
(1786378361.974866) can0 38E#CC27004011000000
(1786378361.984486) can0 38E#9028004011000000
(1786378361.994746) can0 38F#622CE25302000000
(1786378361.995374) can0 38E#CD29004011000000
(1786378362.004577) can0 38E#2A2A004011000000
(1786378362.014633) can0 38F#3F2DE25302000000
(1786378362.015088) can0 38E#772B004011000000
(1786378362.024821) can0 38E#F92C004011000000
(1786378362.034574) can0 38F#D82EE25302000000
(1786378362.035042) can0 38E#A42D004011000000
(1786378362.044604) can0 38E#432E004011000000
(1786378362.054545) can0 38F#852FE25302000000
(1786378362.054908) can0 38E#1E2F004011000000
(1786378362.064665) can0 38E#4220004011000000
(1786378362.074512) can0 38F#D920E25302000000
(1786378362.074899) can0 38E#1F21004011000000
(1786378362.084563) can0 38E#F822004011000000
(1786378362.094686) can0 38F#8421E25302000000
(1786378362.095070) can0 38E#A523004011000000
(1786378362.104537) can0 38E#2B24004011000000
(1786378362.114547) can0 38F#6322E25302000000
(1786378362.114984) can0 38E#7625004011000000
(1786378362.124563) can0 38E#9126004011000000
(1786378362.134616) can0 38F#3E23E25302000000
(1786378362.135067) can0 38E#CC27004011000000
(1786378362.144559) can0 38E#9028004011000000
(1786378362.154573) can0 38F#B024E25302000000
(1786378362.155085) can0 38E#CD29004011000000
(1786378362.164540) can0 38E#2A2A004011000000
(1786378362.174545) can0 38F#ED25E25302000000
(1786378362.174871) can0 38E#772B004011000000
(1786378362.184594) can0 38E#F92C004011000000
(1786378362.194616) can0 38F#0A26E25302000000
(1786378362.195054) can0 38E#A42D004011000000
(1786378362.204488) can0 38E#432E004011000000
(1786378362.214642) can0 38F#5727E25302000000
(1786378362.215255) can0 38E#1E2F004011000000
(1786378362.224812) can0 38E#4220004011000000
(1786378362.234533) can0 38F#0B28E25302000000
(1786378362.234917) can0 38E#1F21004011000000
(1786378362.244686) can0 38E#F822004011000000
(1786378362.254507) can0 38F#5629E25302000000
(1786378362.254959) can0 38E#A523004011000000
(1786378362.264670) can0 38E#2B24004011000000
(1786378362.274457) can0 38F#B12AE25302000000
(1786378362.274781) can0 38E#7625004011000000
(1786378362.284554) can0 38E#9126004011000000
(1786378362.294655) can0 38F#EC2BE25302000000
(1786378362.295078) can0 38E#CC27004011000000
(1786378362.304505) can0 38E#9028004011000000
(1786378362.314502) can0 38F#622CE25302000000
(1786378362.314961) can0 38E#CD29004011000000
(1786378362.324611) can0 38E#2A2A004011000000
(1786378362.334646) can0 38F#3F2DE25302000000
(1786378362.335091) can0 38E#772B004011000000
(1786378362.344569) can0 38E#F92C004011000000
(1786378362.354540) can0 38F#D82EE25302000000
(1786378362.354928) can0 38E#A42D004011000000
(1786378362.364585) can0 38E#432E004011000000
(1786378362.374213) can0 38F#852FE25302000000
(1786378362.374581) can0 38E#1E2F004011000000
(1786378362.384569) can0 38E#4220004011000000
(1786378362.394592) can0 38F#D920E25302000000
(1786378362.395007) can0 38E#1F21004011000000
(1786378362.404554) can0 38E#F822004011000000
(1786378362.414612) can0 38F#8421E25302000000
(1786378362.415064) can0 38E#A523004011000000
(1786378362.424493) can0 38E#2B24004011000000
(1786378362.434494) can0 38F#6322E25302000000
(1786378362.434910) can0 38E#7625004011000000
(1786378362.444588) can0 38E#9126004011000000
(1786378362.454519) can0 38F#3E23E25302000000
(1786378362.454935) can0 38E#CC27004011000000
(1786378362.464538) can0 38E#9028004011000000
(1786378362.474509) can0 38F#B024E25302000000
(1786378362.474930) can0 38E#CD29004011000000
(1786378362.484588) can0 38E#2A2A004011000000
(1786378362.494576) can0 38F#ED25E25302000000
(1786378362.495017) can0 38E#772B004011000000
(1786378362.504516) can0 38E#F92C004011000000
(1786378362.514590) can0 38F#0A26E25302000000
(1786378362.515147) can0 38E#A42D004011000000
(1786378362.524497) can0 38E#432E004011000000
(1786378362.534529) can0 38F#5727E25302000000
(1786378362.534875) can0 38E#1E2F004011000000
(1786378362.544610) can0 38E#4220004011000000
(1786378362.554436) can0 38F#0B28E25302000000
(1786378362.554821) can0 38E#1F21004011000000
(1786378362.564497) can0 38E#F822004011000000
(1786378362.574590) can0 38F#5629E25302000000
(1786378362.574954) can0 38E#A523004011000000
(1786378362.584641) can0 38E#2B24004011000000
(1786378362.594641) can0 38F#B12AE25302000000
(1786378362.595115) can0 38E#7625004011000000
(1786378362.604500) can0 38E#9126004011000000
(1786378362.614593) can0 38F#EC2BE25302000000
(1786378362.615044) can0 38E#CC27004011000000
(1786378362.624622) can0 38E#9028004011000000
(1786378362.634534) can0 38F#622CE25302000000
(1786378362.634970) can0 38E#CD29004011000000
(1786378362.644615) can0 38E#2A2A004011000000
(1786378362.654591) can0 38F#3F2DE25302000000
(1786378362.654979) can0 38E#772B004011000000
(1786378362.664625) can0 38E#F92C004011000000
(1786378362.674529) can0 38F#D82EE25302000000
(1786378362.674921) can0 38E#A42D004011000000
(1786378362.684603) can0 38E#432E004011000000
(1786378362.694577) can0 38F#852FE25302000000
(1786378362.694999) can0 38E#1E2F004011000000
(1786378362.704531) can0 38E#4220004011000000
(1786378362.714650) can0 38F#D920E25302000000
(1786378362.715066) can0 38E#1F21004011000000
(1786378362.724586) can0 38E#F822004011000000
(1786378362.734619) can0 38F#8421E25302000000
(1786378362.735033) can0 38E#A523004011000000
(1786378362.744611) can0 38E#2B24004011000000
(1786378362.754518) can0 38F#6322E25302000000
(1786378362.754905) can0 38E#7625004011000000
(1786378362.764588) can0 38E#9126004011000000
(1786378362.774593) can0 38F#3E23E25302000000
(1786378362.774989) can0 38E#CC27004011000000
(1786378362.784542) can0 38E#9028004011000000
(1786378362.794639) can0 38F#B024E25302000000
(1786378362.795065) can0 38E#CD29004011000000
(1786378362.804498) can0 38E#2A2A004011000000
(1786378362.814481) can0 38F#ED25E25302000000
(1786378362.814853) can0 38E#772B004011000000
(1786378362.824633) can0 38E#F92C004011000000
(1786378362.834545) can0 38F#0A26E25302000000
(1786378362.834986) can0 38E#A42D004011000000
(1786378362.844682) can0 38E#432E004011000000
(1786378362.854442) can0 38F#5727E25302000000
(1786378362.854769) can0 38E#1E2F004011000000
(1786378362.864668) can0 38E#4220004011000000
(1786378362.874536) can0 38F#0B28E25302000000
(1786378362.874927) can0 38E#1F21004011000000
(1786378362.884530) can0 38E#F822004011000000
(1786378362.894611) can0 38F#5629E25302000000
(1786378362.895062) can0 38E#A523004011000000
(1786378362.904498) can0 38E#2B24004011000000
(1786378362.914598) can0 38F#B12AE25302000000
(1786378362.915064) can0 38E#7625004011000000
(1786378362.924583) can0 38E#9126004011000000
(1786378362.934613) can0 38F#EC2BE25302000000
(1786378362.935081) can0 38E#CC27004011000000
(1786378362.944602) can0 38E#9028004011000000
(1786378362.954212) can0 38F#622CE25302000000
(1786378362.954586) can0 38E#CD29004011000000
(1786378362.964533) can0 38E#2A2A004011000000
(1786378362.974540) can0 38F#3F2DE25302000000
(1786378362.974902) can0 38E#772B004011000000
(1786378362.984517) can0 38E#F92C004011000000
(1786378362.994706) can0 38F#D82EE25302000000
(1786378362.995064) can0 38E#A42D004011000000
(1786378363.004484) can0 38E#432E004011000000
(1786378363.014712) can0 38F#852FE25302000000
(1786378363.015223) can0 38E#1E2F004011000000
(1786378363.024649) can0 38E#4220004011000000
(1786378363.034475) can0 38F#D920E25302000000
(1786378363.034902) can0 38E#1F21004011000000
(1786378363.044537) can0 38E#F822004011000000
(1786378363.054500) can0 38F#8421E25302000000
(1786378363.054795) can0 38E#A523004011000000
(1786378363.064568) can0 38E#2B24004011000000
(1786378363.074467) can0 38F#6322E25302000000
(1786378363.074761) can0 38E#7625004011000000
(1786378363.084652) can0 38E#9126004011000000
(1786378363.094638) can0 38F#3E23E25302000000
(1786378363.095029) can0 38E#CC27004011000000
(1786378363.104485) can0 38E#9028004011000000
(1786378363.114573) can0 38F#B024E25302000000
(1786378363.114985) can0 38E#CD29004011000000
(1786378363.124561) can0 38E#2A2A004011000000
(1786378363.134621) can0 38F#ED25E25302000000
(1786378363.135029) can0 38E#772B004011000000
(1786378363.144626) can0 38E#F92C004011000000
(1786378363.154475) can0 38F#0A26E25302000000
(1786378363.154814) can0 38E#A42D004011000000
(1786378363.164556) can0 38E#432E004011000000
(1786378363.174574) can0 38F#5727E25302000000
(1786378363.174986) can0 38E#1E2F004011000000
(1786378363.184570) can0 38E#4220004011000000
(1786378363.194657) can0 38F#0B28E25302000000
(1786378363.195117) can0 38E#1F21004011000000
(1786378363.204502) can0 38E#F822004011000000
(1786378363.214508) can0 38F#5629E25302000000
(1786378363.214953) can0 38E#A523004011000000
(1786378363.224524) can0 38E#2B24004011000000
(1786378363.234193) can0 38F#B12AE25302000000
(1786378363.234691) can0 38E#7625004011000000
(1786378363.244504) can0 38E#9126004011000000
(1786378363.254600) can0 38F#EC2BE25302000000
(1786378363.254967) can0 38E#CC27004011000000
(1786378363.264563) can0 38E#9028004011000000
(1786378363.274578) can0 38F#622CE25302000000
(1786378363.274873) can0 38E#CD29004011000000
(1786378363.284479) can0 38E#2A2A004011000000
(1786378363.294604) can0 38F#3F2DE25302000000
(1786378363.295063) can0 38E#772B004011000000
(1786378363.304539) can0 38E#F92C004011000000
(1786378363.314653) can0 38F#D82EE25302000000
(1786378363.315168) can0 38E#A42D004011000000
(1786378363.324690) can0 38E#432E004011000000
(1786378363.334484) can0 38F#852FE25302000000
(1786378363.334751) can0 38E#1E2F004011000000
(1786378363.344631) can0 38E#4220004011000000
(1786378363.354591) can0 38F#D920E25302000000
(1786378363.354945) can0 38E#1F21004011000000
(1786378363.364650) can0 38E#F822004011000000
(1786378363.374566) can0 38F#8421E25302000000
(1786378363.374926) can0 38E#A523004011000000
(1786378363.384461) can0 38E#2B24004011000000
(1786378363.394595) can0 38F#6322E25302000000
(1786378363.395115) can0 38E#7625004011000000
(1786378363.404667) can0 38E#9126004011000000
(1786378363.414580) can0 38F#3E23E25302000000
(1786378363.415029) can0 38E#CC27004011000000
(1786378363.424570) can0 38E#9028004011000000
(1786378363.434504) can0 38F#B024E25302000000
(1786378363.434909) can0 38E#CD29004011000000
(1786378363.444712) can0 38E#2A2A004011000000
(1786378363.454480) can0 38F#ED25E25302000000
(1786378363.454811) can0 38E#772B004011000000
(1786378363.464478) can0 38E#F92C004011000000
(1786378363.474467) can0 38F#0A26E25302000000
(1786378363.474743) can0 38E#A42D004011000000
(1786378363.484500) can0 38E#432E004011000000
(1786378363.494559) can0 38F#5727E25302000000
(1786378363.494922) can0 38E#1E2F004011000000
(1786378363.504475) can0 38E#4220004011000000
(1786378363.514566) can0 38F#0B28E25302000000
(1786378363.515045) can0 38E#1F21004011000000
(1786378363.524691) can0 38E#F822004011000000
(1786378363.534591) can0 38F#5629E25302000000
(1786378363.535047) can0 38E#A523004011000000
(1786378363.544501) can0 38E#2B24004011000000
(1786378363.554552) can0 38F#B12AE25302000000
(1786378363.555059) can0 38E#7625004011000000
(1786378363.564628) can0 38E#9126004011000000
(1786378363.574594) can0 38F#EC2BE25302000000
(1786378363.575087) can0 38E#CC27004011000000
(1786378363.584614) can0 38E#9028004011000000
(1786378363.594687) can0 38F#622CE25302000000
(1786378363.595206) can0 38E#CD29004011000000
(1786378363.604577) can0 38E#2A2A004011000000
(1786378363.614657) can0 38F#3F2DE25302000000
(1786378363.615219) can0 38E#772B004011000000
(1786378363.624539) can0 38E#F92C004011000000
(1786378363.634554) can0 38F#D82EE25302000000
(1786378363.634986) can0 38E#A42D004011000000
(1786378363.644636) can0 38E#432E004011000000
(1786378363.654555) can0 38F#852FE25302000000
(1786378363.654858) can0 38E#1E2F004011000000
(1786378363.664623) can0 38E#4220004011000000
(1786378363.674464) can0 38F#D920E25302000000
(1786378363.674889) can0 38E#1F21004011000000
(1786378363.684641) can0 38E#F822004011000000
(1786378363.694741) can0 38F#8421E25302000000
(1786378363.695252) can0 38E#A523004011000000
(1786378363.704580) can0 38E#2B24004011000000
(1786378363.714463) can0 38F#6322E25302000000
(1786378363.714954) can0 38E#7625004011000000
(1786378363.724678) can0 38E#9126004011000000
(1786378363.734624) can0 38F#3E23E25302000000
(1786378363.735026) can0 38E#CC27004011000000
(1786378363.744546) can0 38E#9028004011000000
(1786378363.754491) can0 38F#B024E25302000000
(1786378363.754917) can0 38E#CD29004011000000
(1786378363.764436) can0 38E#2A2A004011000000
(1786378363.774449) can0 38F#ED25E25302000000
(1786378363.774693) can0 38E#772B004011000000
(1786378363.784537) can0 38E#F92C004011000000
(1786378363.794625) can0 38F#0A26E25302000000
(1786378363.795051) can0 38E#A42D004011000000
(1786378363.804515) can0 38E#432E004011000000
(1786378363.814169) can0 38F#5727E25302000000
(1786378363.814528) can0 38E#1E2F004011000000
(1786378363.824530) can0 38E#4220004011000000
(1786378363.834503) can0 38F#0B28E25302000000
(1786378363.834883) can0 38E#1F21004011000000
(1786378363.844536) can0 38E#F822004011000000
(1786378363.854581) can0 38F#5629E25302000000
(1786378363.854960) can0 38E#A523004011000000
(1786378363.864654) can0 38E#2B24004011000000
(1786378363.874476) can0 38F#B12AE25302000000
(1786378363.874833) can0 38E#7625004011000000
(1786378363.884508) can0 38E#9126004011000000
(1786378363.894479) can0 38F#EC2BE25302000000
(1786378363.894805) can0 38E#CC27004011000000
(1786378363.904468) can0 38E#9028004011000000
(1786378363.914574) can0 38F#622CE25302000000
(1786378363.915104) can0 38E#CD29004011000000
(1786378363.924655) can0 38E#2A2A004011000000
(1786378363.934598) can0 38F#3F2DE25302000000
(1786378363.934984) can0 38E#772B004011000000
(1786378363.944677) can0 38E#F92C004011000000
(1786378363.954541) can0 38F#D82EE25302000000
(1786378363.954881) can0 38E#A42D004011000000
(1786378363.964581) can0 38E#432E004011000000
(1786378363.974523) can0 38F#852FE25302000000
(1786378363.974895) can0 38E#1E2F004011000000
(1786378363.984479) can0 38E#4220004011000000
(1786378363.994531) can0 38F#D920E25302000000
(1786378363.994968) can0 38E#1F21004011000000
(1786378364.004584) can0 38E#F822004011000000
(1786378364.014472) can0 38F#8421E25302000000
(1786378364.014793) can0 38E#A523004011000000
(1786378364.024483) can0 38E#2B24004011000000
(1786378364.034509) can0 38F#6322E25302000000
(1786378364.034942) can0 38E#7625004011000000
(1786378364.044753) can0 38E#9126004011000000
(1786378364.054555) can0 38F#3E23E25302000000
(1786378364.054901) can0 38E#CC27004011000000
(1786378364.064538) can0 38E#9028004011000000
(1786378364.074484) can0 38F#B024E25302000000
(1786378364.074908) can0 38E#CD29004011000000
(1786378364.084500) can0 38E#2A2A004011000000
(1786378364.094538) can0 38F#ED25E25302000000
(1786378364.094944) can0 38E#772B004011000000
(1786378364.104467) can0 38E#F92C004011000000
(1786378364.114493) can0 38F#0A26E25302000000
(1786378364.114928) can0 38E#A42D004011000000
(1786378364.124507) can0 38E#432E004011000000
(1786378364.134555) can0 38F#5727E25302000000
(1786378364.134894) can0 38E#1E2F004011000000
(1786378364.144470) can0 38E#4220004011000000
(1786378364.154527) can0 38F#0B28E25302000000
(1786378364.154943) can0 38E#1F21004011000000
(1786378364.164608) can0 38E#F822004011000000
(1786378364.174652) can0 38F#5629E25302000000
(1786378364.175080) can0 38E#A523004011000000
(1786378364.184594) can0 38E#2B24004011000000
(1786378364.194632) can0 38F#B12AE25302000000
(1786378364.195219) can0 38E#7625004011000000
(1786378364.204492) can0 38E#9126004011000000
(1786378364.214587) can0 38F#EC2BE25302000000
(1786378364.214999) can0 38E#CC27004011000000
(1786378364.224507) can0 38E#9028004011000000
(1786378364.234558) can0 38F#622CE25302000000
(1786378364.235086) can0 38E#CD29004011000000
(1786378364.244466) can0 38E#2A2A004011000000
(1786378364.254546) can0 38F#3F2DE25302000000
(1786378364.254924) can0 38E#772B004011000000
(1786378364.264567) can0 38E#F92C004011000000
(1786378364.274441) can0 38F#D82EE25302000000
(1786378364.275156) can0 38E#A42D004011000000
(1786378364.284597) can0 38E#432E004011000000
(1786378364.294540) can0 38F#852FE25302000000
(1786378364.294901) can0 38E#1E2F004011000000
(1786378364.304537) can0 38E#4220004011000000
(1786378364.314488) can0 38F#D920E25302000000
(1786378364.314971) can0 38E#1F21004011000000
(1786378364.324544) can0 38E#F822004011000000
(1786378364.334629) can0 38F#8421E25302000000
(1786378364.335021) can0 38E#A523004011000000
(1786378364.344546) can0 38E#2B24004011000000
(1786378364.354493) can0 38F#6322E25302000000
(1786378364.354936) can0 38E#7625004011000000
(1786378364.364537) can0 38E#9126004011000000
(1786378364.374578) can0 38F#3E23E25302000000
(1786378364.374924) can0 38E#CC27004011000000
(1786378364.384573) can0 38E#9028004011000000
(1786378364.394657) can0 38F#B024E25302000000
(1786378364.395009) can0 38E#CD29004011000000
(1786378364.404489) can0 38E#2A2A004011000000
(1786378364.414545) can0 38F#ED25E25302000000
(1786378364.414972) can0 38E#772B004011000000
(1786378364.424530) can0 38E#F92C004011000000
(1786378364.434579) can0 38F#0A26E25302000000
(1786378364.435007) can0 38E#A42D004011000000
(1786378364.444565) can0 38E#432E004011000000
(1786378364.454538) can0 38F#5727E25302000000
(1786378364.454909) can0 38E#1E2F004011000000
(1786378364.464567) can0 38E#4220004011000000
(1786378364.474399) can0 38F#0B28E25302000000
(1786378364.474687) can0 38E#1F21004011000000
(1786378364.484479) can0 38E#F822004011000000
(1786378364.494490) can0 38F#5629E25302000000
(1786378364.494879) can0 38E#A523004011000000
(1786378364.504451) can0 38E#2B24004011000000
(1786378364.514465) can0 38F#B12AE25302000000
(1786378364.514870) can0 38E#7625004011000000
(1786378364.524488) can0 38E#9126004011000000
(1786378364.534504) can0 38F#EC2BE25302000000
(1786378364.534931) can0 38E#CC27004011000000
(1786378364.544614) can0 38E#9028004011000000
(1786378364.554503) can0 38F#622CE25302000000
(1786378364.554863) can0 38E#CD29004011000000
(1786378364.564671) can0 38E#2A2A004011000000
(1786378364.574616) can0 38F#3F2DE25302000000
(1786378364.575154) can0 38E#772B004011000000
(1786378364.584529) can0 38E#F92C004011000000
(1786378364.594544) can0 38F#D82EE25302000000
(1786378364.594987) can0 38E#A42D004011000000
(1786378364.604527) can0 38E#432E004011000000
(1786378364.614486) can0 38F#852FE25302000000
(1786378364.614941) can0 38E#1E2F004011000000
(1786378364.624524) can0 38E#4220004011000000
(1786378364.634538) can0 38F#D920E25302000000
(1786378364.634929) can0 38E#1F21004011000000
(1786378364.644533) can0 38E#F822004011000000
(1786378364.654462) can0 38F#8421E25302000000
(1786378364.654805) can0 38E#A523004011000000
(1786378364.664565) can0 38E#2B24004011000000
(1786378364.674500) can0 38F#6322E25302000000
(1786378364.674931) can0 38E#7625004011000000
(1786378364.684553) can0 38E#9126004011000000
(1786378364.694634) can0 38F#3E23E25302000000
(1786378364.695197) can0 38E#CC27004011000000
(1786378364.704492) can0 38E#9028004011000000
(1786378364.714564) can0 38F#B024E25302000000
(1786378364.715121) can0 38E#CD29004011000000
(1786378364.724497) can0 38E#2A2A004011000000
(1786378364.734500) can0 38F#ED25E25302000000
(1786378364.734786) can0 38E#772B004011000000
(1786378364.744588) can0 38E#F92C004011000000
(1786378364.754480) can0 38F#0A26E25302000000
(1786378364.754893) can0 38E#A42D004011000000
(1786378364.764493) can0 38E#432E004011000000
(1786378364.774553) can0 38F#5727E25302000000
(1786378364.774896) can0 38E#1E2F004011000000
(1786378364.784504) can0 38E#4220004011000000
(1786378364.794409) can0 38F#0B28E25302000000
(1786378364.794674) can0 38E#1F21004011000000
(1786378364.804470) can0 38E#F822004011000000
(1786378364.814518) can0 38F#5629E25302000000
(1786378364.814864) can0 38E#A523004011000000
(1786378364.824496) can0 38E#2B24004011000000
(1786378364.834403) can0 38F#B12AE25302000000
(1786378364.834715) can0 38E#7625004011000000
(1786378364.844460) can0 38E#9126004011000000
(1786378364.854435) can0 38F#EC2BE25302000000
(1786378364.854759) can0 38E#CC27004011000000
(1786378364.864498) can0 38E#9028004011000000
(1786378364.874417) can0 38F#622CE25302000000
(1786378364.874701) can0 38E#CD29004011000000
(1786378364.884528) can0 38E#2A2A004011000000
(1786378364.894454) can0 38F#3F2DE25302000000
(1786378364.894765) can0 38E#772B004011000000
(1786378364.904452) can0 38E#F92C004011000000
(1786378364.914474) can0 38F#D82EE25302000000
(1786378364.914806) can0 38E#A42D004011000000
(1786378364.924453) can0 38E#432E004011000000
(1786378364.934481) can0 38F#852FE25302000000
(1786378364.934751) can0 38E#1E2F004011000000
(1786378364.944464) can0 38E#4220004011000000
(1786378364.954167) can0 38F#D920E25302000000
(1786378364.954521) can0 38E#1F21004011000000
(1786378364.964594) can0 38E#F822004011000000
(1786378364.974494) can0 38F#8421E25302000000
(1786378364.974889) can0 38E#A523004011000000
(1786378364.984502) can0 38E#2B24004011000000
(1786378364.994583) can0 38F#6322E25302000000
(1786378364.995099) can0 38E#7625004011000000
(1786378365.004533) can0 38E#9126004011000000
(1786378365.014535) can0 38F#3E23E25302000000
(1786378365.014942) can0 38E#CC27004011000000
(1786378365.024475) can0 38E#9028004011000000
(1786378365.034438) can0 38F#B024E25302000000
(1786378365.034806) can0 38E#CD29004011000000
(1786378365.044440) can0 38E#2A2A004011000000
(1786378365.054471) can0 38F#ED25E25302000000
(1786378365.054778) can0 38E#772B004011000000
(1786378365.064538) can0 38E#F92C004011000000
(1786378365.074435) can0 38F#0A26E25302000000
(1786378365.074791) can0 38E#A42D004011000000
(1786378365.084460) can0 38E#432E004011000000
(1786378365.094677) can0 38F#5727E25302000000
(1786378365.095196) can0 38E#1E2F004011000000
(1786378365.104424) can0 38E#4220004011000000
(1786378365.114439) can0 38F#0B28E25302000000
(1786378365.114937) can0 38E#1F21004011000000
(1786378365.124565) can0 38E#F822004011000000
(1786378365.134520) can0 38F#5629E25302000000
(1786378365.134912) can0 38E#A523004011000000
(1786378365.144560) can0 38E#2B24004011000000
(1786378365.154420) can0 38F#B12AE25302000000
(1786378365.154777) can0 38E#7625004011000000
(1786378365.164563) can0 38E#9126004011000000
(1786378365.174451) can0 38F#EC2BE25302000000
(1786378365.174769) can0 38E#CC27004011000000
(1786378365.184486) can0 38E#9028004011000000
(1786378365.194490) can0 38F#622CE25302000000
(1786378365.194937) can0 38E#CD29004011000000
(1786378365.204553) can0 38E#2A2A004011000000
(1786378365.214609) can0 38F#3F2DE25302000000
(1786378365.215116) can0 38E#772B004011000000
(1786378365.224434) can0 38E#F92C004011000000
(1786378365.234502) can0 38F#D82EE25302000000
(1786378365.234945) can0 38E#A42D004011000000
(1786378365.244594) can0 38E#432E004011000000
(1786378365.254435) can0 38F#852FE25302000000
(1786378365.254769) can0 38E#1E2F004011000000
(1786378365.264515) can0 38E#4220004011000000
(1786378365.274480) can0 38F#D920E25302000000
(1786378365.274946) can0 38E#1F21004011000000
(1786378365.284533) can0 38E#F822004011000000
(1786378365.294617) can0 38F#8421E25302000000
(1786378365.295094) can0 38E#A523004011000000
(1786378365.304462) can0 38E#2B24004011000000
(1786378365.314439) can0 38F#6322E25302000000
(1786378365.314859) can0 38E#7625004011000000
(1786378365.324434) can0 38E#9126004011000000
(1786378365.334469) can0 38F#3E23E25302000000
(1786378365.334854) can0 38E#CC27004011000000
(1786378365.344483) can0 38E#9028004011000000
(1786378365.354400) can0 38F#B024E25302000000
(1786378365.354780) can0 38E#CD29004011000000
(1786378365.364684) can0 38E#2A2A004011000000
(1786378365.374556) can0 38F#ED25E25302000000
(1786378365.374884) can0 38E#772B004011000000
(1786378365.384170) can0 38E#F92C004011000000
(1786378365.394447) can0 38F#0A26E25302000000
(1786378365.394939) can0 38E#A42D004011000000
(1786378365.404545) can0 38E#432E004011000000
(1786378365.414475) can0 38F#5727E25302000000
(1786378365.414904) can0 38E#1E2F004011000000
(1786378365.424494) can0 38E#4220004011000000
(1786378365.434330) can0 38F#0B28E25302000000
(1786378365.434724) can0 38E#1F21004011000000
(1786378365.444483) can0 38E#F822004011000000
(1786378365.454542) can0 38F#5629E25302000000
(1786378365.454864) can0 38E#A523004011000000
(1786378365.464530) can0 38E#2B24004011000000
(1786378365.474454) can0 38F#B12AE25302000000
(1786378365.474834) can0 38E#7625004011000000
(1786378365.484483) can0 38E#9126004011000000
(1786378365.494593) can0 38F#EC2BE25302000000
(1786378365.495062) can0 38E#CC27004011000000
(1786378365.504499) can0 38E#9028004011000000
(1786378365.514402) can0 38F#622CE25302000000
(1786378365.514763) can0 38E#CD29004011000000
(1786378365.524500) can0 38E#2A2A004011000000
(1786378365.534465) can0 38F#3F2DE25302000000
(1786378365.534801) can0 38E#772B004011000000
(1786378365.544505) can0 38E#F92C004011000000
(1786378365.554423) can0 38F#D82EE25302000000
(1786378365.554746) can0 38E#A42D004011000000
(1786378365.564517) can0 38E#432E004011000000
(1786378365.574523) can0 38F#852FE25302000000
(1786378365.574908) can0 38E#1E2F004011000000
(1786378365.584539) can0 38E#4220004011000000
(1786378365.594470) can0 38F#D920E25302000000
(1786378365.594930) can0 38E#1F21004011000000
(1786378365.604394) can0 38E#F822004011000000
(1786378365.614388) can0 38F#8421E25302000000
(1786378365.614751) can0 38E#A523004011000000
(1786378365.624405) can0 38E#2B24004011000000
(1786378365.634441) can0 38F#6322E25302000000
(1786378365.634695) can0 38E#7625004011000000
(1786378365.644425) can0 38E#9126004011000000
(1786378365.654385) can0 38F#3E23E25302000000
(1786378365.654621) can0 38E#CC27004011000000
(1786378365.664491) can0 38E#9028004011000000
(1786378365.674496) can0 38F#B024E25302000000
(1786378365.674848) can0 38E#CD29004011000000
(1786378365.684494) can0 38E#2A2A004011000000
(1786378365.694401) can0 38F#ED25E25302000000
(1786378365.694650) can0 38E#772B004011000000
(1786378365.704424) can0 38E#F92C004011000000
(1786378365.714378) can0 38F#0A26E25302000000
(1786378365.714620) can0 38E#A42D004011000000
(1786378365.724440) can0 38E#432E004011000000
(1786378365.734535) can0 38F#5727E25302000000
(1786378365.734893) can0 38E#1E2F004011000000
(1786378365.744523) can0 38E#4220004011000000
(1786378365.754460) can0 38F#0B28E25302000000
(1786378365.754776) can0 38E#1F21004011000000
(1786378365.764401) can0 38E#F822004011000000
(1786378365.774421) can0 38F#5629E25302000000
(1786378365.774631) can0 38E#A523004011000000
(1786378365.784361) can0 38E#2B24004011000000
(1786378365.794451) can0 38F#B12AE25302000000
(1786378365.794688) can0 38E#7625004011000000
(1786378365.804436) can0 38E#9126004011000000
(1786378365.814073) can0 38F#EC2BE25302000000
(1786378365.814375) can0 38E#CC27004011000000
(1786378365.824383) can0 38E#9028004011000000
(1786378365.834403) can0 38F#622CE25302000000
(1786378365.834655) can0 38E#CD29004011000000
(1786378365.844512) can0 38E#2A2A004011000000
(1786378365.854466) can0 38F#3F2DE25302000000
(1786378365.854737) can0 38E#772B004011000000
(1786378365.864379) can0 38E#F92C004011000000
(1786378365.874417) can0 38F#D82EE25302000000
(1786378365.874680) can0 38E#A42D004011000000
(1786378365.884422) can0 38E#432E004011000000
(1786378365.894439) can0 38F#852FE25302000000
(1786378365.894814) can0 38E#1E2F004011000000
(1786378365.904432) can0 38E#4220004011000000
(1786378365.914428) can0 38F#D920E25302000000
(1786378365.914918) can0 38E#1F21004011000000
(1786378365.924411) can0 38E#F822004011000000
(1786378365.934358) can0 38F#8421E25302000000
(1786378365.934688) can0 38E#A523004011000000
(1786378365.944390) can0 38E#2B24004011000000
(1786378365.954435) can0 38F#6322E25302000000
(1786378365.954696) can0 38E#7625004011000000
(1786378365.964374) can0 38E#9126004011000000
(1786378365.974449) can0 38F#3E23E25302000000
(1786378365.974772) can0 38E#CC27004011000000
(1786378365.984403) can0 38E#9028004011000000
(1786378365.994398) can0 38F#B024E25302000000
(1786378365.994614) can0 38E#CD29004011000000
(1786378366.004403) can0 38E#2A2A004011000000
(1786378366.014361) can0 38F#ED25E25302000000
(1786378366.014603) can0 38E#772B004011000000
(1786378366.024482) can0 38E#F92C004011000000
(1786378366.034453) can0 38F#0A26E25302000000
(1786378366.034858) can0 38E#A42D004011000000
(1786378366.044604) can0 38E#432E004011000000
(1786378366.054420) can0 38F#5727E25302000000
(1786378366.054680) can0 38E#1E2F004011000000
(1786378366.064558) can0 38E#4220004011000000
(1786378366.074386) can0 38F#0B28E25302000000
(1786378366.074713) can0 38E#1F21004011000000
(1786378366.084342) can0 38E#F822004011000000
(1786378366.094474) can0 38F#5629E25302000000
(1786378366.094861) can0 38E#A523004011000000
(1786378366.104441) can0 38E#2B24004011000000
(1786378366.114406) can0 38F#B12AE25302000000
(1786378366.114736) can0 38E#7625004011000000
(1786378366.124398) can0 38E#9126004011000000
(1786378366.134393) can0 38F#EC2BE25302000000
(1786378366.134657) can0 38E#CC27004011000000
(1786378366.144379) can0 38E#9028004011000000
(1786378366.154412) can0 38F#622CE25302000000
(1786378366.154749) can0 38E#CD29004011000000
(1786378366.164395) can0 38E#2A2A004011000000
(1786378366.174415) can0 38F#3F2DE25302000000
(1786378366.174693) can0 38E#772B004011000000
(1786378366.184374) can0 38E#F92C004011000000
(1786378366.194422) can0 38F#D82EE25302000000
(1786378366.194651) can0 38E#A42D004011000000
(1786378366.204449) can0 38E#432E004011000000
(1786378366.214392) can0 38F#852FE25302000000
(1786378366.214694) can0 38E#1E2F004011000000
(1786378366.224434) can0 38E#4220004011000000
(1786378366.234419) can0 38F#D920E25302000000
(1786378366.234766) can0 38E#1F21004011000000
(1786378366.244419) can0 38E#F822004011000000
(1786378366.254402) can0 38F#8421E25302000000
(1786378366.254696) can0 38E#A523004011000000
(1786378366.264420) can0 38E#2B24004011000000
(1786378366.274382) can0 38F#6322E25302000000
(1786378366.274648) can0 38E#7625004011000000
(1786378366.284490) can0 38E#9126004011000000
(1786378366.294389) can0 38F#3E23E25302000000
(1786378366.294674) can0 38E#CC27004011000000
(1786378366.304469) can0 38E#9028004011000000
(1786378366.314418) can0 38F#B024E25302000000
(1786378366.314640) can0 38E#CD29004011000000
(1786378366.324433) can0 38E#2A2A004011000000
(1786378366.334479) can0 38F#ED25E25302000000
(1786378366.334805) can0 38E#772B004011000000
(1786378366.344433) can0 38E#F92C004011000000
(1786378366.354400) can0 38F#0A26E25302000000
(1786378366.354696) can0 38E#A42D004011000000
(1786378366.364333) can0 38E#432E004011000000
(1786378366.374338) can0 38F#5727E25302000000
(1786378366.374567) can0 38E#1E2F004011000000
(1786378366.384432) can0 38E#4220004011000000
(1786378366.394345) can0 38F#0B28E25302000000
(1786378366.394557) can0 38E#1F21004011000000
(1786378366.404405) can0 38E#F822004011000000
(1786378366.414415) can0 38F#5629E25302000000
(1786378366.414676) can0 38E#A523004011000000
(1786378366.424406) can0 38E#2B24004011000000
(1786378366.434452) can0 38F#B12AE25302000000
(1786378366.434835) can0 38E#7625004011000000
(1786378366.444513) can0 38E#9126004011000000
(1786378366.454484) can0 38F#EC2BE25302000000
(1786378366.454906) can0 38E#CC27004011000000
(1786378366.464475) can0 38E#9028004011000000
(1786378366.474366) can0 38F#622CE25302000000
(1786378366.474702) can0 38E#CD29004011000000
(1786378366.484416) can0 38E#2A2A004011000000
(1786378366.494489) can0 38F#3F2DE25302000000
(1786378366.494835) can0 38E#772B004011000000
(1786378366.504417) can0 38E#F92C004011000000
(1786378366.514369) can0 38F#D82EE25302000000
(1786378366.514672) can0 38E#A42D004011000000
(1786378366.524392) can0 38E#432E004011000000
(1786378366.534389) can0 38F#852FE25302000000
(1786378366.534611) can0 38E#1E2F004011000000
(1786378366.544499) can0 38E#4220004011000000
(1786378366.554372) can0 38F#D920E25302000000
(1786378366.554697) can0 38E#1F21004011000000
(1786378366.564345) can0 38E#F822004011000000
(1786378366.574388) can0 38F#8421E25302000000
(1786378366.574637) can0 38E#A523004011000000
(1786378366.584370) can0 38E#2B24004011000000
(1786378366.594435) can0 38F#6322E25302000000
(1786378366.594667) can0 38E#7625004011000000
(1786378366.604385) can0 38E#9126004011000000
(1786378366.614429) can0 38F#3E23E25302000000
(1786378366.614762) can0 38E#CC27004011000000
(1786378366.624381) can0 38E#9028004011000000
(1786378366.634404) can0 38F#B024E25302000000
(1786378366.634684) can0 38E#CD29004011000000
(1786378366.644378) can0 38E#2A2A004011000000
(1786378366.654428) can0 38F#ED25E25302000000
(1786378366.654722) can0 38E#772B004011000000
(1786378366.664483) can0 38E#F92C004011000000
(1786378366.674174) can0 38F#0A26E25302000000
(1786378366.674491) can0 38E#A42D004011000000
(1786378366.684405) can0 38E#432E004011000000
(1786378366.694529) can0 38F#5727E25302000000
(1786378366.694858) can0 38E#1E2F004011000000
(1786378366.704436) can0 38E#4220004011000000
(1786378366.714419) can0 38F#0B28E25302000000
(1786378366.714727) can0 38E#1F21004011000000
(1786378366.724350) can0 38E#F822004011000000
(1786378366.734368) can0 38F#5629E25302000000
(1786378366.734604) can0 38E#A523004011000000
(1786378366.744509) can0 38E#2B24004011000000
(1786378366.754363) can0 38F#B12AE25302000000
(1786378366.754660) can0 38E#7625004011000000
(1786378366.764452) can0 38E#9126004011000000
(1786378366.774525) can0 38F#EC2BE25302000000
(1786378366.774876) can0 38E#CC27004011000000
(1786378366.784408) can0 38E#9028004011000000
(1786378366.794374) can0 38F#622CE25302000000
(1786378366.794683) can0 38E#CD29004011000000
(1786378366.804429) can0 38E#2A2A004011000000
(1786378366.814495) can0 38F#3F2DE25302000000
(1786378366.814874) can0 38E#772B004011000000
(1786378366.824372) can0 38E#F92C004011000000
(1786378366.834355) can0 38F#D82EE25302000000
(1786378366.834648) can0 38E#A42D004011000000
(1786378366.844411) can0 38E#432E004011000000
(1786378366.854377) can0 38F#852FE25302000000
(1786378366.854625) can0 38E#1E2F004011000000
(1786378366.864509) can0 38E#4220004011000000
(1786378366.874407) can0 38F#D920E25302000000
(1786378366.874754) can0 38E#1F21004011000000
(1786378366.884449) can0 38E#F822004011000000
(1786378366.894387) can0 38F#8421E25302000000
(1786378366.894732) can0 38E#A523004011000000
(1786378366.904357) can0 38E#2B24004011000000
(1786378366.914454) can0 38F#6322E25302000000
(1786378366.914952) can0 38E#7625004011000000
(1786378366.924451) can0 38E#9126004011000000
(1786378366.934474) can0 38F#3E23E25302000000
(1786378366.934869) can0 38E#CC27004011000000
(1786378366.944437) can0 38E#9028004011000000
(1786378366.954356) can0 38F#B024E25302000000
(1786378366.954647) can0 38E#CD29004011000000
(1786378366.964417) can0 38E#2A2A004011000000
(1786378366.974374) can0 38F#ED25E25302000000
(1786378366.974597) can0 38E#772B004011000000
(1786378366.984347) can0 38E#F92C004011000000
(1786378366.994378) can0 38F#0A26E25302000000
(1786378366.994709) can0 38E#A42D004011000000
(1786378367.004414) can0 38E#432E004011000000
(1786378367.014441) can0 38F#5727E25302000000
(1786378367.014743) can0 38E#1E2F004011000000
(1786378367.024401) can0 38E#4220004011000000
(1786378367.034443) can0 38F#0B28E25302000000
(1786378367.034868) can0 38E#1F21004011000000
(1786378367.044490) can0 38E#F822004011000000
(1786378367.054420) can0 38F#5629E25302000000
(1786378367.054730) can0 38E#A523004011000000
(1786378367.064372) can0 38E#2B24004011000000
(1786378367.074326) can0 38F#B12AE25302000000
(1786378367.074561) can0 38E#7625004011000000
(1786378367.084318) can0 38E#9126004011000000
(1786378367.094409) can0 38F#EC2BE25302000000
(1786378367.094674) can0 38E#CC27004011000000
(1786378367.104336) can0 38E#9028004011000000
(1786378367.114351) can0 38F#622CE25302000000
(1786378367.114619) can0 38E#CD29004011000000
(1786378367.124487) can0 38E#2A2A004011000000
(1786378367.134342) can0 38F#3F2DE25302000000
(1786378367.134550) can0 38E#772B004011000000
(1786378367.144375) can0 38E#F92C004011000000
(1786378367.154298) can0 38F#D82EE25302000000
(1786378367.154589) can0 38E#A42D004011000000
(1786378367.164415) can0 38E#432E004011000000
(1786378367.174496) can0 38F#852FE25302000000
(1786378367.174841) can0 38E#1E2F004011000000
(1786378367.184401) can0 38E#4220004011000000
(1786378367.194378) can0 38F#D920E25302000000
(1786378367.194699) can0 38E#1F21004011000000
(1786378367.204403) can0 38E#F822004011000000
(1786378367.214382) can0 38F#8421E25302000000
(1786378367.214681) can0 38E#A523004011000000
(1786378367.224377) can0 38E#2B24004011000000
(1786378367.234369) can0 38F#6322E25302000000
(1786378367.234653) can0 38E#7625004011000000
(1786378367.244472) can0 38E#9126004011000000
(1786378367.254356) can0 38F#3E23E25302000000
(1786378367.254608) can0 38E#CC27004011000000
(1786378367.264341) can0 38E#9028004011000000
(1786378367.274442) can0 38F#B024E25302000000
(1786378367.274703) can0 38E#CD29004011000000
(1786378367.284353) can0 38E#2A2A004011000000
(1786378367.294416) can0 38F#ED25E25302000000
(1786378367.294725) can0 38E#772B004011000000
(1786378367.304457) can0 38E#F92C004011000000
(1786378367.314370) can0 38F#0A26E25302000000
(1786378367.314673) can0 38E#A42D004011000000
(1786378367.324319) can0 38E#432E004011000000
(1786378367.334395) can0 38F#5727E25302000000
(1786378367.334767) can0 38E#1E2F004011000000
(1786378367.344473) can0 38E#4220004011000000
(1786378367.354419) can0 38F#0B28E25302000000
(1786378367.354889) can0 38E#1F21004011000000
(1786378367.364498) can0 38E#F822004011000000
(1786378367.374430) can0 38F#5629E25302000000
(1786378367.374748) can0 38E#A523004011000000
(1786378367.384450) can0 38E#2B24004011000000
(1786378367.394439) can0 38F#B12AE25302000000
(1786378367.394723) can0 38E#7625004011000000
(1786378367.404371) can0 38E#9126004011000000
(1786378367.414457) can0 38F#EC2BE25302000000
(1786378367.414924) can0 38E#CC27004011000000
(1786378367.424346) can0 38E#9028004011000000
(1786378367.434472) can0 38F#622CE25302000000
(1786378367.434885) can0 38E#CD29004011000000
(1786378367.444475) can0 38E#2A2A004011000000
(1786378367.454407) can0 38F#3F2DE25302000000
(1786378367.454738) can0 38E#772B004011000000
(1786378367.464329) can0 38E#F92C004011000000
(1786378367.474310) can0 38F#D82EE25302000000
(1786378367.474544) can0 38E#A42D004011000000
(1786378367.484343) can0 38E#432E004011000000
(1786378367.494430) can0 38F#852FE25302000000
(1786378367.494682) can0 38E#1E2F004011000000
(1786378367.504343) can0 38E#4220004011000000
(1786378367.514362) can0 38F#D920E25302000000
(1786378367.514589) can0 38E#1F21004011000000
(1786378367.524421) can0 38E#F822004011000000
(1786378367.534311) can0 38F#8421E25302000000
(1786378367.534506) can0 38E#A523004011000000
(1786378367.544314) can0 38E#2B24004011000000
(1786378367.554370) can0 38F#6322E25302000000
(1786378367.554605) can0 38E#7625004011000000
(1786378367.564498) can0 38E#9126004011000000
(1786378367.574488) can0 38F#3E23E25302000000
(1786378367.574833) can0 38E#CC27004011000000
(1786378367.584405) can0 38E#9028004011000000
(1786378367.594398) can0 38F#B024E25302000000
(1786378367.594680) can0 38E#CD29004011000000
(1786378367.604454) can0 38E#2A2A004011000000
(1786378367.614431) can0 38F#ED25E25302000000
(1786378367.614771) can0 38E#772B004011000000
(1786378367.624379) can0 38E#F92C004011000000
(1786378367.634386) can0 38F#0A26E25302000000
(1786378367.634678) can0 38E#A42D004011000000
(1786378367.644413) can0 38E#432E004011000000
(1786378367.654347) can0 38F#5727E25302000000
(1786378367.654607) can0 38E#1E2F004011000000
(1786378367.664349) can0 38E#4220004011000000
(1786378367.674395) can0 38F#0B28E25302000000
(1786378367.674626) can0 38E#1F21004011000000
(1786378367.684276) can0 38E#F822004011000000
(1786378367.694408) can0 38F#5629E25302000000
(1786378367.694684) can0 38E#A523004011000000
(1786378367.704406) can0 38E#2B24004011000000
(1786378367.714352) can0 38F#B12AE25302000000
(1786378367.714673) can0 38E#7625004011000000
(1786378367.724384) can0 38E#9126004011000000
(1786378367.734402) can0 38F#EC2BE25302000000
(1786378367.734649) can0 38E#CC27004011000000
(1786378367.744425) can0 38E#9028004011000000
(1786378367.754321) can0 38F#622CE25302000000
(1786378367.754620) can0 38E#CD29004011000000
(1786378367.764312) can0 38E#2A2A004011000000
(1786378367.774337) can0 38F#3F2DE25302000000
(1786378367.774564) can0 38E#772B004011000000
(1786378367.784401) can0 38E#F92C004011000000
(1786378367.794335) can0 38F#D82EE25302000000
(1786378367.794567) can0 38E#A42D004011000000
(1786378367.804371) can0 38E#432E004011000000
(1786378367.814346) can0 38F#852FE25302000000
(1786378367.814578) can0 38E#1E2F004011000000
(1786378367.824408) can0 38E#4220004011000000
(1786378367.834439) can0 38F#D920E25302000000
(1786378367.834836) can0 38E#1F21004011000000
(1786378367.844413) can0 38E#F822004011000000
(1786378367.854342) can0 38F#8421E25302000000
(1786378367.854645) can0 38E#A523004011000000
(1786378367.864387) can0 38E#2B24004011000000
(1786378367.874343) can0 38F#6322E25302000000
(1786378367.874594) can0 38E#7625004011000000
(1786378367.884348) can0 38E#9126004011000000
(1786378367.894408) can0 38F#3E23E25302000000
(1786378367.894701) can0 38E#CC27004011000000
(1786378367.904408) can0 38E#9028004011000000
(1786378367.914421) can0 38F#B024E25302000000
(1786378367.914716) can0 38E#CD29004011000000
(1786378367.924365) can0 38E#2A2A004011000000
(1786378367.934336) can0 38F#ED25E25302000000
(1786378367.934608) can0 38E#772B004011000000
(1786378367.944410) can0 38E#F92C004011000000
(1786378367.954336) can0 38F#0A26E25302000000
(1786378367.954570) can0 38E#A42D004011000000
(1786378367.964176) can0 38E#432E004011000000
(1786378367.974398) can0 38F#5727E25302000000
(1786378367.974757) can0 38E#1E2F004011000000
(1786378367.984373) can0 38E#4220004011000000
(1786378367.994392) can0 38F#0B28E25302000000
(1786378367.994760) can0 38E#1F21004011000000
(1786378368.004398) can0 38E#F822004011000000
(1786378368.014436) can0 38F#5629E25302000000
(1786378368.014892) can0 38E#A523004011000000
(1786378368.024374) can0 38E#2B24004011000000
(1786378368.034404) can0 38F#B12AE25302000000
(1786378368.034669) can0 38E#7625004011000000
(1786378368.044379) can0 38E#9126004011000000
(1786378368.054324) can0 38F#EC2BE25302000000
(1786378368.054554) can0 38E#CC27004011000000
(1786378368.064339) can0 38E#9028004011000000
(1786378368.074414) can0 38F#622CE25302000000
(1786378368.074682) can0 38E#CD29004011000000
(1786378368.084309) can0 38E#2A2A004011000000
(1786378368.094356) can0 38F#3F2DE25302000000
(1786378368.094593) can0 38E#772B004011000000
(1786378368.104395) can0 38E#F92C004011000000
(1786378368.114306) can0 38F#D82EE25302000000
(1786378368.114545) can0 38E#A42D004011000000
(1786378368.124322) can0 38E#432E004011000000
(1786378368.134351) can0 38F#852FE25302000000
(1786378368.134584) can0 38E#1E2F004011000000
(1786378368.144328) can0 38E#4220004011000000
(1786378368.154339) can0 38F#D920E25302000000
(1786378368.154573) can0 38E#1F21004011000000
(1786378368.164379) can0 38E#F822004011000000
(1786378368.174430) can0 38F#8421E25302000000
(1786378368.174685) can0 38E#A523004011000000
(1786378368.184261) can0 38E#2B24004011000000
(1786378368.194321) can0 38F#6322E25302000000
(1786378368.194574) can0 38E#7625004011000000
(1786378368.204381) can0 38E#9126004011000000
(1786378368.214447) can0 38F#3E23E25302000000
(1786378368.214779) can0 38E#CC27004011000000
(1786378368.224387) can0 38E#9028004011000000
(1786378368.234329) can0 38F#B024E25302000000
(1786378368.234627) can0 38E#CD29004011000000
(1786378368.244377) can0 38E#2A2A004011000000
(1786378368.254406) can0 38F#ED25E25302000000
(1786378368.254742) can0 38E#772B004011000000
(1786378368.264434) can0 38E#F92C004011000000
(1786378368.274352) can0 38F#0A26E25302000000
(1786378368.274656) can0 38E#A42D004011000000
(1786378368.284400) can0 38E#432E004011000000
(1786378368.294530) can0 38F#5727E25302000000
(1786378368.294921) can0 38E#1E2F004011000000
(1786378368.304472) can0 38E#4220004011000000
(1786378368.314398) can0 38F#0B28E25302000000
(1786378368.314701) can0 38E#1F21004011000000
(1786378368.324386) can0 38E#F822004011000000
(1786378368.334399) can0 38F#5629E25302000000
(1786378368.334716) can0 38E#A523004011000000
(1786378368.344426) can0 38E#2B24004011000000
(1786378368.354378) can0 38F#B12AE25302000000
(1786378368.354629) can0 38E#7625004011000000
(1786378368.364305) can0 38E#9126004011000000
(1786378368.374390) can0 38F#EC2BE25302000000
(1786378368.374640) can0 38E#CC27004011000000
(1786378368.384362) can0 38E#9028004011000000
(1786378368.394326) can0 38F#622CE25302000000
(1786378368.394539) can0 38E#CD29004011000000
(1786378368.404275) can0 38E#2A2A004011000000
(1786378368.414444) can0 38F#3F2DE25302000000
(1786378368.414733) can0 38E#772B004011000000
(1786378368.424390) can0 38E#F92C004011000000
(1786378368.434378) can0 38F#D82EE25302000000
(1786378368.434675) can0 38E#A42D004011000000
(1786378368.444314) can0 38E#432E004011000000
(1786378368.454361) can0 38F#852FE25302000000
(1786378368.454697) can0 38E#1E2F004011000000
(1786378368.464464) can0 38E#4220004011000000
(1786378368.474376) can0 38F#D920E25302000000
(1786378368.474798) can0 38E#1F21004011000000
(1786378368.484405) can0 38E#F822004011000000
(1786378368.494385) can0 38F#8421E25302000000
(1786378368.494715) can0 38E#A523004011000000
(1786378368.504379) can0 38E#2B24004011000000
(1786378368.514370) can0 38F#6322E25302000000
(1786378368.514774) can0 38E#7625004011000000
(1786378368.524355) can0 38E#9126004011000000
(1786378368.534484) can0 38F#3E23E25302000000
(1786378368.534852) can0 38E#CC27004011000000
(1786378368.544353) can0 38E#9028004011000000
(1786378368.554398) can0 38F#B024E25302000000
(1786378368.554696) can0 38E#CD29004011000000
(1786378368.564375) can0 38E#2A2A004011000000
(1786378368.574351) can0 38F#ED25E25302000000
(1786378368.574622) can0 38E#772B004011000000
(1786378368.584494) can0 38E#F92C004011000000
(1786378368.594465) can0 38F#0A26E25302000000
(1786378368.594765) can0 38E#A42D004011000000
(1786378368.604429) can0 38E#432E004011000000
(1786378368.614043) can0 38F#5727E25302000000
(1786378368.614429) can0 38E#1E2F004011000000
(1786378368.624353) can0 38E#4220004011000000
(1786378368.634326) can0 38F#0B28E25302000000
(1786378368.634650) can0 38E#1F21004011000000
(1786378368.644387) can0 38E#F822004011000000
(1786378368.654387) can0 38F#5629E25302000000
(1786378368.654661) can0 38E#A523004011000000
(1786378368.664373) can0 38E#2B24004011000000
(1786378368.674349) can0 38F#B12AE25302000000
(1786378368.674609) can0 38E#7625004011000000
(1786378368.684407) can0 38E#9126004011000000
(1786378368.694414) can0 38F#EC2BE25302000000
(1786378368.694757) can0 38E#CC27004011000000
(1786378368.704363) can0 38E#9028004011000000
(1786378368.714324) can0 38F#622CE25302000000
(1786378368.714675) can0 38E#CD29004011000000
(1786378368.724364) can0 38E#2A2A004011000000
(1786378368.734473) can0 38F#3F2DE25302000000
(1786378368.734861) can0 38E#772B004011000000
(1786378368.744402) can0 38E#F92C004011000000
(1786378368.754336) can0 38F#D82EE25302000000
(1786378368.754593) can0 38E#A42D004011000000
(1786378368.764443) can0 38E#432E004011000000
(1786378368.774397) can0 38F#852FE25302000000
(1786378368.774705) can0 38E#1E2F004011000000
(1786378368.784476) can0 38E#4220004011000000
(1786378368.794325) can0 38F#D920E25302000000
(1786378368.794646) can0 38E#1F21004011000000
(1786378368.804494) can0 38E#F822004011000000
(1786378368.814455) can0 38F#8421E25302000000
(1786378368.814865) can0 38E#A523004011000000
(1786378368.824055) can0 38E#2B24004011000000
(1786378368.834369) can0 38F#6322E25302000000
(1786378368.834774) can0 38E#7625004011000000
(1786378368.844506) can0 38E#9126004011000000
(1786378368.854398) can0 38F#3E23E25302000000
(1786378368.854704) can0 38E#CC27004011000000
(1786378368.864410) can0 38E#9028004011000000
(1786378368.874252) can0 38F#B024E25302000000
(1786378368.874512) can0 38E#CD29004011000000
(1786378368.884403) can0 38E#2A2A004011000000
(1786378368.894464) can0 38F#ED25E25302000000
(1786378368.894780) can0 38E#772B004011000000
(1786378368.904427) can0 38E#F92C004011000000
(1786378368.914370) can0 38F#0A26E25302000000
(1786378368.914631) can0 38E#A42D004011000000
(1786378368.924347) can0 38E#432E004011000000
(1786378368.934387) can0 38F#5727E25302000000
(1786378368.934700) can0 38E#1E2F004011000000
(1786378368.944477) can0 38E#4220004011000000
(1786378368.954363) can0 38F#0B28E25302000000
(1786378368.954672) can0 38E#1F21004011000000
(1786378368.964389) can0 38E#F822004011000000
(1786378368.974354) can0 38F#5629E25302000000
(1786378368.974694) can0 38E#A523004011000000
(1786378368.984323) can0 38E#2B24004011000000
(1786378368.994414) can0 38F#B12AE25302000000
(1786378368.994743) can0 38E#7625004011000000
(1786378369.004327) can0 38E#9126004011000000
(1786378369.014416) can0 38F#EC2BE25302000000
(1786378369.014752) can0 38E#CC27004011000000
(1786378369.024391) can0 38E#9028004011000000
(1786378369.034381) can0 38F#622CE25302000000
(1786378369.034595) can0 38E#CD29004011000000
(1786378369.044366) can0 38E#2A2A004011000000
(1786378369.054413) can0 38F#3F2DE25302000000
(1786378369.054752) can0 38E#772B004011000000
(1786378369.064434) can0 38E#F92C004011000000
(1786378369.074421) can0 38F#D82EE25302000000
(1786378369.074762) can0 38E#A42D004011000000
(1786378369.084343) can0 38E#432E004011000000
(1786378369.094426) can0 38F#852FE25302000000
(1786378369.094718) can0 38E#1E2F004011000000
(1786378369.104403) can0 38E#4220004011000000
(1786378369.114400) can0 38F#D920E25302000000
(1786378369.114688) can0 38E#1F21004011000000
(1786378369.124407) can0 38E#F822004011000000
(1786378369.134287) can0 38F#8421E25302000000
(1786378369.134529) can0 38E#A523004011000000
(1786378369.144373) can0 38E#2B24004011000000
(1786378369.154333) can0 38F#6322E25302000000
(1786378369.154689) can0 38E#7625004011000000
(1786378369.164345) can0 38E#9126004011000000
(1786378369.174358) can0 38F#3E23E25302000000
(1786378369.174595) can0 38E#CC27004011000000
(1786378369.184266) can0 38E#9028004011000000
(1786378369.194306) can0 38F#B024E25302000000
(1786378369.194551) can0 38E#CD29004011000000
(1786378369.204348) can0 38E#2A2A004011000000
(1786378369.214327) can0 38F#ED25E25302000000
(1786378369.214535) can0 38E#772B004011000000
(1786378369.224334) can0 38E#F92C004011000000
(1786378369.234443) can0 38F#0A26E25302000000
(1786378369.234816) can0 38E#A42D004011000000
(1786378369.244538) can0 38E#432E004011000000
(1786378369.254292) can0 38F#5727E25302000000
(1786378369.254584) can0 38E#1E2F004011000000
(1786378369.264278) can0 38E#4220004011000000
(1786378369.274340) can0 38F#0B28E25302000000
(1786378369.274622) can0 38E#1F21004011000000
(1786378369.284337) can0 38E#F822004011000000
(1786378369.294403) can0 38F#5629E25302000000
(1786378369.294640) can0 38E#A523004011000000
(1786378369.304316) can0 38E#2B24004011000000
(1786378369.314345) can0 38F#B12AE25302000000
(1786378369.314684) can0 38E#7625004011000000
(1786378369.324378) can0 38E#9126004011000000
(1786378369.334304) can0 38F#EC2BE25302000000
(1786378369.334483) can0 38E#CC27004011000000
(1786378369.344306) can0 38E#9028004011000000
(1786378369.354301) can0 38F#622CE25302000000
(1786378369.354557) can0 38E#CD29004011000000
(1786378369.364329) can0 38E#2A2A004011000000
(1786378369.374340) can0 38F#3F2DE25302000000
(1786378369.374596) can0 38E#772B004011000000
(1786378369.384254) can0 38E#F92C004011000000
(1786378369.394324) can0 38F#D82EE25302000000
(1786378369.394557) can0 38E#A42D004011000000
(1786378369.404352) can0 38E#432E004011000000
(1786378369.414387) can0 38F#852FE25302000000
(1786378369.414698) can0 38E#1E2F004011000000
(1786378369.424378) can0 38E#4220004011000000
(1786378369.434410) can0 38F#D920E25302000000
(1786378369.434753) can0 38E#1F21004011000000
(1786378369.444605) can0 38E#F822004011000000
(1786378369.454397) can0 38F#8421E25302000000
(1786378369.454706) can0 38E#A523004011000000
(1786378369.464353) can0 38E#2B24004011000000
(1786378369.474306) can0 38F#6322E25302000000
(1786378369.474616) can0 38E#7625004011000000
(1786378369.484366) can0 38E#9126004011000000
(1786378369.494405) can0 38F#3E23E25302000000
(1786378369.494779) can0 38E#CC27004011000000
(1786378369.504385) can0 38E#9028004011000000
(1786378369.514326) can0 38F#B024E25302000000
(1786378369.514676) can0 38E#CD29004011000000
(1786378369.524343) can0 38E#2A2A004011000000
(1786378369.534350) can0 38F#ED25E25302000000
(1786378369.534614) can0 38E#772B004011000000
(1786378369.544402) can0 38E#F92C004011000000
(1786378369.554364) can0 38F#0A26E25302000000
(1786378369.554658) can0 38E#A42D004011000000
(1786378369.564380) can0 38E#432E004011000000
(1786378369.574348) can0 38F#5727E25302000000
(1786378369.574636) can0 38E#1E2F004011000000
(1786378369.584288) can0 38E#4220004011000000
(1786378369.594363) can0 38F#0B28E25302000000
(1786378369.594647) can0 38E#1F21004011000000
(1786378369.604353) can0 38E#F822004011000000
(1786378369.614367) can0 38F#5629E25302000000
(1786378369.614735) can0 38E#A523004011000000
(1786378369.624335) can0 38E#2B24004011000000
(1786378369.634396) can0 38F#B12AE25302000000
(1786378369.634753) can0 38E#7625004011000000
(1786378369.644415) can0 38E#9126004011000000
(1786378369.654325) can0 38F#EC2BE25302000000
(1786378369.654637) can0 38E#CC27004011000000
(1786378369.664326) can0 38E#9028004011000000
(1786378369.674354) can0 38F#622CE25302000000
(1786378369.674628) can0 38E#CD29004011000000
(1786378369.684308) can0 38E#2A2A004011000000
(1786378369.694384) can0 38F#3F2DE25302000000
(1786378369.694696) can0 38E#772B004011000000
(1786378369.704408) can0 38E#F92C004011000000
(1786378369.714424) can0 38F#D82EE25302000000
(1786378369.714860) can0 38E#A42D004011000000
(1786378369.724425) can0 38E#432E004011000000
(1786378369.734411) can0 38F#852FE25302000000
(1786378369.734799) can0 38E#1E2F004011000000
(1786378369.744365) can0 38E#4220004011000000
(1786378369.754331) can0 38F#D920E25302000000
(1786378369.754588) can0 38E#1F21004011000000
(1786378369.764332) can0 38E#F822004011000000
(1786378369.774323) can0 38F#8421E25302000000
(1786378369.774571) can0 38E#A523004011000000
(1786378369.784263) can0 38E#2B24004011000000
(1786378369.794359) can0 38F#6322E25302000000
(1786378369.794650) can0 38E#7625004011000000
(1786378369.804354) can0 38E#9126004011000000
(1786378369.814418) can0 38F#3E23E25302000000
(1786378369.814779) can0 38E#CC27004011000000
(1786378369.824366) can0 38E#9028004011000000
(1786378369.834323) can0 38F#B024E25302000000
(1786378369.834792) can0 38E#CD29004011000000
(1786378369.844455) can0 38E#2A2A004011000000
(1786378369.854406) can0 38F#ED25E25302000000
(1786378369.854732) can0 38E#772B004011000000
(1786378369.864269) can0 38E#F92C004011000000
(1786378369.874313) can0 38F#0A26E25302000000
(1786378369.874592) can0 38E#A42D004011000000
(1786378369.884350) can0 38E#432E004011000000
(1786378369.894355) can0 38F#5727E25302000000
(1786378369.894628) can0 38E#1E2F004011000000
(1786378369.904335) can0 38E#4220004011000000
(1786378369.914344) can0 38F#0B28E25302000000
(1786378369.914599) can0 38E#1F21004011000000
(1786378369.924363) can0 38E#F822004011000000
(1786378369.934452) can0 38F#5629E25302000000
(1786378369.934737) can0 38E#A523004011000000
(1786378369.944375) can0 38E#2B24004011000000
(1786378369.954325) can0 38F#B12AE25302000000
(1786378369.954612) can0 38E#7625004011000000
(1786378369.964407) can0 38E#9126004011000000
(1786378369.974413) can0 38F#EC2BE25302000000
(1786378369.974700) can0 38E#CC27004011000000
(1786378369.984390) can0 38E#9028004011000000
(1786378369.994375) can0 38F#622CE25302000000
(1786378369.994669) can0 38E#CD29004011000000
(1786378370.004328) can0 38E#2A2A004011000000
(1786378370.014406) can0 38F#3F2DE25302000000
(1786378370.014798) can0 38E#772B004011000000
(1786378370.024393) can0 38E#F92C004011000000
(1786378370.034354) can0 38F#D82EE25302000000
(1786378370.034683) can0 38E#A42D004011000000
(1786378370.044320) can0 38E#432E004011000000
(1786378370.054317) can0 38F#852FE25302000000
(1786378370.054554) can0 38E#1E2F004011000000
(1786378370.064325) can0 38E#4220004011000000
(1786378370.074350) can0 38F#D920E25302000000
(1786378370.074565) can0 38E#1F21004011000000
(1786378370.084315) can0 38E#F822004011000000
(1786378370.094374) can0 38F#8421E25302000000
(1786378370.094650) can0 38E#A523004011000000
(1786378370.104378) can0 38E#2B24004011000000
(1786378370.114239) can0 38F#6322E25302000000
(1786378370.114539) can0 38E#7625004011000000
(1786378370.124335) can0 38E#9126004011000000
(1786378370.134430) can0 38F#3E23E25302000000
(1786378370.134717) can0 38E#CC27004011000000
(1786378370.144396) can0 38E#9028004011000000
(1786378370.154366) can0 38F#B024E25302000000
(1786378370.154688) can0 38E#CD29004011000000
(1786378370.164372) can0 38E#2A2A004011000000
(1786378370.174342) can0 38F#ED25E25302000000
(1786378370.174673) can0 38E#772B004011000000
(1786378370.184336) can0 38E#F92C004011000000
(1786378370.194347) can0 38F#0A26E25302000000
(1786378370.194662) can0 38E#A42D004011000000
(1786378370.204342) can0 38E#432E004011000000
(1786378370.214359) can0 38F#5727E25302000000
(1786378370.214620) can0 38E#1E2F004011000000
(1786378370.224313) can0 38E#4220004011000000
(1786378370.234368) can0 38F#0B28E25302000000
(1786378370.234730) can0 38E#1F21004011000000
(1786378370.244380) can0 38E#F822004011000000
(1786378370.254368) can0 38F#5629E25302000000
(1786378370.254703) can0 38E#A523004011000000
(1786378370.264312) can0 38E#2B24004011000000
(1786378370.274397) can0 38F#B12AE25302000000
(1786378370.274760) can0 38E#7625004011000000
(1786378370.284299) can0 38E#9126004011000000
(1786378370.294312) can0 38F#EC2BE25302000000
(1786378370.294541) can0 38E#CC27004011000000
(1786378370.304313) can0 38E#9028004011000000
(1786378370.314321) can0 38F#622CE25302000000
(1786378370.314698) can0 38E#CD29004011000000
(1786378370.324364) can0 38E#2A2A004011000000
(1786378370.334462) can0 38F#3F2DE25302000000
(1786378370.334837) can0 38E#772B004011000000
(1786378370.344397) can0 38E#F92C004011000000
(1786378370.354328) can0 38F#D82EE25302000000
(1786378370.354631) can0 38E#A42D004011000000
(1786378370.364425) can0 38E#432E004011000000
(1786378370.374402) can0 38F#852FE25302000000
(1786378370.374823) can0 38E#1E2F004011000000
(1786378370.384296) can0 38E#4220004011000000
(1786378370.394330) can0 38F#D920E25302000000
(1786378370.394562) can0 38E#1F21004011000000
(1786378370.404401) can0 38E#F822004011000000
(1786378370.414308) can0 38F#8421E25302000000
(1786378370.414563) can0 38E#A523004011000000
(1786378370.424306) can0 38E#2B24004011000000
(1786378370.434287) can0 38F#6322E25302000000
(1786378370.434559) can0 38E#7625004011000000
(1786378370.444305) can0 38E#9126004011000000
(1786378370.454348) can0 38F#3E23E25302000000
(1786378370.454579) can0 38E#CC27004011000000
(1786378370.464291) can0 38E#9028004011000000
(1786378370.474297) can0 38F#B024E25302000000
(1786378370.474529) can0 38E#CD29004011000000
(1786378370.484270) can0 38E#2A2A004011000000
(1786378370.494431) can0 38F#ED25E25302000000
(1786378370.494729) can0 38E#772B004011000000
(1786378370.504419) can0 38E#F92C004011000000
(1786378370.514354) can0 38F#0A26E25302000000
(1786378370.514724) can0 38E#A42D004011000000
(1786378370.524353) can0 38E#432E004011000000
(1786378370.534399) can0 38F#5727E25302000000
(1786378370.534761) can0 38E#1E2F004011000000
(1786378370.544353) can0 38E#4220004011000000
(1786378370.554263) can0 38F#0B28E25302000000
(1786378370.554594) can0 38E#1F21004011000000
(1786378370.564334) can0 38E#F822004011000000
(1786378370.574340) can0 38F#5629E25302000000
(1786378370.574640) can0 38E#A523004011000000
(1786378370.584399) can0 38E#2B24004011000000
(1786378370.594293) can0 38F#B12AE25302000000
(1786378370.594577) can0 38E#7625004011000000
(1786378370.604407) can0 38E#9126004011000000
(1786378370.614371) can0 38F#EC2BE25302000000
(1786378370.614656) can0 38E#CC27004011000000
(1786378370.624336) can0 38E#9028004011000000
(1786378370.634411) can0 38F#622CE25302000000
(1786378370.634795) can0 38E#CD29004011000000
(1786378370.644437) can0 38E#2A2A004011000000
(1786378370.654377) can0 38F#3F2DE25302000000
(1786378370.654684) can0 38E#772B004011000000
(1786378370.664335) can0 38E#F92C004011000000
(1786378370.674320) can0 38F#D82EE25302000000
(1786378370.674596) can0 38E#A42D004011000000
(1786378370.684446) can0 38E#432E004011000000
(1786378370.694354) can0 38F#852FE25302000000
(1786378370.694664) can0 38E#1E2F004011000000
(1786378370.704354) can0 38E#4220004011000000
(1786378370.714337) can0 38F#D920E25302000000
(1786378370.714590) can0 38E#1F21004011000000
(1786378370.724310) can0 38E#F822004011000000
(1786378370.734368) can0 38F#8421E25302000000
(1786378370.734627) can0 38E#A523004011000000
(1786378370.744359) can0 38E#2B24004011000000
(1786378370.754319) can0 38F#6322E25302000000
(1786378370.754536) can0 38E#7625004011000000
(1786378370.764293) can0 38E#9126004011000000
(1786378370.774342) can0 38F#3E23E25302000000
(1786378370.774606) can0 38E#CC27004011000000
(1786378370.784416) can0 38E#9028004011000000
(1786378370.794366) can0 38F#B024E25302000000
(1786378370.794636) can0 38E#CD29004011000000
(1786378370.804333) can0 38E#2A2A004011000000
(1786378370.814306) can0 38F#ED25E25302000000
(1786378370.814624) can0 38E#772B004011000000
(1786378370.824361) can0 38E#F92C004011000000
(1786378370.834329) can0 38F#0A26E25302000000
(1786378370.834542) can0 38E#A42D004011000000
(1786378370.844296) can0 38E#432E004011000000
(1786378370.854300) can0 38F#5727E25302000000
(1786378370.854547) can0 38E#1E2F004011000000
(1786378370.864409) can0 38E#4220004011000000
(1786378370.874342) can0 38F#0B28E25302000000
(1786378370.874599) can0 38E#1F21004011000000
(1786378370.884312) can0 38E#F822004011000000
(1786378370.894400) can0 38F#5629E25302000000
(1786378370.894685) can0 38E#A523004011000000
(1786378370.904312) can0 38E#2B24004011000000
(1786378370.914307) can0 38F#B12AE25302000000
(1786378370.914610) can0 38E#7625004011000000
(1786378370.924315) can0 38E#9126004011000000
(1786378370.934420) can0 38F#EC2BE25302000000
(1786378370.934837) can0 38E#CC27004011000000
(1786378370.944324) can0 38E#9028004011000000
(1786378370.954279) can0 38F#622CE25302000000
(1786378370.954572) can0 38E#CD29004011000000
(1786378370.964387) can0 38E#2A2A004011000000
(1786378370.974331) can0 38F#3F2DE25302000000
(1786378370.974617) can0 38E#772B004011000000
(1786378370.984250) can0 38E#F92C004011000000
(1786378370.994357) can0 38F#D82EE25302000000
(1786378370.994641) can0 38E#A42D004011000000
(1786378371.004393) can0 38E#432E004011000000
(1786378371.014322) can0 38F#852FE25302000000
(1786378371.014595) can0 38E#1E2F004011000000
(1786378371.024279) can0 38E#4220004011000000
(1786378371.034259) can0 38F#D920E25302000000
(1786378371.034526) can0 38E#1F21004011000000
(1786378371.044382) can0 38E#F822004011000000
(1786378371.054310) can0 38F#8421E25302000000
(1786378371.054545) can0 38E#A523004011000000
(1786378371.064313) can0 38E#2B24004011000000
(1786378371.074301) can0 38F#6322E25302000000
(1786378371.074568) can0 38E#7625004011000000
(1786378371.084373) can0 38E#9126004011000000
(1786378371.094350) can0 38F#3E23E25302000000
(1786378371.094631) can0 38E#CC27004011000000
(1786378371.104332) can0 38E#9028004011000000
(1786378371.114355) can0 38F#B024E25302000000
(1786378371.114619) can0 38E#CD29004011000000
(1786378371.124245) can0 38E#2A2A004011000000
(1786378371.134262) can0 38F#ED25E25302000000
(1786378371.134501) can0 38E#772B004011000000
(1786378371.144352) can0 38E#F92C004011000000
(1786378371.154262) can0 38F#0A26E25302000000
(1786378371.154585) can0 38E#A42D004011000000
(1786378371.164445) can0 38E#432E004011000000
(1786378371.174343) can0 38F#5727E25302000000
(1786378371.174630) can0 38E#1E2F004011000000
(1786378371.184421) can0 38E#4220004011000000
(1786378371.194329) can0 38F#0B28E25302000000
(1786378371.194730) can0 38E#1F21004011000000
(1786378371.204387) can0 38E#F822004011000000
(1786378371.214458) can0 38F#5629E25302000000
(1786378371.214928) can0 38E#A523004011000000
(1786378371.224397) can0 38E#2B24004011000000
(1786378371.234316) can0 38F#B12AE25302000000
(1786378371.234641) can0 38E#7625004011000000
(1786378371.244357) can0 38E#9126004011000000
(1786378371.254339) can0 38F#EC2BE25302000000
(1786378371.254729) can0 38E#CC27004011000000
(1786378371.264456) can0 38E#9028004011000000
(1786378371.274323) can0 38F#622CE25302000000
(1786378371.274613) can0 38E#CD29004011000000
(1786378371.284323) can0 38E#2A2A004011000000
(1786378371.294378) can0 38F#3F2DE25302000000
(1786378371.294641) can0 38E#772B004011000000
(1786378371.304319) can0 38E#F92C004011000000
(1786378371.314402) can0 38F#D82EE25302000000
(1786378371.314790) can0 38E#A42D004011000000
(1786378371.324334) can0 38E#432E004011000000
(1786378371.334306) can0 38F#852FE25302000000
(1786378371.334570) can0 38E#1E2F004011000000
(1786378371.344394) can0 38E#4220004011000000
(1786378371.354337) can0 38F#D920E25302000000
(1786378371.354629) can0 38E#1F21004011000000
(1786378371.364382) can0 38E#F822004011000000
(1786378371.374333) can0 38F#8421E25302000000
(1786378371.374612) can0 38E#A523004011000000
(1786378371.384312) can0 38E#2B24004011000000
(1786378371.394309) can0 38F#6322E25302000000
(1786378371.394520) can0 38E#7625004011000000
(1786378371.404260) can0 38E#9126004011000000
(1786378371.414299) can0 38F#3E23E25302000000
(1786378371.414675) can0 38E#CC27004011000000
(1786378371.424374) can0 38E#9028004011000000
(1786378371.434310) can0 38F#B024E25302000000
(1786378371.434552) can0 38E#CD29004011000000
(1786378371.444374) can0 38E#2A2A004011000000
(1786378371.454265) can0 38F#ED25E25302000000
(1786378371.454530) can0 38E#772B004011000000
(1786378371.464303) can0 38E#F92C004011000000
(1786378371.474355) can0 38F#0A26E25302000000
(1786378371.474636) can0 38E#A42D004011000000
(1786378371.484326) can0 38E#432E004011000000
(1786378371.494356) can0 38F#5727E25302000000
(1786378371.494638) can0 38E#1E2F004011000000
(1786378371.504326) can0 38E#4220004011000000
(1786378371.514319) can0 38F#0B28E25302000000
(1786378371.514655) can0 38E#1F21004011000000
(1786378371.524324) can0 38E#F822004011000000
(1786378371.534302) can0 38F#5629E25302000000
(1786378371.534573) can0 38E#A523004011000000
(1786378371.544462) can0 38E#2B24004011000000
(1786378371.554298) can0 38F#B12AE25302000000
(1786378371.554579) can0 38E#7625004011000000
(1786378371.564380) can0 38E#9126004011000000
(1786378371.574385) can0 38F#EC2BE25302000000
(1786378371.574704) can0 38E#CC27004011000000
(1786378371.584389) can0 38E#9028004011000000
(1786378371.594340) can0 38F#622CE25302000000
(1786378371.594676) can0 38E#CD29004011000000
(1786378371.604419) can0 38E#2A2A004011000000
(1786378371.614368) can0 38F#3F2DE25302000000
(1786378371.614680) can0 38E#772B004011000000
(1786378371.624257) can0 38E#F92C004011000000
(1786378371.634341) can0 38F#D82EE25302000000
(1786378371.634695) can0 38E#A42D004011000000
(1786378371.644409) can0 38E#432E004011000000
(1786378371.654379) can0 38F#852FE25302000000
(1786378371.654719) can0 38E#1E2F004011000000
(1786378371.664310) can0 38E#4220004011000000
(1786378371.674303) can0 38F#D920E25302000000
(1786378371.674573) can0 38E#1F21004011000000
(1786378371.684293) can0 38E#F822004011000000
(1786378371.694378) can0 38F#8421E25302000000
(1786378371.694669) can0 38E#A523004011000000
(1786378371.704331) can0 38E#2B24004011000000
(1786378371.714276) can0 38F#6322E25302000000
(1786378371.714618) can0 38E#7625004011000000
(1786378371.724326) can0 38E#9126004011000000
(1786378371.734427) can0 38F#3E23E25302000000
(1786378371.734817) can0 38E#CC27004011000000
(1786378371.744406) can0 38E#9028004011000000
(1786378371.754321) can0 38F#B024E25302000000
(1786378371.754608) can0 38E#CD29004011000000
(1786378371.764411) can0 38E#2A2A004011000000
(1786378371.774342) can0 38F#ED25E25302000000
(1786378371.774654) can0 38E#772B004011000000
(1786378371.784414) can0 38E#F92C004011000000
(1786378371.794355) can0 38F#0A26E25302000000
(1786378371.794679) can0 38E#A42D004011000000
(1786378371.804326) can0 38E#432E004011000000
(1786378371.814335) can0 38F#5727E25302000000
(1786378371.814632) can0 38E#1E2F004011000000
(1786378371.824340) can0 38E#4220004011000000
(1786378371.834356) can0 38F#0B28E25302000000
(1786378371.834886) can0 38E#1F21004011000000
(1786378371.844317) can0 38E#F822004011000000
(1786378371.854359) can0 38F#5629E25302000000
(1786378371.854643) can0 38E#A523004011000000
(1786378371.864339) can0 38E#2B24004011000000
(1786378371.874394) can0 38F#B12AE25302000000
(1786378371.874667) can0 38E#7625004011000000
(1786378371.884232) can0 38E#9126004011000000
(1786378371.894341) can0 38F#EC2BE25302000000
(1786378371.894676) can0 38E#CC27004011000000
(1786378371.904385) can0 38E#9028004011000000
(1786378371.914384) can0 38F#622CE25302000000
(1786378371.914777) can0 38E#CD29004011000000
(1786378371.924356) can0 38E#2A2A004011000000
(1786378371.934338) can0 38F#3F2DE25302000000
(1786378371.934639) can0 38E#772B004011000000
(1786378371.944450) can0 38E#F92C004011000000
(1786378371.954371) can0 38F#D82EE25302000000
(1786378371.954707) can0 38E#A42D004011000000
(1786378371.964294) can0 38E#432E004011000000
(1786378371.974394) can0 38F#852FE25302000000
(1786378371.974693) can0 38E#1E2F004011000000
(1786378371.984240) can0 38E#4220004011000000
(1786378371.994250) can0 38F#D920E25302000000
(1786378371.994503) can0 38E#1F21004011000000
(1786378372.004310) can0 38E#F822004011000000
(1786378372.014330) can0 38F#8421E25302000000
(1786378372.014639) can0 38E#A523004011000000
(1786378372.024320) can0 38E#2B24004011000000
(1786378372.034302) can0 38F#6322E25302000000
(1786378372.034587) can0 38E#7625004011000000
(1786378372.044337) can0 38E#9126004011000000
(1786378372.054224) can0 38F#3E23E25302000000
(1786378372.054459) can0 38E#CC27004011000000
(1786378372.064264) can0 38E#9028004011000000
(1786378372.074287) can0 38F#B024E25302000000
(1786378372.074523) can0 38E#CD29004011000000
(1786378372.084367) can0 38E#2A2A004011000000
(1786378372.094321) can0 38F#ED25E25302000000
(1786378372.094596) can0 38E#772B004011000000
(1786378372.104345) can0 38E#F92C004011000000
(1786378372.114297) can0 38F#0A26E25302000000
(1786378372.114637) can0 38E#A42D004011000000
(1786378372.124342) can0 38E#432E004011000000
(1786378372.134349) can0 38F#5727E25302000000
(1786378372.134675) can0 38E#1E2F004011000000
(1786378372.144306) can0 38E#4220004011000000
(1786378372.154282) can0 38F#0B28E25302000000
(1786378372.154633) can0 38E#1F21004011000000
(1786378372.164341) can0 38E#F822004011000000
(1786378372.174367) can0 38F#5629E25302000000
(1786378372.174623) can0 38E#A523004011000000
(1786378372.184334) can0 38E#2B24004011000000
(1786378372.194374) can0 38F#B12AE25302000000
(1786378372.194646) can0 38E#7625004011000000
(1786378372.204296) can0 38E#9126004011000000
(1786378372.214316) can0 38F#EC2BE25302000000
(1786378372.214690) can0 38E#CC27004011000000
(1786378372.224307) can0 38E#9028004011000000
(1786378372.234259) can0 38F#622CE25302000000
(1786378372.234542) can0 38E#CD29004011000000
(1786378372.244313) can0 38E#2A2A004011000000
(1786378372.254304) can0 38F#3F2DE25302000000
(1786378372.254533) can0 38E#772B004011000000
(1786378372.264217) can0 38E#F92C004011000000
(1786378372.274237) can0 38F#D82EE25302000000
(1786378372.274426) can0 38E#A42D004011000000
(1786378372.284295) can0 38E#432E004011000000
(1786378372.294337) can0 38F#852FE25302000000
(1786378372.294664) can0 38E#1E2F004011000000
(1786378372.304387) can0 38E#4220004011000000
(1786378372.314243) can0 38F#D920E25302000000
(1786378372.314562) can0 38E#1F21004011000000
(1786378372.324253) can0 38E#F822004011000000
(1786378372.334432) can0 38F#8421E25302000000
(1786378372.334867) can0 38E#A523004011000000
(1786378372.344371) can0 38E#2B24004011000000
(1786378372.354232) can0 38F#6322E25302000000
(1786378372.354572) can0 38E#7625004011000000
(1786378372.364214) can0 38E#9126004011000000
(1786378372.374349) can0 38F#3E23E25302000000
(1786378372.374617) can0 38E#CC27004011000000
(1786378372.384296) can0 38E#9028004011000000
(1786378372.394263) can0 38F#B024E25302000000
(1786378372.394584) can0 38E#CD29004011000000
(1786378372.404332) can0 38E#2A2A004011000000
(1786378372.414274) can0 38F#ED25E25302000000
(1786378372.414631) can0 38E#772B004011000000
(1786378372.424310) can0 38E#F92C004011000000
(1786378372.434381) can0 38F#0A26E25302000000
(1786378372.434794) can0 38E#A42D004011000000
(1786378372.444340) can0 38E#432E004011000000
(1786378372.454361) can0 38F#5727E25302000000
(1786378372.454663) can0 38E#1E2F004011000000
(1786378372.464279) can0 38E#4220004011000000
(1786378372.474340) can0 38F#0B28E25302000000
(1786378372.474557) can0 38E#1F21004011000000
(1786378372.484213) can0 38E#F822004011000000
(1786378372.494247) can0 38F#5629E25302000000
(1786378372.494475) can0 38E#A523004011000000
(1786378372.504326) can0 38E#2B24004011000000
(1786378372.514366) can0 38F#B12AE25302000000
(1786378372.514637) can0 38E#7625004011000000
(1786378372.524297) can0 38E#9126004011000000
(1786378372.534224) can0 38F#EC2BE25302000000
(1786378372.534455) can0 38E#CC27004011000000
(1786378372.544303) can0 38E#9028004011000000
(1786378372.554301) can0 38F#622CE25302000000
(1786378372.554519) can0 38E#CD29004011000000
(1786378372.564279) can0 38E#2A2A004011000000
(1786378372.574269) can0 38F#3F2DE25302000000
(1786378372.574521) can0 38E#772B004011000000
(1786378372.584200) can0 38E#F92C004011000000
(1786378372.594294) can0 38F#D82EE25302000000
(1786378372.594529) can0 38E#A42D004011000000
(1786378372.604307) can0 38E#432E004011000000
(1786378372.614312) can0 38F#852FE25302000000
(1786378372.614564) can0 38E#1E2F004011000000
(1786378372.624255) can0 38E#4220004011000000
(1786378372.634223) can0 38F#D920E25302000000
(1786378372.634512) can0 38E#1F21004011000000
(1786378372.644400) can0 38E#F822004011000000
(1786378372.654316) can0 38F#8421E25302000000
(1786378372.654610) can0 38E#A523004011000000
(1786378372.664299) can0 38E#2B24004011000000
(1786378372.674311) can0 38F#6322E25302000000
(1786378372.674547) can0 38E#7625004011000000
(1786378372.684248) can0 38E#9126004011000000
(1786378372.694244) can0 38F#3E23E25302000000
(1786378372.694491) can0 38E#CC27004011000000
(1786378372.704294) can0 38E#9028004011000000
(1786378372.714330) can0 38F#B024E25302000000
(1786378372.714656) can0 38E#CD29004011000000
(1786378372.724333) can0 38E#2A2A004011000000
(1786378372.734312) can0 38F#ED25E25302000000
(1786378372.734591) can0 38E#772B004011000000
(1786378372.744359) can0 38E#F92C004011000000
(1786378372.754280) can0 38F#0A26E25302000000
(1786378372.754611) can0 38E#A42D004011000000
(1786378372.764341) can0 38E#432E004011000000
(1786378372.774314) can0 38F#5727E25302000000
(1786378372.774556) can0 38E#1E2F004011000000
(1786378372.784314) can0 38E#4220004011000000
(1786378372.794301) can0 38F#0B28E25302000000
(1786378372.794603) can0 38E#1F21004011000000
(1786378372.804314) can0 38E#F822004011000000
(1786378372.814342) can0 38F#5629E25302000000
(1786378372.814627) can0 38E#A523004011000000
(1786378372.824342) can0 38E#2B24004011000000
(1786378372.834342) can0 38F#B12AE25302000000
(1786378372.834687) can0 38E#7625004011000000
(1786378372.844392) can0 38E#9126004011000000
(1786378372.854333) can0 38F#EC2BE25302000000
(1786378372.854637) can0 38E#CC27004011000000
(1786378372.864426) can0 38E#9028004011000000
(1786378372.874251) can0 38F#622CE25302000000
(1786378372.874628) can0 38E#CD29004011000000
(1786378372.884310) can0 38E#2A2A004011000000
(1786378372.894281) can0 38F#3F2DE25302000000
(1786378372.894528) can0 38E#772B004011000000
(1786378372.904308) can0 38E#F92C004011000000
(1786378372.914245) can0 38F#D82EE25302000000
(1786378372.914591) can0 38E#A42D004011000000
(1786378372.924273) can0 38E#432E004011000000
(1786378372.934366) can0 38F#852FE25302000000
(1786378372.934672) can0 38E#1E2F004011000000
(1786378372.944357) can0 38E#4220004011000000
(1786378372.954254) can0 38F#D920E25302000000
(1786378372.954553) can0 38E#1F21004011000000
(1786378372.964269) can0 38E#F822004011000000
(1786378372.974405) can0 38F#8421E25302000000
(1786378372.974718) can0 38E#A523004011000000
(1786378372.984406) can0 38E#2B24004011000000
(1786378372.994359) can0 38F#6322E25302000000
(1786378372.994709) can0 38E#7625004011000000
(1786378373.004277) can0 38E#9126004011000000
(1786378373.014268) can0 38F#3E23E25302000000
(1786378373.014604) can0 38E#CC27004011000000
(1786378373.024302) can0 38E#9028004011000000
(1786378373.034333) can0 38F#B024E25302000000
(1786378373.034671) can0 38E#CD29004011000000
(1786378373.044350) can0 38E#2A2A004011000000
(1786378373.054288) can0 38F#ED25E25302000000
(1786378373.054661) can0 38E#772B004011000000
(1786378373.064242) can0 38E#F92C004011000000
(1786378373.074275) can0 38F#0A26E25302000000
(1786378373.074576) can0 38E#A42D004011000000
(1786378373.084336) can0 38E#432E004011000000
(1786378373.094370) can0 38F#5727E25302000000
(1786378373.094728) can0 38E#1E2F004011000000
(1786378373.104318) can0 38E#4220004011000000
(1786378373.114299) can0 38F#0B28E25302000000
(1786378373.114589) can0 38E#1F21004011000000
(1786378373.124268) can0 38E#F822004011000000
(1786378373.134251) can0 38F#5629E25302000000
(1786378373.134565) can0 38E#A523004011000000
(1786378373.144315) can0 38E#2B24004011000000
(1786378373.154264) can0 38F#B12AE25302000000
(1786378373.154561) can0 38E#7625004011000000
(1786378373.164324) can0 38E#9126004011000000
(1786378373.174237) can0 38F#EC2BE25302000000
(1786378373.174477) can0 38E#CC27004011000000
(1786378373.184250) can0 38E#9028004011000000
(1786378373.194373) can0 38F#622CE25302000000
(1786378373.194629) can0 38E#CD29004011000000
(1786378373.204386) can0 38E#2A2A004011000000
(1786378373.214266) can0 38F#3F2DE25302000000
(1786378373.214542) can0 38E#772B004011000000
(1786378373.224250) can0 38E#F92C004011000000
(1786378373.234239) can0 38F#D82EE25302000000
(1786378373.234496) can0 38E#A42D004011000000
(1786378373.244249) can0 38E#432E004011000000
(1786378373.254280) can0 38F#852FE25302000000
(1786378373.254549) can0 38E#1E2F004011000000
(1786378373.264431) can0 38E#4220004011000000
(1786378373.274214) can0 38F#D920E25302000000
(1786378373.274499) can0 38E#1F21004011000000
(1786378373.284270) can0 38E#F822004011000000
(1786378373.294345) can0 38F#8421E25302000000
(1786378373.294614) can0 38E#A523004011000000
(1786378373.304272) can0 38E#2B24004011000000
(1786378373.314295) can0 38F#6322E25302000000
(1786378373.314586) can0 38E#7625004011000000
(1786378373.324355) can0 38E#9126004011000000
(1786378373.334281) can0 38F#3E23E25302000000
(1786378373.334562) can0 38E#CC27004011000000
(1786378373.344284) can0 38E#9028004011000000
(1786378373.354236) can0 38F#B024E25302000000
(1786378373.354482) can0 38E#CD29004011000000
(1786378373.364297) can0 38E#2A2A004011000000
(1786378373.374342) can0 38F#ED25E25302000000
(1786378373.374678) can0 38E#772B004011000000
(1786378373.384258) can0 38E#F92C004011000000
(1786378373.394285) can0 38F#0A26E25302000000
(1786378373.394624) can0 38E#A42D004011000000
(1786378373.404294) can0 38E#432E004011000000
(1786378373.414324) can0 38F#5727E25302000000
(1786378373.414609) can0 38E#1E2F004011000000
(1786378373.424286) can0 38E#4220004011000000
(1786378373.434317) can0 38F#0B28E25302000000
(1786378373.434714) can0 38E#1F21004011000000
(1786378373.444306) can0 38E#F822004011000000
(1786378373.454275) can0 38F#5629E25302000000
(1786378373.454554) can0 38E#A523004011000000
(1786378373.464310) can0 38E#2B24004011000000
(1786378373.474267) can0 38F#B12AE25302000000
(1786378373.474516) can0 38E#7625004011000000
(1786378373.484407) can0 38E#9126004011000000
(1786378373.494326) can0 38F#EC2BE25302000000
(1786378373.494722) can0 38E#CC27004011000000
(1786378373.504345) can0 38E#9028004011000000
(1786378373.514297) can0 38F#622CE25302000000
(1786378373.514654) can0 38E#CD29004011000000
(1786378373.524293) can0 38E#2A2A004011000000
(1786378373.534414) can0 38F#3F2DE25302000000
(1786378373.534735) can0 38E#772B004011000000
(1786378373.544419) can0 38E#F92C004011000000
(1786378373.554236) can0 38F#D82EE25302000000
(1786378373.554531) can0 38E#A42D004011000000
(1786378373.564244) can0 38E#432E004011000000
(1786378373.574419) can0 38F#852FE25302000000
(1786378373.574720) can0 38E#1E2F004011000000
(1786378373.584263) can0 38E#4220004011000000
(1786378373.594264) can0 38F#D920E25302000000
(1786378373.594515) can0 38E#1F21004011000000
(1786378373.604249) can0 38E#F822004011000000
(1786378373.614347) can0 38F#8421E25302000000
(1786378373.614774) can0 38E#A523004011000000
(1786378373.624327) can0 38E#2B24004011000000
(1786378373.634312) can0 38F#6322E25302000000
(1786378373.634721) can0 38E#7625004011000000
(1786378373.644305) can0 38E#9126004011000000
(1786378373.654276) can0 38F#3E23E25302000000
(1786378373.654540) can0 38E#CC27004011000000
(1786378373.664321) can0 38E#9028004011000000
(1786378373.674297) can0 38F#B024E25302000000
(1786378373.674652) can0 38E#CD29004011000000
(1786378373.684451) can0 38E#2A2A004011000000
(1786378373.694399) can0 38F#ED25E25302000000
(1786378373.694724) can0 38E#772B004011000000
(1786378373.704255) can0 38E#F92C004011000000
(1786378373.714282) can0 38F#0A26E25302000000
(1786378373.714658) can0 38E#A42D004011000000
(1786378373.724336) can0 38E#432E004011000000
(1786378373.734247) can0 38F#5727E25302000000
(1786378373.734508) can0 38E#1E2F004011000000
(1786378373.744257) can0 38E#4220004011000000
(1786378373.754265) can0 38F#0B28E25302000000
(1786378373.754633) can0 38E#1F21004011000000
(1786378373.764354) can0 38E#F822004011000000
(1786378373.774290) can0 38F#5629E25302000000
(1786378373.774564) can0 38E#A523004011000000
(1786378373.784237) can0 38E#2B24004011000000
(1786378373.794305) can0 38F#B12AE25302000000
(1786378373.794520) can0 38E#7625004011000000
(1786378373.804291) can0 38E#9126004011000000
(1786378373.814332) can0 38F#EC2BE25302000000
(1786378373.814669) can0 38E#CC27004011000000
(1786378373.824257) can0 38E#9028004011000000
(1786378373.834277) can0 38F#622CE25302000000
(1786378373.834550) can0 38E#CD29004011000000
(1786378373.844332) can0 38E#2A2A004011000000
(1786378373.854301) can0 38F#3F2DE25302000000
(1786378373.854577) can0 38E#772B004011000000
(1786378373.864298) can0 38E#F92C004011000000
(1786378373.874247) can0 38F#D82EE25302000000
(1786378373.874540) can0 38E#A42D004011000000
(1786378373.884293) can0 38E#432E004011000000
(1786378373.894312) can0 38F#852FE25302000000
(1786378373.894567) can0 38E#1E2F004011000000
(1786378373.904318) can0 38E#4220004011000000
(1786378373.914299) can0 38F#D920E25302000000
(1786378373.914657) can0 38E#1F21004011000000
(1786378373.924303) can0 38E#F822004011000000
(1786378373.934264) can0 38F#8421E25302000000
(1786378373.934603) can0 38E#A523004011000000
(1786378373.944310) can0 38E#2B24004011000000
(1786378373.954247) can0 38F#6322E25302000000
(1786378373.954524) can0 38E#7625004011000000
(1786378373.964298) can0 38E#9126004011000000
(1786378373.974302) can0 38F#3E23E25302000000
(1786378373.974561) can0 38E#CC27004011000000
(1786378373.984207) can0 38E#9028004011000000
(1786378373.994262) can0 38F#B024E25302000000
(1786378373.994556) can0 38E#CD29004011000000
(1786378374.004305) can0 38E#2A2A004011000000
(1786378374.014227) can0 38F#ED25E25302000000
(1786378374.014473) can0 38E#772B004011000000
(1786378374.024284) can0 38E#F92C004011000000
(1786378374.034202) can0 38F#0A26E25302000000
(1786378374.034483) can0 38E#A42D004011000000
(1786378374.044294) can0 38E#432E004011000000
(1786378374.054329) can0 38F#5727E25302000000
(1786378374.054625) can0 38E#1E2F004011000000
(1786378374.064333) can0 38E#4220004011000000
(1786378374.074243) can0 38F#0B28E25302000000
(1786378374.074512) can0 38E#1F21004011000000
(1786378374.084218) can0 38E#F822004011000000
(1786378374.094356) can0 38F#5629E25302000000
(1786378374.094647) can0 38E#A523004011000000
(1786378374.104250) can0 38E#2B24004011000000
(1786378374.114283) can0 38F#B12AE25302000000
(1786378374.114596) can0 38E#7625004011000000
(1786378374.124286) can0 38E#9126004011000000
(1786378374.134194) can0 38F#EC2BE25302000000
(1786378374.134475) can0 38E#CC27004011000000
(1786378374.144275) can0 38E#9028004011000000
(1786378374.154265) can0 38F#622CE25302000000
(1786378374.154607) can0 38E#CD29004011000000
(1786378374.164269) can0 38E#2A2A004011000000
(1786378374.174274) can0 38F#3F2DE25302000000
(1786378374.174544) can0 38E#772B004011000000
(1786378374.184254) can0 38E#F92C004011000000
(1786378374.194279) can0 38F#D82EE25302000000
(1786378374.194529) can0 38E#A42D004011000000
(1786378374.204212) can0 38E#432E004011000000
(1786378374.214232) can0 38F#852FE25302000000
(1786378374.214558) can0 38E#1E2F004011000000
(1786378374.224266) can0 38E#4220004011000000
(1786378374.234285) can0 38F#D920E25302000000
(1786378374.234613) can0 38E#1F21004011000000
(1786378374.244362) can0 38E#F822004011000000
(1786378374.254275) can0 38F#8421E25302000000
(1786378374.254537) can0 38E#A523004011000000
(1786378374.264288) can0 38E#2B24004011000000
(1786378374.274311) can0 38F#6322E25302000000
(1786378374.274593) can0 38E#7625004011000000
(1786378374.284226) can0 38E#9126004011000000
(1786378374.294295) can0 38F#3E23E25302000000
(1786378374.294633) can0 38E#CC27004011000000
(1786378374.304233) can0 38E#9028004011000000
(1786378374.314279) can0 38F#B024E25302000000
(1786378374.314679) can0 38E#CD29004011000000
(1786378374.324358) can0 38E#2A2A004011000000
(1786378374.334327) can0 38F#ED25E25302000000
(1786378374.334683) can0 38E#772B004011000000
(1786378374.344328) can0 38E#F92C004011000000
(1786378374.354217) can0 38F#0A26E25302000000
(1786378374.354544) can0 38E#A42D004011000000
(1786378374.364296) can0 38E#432E004011000000
(1786378374.374320) can0 38F#5727E25302000000
(1786378374.374623) can0 38E#1E2F004011000000
(1786378374.384227) can0 38E#4220004011000000
(1786378374.394256) can0 38F#0B28E25302000000
(1786378374.394564) can0 38E#1F21004011000000
(1786378374.404303) can0 38E#F822004011000000
(1786378374.414295) can0 38F#5629E25302000000
(1786378374.414704) can0 38E#A523004011000000
(1786378374.424275) can0 38E#2B24004011000000
(1786378374.434370) can0 38F#B12AE25302000000
(1786378374.434695) can0 38E#7625004011000000
(1786378374.444436) can0 38E#9126004011000000
(1786378374.454347) can0 38F#EC2BE25302000000
(1786378374.454633) can0 38E#CC27004011000000
(1786378374.464212) can0 38E#9028004011000000
(1786378374.474271) can0 38F#622CE25302000000
(1786378374.474525) can0 38E#CD29004011000000
(1786378374.484394) can0 38E#2A2A004011000000
(1786378374.494274) can0 38F#3F2DE25302000000
(1786378374.494542) can0 38E#772B004011000000
(1786378374.504270) can0 38E#F92C004011000000
(1786378374.514256) can0 38F#D82EE25302000000
(1786378374.514590) can0 38E#A42D004011000000
(1786378374.524262) can0 38E#432E004011000000
(1786378374.534216) can0 38F#852FE25302000000
(1786378374.534524) can0 38E#1E2F004011000000
(1786378374.544225) can0 38E#4220004011000000
(1786378374.554295) can0 38F#D920E25302000000
(1786378374.554523) can0 38E#1F21004011000000
(1786378374.564192) can0 38E#F822004011000000
(1786378374.574239) can0 38F#8421E25302000000
(1786378374.574455) can0 38E#A523004011000000
(1786378374.584237) can0 38E#2B24004011000000
(1786378374.594208) can0 38F#6322E25302000000
(1786378374.594549) can0 38E#7625004011000000
(1786378374.604264) can0 38E#9126004011000000
(1786378374.614309) can0 38F#3E23E25302000000
(1786378374.614624) can0 38E#CC27004011000000
(1786378374.624369) can0 38E#9028004011000000
(1786378374.634198) can0 38F#B024E25302000000
(1786378374.634522) can0 38E#CD29004011000000
(1786378374.644208) can0 38E#2A2A004011000000
(1786378374.654270) can0 38F#ED25E25302000000
(1786378374.654560) can0 38E#772B004011000000
(1786378374.664316) can0 38E#F92C004011000000
(1786378374.674263) can0 38F#0A26E25302000000
(1786378374.674495) can0 38E#A42D004011000000
(1786378374.684269) can0 38E#432E004011000000
(1786378374.694269) can0 38F#5727E25302000000
(1786378374.694528) can0 38E#1E2F004011000000
(1786378374.704318) can0 38E#4220004011000000
(1786378374.714256) can0 38F#0B28E25302000000
(1786378374.714583) can0 38E#1F21004011000000
(1786378374.724259) can0 38E#F822004011000000
(1786378374.734311) can0 38F#5629E25302000000
(1786378374.734744) can0 38E#A523004011000000
(1786378374.744282) can0 38E#2B24004011000000
(1786378374.754289) can0 38F#B12AE25302000000
(1786378374.754551) can0 38E#7625004011000000
(1786378374.764263) can0 38E#9126004011000000
(1786378374.774247) can0 38F#EC2BE25302000000
(1786378374.774498) can0 38E#CC27004011000000
(1786378374.784134) can0 38E#9028004011000000
(1786378374.794284) can0 38F#622CE25302000000
(1786378374.794557) can0 38E#CD29004011000000
(1786378374.804262) can0 38E#2A2A004011000000
(1786378374.814252) can0 38F#3F2DE25302000000
(1786378374.814511) can0 38E#772B004011000000
(1786378374.824247) can0 38E#F92C004011000000
(1786378374.834289) can0 38F#D82EE25302000000
(1786378374.834571) can0 38E#A42D004011000000
(1786378374.844220) can0 38E#432E004011000000
(1786378374.854180) can0 38F#852FE25302000000
(1786378374.854413) can0 38E#1E2F004011000000
(1786378374.864297) can0 38E#4220004011000000
(1786378374.874189) can0 38F#D920E25302000000
(1786378374.874422) can0 38E#1F21004011000000
(1786378374.884235) can0 38E#F822004011000000
(1786378374.894349) can0 38F#8421E25302000000
(1786378374.894671) can0 38E#A523004011000000
(1786378374.904346) can0 38E#2B24004011000000
(1786378374.914275) can0 38F#6322E25302000000
(1786378374.914579) can0 38E#7625004011000000
(1786378374.924237) can0 38E#9126004011000000
(1786378374.934193) can0 38F#3E23E25302000000
(1786378374.934414) can0 38E#CC27004011000000
(1786378374.944304) can0 38E#9028004011000000
(1786378374.954317) can0 38F#B024E25302000000
(1786378374.954685) can0 38E#CD29004011000000
(1786378374.964311) can0 38E#2A2A004011000000
(1786378374.974238) can0 38F#ED25E25302000000
(1786378374.974532) can0 38E#772B004011000000
(1786378374.984237) can0 38E#F92C004011000000
(1786378374.994208) can0 38F#0A26E25302000000
(1786378374.994539) can0 38E#A42D004011000000
(1786378375.004275) can0 38E#432E004011000000
(1786378375.014268) can0 38F#5727E25302000000
(1786378375.014558) can0 38E#1E2F004011000000
(1786378375.024257) can0 38E#4220004011000000
(1786378375.034229) can0 38F#0B28E25302000000
(1786378375.034563) can0 38E#1F21004011000000
(1786378375.044294) can0 38E#F822004011000000
(1786378375.054283) can0 38F#5629E25302000000
(1786378375.054530) can0 38E#A523004011000000
(1786378375.064207) can0 38E#2B24004011000000
(1786378375.074207) can0 38F#B12AE25302000000
(1786378375.074426) can0 38E#7625004011000000
(1786378375.084235) can0 38E#9126004011000000
(1786378375.094354) can0 38F#EC2BE25302000000
(1786378375.094621) can0 38E#CC27004011000000
(1786378375.104283) can0 38E#9028004011000000
(1786378375.114220) can0 38F#622CE25302000000
(1786378375.114441) can0 38E#CD29004011000000
(1786378375.124232) can0 38E#2A2A004011000000
(1786378375.134257) can0 38F#3F2DE25302000000
(1786378375.134494) can0 38E#772B004011000000
(1786378375.144276) can0 38E#F92C004011000000
(1786378375.154222) can0 38F#D82EE25302000000
(1786378375.154478) can0 38E#A42D004011000000
(1786378375.164244) can0 38E#432E004011000000
(1786378375.174275) can0 38F#852FE25302000000
(1786378375.174598) can0 38E#1E2F004011000000
(1786378375.184344) can0 38E#4220004011000000
(1786378375.194255) can0 38F#D920E25302000000
(1786378375.194560) can0 38E#1F21004011000000
(1786378375.204303) can0 38E#F822004011000000
(1786378375.214273) can0 38F#8421E25302000000
(1786378375.214623) can0 38E#A523004011000000
(1786378375.224267) can0 38E#2B24004011000000
(1786378375.234356) can0 38F#6322E25302000000
(1786378375.234761) can0 38E#7625004011000000
(1786378375.244255) can0 38E#9126004011000000
(1786378375.254322) can0 38F#3E23E25302000000
(1786378375.254676) can0 38E#CC27004011000000
(1786378375.264260) can0 38E#9028004011000000
(1786378375.273920) can0 38F#B024E25302000000
(1786378375.274202) can0 38E#CD29004011000000
(1786378375.284172) can0 38E#2A2A004011000000
(1786378375.294284) can0 38F#ED25E25302000000
(1786378375.294517) can0 38E#772B004011000000
(1786378375.304242) can0 38E#F92C004011000000
(1786378375.314291) can0 38F#0A26E25302000000
(1786378375.314601) can0 38E#A42D004011000000
(1786378375.324188) can0 38E#432E004011000000
(1786378375.334167) can0 38F#5727E25302000000
(1786378375.334401) can0 38E#1E2F004011000000
(1786378375.344334) can0 38E#4220004011000000
(1786378375.354251) can0 38F#0B28E25302000000
(1786378375.354524) can0 38E#1F21004011000000
(1786378375.364400) can0 38E#F822004011000000
(1786378375.374356) can0 38F#5629E25302000000
(1786378375.374653) can0 38E#A523004011000000
(1786378375.384274) can0 38E#2B24004011000000
(1786378375.394280) can0 38F#B12AE25302000000
(1786378375.394564) can0 38E#7625004011000000
(1786378375.404251) can0 38E#9126004011000000
(1786378375.414209) can0 38F#EC2BE25302000000
(1786378375.414426) can0 38E#CC27004011000000
(1786378375.424218) can0 38E#9028004011000000
(1786378375.434292) can0 38F#622CE25302000000
(1786378375.434580) can0 38E#CD29004011000000
(1786378375.444292) can0 38E#2A2A004011000000
(1786378375.454232) can0 38F#3F2DE25302000000
(1786378375.454538) can0 38E#772B004011000000
(1786378375.464239) can0 38E#F92C004011000000
(1786378375.474259) can0 38F#D82EE25302000000
(1786378375.474499) can0 38E#A42D004011000000
(1786378375.484284) can0 38E#432E004011000000
(1786378375.494234) can0 38F#852FE25302000000
(1786378375.494554) can0 38E#1E2F004011000000
(1786378375.504227) can0 38E#4220004011000000
(1786378375.514234) can0 38F#D920E25302000000
(1786378375.514541) can0 38E#1F21004011000000
(1786378375.524288) can0 38E#F822004011000000
(1786378375.534359) can0 38F#8421E25302000000
(1786378375.534701) can0 38E#A523004011000000
(1786378375.544272) can0 38E#2B24004011000000
(1786378375.554273) can0 38F#6322E25302000000
(1786378375.554596) can0 38E#7625004011000000
(1786378375.564423) can0 38E#9126004011000000
(1786378375.574288) can0 38F#3E23E25302000000
(1786378375.574569) can0 38E#CC27004011000000
(1786378375.584310) can0 38E#9028004011000000
(1786378375.594247) can0 38F#B024E25302000000
(1786378375.594724) can0 38E#CD29004011000000
(1786378375.604283) can0 38E#2A2A004011000000
(1786378375.614501) can0 38F#ED25E25302000000
(1786378375.614997) can0 38E#772B004011000000
(1786378375.624332) can0 38E#F92C004011000000
(1786378375.634305) can0 38F#0A26E25302000000
(1786378375.634685) can0 38E#A42D004011000000
(1786378375.644335) can0 38E#432E004011000000
(1786378375.654282) can0 38F#5727E25302000000
(1786378375.654602) can0 38E#1E2F004011000000
(1786378375.664380) can0 38E#4220004011000000
(1786378375.674306) can0 38F#0B28E25302000000
(1786378375.674630) can0 38E#1F21004011000000
(1786378375.684312) can0 38E#F822004011000000
(1786378375.694404) can0 38F#5629E25302000000
(1786378375.694769) can0 38E#A523004011000000
(1786378375.703923) can0 38E#2B24004011000000
(1786378375.714222) can0 38F#B12AE25302000000
(1786378375.714594) can0 38E#7625004011000000
(1786378375.724299) can0 38E#9126004011000000
(1786378375.734327) can0 38F#EC2BE25302000000
(1786378375.734665) can0 38E#CC27004011000000
(1786378375.744448) can0 38E#9028004011000000
(1786378375.754324) can0 38F#622CE25302000000
(1786378375.754739) can0 38E#CD29004011000000
(1786378375.764376) can0 38E#2A2A004011000000
(1786378375.774345) can0 38F#3F2DE25302000000
(1786378375.774653) can0 38E#772B004011000000
(1786378375.784323) can0 38E#F92C004011000000
(1786378375.794229) can0 38F#D82EE25302000000
(1786378375.794594) can0 38E#A42D004011000000
(1786378375.804258) can0 38E#432E004011000000
(1786378375.814324) can0 38F#852FE25302000000
(1786378375.814674) can0 38E#1E2F004011000000
(1786378375.824306) can0 38E#4220004011000000
(1786378375.834254) can0 38F#D920E25302000000
(1786378375.834646) can0 38E#1F21004011000000
(1786378375.844346) can0 38E#F822004011000000
(1786378375.854276) can0 38F#8421E25302000000
(1786378375.854708) can0 38E#A523004011000000
(1786378375.864283) can0 38E#2B24004011000000
(1786378375.874264) can0 38F#6322E25302000000
(1786378375.874653) can0 38E#7625004011000000
(1786378375.884323) can0 38E#9126004011000000
(1786378375.894340) can0 38F#3E23E25302000000
(1786378375.894792) can0 38E#CC27004011000000
(1786378375.904342) can0 38E#9028004011000000
(1786378375.914266) can0 38F#B024E25302000000
(1786378375.914631) can0 38E#CD29004011000000
(1786378375.924324) can0 38E#2A2A004011000000
(1786378375.934329) can0 38F#ED25E25302000000
(1786378375.934749) can0 38E#772B004011000000
(1786378375.944376) can0 38E#F92C004011000000
(1786378375.954292) can0 38F#0A26E25302000000
(1786378375.954682) can0 38E#A42D004011000000
(1786378375.964291) can0 38E#432E004011000000
(1786378375.974328) can0 38F#5727E25302000000
(1786378375.974610) can0 38E#1E2F004011000000
(1786378375.984297) can0 38E#4220004011000000
(1786378375.994385) can0 38F#0B28E25302000000
(1786378375.994931) can0 38E#1F21004011000000
(1786378376.004339) can0 38E#F822004011000000
(1786378376.014284) can0 38F#5629E25302000000
(1786378376.014672) can0 38E#A523004011000000
(1786378376.024260) can0 38E#2B24004011000000
(1786378376.034177) can0 38F#B12AE25302000000
(1786378376.034491) can0 38E#7625004011000000
(1786378376.044381) can0 38E#9126004011000000
(1786378376.054305) can0 38F#EC2BE25302000000
(1786378376.054624) can0 38E#CC27004011000000
(1786378376.064240) can0 38E#9028004011000000
(1786378376.074251) can0 38F#622CE25302000000
(1786378376.074584) can0 38E#CD29004011000000
(1786378376.084340) can0 38E#2A2A004011000000
(1786378376.094386) can0 38F#3F2DE25302000000
(1786378376.094760) can0 38E#772B004011000000
(1786378376.104255) can0 38E#F92C004011000000
(1786378376.114265) can0 38F#D82EE25302000000
(1786378376.114641) can0 38E#A42D004011000000
(1786378376.124307) can0 38E#432E004011000000
(1786378376.133958) can0 38F#852FE25302000000
(1786378376.134333) can0 38E#1E2F004011000000
(1786378376.144295) can0 38E#4220004011000000
(1786378376.154303) can0 38F#D920E25302000000
(1786378376.154626) can0 38E#1F21004011000000
(1786378376.164380) can0 38E#F822004011000000
(1786378376.174349) can0 38F#8421E25302000000
(1786378376.174621) can0 38E#A523004011000000
(1786378376.184254) can0 38E#2B24004011000000
(1786378376.194312) can0 38F#6322E25302000000
(1786378376.194725) can0 38E#7625004011000000
(1786378376.204330) can0 38E#9126004011000000
(1786378376.214391) can0 38F#3E23E25302000000
(1786378376.214843) can0 38E#CC27004011000000
(1786378376.224252) can0 38E#9028004011000000
(1786378376.234352) can0 38F#B024E25302000000
(1786378376.234740) can0 38E#CD29004011000000
(1786378376.244273) can0 38E#2A2A004011000000
(1786378376.254303) can0 38F#ED25E25302000000
(1786378376.254662) can0 38E#772B004011000000
(1786378376.264252) can0 38E#F92C004011000000
(1786378376.274252) can0 38F#0A26E25302000000
(1786378376.274587) can0 38E#A42D004011000000
(1786378376.284304) can0 38E#432E004011000000
(1786378376.294277) can0 38F#5727E25302000000
(1786378376.294647) can0 38E#1E2F004011000000
(1786378376.304287) can0 38E#4220004011000000
(1786378376.314264) can0 38F#0B28E25302000000
(1786378376.314749) can0 38E#1F21004011000000
(1786378376.324295) can0 38E#F822004011000000
(1786378376.334383) can0 38F#5629E25302000000
(1786378376.334867) can0 38E#A523004011000000
(1786378376.344419) can0 38E#2B24004011000000
(1786378376.354221) can0 38F#B12AE25302000000
(1786378376.354587) can0 38E#7625004011000000
(1786378376.364226) can0 38E#9126004011000000
(1786378376.374358) can0 38F#EC2BE25302000000
(1786378376.374724) can0 38E#CC27004011000000
(1786378376.384270) can0 38E#9028004011000000
(1786378376.394361) can0 38F#622CE25302000000
(1786378376.394688) can0 38E#CD29004011000000
(1786378376.404249) can0 38E#2A2A004011000000
(1786378376.414346) can0 38F#3F2DE25302000000
(1786378376.414778) can0 38E#772B004011000000
(1786378376.424347) can0 38E#F92C004011000000
(1786378376.434366) can0 38F#D82EE25302000000
(1786378376.434749) can0 38E#A42D004011000000
(1786378376.444317) can0 38E#432E004011000000
(1786378376.454254) can0 38F#852FE25302000000
(1786378376.454594) can0 38E#1E2F004011000000
(1786378376.464304) can0 38E#4220004011000000
(1786378376.474273) can0 38F#D920E25302000000
(1786378376.474689) can0 38E#1F21004011000000
(1786378376.484382) can0 38E#F822004011000000
(1786378376.494280) can0 38F#8421E25302000000
(1786378376.494641) can0 38E#A523004011000000
(1786378376.504276) can0 38E#2B24004011000000
(1786378376.514352) can0 38F#6322E25302000000
(1786378376.514955) can0 38E#7625004011000000
(1786378376.524300) can0 38E#9126004011000000
(1786378376.534333) can0 38F#3E23E25302000000
(1786378376.534797) can0 38E#CC27004011000000
(1786378376.544430) can0 38E#9028004011000000
(1786378376.554270) can0 38F#B024E25302000000
(1786378376.554620) can0 38E#CD29004011000000
(1786378376.564407) can0 38E#2A2A004011000000
(1786378376.574361) can0 38F#ED25E25302000000
(1786378376.574737) can0 38E#772B004011000000
(1786378376.584369) can0 38E#F92C004011000000
(1786378376.594276) can0 38F#0A26E25302000000
(1786378376.594731) can0 38E#A42D004011000000
(1786378376.604248) can0 38E#432E004011000000
(1786378376.614277) can0 38F#5727E25302000000
(1786378376.614777) can0 38E#1E2F004011000000
(1786378376.624337) can0 38E#4220004011000000
(1786378376.634404) can0 38F#0B28E25302000000
(1786378376.634802) can0 38E#1F21004011000000
(1786378376.644345) can0 38E#F822004011000000
(1786378376.654257) can0 38F#5629E25302000000
(1786378376.654600) can0 38E#A523004011000000
(1786378376.664331) can0 38E#2B24004011000000
(1786378376.674229) can0 38F#B12AE25302000000
(1786378376.674553) can0 38E#7625004011000000
(1786378376.684345) can0 38E#9126004011000000
(1786378376.694351) can0 38F#EC2BE25302000000
(1786378376.694756) can0 38E#CC27004011000000
(1786378376.704282) can0 38E#9028004011000000
(1786378376.714235) can0 38F#622CE25302000000
(1786378376.714693) can0 38E#CD29004011000000
(1786378376.724236) can0 38E#2A2A004011000000
(1786378376.734350) can0 38F#3F2DE25302000000
(1786378376.734838) can0 38E#772B004011000000
(1786378376.744313) can0 38E#F92C004011000000
(1786378376.754250) can0 38F#D82EE25302000000
(1786378376.754618) can0 38E#A42D004011000000
(1786378376.764312) can0 38E#432E004011000000
(1786378376.774325) can0 38F#852FE25302000000
(1786378376.774678) can0 38E#1E2F004011000000
(1786378376.784293) can0 38E#4220004011000000
(1786378376.794206) can0 38F#D920E25302000000
(1786378376.794550) can0 38E#1F21004011000000
(1786378376.804280) can0 38E#F822004011000000
(1786378376.814391) can0 38F#8421E25302000000
(1786378376.814740) can0 38E#A523004011000000
(1786378376.824255) can0 38E#2B24004011000000
(1786378376.834307) can0 38F#6322E25302000000
(1786378376.834776) can0 38E#7625004011000000
(1786378376.844382) can0 38E#9126004011000000
(1786378376.854349) can0 38F#3E23E25302000000
(1786378376.854697) can0 38E#CC27004011000000
(1786378376.864360) can0 38E#9028004011000000
(1786378376.874246) can0 38F#B024E25302000000
(1786378376.874775) can0 38E#CD29004011000000
(1786378376.884298) can0 38E#2A2A004011000000
(1786378376.894326) can0 38F#ED25E25302000000
(1786378376.894633) can0 38E#772B004011000000
(1786378376.904333) can0 38E#F92C004011000000
(1786378376.914286) can0 38F#0A26E25302000000
(1786378376.914671) can0 38E#A42D004011000000
(1786378376.924315) can0 38E#432E004011000000
(1786378376.934331) can0 38F#5727E25302000000
(1786378376.934782) can0 38E#1E2F004011000000
(1786378376.944320) can0 38E#4220004011000000
(1786378376.954291) can0 38F#0B28E25302000000
(1786378376.954602) can0 38E#1F21004011000000
(1786378376.964415) can0 38E#F822004011000000
(1786378376.974348) can0 38F#5629E25302000000
(1786378376.974710) can0 38E#A523004011000000
(1786378376.984467) can0 38E#2B24004011000000
(1786378376.993971) can0 38F#B12AE25302000000
(1786378376.994309) can0 38E#7625004011000000
(1786378377.004293) can0 38E#9126004011000000
(1786378377.014288) can0 38F#EC2BE25302000000
(1786378377.014547) can0 38E#CC27004011000000
(1786378377.024218) can0 38E#9028004011000000
(1786378377.034242) can0 38F#622CE25302000000
(1786378377.034510) can0 38E#CD29004011000000
(1786378377.044206) can0 38E#2A2A004011000000
(1786378377.054270) can0 38F#3F2DE25302000000
(1786378377.054608) can0 38E#772B004011000000
(1786378377.064412) can0 38E#F92C004011000000
(1786378377.074243) can0 38F#D82EE25302000000
(1786378377.074603) can0 38E#A42D004011000000
(1786378377.084277) can0 38E#432E004011000000
(1786378377.094359) can0 38F#852FE25302000000
(1786378377.094809) can0 38E#1E2F004011000000
(1786378377.104332) can0 38E#4220004011000000
(1786378377.114289) can0 38F#D920E25302000000
(1786378377.114749) can0 38E#1F21004011000000
(1786378377.124317) can0 38E#F822004011000000
(1786378377.134380) can0 38F#8421E25302000000
(1786378377.134761) can0 38E#A523004011000000
(1786378377.144417) can0 38E#2B24004011000000
(1786378377.154224) can0 38F#6322E25302000000
(1786378377.154498) can0 38E#7625004011000000
(1786378377.164380) can0 38E#9126004011000000
(1786378377.174371) can0 38F#3E23E25302000000
(1786378377.174754) can0 38E#CC27004011000000
(1786378377.184338) can0 38E#9028004011000000
(1786378377.194322) can0 38F#B024E25302000000
(1786378377.194698) can0 38E#CD29004011000000
(1786378377.204304) can0 38E#2A2A004011000000
(1786378377.214248) can0 38F#ED25E25302000000
(1786378377.214641) can0 38E#772B004011000000
(1786378377.224253) can0 38E#F92C004011000000
(1786378377.234241) can0 38F#0A26E25302000000
(1786378377.234623) can0 38E#A42D004011000000
(1786378377.244438) can0 38E#432E004011000000
(1786378377.254289) can0 38F#5727E25302000000
(1786378377.254712) can0 38E#1E2F004011000000
(1786378377.264255) can0 38E#4220004011000000
(1786378377.274205) can0 38F#0B28E25302000000
(1786378377.274539) can0 38E#1F21004011000000
(1786378377.284418) can0 38E#F822004011000000
(1786378377.294411) can0 38F#5629E25302000000
(1786378377.294915) can0 38E#A523004011000000
(1786378377.304258) can0 38E#2B24004011000000
(1786378377.314409) can0 38F#B12AE25302000000
(1786378377.314970) can0 38E#7625004011000000
(1786378377.324331) can0 38E#9126004011000000
(1786378377.334392) can0 38F#EC2BE25302000000
(1786378377.334925) can0 38E#CC27004011000000
(1786378377.344309) can0 38E#9028004011000000
(1786378377.354233) can0 38F#622CE25302000000
(1786378377.354585) can0 38E#CD29004011000000
(1786378377.364334) can0 38E#2A2A004011000000
(1786378377.374273) can0 38F#3F2DE25302000000
(1786378377.374639) can0 38E#772B004011000000
(1786378377.384228) can0 38E#F92C004011000000
(1786378377.394281) can0 38F#D82EE25302000000
(1786378377.394661) can0 38E#A42D004011000000
(1786378377.404253) can0 38E#432E004011000000
(1786378377.414414) can0 38F#852FE25302000000
(1786378377.414922) can0 38E#1E2F004011000000
(1786378377.423892) can0 38E#4220004011000000
(1786378377.434221) can0 38F#D920E25302000000
(1786378377.434576) can0 38E#1F21004011000000
(1786378377.444404) can0 38E#F822004011000000
(1786378377.454225) can0 38F#8421E25302000000
(1786378377.454553) can0 38E#A523004011000000
(1786378377.464458) can0 38E#2B24004011000000
(1786378377.474192) can0 38F#6322E25302000000
(1786378377.474501) can0 38E#7625004011000000
(1786378377.484320) can0 38E#9126004011000000
(1786378377.494319) can0 38F#3E23E25302000000
(1786378377.494644) can0 38E#CC27004011000000
(1786378377.504274) can0 38E#9028004011000000
(1786378377.514285) can0 38F#B024E25302000000
(1786378377.514743) can0 38E#CD29004011000000
(1786378377.524283) can0 38E#2A2A004011000000
(1786378377.534347) can0 38F#ED25E25302000000
(1786378377.534856) can0 38E#772B004011000000
(1786378377.544220) can0 38E#F92C004011000000
(1786378377.554226) can0 38F#0A26E25302000000
(1786378377.554572) can0 38E#A42D004011000000
(1786378377.564371) can0 38E#432E004011000000
(1786378377.574192) can0 38F#5727E25302000000
(1786378377.574506) can0 38E#1E2F004011000000
(1786378377.584255) can0 38E#4220004011000000
(1786378377.594340) can0 38F#0B28E25302000000
(1786378377.594733) can0 38E#1F21004011000000
(1786378377.604275) can0 38E#F822004011000000
(1786378377.614335) can0 38F#5629E25302000000
(1786378377.614753) can0 38E#A523004011000000
(1786378377.624262) can0 38E#2B24004011000000
(1786378377.634273) can0 38F#B12AE25302000000
(1786378377.634693) can0 38E#7625004011000000
(1786378377.644291) can0 38E#9126004011000000
(1786378377.654244) can0 38F#EC2BE25302000000
(1786378377.654579) can0 38E#CC27004011000000
(1786378377.664312) can0 38E#9028004011000000
(1786378377.674275) can0 38F#622CE25302000000
(1786378377.674632) can0 38E#CD29004011000000
(1786378377.684275) can0 38E#2A2A004011000000
(1786378377.694240) can0 38F#3F2DE25302000000
(1786378377.694580) can0 38E#772B004011000000
(1786378377.704246) can0 38E#F92C004011000000
(1786378377.714281) can0 38F#D82EE25302000000
(1786378377.714691) can0 38E#A42D004011000000
(1786378377.724293) can0 38E#432E004011000000
(1786378377.734214) can0 38F#852FE25302000000
(1786378377.734608) can0 38E#1E2F004011000000
(1786378377.744273) can0 38E#4220004011000000
(1786378377.754246) can0 38F#D920E25302000000
(1786378377.754616) can0 38E#1F21004011000000
(1786378377.764378) can0 38E#F822004011000000
(1786378377.774279) can0 38F#8421E25302000000
(1786378377.774631) can0 38E#A523004011000000
(1786378377.784243) can0 38E#2B24004011000000
(1786378377.794249) can0 38F#6322E25302000000
(1786378377.794601) can0 38E#7625004011000000
(1786378377.804330) can0 38E#9126004011000000
(1786378377.814334) can0 38F#3E23E25302000000
(1786378377.814748) can0 38E#CC27004011000000
(1786378377.824253) can0 38E#9028004011000000
(1786378377.834241) can0 38F#B024E25302000000
(1786378377.834649) can0 38E#CD29004011000000
(1786378377.844267) can0 38E#2A2A004011000000
(1786378377.853921) can0 38F#ED25E25302000000
(1786378377.854286) can0 38E#772B004011000000
(1786378377.864287) can0 38E#F92C004011000000
(1786378377.874292) can0 38F#0A26E25302000000
(1786378377.874650) can0 38E#A42D004011000000
(1786378377.884244) can0 38E#432E004011000000
(1786378377.894274) can0 38F#5727E25302000000
(1786378377.894595) can0 38E#1E2F004011000000
(1786378377.904189) can0 38E#4220004011000000
(1786378377.914182) can0 38F#0B28E25302000000
(1786378377.914509) can0 38E#1F21004011000000
(1786378377.924265) can0 38E#F822004011000000
(1786378377.934288) can0 38F#5629E25302000000
(1786378377.934744) can0 38E#A523004011000000
(1786378377.944323) can0 38E#2B24004011000000
(1786378377.954169) can0 38F#B12AE25302000000
(1786378377.954516) can0 38E#7625004011000000
(1786378377.964312) can0 38E#9126004011000000
(1786378377.974331) can0 38F#EC2BE25302000000
(1786378377.974714) can0 38E#CC27004011000000
(1786378377.984274) can0 38E#9028004011000000
(1786378377.994222) can0 38F#622CE25302000000
(1786378377.994515) can0 38E#CD29004011000000
(1786378378.004220) can0 38E#2A2A004011000000
(1786378378.014366) can0 38F#3F2DE25302000000
(1786378378.014919) can0 38E#772B004011000000
(1786378378.024218) can0 38E#F92C004011000000
(1786378378.034209) can0 38F#D82EE25302000000
(1786378378.034539) can0 38E#A42D004011000000
(1786378378.044327) can0 38E#432E004011000000
(1786378378.054310) can0 38F#852FE25302000000
(1786378378.054663) can0 38E#1E2F004011000000
(1786378378.064467) can0 38E#4220004011000000
(1786378378.074152) can0 38F#D920E25302000000
(1786378378.074479) can0 38E#1F21004011000000
(1786378378.084281) can0 38E#F822004011000000
(1786378378.094362) can0 38F#8421E25302000000
(1786378378.094722) can0 38E#A523004011000000
(1786378378.104297) can0 38E#2B24004011000000
(1786378378.114234) can0 38F#6322E25302000000
(1786378378.114672) can0 38E#7625004011000000
(1786378378.124272) can0 38E#9126004011000000
(1786378378.134353) can0 38F#3E23E25302000000
(1786378378.134777) can0 38E#CC27004011000000
(1786378378.144322) can0 38E#9028004011000000
(1786378378.154191) can0 38F#B024E25302000000
(1786378378.154591) can0 38E#CD29004011000000
(1786378378.164304) can0 38E#2A2A004011000000
(1786378378.174230) can0 38F#ED25E25302000000
(1786378378.174587) can0 38E#772B004011000000
(1786378378.184307) can0 38E#F92C004011000000
(1786378378.194260) can0 38F#0A26E25302000000
(1786378378.194715) can0 38E#A42D004011000000
(1786378378.204248) can0 38E#432E004011000000
(1786378378.214292) can0 38F#5727E25302000000
(1786378378.214808) can0 38E#1E2F004011000000
(1786378378.224248) can0 38E#4220004011000000
(1786378378.234310) can0 38F#0B28E25302000000
(1786378378.234658) can0 38E#1F21004011000000
(1786378378.244421) can0 38E#F822004011000000
(1786378378.254265) can0 38F#5629E25302000000
(1786378378.254581) can0 38E#A523004011000000
(1786378378.264344) can0 38E#2B24004011000000
(1786378378.274303) can0 38F#B12AE25302000000
(1786378378.274674) can0 38E#7625004011000000
(1786378378.284280) can0 38E#9126004011000000
(1786378378.294269) can0 38F#EC2BE25302000000
(1786378378.294623) can0 38E#CC27004011000000
(1786378378.304278) can0 38E#9028004011000000
(1786378378.314363) can0 38F#622CE25302000000
(1786378378.314935) can0 38E#CD29004011000000
(1786378378.324285) can0 38E#2A2A004011000000
(1786378378.334231) can0 38F#3F2DE25302000000
(1786378378.334556) can0 38E#772B004011000000
(1786378378.344313) can0 38E#F92C004011000000
(1786378378.354251) can0 38F#D82EE25302000000
(1786378378.354693) can0 38E#A42D004011000000
(1786378378.364415) can0 38E#432E004011000000
(1786378378.374296) can0 38F#852FE25302000000
(1786378378.374722) can0 38E#1E2F004011000000
(1786378378.384294) can0 38E#4220004011000000
(1786378378.394234) can0 38F#D920E25302000000
(1786378378.394613) can0 38E#1F21004011000000
(1786378378.404273) can0 38E#F822004011000000
(1786378378.414365) can0 38F#8421E25302000000
(1786378378.414759) can0 38E#A523004011000000
(1786378378.424291) can0 38E#2B24004011000000
(1786378378.434232) can0 38F#6322E25302000000
(1786378378.434660) can0 38E#7625004011000000
(1786378378.444336) can0 38E#9126004011000000
(1786378378.454244) can0 38F#3E23E25302000000
(1786378378.454577) can0 38E#CC27004011000000
(1786378378.464305) can0 38E#9028004011000000
(1786378378.474251) can0 38F#B024E25302000000
(1786378378.474560) can0 38E#CD29004011000000
(1786378378.484360) can0 38E#2A2A004011000000
(1786378378.494274) can0 38F#ED25E25302000000
(1786378378.494689) can0 38E#772B004011000000
(1786378378.504186) can0 38E#F92C004011000000
(1786378378.514208) can0 38F#0A26E25302000000
(1786378378.514636) can0 38E#A42D004011000000
(1786378378.524257) can0 38E#432E004011000000
(1786378378.534297) can0 38F#5727E25302000000
(1786378378.534672) can0 38E#1E2F004011000000
(1786378378.544302) can0 38E#4220004011000000
(1786378378.554207) can0 38F#0B28E25302000000
(1786378378.554541) can0 38E#1F21004011000000
(1786378378.564455) can0 38E#F822004011000000
(1786378378.574318) can0 38F#5629E25302000000
(1786378378.574634) can0 38E#A523004011000000
(1786378378.584281) can0 38E#2B24004011000000
(1786378378.594215) can0 38F#B12AE25302000000
(1786378378.594602) can0 38E#7625004011000000
(1786378378.604261) can0 38E#9126004011000000
(1786378378.614257) can0 38F#EC2BE25302000000
(1786378378.614613) can0 38E#CC27004011000000
(1786378378.624248) can0 38E#9028004011000000
(1786378378.634250) can0 38F#622CE25302000000
(1786378378.634584) can0 38E#CD29004011000000
(1786378378.644473) can0 38E#2A2A004011000000
(1786378378.654196) can0 38F#3F2DE25302000000
(1786378378.654507) can0 38E#772B004011000000
(1786378378.664422) can0 38E#F92C004011000000
(1786378378.674187) can0 38F#D82EE25302000000
(1786378378.674591) can0 38E#A42D004011000000
(1786378378.684309) can0 38E#432E004011000000
(1786378378.694347) can0 38F#852FE25302000000
(1786378378.694716) can0 38E#1E2F004011000000
(1786378378.704322) can0 38E#4220004011000000
(1786378378.714205) can0 38F#D920E25302000000
(1786378378.714691) can0 38E#1F21004011000000
(1786378378.724281) can0 38E#F822004011000000
(1786378378.734313) can0 38F#8421E25302000000
(1786378378.734624) can0 38E#A523004011000000
(1786378378.744304) can0 38E#2B24004011000000
(1786378378.754249) can0 38F#6322E25302000000
(1786378378.754572) can0 38E#7625004011000000
(1786378378.764264) can0 38E#9126004011000000
(1786378378.774283) can0 38F#3E23E25302000000
(1786378378.774652) can0 38E#CC27004011000000
(1786378378.784352) can0 38E#9028004011000000
(1786378378.794225) can0 38F#B024E25302000000
(1786378378.794572) can0 38E#CD29004011000000
(1786378378.804242) can0 38E#2A2A004011000000
(1786378378.814239) can0 38F#ED25E25302000000
(1786378378.814629) can0 38E#772B004011000000
(1786378378.824316) can0 38E#F92C004011000000
(1786378378.834296) can0 38F#0A26E25302000000
(1786378378.834812) can0 38E#A42D004011000000
(1786378378.844292) can0 38E#432E004011000000
(1786378378.854205) can0 38F#5727E25302000000
(1786378378.854489) can0 38E#1E2F004011000000
(1786378378.864272) can0 38E#4220004011000000
(1786378378.874133) can0 38F#0B28E25302000000
(1786378378.874482) can0 38E#1F21004011000000
(1786378378.884290) can0 38E#F822004011000000
(1786378378.894273) can0 38F#5629E25302000000
(1786378378.894634) can0 38E#A523004011000000
(1786378378.904216) can0 38E#2B24004011000000
(1786378378.914197) can0 38F#B12AE25302000000
(1786378378.914554) can0 38E#7625004011000000
(1786378378.924244) can0 38E#9126004011000000
(1786378378.934223) can0 38F#EC2BE25302000000
(1786378378.934665) can0 38E#CC27004011000000
(1786378378.944246) can0 38E#9028004011000000
(1786378378.954251) can0 38F#622CE25302000000
(1786378378.954557) can0 38E#CD29004011000000
(1786378378.964295) can0 38E#2A2A004011000000
(1786378378.974277) can0 38F#3F2DE25302000000
(1786378378.974646) can0 38E#772B004011000000
(1786378378.984294) can0 38E#F92C004011000000
(1786378378.994298) can0 38F#D82EE25302000000
(1786378378.994731) can0 38E#A42D004011000000
(1786378379.004311) can0 38E#432E004011000000
(1786378379.014383) can0 38F#852FE25302000000
(1786378379.014935) can0 38E#1E2F004011000000
(1786378379.024239) can0 38E#4220004011000000
(1786378379.034117) can0 38F#D920E25302000000
(1786378379.034460) can0 38E#1F21004011000000
(1786378379.044267) can0 38E#F822004011000000
(1786378379.054272) can0 38F#8421E25302000000
(1786378379.054659) can0 38E#A523004011000000
(1786378379.064302) can0 38E#2B24004011000000
(1786378379.074195) can0 38F#6322E25302000000
(1786378379.074563) can0 38E#7625004011000000
(1786378379.084400) can0 38E#9126004011000000
(1786378379.094264) can0 38F#3E23E25302000000
(1786378379.094615) can0 38E#CC27004011000000
(1786378379.104271) can0 38E#9028004011000000
(1786378379.114190) can0 38F#B024E25302000000
(1786378379.114522) can0 38E#CD29004011000000
(1786378379.124220) can0 38E#2A2A004011000000
(1786378379.134343) can0 38F#ED25E25302000000
(1786378379.134698) can0 38E#772B004011000000
(1786378379.144339) can0 38E#F92C004011000000
(1786378379.154194) can0 38F#0A26E25302000000
(1786378379.154571) can0 38E#A42D004011000000
(1786378379.164413) can0 38E#432E004011000000
(1786378379.174267) can0 38F#5727E25302000000
(1786378379.174569) can0 38E#1E2F004011000000
(1786378379.184299) can0 38E#4220004011000000
(1786378379.194220) can0 38F#0B28E25302000000
(1786378379.194596) can0 38E#1F21004011000000
(1786378379.204252) can0 38E#F822004011000000
(1786378379.214357) can0 38F#5629E25302000000
(1786378379.214903) can0 38E#A523004011000000
(1786378379.224188) can0 38E#2B24004011000000
(1786378379.234193) can0 38F#B12AE25302000000
(1786378379.234518) can0 38E#7625004011000000
(1786378379.244276) can0 38E#9126004011000000
(1786378379.254268) can0 38F#EC2BE25302000000
(1786378379.254581) can0 38E#CC27004011000000
(1786378379.264290) can0 38E#9028004011000000
(1786378379.274160) can0 38F#622CE25302000000
(1786378379.274483) can0 38E#CD29004011000000
(1786378379.284229) can0 38E#2A2A004011000000
(1786378379.294221) can0 38F#3F2DE25302000000
(1786378379.294649) can0 38E#772B004011000000
(1786378379.304223) can0 38E#F92C004011000000
(1786378379.314232) can0 38F#D82EE25302000000
(1786378379.314707) can0 38E#A42D004011000000
(1786378379.324211) can0 38E#432E004011000000
(1786378379.334310) can0 38F#852FE25302000000
(1786378379.334664) can0 38E#1E2F004011000000
(1786378379.344276) can0 38E#4220004011000000
(1786378379.354236) can0 38F#D920E25302000000
(1786378379.354532) can0 38E#1F21004011000000
(1786378379.364144) can0 38E#F822004011000000
(1786378379.374246) can0 38F#8421E25302000000
(1786378379.374622) can0 38E#A523004011000000
(1786378379.384309) can0 38E#2B24004011000000
(1786378379.418341) can0 38F#6322E25302000000
(1786378379.430544) can0 38E#7625004011000000
(1786378379.440926) can0 38E#9126004011000000
(1786378379.447743) can0 38F#3E23E25302000000
(1786378379.448320) can0 38E#CC27004011000000
(1786378379.449774) can0 38E#9028004011000000
(1786378379.451509) can0 38F#B024E25302000000
(1786378379.452393) can0 38E#CD29004011000000
(1786378379.456886) can0 38E#2A2A004011000000
(1786378379.457746) can0 38F#ED25E25302000000
(1786378379.458650) can0 38E#772B004011000000
(1786378379.464136) can0 38E#F92C004011000000
(1786378379.474159) can0 38F#0A26E25302000000
(1786378379.474567) can0 38E#A42D004011000000
(1786378379.484258) can0 38E#432E004011000000
(1786378379.494239) can0 38F#5727E25302000000
(1786378379.494574) can0 38E#1E2F004011000000
(1786378379.504222) can0 38E#4220004011000000
(1786378379.514130) can0 38F#0B28E25302000000
(1786378379.514470) can0 38E#1F21004011000000
(1786378379.524240) can0 38E#F822004011000000
(1786378379.534335) can0 38F#5629E25302000000
(1786378379.534704) can0 38E#A523004011000000
(1786378379.544418) can0 38E#2B24004011000000
(1786378379.554201) can0 38F#B12AE25302000000
(1786378379.554551) can0 38E#7625004011000000
(1786378379.564352) can0 38E#9126004011000000
(1786378379.574286) can0 38F#EC2BE25302000000
(1786378379.574650) can0 38E#CC27004011000000
(1786378379.584270) can0 38E#9028004011000000
(1786378379.594235) can0 38F#622CE25302000000
(1786378379.594646) can0 38E#CD29004011000000
(1786378379.604273) can0 38E#2A2A004011000000
(1786378379.614255) can0 38F#3F2DE25302000000
(1786378379.614602) can0 38E#772B004011000000
(1786378379.624232) can0 38E#F92C004011000000
(1786378379.634274) can0 38F#D82EE25302000000
(1786378379.634743) can0 38E#A42D004011000000
(1786378379.644377) can0 38E#432E004011000000
(1786378379.654284) can0 38F#852FE25302000000
(1786378379.654661) can0 38E#1E2F004011000000
(1786378379.664311) can0 38E#4220004011000000
(1786378379.674226) can0 38F#D920E25302000000
(1786378379.674630) can0 38E#1F21004011000000
(1786378379.684289) can0 38E#F822004011000000
(1786378379.694253) can0 38F#8421E25302000000
(1786378379.694619) can0 38E#A523004011000000
(1786378379.704273) can0 38E#2B24004011000000
(1786378379.714276) can0 38F#6322E25302000000
(1786378379.714724) can0 38E#7625004011000000
(1786378379.724249) can0 38E#9126004011000000
(1786378379.734288) can0 38F#3E23E25302000000
(1786378379.734722) can0 38E#CC27004011000000
(1786378379.744289) can0 38E#9028004011000000
(1786378379.754147) can0 38F#B024E25302000000
(1786378379.754493) can0 38E#CD29004011000000
(1786378379.764339) can0 38E#2A2A004011000000
(1786378379.774291) can0 38F#ED25E25302000000
(1786378379.774660) can0 38E#772B004011000000
(1786378379.784275) can0 38E#F92C004011000000
(1786378379.794236) can0 38F#0A26E25302000000
(1786378379.794657) can0 38E#A42D004011000000
(1786378379.804183) can0 38E#432E004011000000
(1786378379.814214) can0 38F#5727E25302000000
(1786378379.814475) can0 38E#1E2F004011000000
(1786378379.824169) can0 38E#4220004011000000
(1786378379.834218) can0 38F#0B28E25302000000
(1786378379.834575) can0 38E#1F21004011000000
(1786378379.844251) can0 38E#F822004011000000
(1786378379.854268) can0 38F#5629E25302000000
(1786378379.854671) can0 38E#A523004011000000
(1786378379.864312) can0 38E#2B24004011000000
(1786378379.874225) can0 38F#B12AE25302000000
(1786378379.874582) can0 38E#7625004011000000
(1786378379.884306) can0 38E#9126004011000000
(1786378379.894186) can0 38F#EC2BE25302000000
(1786378379.894516) can0 38E#CC27004011000000
(1786378379.904272) can0 38E#9028004011000000
(1786378379.914184) can0 38F#622CE25302000000
(1786378379.914561) can0 38E#CD29004011000000
(1786378379.924244) can0 38E#2A2A004011000000
(1786378379.934314) can0 38F#3F2DE25302000000
(1786378379.934749) can0 38E#772B004011000000
(1786378379.944271) can0 38E#F92C004011000000
(1786378379.954215) can0 38F#D82EE25302000000
(1786378379.954575) can0 38E#A42D004011000000
(1786378379.964297) can0 38E#432E004011000000
(1786378379.974199) can0 38F#852FE25302000000
(1786378379.974514) can0 38E#1E2F004011000000
(1786378379.984203) can0 38E#4220004011000000
(1786378379.994252) can0 38F#D920E25302000000
(1786378379.994714) can0 38E#1F21004011000000
(1786378380.004185) can0 38E#F822004011000000
(1786378380.013833) can0 38F#8421E25302000000
(1786378380.014174) can0 38E#A523004011000000
(1786378380.024223) can0 38E#2B24004011000000
(1786378380.034211) can0 38F#6322E25302000000
(1786378380.034465) can0 38E#7625004011000000
(1786378380.044217) can0 38E#9126004011000000
(1786378380.054136) can0 38F#3E23E25302000000
(1786378380.054417) can0 38E#CC27004011000000
(1786378380.064300) can0 38E#9028004011000000
(1786378380.074316) can0 38F#B024E25302000000
(1786378380.074633) can0 38E#CD29004011000000
(1786378380.084295) can0 38E#2A2A004011000000
(1786378380.094261) can0 38F#ED25E25302000000
(1786378380.094621) can0 38E#772B004011000000
(1786378380.104258) can0 38E#F92C004011000000
(1786378380.114230) can0 38F#0A26E25302000000
(1786378380.114663) can0 38E#A42D004011000000
(1786378380.124192) can0 38E#432E004011000000
(1786378380.134188) can0 38F#5727E25302000000
(1786378380.134544) can0 38E#1E2F004011000000
(1786378380.144348) can0 38E#4220004011000000
(1786378380.154166) can0 38F#0B28E25302000000
(1786378380.154500) can0 38E#1F21004011000000
(1786378380.164250) can0 38E#F822004011000000
(1786378380.174276) can0 38F#5629E25302000000
(1786378380.174693) can0 38E#A523004011000000
(1786378380.184196) can0 38E#2B24004011000000
(1786378380.194253) can0 38F#B12AE25302000000
(1786378380.194689) can0 38E#7625004011000000
(1786378380.204247) can0 38E#9126004011000000
(1786378380.214304) can0 38F#EC2BE25302000000
(1786378380.214727) can0 38E#CC27004011000000
(1786378380.224248) can0 38E#9028004011000000
(1786378380.234125) can0 38F#622CE25302000000
(1786378380.234542) can0 38E#CD29004011000000
(1786378380.244374) can0 38E#2A2A004011000000
(1786378380.254232) can0 38F#3F2DE25302000000
(1786378380.254533) can0 38E#772B004011000000
(1786378380.264298) can0 38E#F92C004011000000
(1786378380.274194) can0 38F#D82EE25302000000
(1786378380.274538) can0 38E#A42D004011000000
(1786378380.284303) can0 38E#432E004011000000
(1786378380.294375) can0 38F#852FE25302000000
(1786378380.294756) can0 38E#1E2F004011000000
(1786378380.304261) can0 38E#4220004011000000
(1786378380.314217) can0 38F#D920E25302000000
(1786378380.314635) can0 38E#1F21004011000000
(1786378380.324227) can0 38E#F822004011000000
(1786378380.334222) can0 38F#8421E25302000000
(1786378380.334625) can0 38E#A523004011000000
(1786378380.344283) can0 38E#2B24004011000000
(1786378380.354208) can0 38F#6322E25302000000
(1786378380.354568) can0 38E#7625004011000000
(1786378380.364257) can0 38E#9126004011000000
(1786378380.374254) can0 38F#3E23E25302000000
(1786378380.374700) can0 38E#CC27004011000000
(1786378380.384261) can0 38E#9028004011000000
(1786378380.394279) can0 38F#B024E25302000000
(1786378380.394636) can0 38E#CD29004011000000
(1786378380.404167) can0 38E#2A2A004011000000
(1786378380.414265) can0 38F#ED25E25302000000
(1786378380.414661) can0 38E#772B004011000000
(1786378380.424242) can0 38E#F92C004011000000
(1786378380.434180) can0 38F#0A26E25302000000
(1786378380.434606) can0 38E#A42D004011000000
(1786378380.444180) can0 38E#432E004011000000
(1786378380.454258) can0 38F#5727E25302000000
(1786378380.454575) can0 38E#1E2F004011000000
(1786378380.464309) can0 38E#4220004011000000
(1786378380.474202) can0 38F#0B28E25302000000
(1786378380.474571) can0 38E#1F21004011000000
(1786378380.484119) can0 38E#F822004011000000
(1786378380.494165) can0 38F#5629E25302000000
(1786378380.494460) can0 38E#A523004011000000
(1786378380.504271) can0 38E#2B24004011000000
(1786378380.514205) can0 38F#B12AE25302000000
(1786378380.514578) can0 38E#7625004011000000
(1786378380.524140) can0 38E#9126004011000000
(1786378380.534281) can0 38F#EC2BE25302000000
(1786378380.534646) can0 38E#CC27004011000000
(1786378380.544350) can0 38E#9028004011000000
(1786378380.554105) can0 38F#622CE25302000000
(1786378380.554500) can0 38E#CD29004011000000
(1786378380.564175) can0 38E#2A2A004011000000
(1786378380.574243) can0 38F#3F2DE25302000000
(1786378380.574565) can0 38E#772B004011000000
(1786378380.584303) can0 38E#F92C004011000000
(1786378380.594155) can0 38F#D82EE25302000000
(1786378380.594495) can0 38E#A42D004011000000
(1786378380.604205) can0 38E#432E004011000000
(1786378380.614172) can0 38F#852FE25302000000
(1786378380.614505) can0 38E#1E2F004011000000
(1786378380.624219) can0 38E#4220004011000000
(1786378380.634256) can0 38F#D920E25302000000
(1786378380.634657) can0 38E#1F21004011000000
(1786378380.644280) can0 38E#F822004011000000
(1786378380.654277) can0 38F#8421E25302000000
(1786378380.654640) can0 38E#A523004011000000
(1786378380.664264) can0 38E#2B24004011000000
(1786378380.674203) can0 38F#6322E25302000000
(1786378380.674495) can0 38E#7625004011000000
(1786378380.684336) can0 38E#9126004011000000
(1786378380.694283) can0 38F#3E23E25302000000
(1786378380.694681) can0 38E#CC27004011000000
(1786378380.704170) can0 38E#9028004011000000
(1786378380.714242) can0 38F#B024E25302000000
(1786378380.714649) can0 38E#CD29004011000000
(1786378380.724229) can0 38E#2A2A004011000000
(1786378380.734209) can0 38F#ED25E25302000000
(1786378380.734568) can0 38E#772B004011000000
(1786378380.744230) can0 38E#F92C004011000000
(1786378380.754122) can0 38F#0A26E25302000000
(1786378380.754419) can0 38E#A42D004011000000
(1786378380.764244) can0 38E#432E004011000000
(1786378380.774263) can0 38F#5727E25302000000
(1786378380.774583) can0 38E#1E2F004011000000
(1786378380.784282) can0 38E#4220004011000000
(1786378380.794276) can0 38F#0B28E25302000000
(1786378380.794708) can0 38E#1F21004011000000
(1786378380.804208) can0 38E#F822004011000000
(1786378380.814211) can0 38F#5629E25302000000
(1786378380.814668) can0 38E#A523004011000000
(1786378380.824245) can0 38E#2B24004011000000
(1786378380.834160) can0 38F#B12AE25302000000
(1786378380.834585) can0 38E#7625004011000000
(1786378380.844287) can0 38E#9126004011000000
(1786378380.854242) can0 38F#EC2BE25302000000
(1786378380.854533) can0 38E#CC27004011000000
(1786378380.864343) can0 38E#9028004011000000
(1786378380.874158) can0 38F#622CE25302000000
(1786378380.874544) can0 38E#CD29004011000000
(1786378380.884251) can0 38E#2A2A004011000000
(1786378380.894261) can0 38F#3F2DE25302000000
(1786378380.894660) can0 38E#772B004011000000
(1786378380.904214) can0 38E#F92C004011000000
(1786378380.914165) can0 38F#D82EE25302000000
(1786378380.914586) can0 38E#A42D004011000000
(1786378380.924222) can0 38E#432E004011000000
(1786378380.934356) can0 38F#852FE25302000000
(1786378380.934748) can0 38E#1E2F004011000000
(1786378380.944354) can0 38E#4220004011000000
(1786378380.954212) can0 38F#D920E25302000000
(1786378380.954584) can0 38E#1F21004011000000
(1786378380.964402) can0 38E#F822004011000000
(1786378380.974207) can0 38F#8421E25302000000
(1786378380.974537) can0 38E#A523004011000000
(1786378380.984188) can0 38E#2B24004011000000
(1786378380.994162) can0 38F#6322E25302000000
(1786378380.994572) can0 38E#7625004011000000
(1786378381.004218) can0 38E#9126004011000000
(1786378381.014160) can0 38F#3E23E25302000000
(1786378381.014503) can0 38E#CC27004011000000
(1786378381.024149) can0 38E#9028004011000000
(1786378381.034196) can0 38F#B024E25302000000
(1786378381.034547) can0 38E#CD29004011000000
(1786378381.044223) can0 38E#2A2A004011000000
(1786378381.054216) can0 38F#ED25E25302000000
(1786378381.054552) can0 38E#772B004011000000
(1786378381.064405) can0 38E#F92C004011000000
(1786378381.074192) can0 38F#0A26E25302000000
(1786378381.074482) can0 38E#A42D004011000000
(1786378381.084177) can0 38E#432E004011000000
(1786378381.094215) can0 38F#5727E25302000000
(1786378381.094621) can0 38E#1E2F004011000000
(1786378381.104151) can0 38E#4220004011000000
(1786378381.114275) can0 38F#0B28E25302000000
(1786378381.114794) can0 38E#1F21004011000000
(1786378381.124198) can0 38E#F822004011000000
(1786378381.134269) can0 38F#5629E25302000000
(1786378381.134612) can0 38E#A523004011000000
(1786378381.144317) can0 38E#2B24004011000000
(1786378381.154225) can0 38F#B12AE25302000000
(1786378381.154656) can0 38E#7625004011000000
(1786378381.164217) can0 38E#9126004011000000
(1786378381.174224) can0 38F#EC2BE25302000000
(1786378381.174584) can0 38E#CC27004011000000
(1786378381.184206) can0 38E#9028004011000000
(1786378381.194181) can0 38F#622CE25302000000
(1786378381.194524) can0 38E#CD29004011000000
(1786378381.204267) can0 38E#2A2A004011000000
(1786378381.214242) can0 38F#3F2DE25302000000
(1786378381.214625) can0 38E#772B004011000000
(1786378381.224185) can0 38E#F92C004011000000
(1786378381.234226) can0 38F#D82EE25302000000
(1786378381.234696) can0 38E#A42D004011000000
(1786378381.244250) can0 38E#432E004011000000
(1786378381.254247) can0 38F#852FE25302000000
(1786378381.254602) can0 38E#1E2F004011000000
(1786378381.264244) can0 38E#4220004011000000
(1786378381.274264) can0 38F#D920E25302000000
(1786378381.274693) can0 38E#1F21004011000000
(1786378381.284204) can0 38E#F822004011000000
(1786378381.294217) can0 38F#8421E25302000000
(1786378381.294572) can0 38E#A523004011000000
(1786378381.304189) can0 38E#2B24004011000000
(1786378381.314220) can0 38F#6322E25302000000
(1786378381.314609) can0 38E#7625004011000000
(1786378381.324275) can0 38E#9126004011000000
(1786378381.334317) can0 38F#3E23E25302000000
(1786378381.334817) can0 38E#CC27004011000000
(1786378381.344267) can0 38E#9028004011000000
(1786378381.354179) can0 38F#B024E25302000000
(1786378381.354523) can0 38E#CD29004011000000
(1786378381.364371) can0 38E#2A2A004011000000
(1786378381.374223) can0 38F#ED25E25302000000
(1786378381.374567) can0 38E#772B004011000000
(1786378381.384202) can0 38E#F92C004011000000
(1786378381.394166) can0 38F#0A26E25302000000
(1786378381.394526) can0 38E#A42D004011000000
(1786378381.404163) can0 38E#432E004011000000
(1786378381.414336) can0 38F#5727E25302000000
(1786378381.414890) can0 38E#1E2F004011000000
(1786378381.424172) can0 38E#4220004011000000
(1786378381.434226) can0 38F#0B28E25302000000
(1786378381.434645) can0 38E#1F21004011000000
(1786378381.444213) can0 38E#F822004011000000
(1786378381.454185) can0 38F#5629E25302000000
(1786378381.454483) can0 38E#A523004011000000
(1786378381.464355) can0 38E#2B24004011000000
(1786378381.474152) can0 38F#B12AE25302000000
(1786378381.474490) can0 38E#7625004011000000
(1786378381.484305) can0 38E#9126004011000000
(1786378381.494354) can0 38F#EC2BE25302000000
(1786378381.494957) can0 38E#CC27004011000000
(1786378381.504249) can0 38E#9028004011000000
(1786378381.514122) can0 38F#622CE25302000000
(1786378381.514592) can0 38E#CD29004011000000
(1786378381.524181) can0 38E#2A2A004011000000
(1786378381.534319) can0 38F#3F2DE25302000000
(1786378381.534739) can0 38E#772B004011000000
(1786378381.544329) can0 38E#F92C004011000000
(1786378381.554142) can0 38F#D82EE25302000000
(1786378381.554497) can0 38E#A42D004011000000
(1786378381.564190) can0 38E#432E004011000000
(1786378381.574239) can0 38F#852FE25302000000
(1786378381.574564) can0 38E#1E2F004011000000
(1786378381.584339) can0 38E#4220004011000000
(1786378381.594260) can0 38F#D920E25302000000
(1786378381.594641) can0 38E#1F21004011000000
(1786378381.604177) can0 38E#F822004011000000
(1786378381.614264) can0 38F#8421E25302000000
(1786378381.614709) can0 38E#A523004011000000
(1786378381.624186) can0 38E#2B24004011000000
(1786378381.634336) can0 38F#6322E25302000000
(1786378381.634758) can0 38E#7625004011000000
(1786378381.644399) can0 38E#9126004011000000
(1786378381.654258) can0 38F#3E23E25302000000
(1786378381.654611) can0 38E#CC27004011000000
(1786378381.664283) can0 38E#9028004011000000
(1786378381.674114) can0 38F#B024E25302000000
(1786378381.674399) can0 38E#CD29004011000000
(1786378381.684220) can0 38E#2A2A004011000000
(1786378381.694295) can0 38F#ED25E25302000000
(1786378381.694788) can0 38E#772B004011000000
(1786378381.704236) can0 38E#F92C004011000000
(1786378381.714171) can0 38F#0A26E25302000000
(1786378381.714520) can0 38E#A42D004011000000
(1786378381.724166) can0 38E#432E004011000000
(1786378381.733946) can0 38F#5727E25302000000
(1786378381.734294) can0 38E#1E2F004011000000
(1786378381.744320) can0 38E#4220004011000000
(1786378381.754103) can0 38F#0B28E25302000000
(1786378381.754401) can0 38E#1F21004011000000
(1786378381.764212) can0 38E#F822004011000000
(1786378381.774175) can0 38F#5629E25302000000
(1786378381.774534) can0 38E#A523004011000000
(1786378381.784264) can0 38E#2B24004011000000
(1786378381.794251) can0 38F#B12AE25302000000
(1786378381.794753) can0 38E#7625004011000000
(1786378381.804218) can0 38E#9126004011000000
(1786378381.814311) can0 38F#EC2BE25302000000
(1786378381.814883) can0 38E#CC27004011000000
(1786378381.824235) can0 38E#9028004011000000
(1786378381.834227) can0 38F#622CE25302000000
(1786378381.834633) can0 38E#CD29004011000000
(1786378381.844211) can0 38E#2A2A004011000000
(1786378381.854158) can0 38F#3F2DE25302000000
(1786378381.854457) can0 38E#772B004011000000
(1786378381.864252) can0 38E#F92C004011000000
(1786378381.874063) can0 38F#D82EE25302000000
(1786378381.874361) can0 38E#A42D004011000000
(1786378381.884240) can0 38E#432E004011000000
(1786378381.894203) can0 38F#852FE25302000000
(1786378381.894575) can0 38E#1E2F004011000000
(1786378381.904141) can0 38E#4220004011000000
(1786378381.914318) can0 38F#D920E25302000000
(1786378381.914912) can0 38E#1F21004011000000
(1786378381.924176) can0 38E#F822004011000000
(1786378381.934249) can0 38F#8421E25302000000
(1786378381.934584) can0 38E#A523004011000000
(1786378381.944185) can0 38E#2B24004011000000
(1786378381.954146) can0 38F#6322E25302000000
(1786378381.954444) can0 38E#7625004011000000
(1786378381.964257) can0 38E#9126004011000000
(1786378381.974193) can0 38F#3E23E25302000000
(1786378381.974470) can0 38E#CC27004011000000
(1786378381.984275) can0 38E#9028004011000000
(1786378381.994167) can0 38F#B024E25302000000
(1786378381.994507) can0 38E#CD29004011000000
(1786378382.004245) can0 38E#2A2A004011000000
(1786378382.014262) can0 38F#ED25E25302000000
(1786378382.014683) can0 38E#772B004011000000
(1786378382.024218) can0 38E#F92C004011000000
(1786378382.034158) can0 38F#0A26E25302000000
(1786378382.034487) can0 38E#A42D004011000000
(1786378382.044225) can0 38E#432E004011000000
(1786378382.054185) can0 38F#5727E25302000000
(1786378382.054493) can0 38E#1E2F004011000000
(1786378382.064318) can0 38E#4220004011000000
(1786378382.074189) can0 38F#0B28E25302000000
(1786378382.074587) can0 38E#1F21004011000000
(1786378382.084215) can0 38E#F822004011000000
(1786378382.094249) can0 38F#5629E25302000000
(1786378382.094616) can0 38E#A523004011000000
(1786378382.104149) can0 38E#2B24004011000000
(1786378382.114201) can0 38F#B12AE25302000000
(1786378382.114642) can0 38E#7625004011000000
(1786378382.124201) can0 38E#9126004011000000
(1786378382.134213) can0 38F#EC2BE25302000000
(1786378382.134535) can0 38E#CC27004011000000
(1786378382.144447) can0 38E#9028004011000000
(1786378382.154096) can0 38F#622CE25302000000
(1786378382.154399) can0 38E#CD29004011000000
(1786378382.164145) can0 38E#2A2A004011000000
(1786378382.174252) can0 38F#3F2DE25302000000
(1786378382.174624) can0 38E#772B004011000000
(1786378382.184201) can0 38E#F92C004011000000
(1786378382.194225) can0 38F#D82EE25302000000
(1786378382.194555) can0 38E#A42D004011000000
(1786378382.204146) can0 38E#432E004011000000
(1786378382.214342) can0 38F#852FE25302000000
(1786378382.214910) can0 38E#1E2F004011000000
(1786378382.224169) can0 38E#4220004011000000
(1786378382.234135) can0 38F#D920E25302000000
(1786378382.234605) can0 38E#1F21004011000000
(1786378382.244220) can0 38E#F822004011000000
(1786378382.254189) can0 38F#8421E25302000000
(1786378382.254473) can0 38E#A523004011000000
(1786378382.264160) can0 38E#2B24004011000000
(1786378382.274127) can0 38F#6322E25302000000
(1786378382.274449) can0 38E#7625004011000000
(1786378382.284160) can0 38E#9126004011000000
(1786378382.294202) can0 38F#3E23E25302000000
(1786378382.294570) can0 38E#CC27004011000000
(1786378382.304129) can0 38E#9028004011000000
(1786378382.314239) can0 38F#B024E25302000000
(1786378382.314882) can0 38E#CD29004011000000
(1786378382.324130) can0 38E#2A2A004011000000
(1786378382.334250) can0 38F#ED25E25302000000
(1786378382.334590) can0 38E#772B004011000000
(1786378382.344314) can0 38E#F92C004011000000
(1786378382.354153) can0 38F#0A26E25302000000
(1786378382.354479) can0 38E#A42D004011000000
(1786378382.364344) can0 38E#432E004011000000
(1786378382.374235) can0 38F#5727E25302000000
(1786378382.374613) can0 38E#1E2F004011000000
(1786378382.384181) can0 38E#4220004011000000
(1786378382.394169) can0 38F#0B28E25302000000
(1786378382.394511) can0 38E#1F21004011000000
(1786378382.404221) can0 38E#F822004011000000
(1786378382.414183) can0 38F#5629E25302000000
(1786378382.414533) can0 38E#A523004011000000
(1786378382.424189) can0 38E#2B24004011000000
(1786378382.434154) can0 38F#B12AE25302000000
(1786378382.434581) can0 38E#7625004011000000
(1786378382.444377) can0 38E#9126004011000000
(1786378382.454164) can0 38F#EC2BE25302000000
(1786378382.454481) can0 38E#CC27004011000000
(1786378382.464178) can0 38E#9028004011000000
(1786378382.474135) can0 38F#622CE25302000000
(1786378382.474453) can0 38E#CD29004011000000
(1786378382.484227) can0 38E#2A2A004011000000
(1786378382.494197) can0 38F#3F2DE25302000000
(1786378382.494514) can0 38E#772B004011000000
(1786378382.504188) can0 38E#F92C004011000000
(1786378382.514215) can0 38F#D82EE25302000000
(1786378382.514641) can0 38E#A42D004011000000
(1786378382.524124) can0 38E#432E004011000000
(1786378382.534275) can0 38F#852FE25302000000
(1786378382.534660) can0 38E#1E2F004011000000
(1786378382.544339) can0 38E#4220004011000000
(1786378382.554172) can0 38F#D920E25302000000
(1786378382.554483) can0 38E#1F21004011000000
(1786378382.564261) can0 38E#F822004011000000
(1786378382.574282) can0 38F#8421E25302000000
(1786378382.574653) can0 38E#A523004011000000
(1786378382.584172) can0 38E#2B24004011000000
(1786378382.594120) can0 38F#6322E25302000000
(1786378382.594551) can0 38E#7625004011000000
(1786378382.604211) can0 38E#9126004011000000
(1786378382.614213) can0 38F#3E23E25302000000
(1786378382.614615) can0 38E#CC27004011000000
(1786378382.624243) can0 38E#9028004011000000
(1786378382.634193) can0 38F#B024E25302000000
(1786378382.634645) can0 38E#CD29004011000000
(1786378382.644252) can0 38E#2A2A004011000000
(1786378382.654261) can0 38F#ED25E25302000000
(1786378382.654621) can0 38E#772B004011000000
(1786378382.664218) can0 38E#F92C004011000000
(1786378382.674146) can0 38F#0A26E25302000000
(1786378382.674536) can0 38E#A42D004011000000
(1786378382.684154) can0 38E#432E004011000000
(1786378382.694162) can0 38F#5727E25302000000
(1786378382.694482) can0 38E#1E2F004011000000
(1786378382.704120) can0 38E#4220004011000000
(1786378382.714128) can0 38F#0B28E25302000000
(1786378382.714448) can0 38E#1F21004011000000
(1786378382.724186) can0 38E#F822004011000000
(1786378382.734159) can0 38F#5629E25302000000
(1786378382.734530) can0 38E#A523004011000000
(1786378382.744198) can0 38E#2B24004011000000
(1786378382.754096) can0 38F#B12AE25302000000
(1786378382.754445) can0 38E#7625004011000000
(1786378382.764279) can0 38E#9126004011000000
(1786378382.774206) can0 38F#EC2BE25302000000
(1786378382.774570) can0 38E#CC27004011000000
(1786378382.784267) can0 38E#9028004011000000
(1786378382.794213) can0 38F#622CE25302000000
(1786378382.794593) can0 38E#CD29004011000000
(1786378382.804168) can0 38E#2A2A004011000000
(1786378382.814146) can0 38F#3F2DE25302000000
(1786378382.814471) can0 38E#772B004011000000
(1786378382.824164) can0 38E#F92C004011000000
(1786378382.834172) can0 38F#D82EE25302000000
(1786378382.834578) can0 38E#A42D004011000000
(1786378382.844239) can0 38E#432E004011000000
(1786378382.854183) can0 38F#852FE25302000000
(1786378382.854506) can0 38E#1E2F004011000000
(1786378382.864371) can0 38E#4220004011000000
(1786378382.874222) can0 38F#D920E25302000000
(1786378382.874572) can0 38E#1F21004011000000
(1786378382.884218) can0 38E#F822004011000000
(1786378382.894194) can0 38F#8421E25302000000
(1786378382.894568) can0 38E#A523004011000000
(1786378382.904139) can0 38E#2B24004011000000
(1786378382.914270) can0 38F#6322E25302000000
(1786378382.914870) can0 38E#7625004011000000
(1786378382.924171) can0 38E#9126004011000000
(1786378382.934274) can0 38F#3E23E25302000000
(1786378382.934659) can0 38E#CC27004011000000
(1786378382.944167) can0 38E#9028004011000000
(1786378382.954069) can0 38F#B024E25302000000
(1786378382.954421) can0 38E#CD29004011000000
(1786378382.964221) can0 38E#2A2A004011000000
(1786378382.974268) can0 38F#ED25E25302000000
(1786378382.974683) can0 38E#772B004011000000
(1786378382.984153) can0 38E#F92C004011000000
(1786378382.994306) can0 38F#0A26E25302000000
(1786378382.994820) can0 38E#A42D004011000000
(1786378383.004236) can0 38E#432E004011000000
(1786378383.014285) can0 38F#5727E25302000000
(1786378383.014849) can0 38E#1E2F004011000000
(1786378383.024130) can0 38E#4220004011000000
(1786378383.034121) can0 38F#0B28E25302000000
(1786378383.034413) can0 38E#1F21004011000000
(1786378383.044276) can0 38E#F822004011000000
(1786378383.054230) can0 38F#5629E25302000000
(1786378383.054569) can0 38E#A523004011000000
(1786378383.064294) can0 38E#2B24004011000000
(1786378383.074135) can0 38F#B12AE25302000000
(1786378383.074477) can0 38E#7625004011000000
(1786378383.084292) can0 38E#9126004011000000
(1786378383.094189) can0 38F#EC2BE25302000000
(1786378383.094538) can0 38E#CC27004011000000
(1786378383.104124) can0 38E#9028004011000000
(1786378383.114109) can0 38F#622CE25302000000
(1786378383.114453) can0 38E#CD29004011000000
(1786378383.124195) can0 38E#2A2A004011000000
(1786378383.134117) can0 38F#3F2DE25302000000
(1786378383.134497) can0 38E#772B004011000000
(1786378383.144203) can0 38E#F92C004011000000
(1786378383.154149) can0 38F#D82EE25302000000
(1786378383.154480) can0 38E#A42D004011000000
(1786378383.164205) can0 38E#432E004011000000
(1786378383.174321) can0 38F#852FE25302000000
(1786378383.174709) can0 38E#1E2F004011000000
(1786378383.184227) can0 38E#4220004011000000
(1786378383.194180) can0 38F#D920E25302000000
(1786378383.194554) can0 38E#1F21004011000000
(1786378383.204170) can0 38E#F822004011000000
(1786378383.214282) can0 38F#8421E25302000000
(1786378383.214816) can0 38E#A523004011000000
(1786378383.224224) can0 38E#2B24004011000000
(1786378383.233859) can0 38F#6322E25302000000
(1786378383.234238) can0 38E#7625004011000000
(1786378383.244191) can0 38E#9126004011000000
(1786378383.254141) can0 38F#3E23E25302000000
(1786378383.254455) can0 38E#CC27004011000000
(1786378383.264224) can0 38E#9028004011000000
(1786378383.274134) can0 38F#B024E25302000000
(1786378383.274536) can0 38E#CD29004011000000
(1786378383.284261) can0 38E#2A2A004011000000
(1786378383.294183) can0 38F#ED25E25302000000
(1786378383.294490) can0 38E#772B004011000000
(1786378383.304199) can0 38E#F92C004011000000
(1786378383.314139) can0 38F#0A26E25302000000
(1786378383.314527) can0 38E#A42D004011000000
(1786378383.324204) can0 38E#432E004011000000
(1786378383.334128) can0 38F#5727E25302000000
(1786378383.334529) can0 38E#1E2F004011000000
(1786378383.344183) can0 38E#4220004011000000
(1786378383.354167) can0 38F#0B28E25302000000
(1786378383.354457) can0 38E#1F21004011000000
(1786378383.364167) can0 38E#F822004011000000
(1786378383.374161) can0 38F#5629E25302000000
(1786378383.374470) can0 38E#A523004011000000
(1786378383.384117) can0 38E#2B24004011000000
(1786378383.394144) can0 38F#B12AE25302000000
(1786378383.394502) can0 38E#7625004011000000
(1786378383.404210) can0 38E#9126004011000000
(1786378383.414226) can0 38F#EC2BE25302000000
(1786378383.414714) can0 38E#CC27004011000000
(1786378383.424158) can0 38E#9028004011000000
(1786378383.434224) can0 38F#622CE25302000000
(1786378383.434670) can0 38E#CD29004011000000
(1786378383.444159) can0 38E#2A2A004011000000
(1786378383.454187) can0 38F#3F2DE25302000000
(1786378383.454511) can0 38E#772B004011000000
(1786378383.464387) can0 38E#F92C004011000000
(1786378383.474151) can0 38F#D82EE25302000000
(1786378383.474496) can0 38E#A42D004011000000
(1786378383.484244) can0 38E#432E004011000000
(1786378383.494168) can0 38F#852FE25302000000
(1786378383.494565) can0 38E#1E2F004011000000
(1786378383.504200) can0 38E#4220004011000000
(1786378383.514210) can0 38F#D920E25302000000
(1786378383.514648) can0 38E#1F21004011000000
(1786378383.524173) can0 38E#F822004011000000
(1786378383.534152) can0 38F#8421E25302000000
(1786378383.534528) can0 38E#A523004011000000
(1786378383.544211) can0 38E#2B24004011000000
(1786378383.554144) can0 38F#6322E25302000000
(1786378383.554480) can0 38E#7625004011000000
(1786378383.564356) can0 38E#9126004011000000
(1786378383.574092) can0 38F#3E23E25302000000
(1786378383.574496) can0 38E#CC27004011000000
(1786378383.584276) can0 38E#9028004011000000
(1786378383.594153) can0 38F#B024E25302000000
(1786378383.594463) can0 38E#CD29004011000000
(1786378383.604132) can0 38E#2A2A004011000000
(1786378383.614136) can0 38F#ED25E25302000000
(1786378383.614554) can0 38E#772B004011000000
(1786378383.624141) can0 38E#F92C004011000000
(1786378383.634153) can0 38F#0A26E25302000000
(1786378383.634521) can0 38E#A42D004011000000
(1786378383.644218) can0 38E#432E004011000000
(1786378383.654205) can0 38F#5727E25302000000
(1786378383.654532) can0 38E#1E2F004011000000
(1786378383.664258) can0 38E#4220004011000000
(1786378383.674093) can0 38F#0B28E25302000000
(1786378383.674451) can0 38E#1F21004011000000
(1786378383.684121) can0 38E#F822004011000000
(1786378383.694200) can0 38F#5629E25302000000
(1786378383.694527) can0 38E#A523004011000000
(1786378383.704163) can0 38E#2B24004011000000
(1786378383.714186) can0 38F#B12AE25302000000
(1786378383.714616) can0 38E#7625004011000000
(1786378383.724180) can0 38E#9126004011000000
(1786378383.734291) can0 38F#EC2BE25302000000
(1786378383.734728) can0 38E#CC27004011000000
(1786378383.744191) can0 38E#9028004011000000
(1786378383.754103) can0 38F#622CE25302000000
(1786378383.754420) can0 38E#CD29004011000000
(1786378383.764258) can0 38E#2A2A004011000000
(1786378383.774135) can0 38F#3F2DE25302000000
(1786378383.774430) can0 38E#772B004011000000
(1786378383.784212) can0 38E#F92C004011000000
(1786378383.794196) can0 38F#D82EE25302000000
(1786378383.794556) can0 38E#A42D004011000000
(1786378383.804206) can0 38E#432E004011000000
(1786378383.814149) can0 38F#852FE25302000000
(1786378383.814567) can0 38E#1E2F004011000000
(1786378383.824172) can0 38E#4220004011000000
(1786378383.834197) can0 38F#D920E25302000000
(1786378383.834560) can0 38E#1F21004011000000
(1786378383.844387) can0 38E#F822004011000000
(1786378383.854181) can0 38F#8421E25302000000
(1786378383.854535) can0 38E#A523004011000000
(1786378383.864177) can0 38E#2B24004011000000
(1786378383.873853) can0 38F#6322E25302000000
(1786378383.874170) can0 38E#7625004011000000
(1786378383.884243) can0 38E#9126004011000000
(1786378383.894267) can0 38F#3E23E25302000000
(1786378383.894652) can0 38E#CC27004011000000
(1786378383.904199) can0 38E#9028004011000000
(1786378383.914222) can0 38F#B024E25302000000
(1786378383.914698) can0 38E#CD29004011000000
(1786378383.924103) can0 38E#2A2A004011000000
(1786378383.934215) can0 38F#ED25E25302000000
(1786378383.934534) can0 38E#772B004011000000
(1786378383.944226) can0 38E#F92C004011000000
(1786378383.954089) can0 38F#0A26E25302000000
(1786378383.954456) can0 38E#A42D004011000000
(1786378383.964201) can0 38E#432E004011000000
(1786378383.974101) can0 38F#5727E25302000000
(1786378383.974379) can0 38E#1E2F004011000000
(1786378383.984206) can0 38E#4220004011000000
(1786378383.994275) can0 38F#0B28E25302000000
(1786378383.994831) can0 38E#1F21004011000000
(1786378384.004189) can0 38E#F822004011000000
(1786378384.014140) can0 38F#5629E25302000000
(1786378384.014460) can0 38E#A523004011000000
(1786378384.024133) can0 38E#2B24004011000000
(1786378384.034099) can0 38F#B12AE25302000000
(1786378384.034576) can0 38E#7625004011000000
(1786378384.044238) can0 38E#9126004011000000
(1786378384.054097) can0 38F#EC2BE25302000000
(1786378384.054409) can0 38E#CC27004011000000
(1786378384.064350) can0 38E#9028004011000000
(1786378384.074129) can0 38F#622CE25302000000
(1786378384.074424) can0 38E#CD29004011000000
(1786378384.084116) can0 38E#2A2A004011000000
(1786378384.094084) can0 38F#3F2DE25302000000
(1786378384.094378) can0 38E#772B004011000000
(1786378384.104122) can0 38E#F92C004011000000
(1786378384.114300) can0 38F#D82EE25302000000
(1786378384.114939) can0 38E#A42D004011000000
(1786378384.124124) can0 38E#432E004011000000
(1786378384.134200) can0 38F#852FE25302000000
(1786378384.134582) can0 38E#1E2F004011000000
(1786378384.144269) can0 38E#4220004011000000
(1786378384.154175) can0 38F#D920E25302000000
(1786378384.154528) can0 38E#1F21004011000000
(1786378384.164273) can0 38E#F822004011000000
(1786378384.174164) can0 38F#8421E25302000000
(1786378384.174457) can0 38E#A523004011000000
(1786378384.184026) can0 38E#2B24004011000000
(1786378384.194092) can0 38F#6322E25302000000
(1786378384.194454) can0 38E#7625004011000000
(1786378384.204166) can0 38E#9126004011000000
(1786378384.214212) can0 38F#3E23E25302000000
(1786378384.214629) can0 38E#CC27004011000000
(1786378384.224125) can0 38E#9028004011000000
(1786378384.234128) can0 38F#B024E25302000000
(1786378384.234531) can0 38E#CD29004011000000
(1786378384.244167) can0 38E#2A2A004011000000
(1786378384.254139) can0 38F#ED25E25302000000
(1786378384.254471) can0 38E#772B004011000000
(1786378384.264231) can0 38E#F92C004011000000
(1786378384.274130) can0 38F#0A26E25302000000
(1786378384.274540) can0 38E#A42D004011000000
(1786378384.284207) can0 38E#432E004011000000
(1786378384.294198) can0 38F#5727E25302000000
(1786378384.294608) can0 38E#1E2F004011000000
(1786378384.304049) can0 38E#4220004011000000
(1786378384.314148) can0 38F#0B28E25302000000
(1786378384.314594) can0 38E#1F21004011000000
(1786378384.324234) can0 38E#F822004011000000
(1786378384.334188) can0 38F#5629E25302000000
(1786378384.334557) can0 38E#A523004011000000
(1786378384.344253) can0 38E#2B24004011000000
(1786378384.354092) can0 38F#B12AE25302000000
(1786378384.354400) can0 38E#7625004011000000
(1786378384.364238) can0 38E#9126004011000000
(1786378384.374222) can0 38F#EC2BE25302000000
(1786378384.374592) can0 38E#CC27004011000000
(1786378384.384217) can0 38E#9028004011000000
(1786378384.394147) can0 38F#622CE25302000000
(1786378384.394495) can0 38E#CD29004011000000
(1786378384.404089) can0 38E#2A2A004011000000
(1786378384.414104) can0 38F#3F2DE25302000000
(1786378384.414439) can0 38E#772B004011000000
(1786378384.424124) can0 38E#F92C004011000000
(1786378384.434163) can0 38F#D82EE25302000000
(1786378384.434543) can0 38E#A42D004011000000
(1786378384.444206) can0 38E#432E004011000000
(1786378384.454056) can0 38F#852FE25302000000
(1786378384.454363) can0 38E#1E2F004011000000
(1786378384.464288) can0 38E#4220004011000000
(1786378384.474163) can0 38F#D920E25302000000
(1786378384.474498) can0 38E#1F21004011000000
(1786378384.484146) can0 38E#F822004011000000
(1786378384.494296) can0 38F#8421E25302000000
(1786378384.494799) can0 38E#A523004011000000
(1786378384.504203) can0 38E#2B24004011000000
(1786378384.514199) can0 38F#6322E25302000000
(1786378384.514610) can0 38E#7625004011000000
(1786378384.524153) can0 38E#9126004011000000
(1786378384.534219) can0 38F#3E23E25302000000
(1786378384.534580) can0 38E#CC27004011000000
(1786378384.544146) can0 38E#9028004011000000
(1786378384.554160) can0 38F#B024E25302000000
(1786378384.554545) can0 38E#CD29004011000000
(1786378384.564327) can0 38E#2A2A004011000000
(1786378384.574188) can0 38F#ED25E25302000000
(1786378384.574590) can0 38E#772B004011000000
(1786378384.584208) can0 38E#F92C004011000000
(1786378384.594239) can0 38F#0A26E25302000000
(1786378384.594689) can0 38E#A42D004011000000
(1786378384.604183) can0 38E#432E004011000000
(1786378384.614149) can0 38F#5727E25302000000
(1786378384.614548) can0 38E#1E2F004011000000
(1786378384.624184) can0 38E#4220004011000000
(1786378384.634190) can0 38F#0B28E25302000000
(1786378384.634589) can0 38E#1F21004011000000
(1786378384.644246) can0 38E#F822004011000000
(1786378384.654126) can0 38F#5629E25302000000
(1786378384.654471) can0 38E#A523004011000000
(1786378384.664189) can0 38E#2B24004011000000
(1786378384.674151) can0 38F#B12AE25302000000
(1786378384.674478) can0 38E#7625004011000000
(1786378384.684273) can0 38E#9126004011000000
(1786378384.694268) can0 38F#EC2BE25302000000
(1786378384.694633) can0 38E#CC27004011000000
(1786378384.704176) can0 38E#9028004011000000
(1786378384.714139) can0 38F#622CE25302000000
(1786378384.714544) can0 38E#CD29004011000000
(1786378384.724157) can0 38E#2A2A004011000000
(1786378384.734142) can0 38F#3F2DE25302000000
(1786378384.734512) can0 38E#772B004011000000
(1786378384.744163) can0 38E#F92C004011000000
(1786378384.754157) can0 38F#D82EE25302000000
(1786378384.754479) can0 38E#A42D004011000000
(1786378384.764081) can0 38E#432E004011000000
(1786378384.774106) can0 38F#852FE25302000000
(1786378384.774346) can0 38E#1E2F004011000000
(1786378384.784099) can0 38E#4220004011000000
(1786378384.794063) can0 38F#D920E25302000000
(1786378384.794409) can0 38E#1F21004011000000
(1786378384.804165) can0 38E#F822004011000000
(1786378384.814136) can0 38F#8421E25302000000
(1786378384.814445) can0 38E#A523004011000000
(1786378384.824119) can0 38E#2B24004011000000
(1786378384.834082) can0 38F#6322E25302000000
(1786378384.834375) can0 38E#7625004011000000
(1786378384.844143) can0 38E#9126004011000000
(1786378384.854115) can0 38F#3E23E25302000000
(1786378384.854401) can0 38E#CC27004011000000
(1786378384.864068) can0 38E#9028004011000000
(1786378384.874099) can0 38F#B024E25302000000
(1786378384.874352) can0 38E#CD29004011000000
(1786378384.884102) can0 38E#2A2A004011000000
(1786378384.894158) can0 38F#ED25E25302000000
(1786378384.894473) can0 38E#772B004011000000
(1786378384.904150) can0 38E#F92C004011000000
(1786378384.914049) can0 38F#0A26E25302000000
(1786378384.914313) can0 38E#A42D004011000000
(1786378384.924169) can0 38E#432E004011000000
(1786378384.934112) can0 38F#5727E25302000000
(1786378384.934360) can0 38E#1E2F004011000000
(1786378384.944101) can0 38E#4220004011000000
(1786378384.954042) can0 38F#0B28E25302000000
(1786378384.954296) can0 38E#1F21004011000000
(1786378384.964188) can0 38E#F822004011000000
(1786378384.974225) can0 38F#5629E25302000000
(1786378384.974566) can0 38E#A523004011000000
(1786378384.984193) can0 38E#2B24004011000000
(1786378384.994110) can0 38F#B12AE25302000000
(1786378384.994507) can0 38E#7625004011000000
(1786378385.004111) can0 38E#9126004011000000
(1786378385.014264) can0 38F#EC2BE25302000000
(1786378385.014705) can0 38E#CC27004011000000
(1786378385.024123) can0 38E#9028004011000000
(1786378385.034095) can0 38F#622CE25302000000
(1786378385.034497) can0 38E#CD29004011000000
(1786378385.044147) can0 38E#2A2A004011000000
(1786378385.054131) can0 38F#3F2DE25302000000
(1786378385.054430) can0 38E#772B004011000000
(1786378385.064082) can0 38E#F92C004011000000
(1786378385.074159) can0 38F#D82EE25302000000
(1786378385.074598) can0 38E#A42D004011000000
(1786378385.084237) can0 38E#432E004011000000
(1786378385.094290) can0 38F#852FE25302000000
(1786378385.094672) can0 38E#1E2F004011000000
(1786378385.104164) can0 38E#4220004011000000
(1786378385.114100) can0 38F#D920E25302000000
(1786378385.114621) can0 38E#1F21004011000000
(1786378385.124206) can0 38E#F822004011000000
(1786378385.134197) can0 38F#8421E25302000000
(1786378385.134631) can0 38E#A523004011000000
(1786378385.144239) can0 38E#2B24004011000000
(1786378385.154126) can0 38F#6322E25302000000
(1786378385.154557) can0 38E#7625004011000000
(1786378385.164139) can0 38E#9126004011000000
(1786378385.174152) can0 38F#3E23E25302000000
(1786378385.174581) can0 38E#CC27004011000000
(1786378385.184207) can0 38E#9028004011000000
(1786378385.194173) can0 38F#B024E25302000000
(1786378385.194579) can0 38E#CD29004011000000
(1786378385.204159) can0 38E#2A2A004011000000
(1786378385.214234) can0 38F#ED25E25302000000
(1786378385.214650) can0 38E#772B004011000000
(1786378385.224179) can0 38E#F92C004011000000
(1786378385.234192) can0 38F#0A26E25302000000
(1786378385.234620) can0 38E#A42D004011000000
(1786378385.244227) can0 38E#432E004011000000
(1786378385.254134) can0 38F#5727E25302000000
(1786378385.254512) can0 38E#1E2F004011000000
(1786378385.264146) can0 38E#4220004011000000
(1786378385.274115) can0 38F#0B28E25302000000
(1786378385.274520) can0 38E#1F21004011000000
(1786378385.284134) can0 38E#F822004011000000
(1786378385.294110) can0 38F#5629E25302000000
(1786378385.294410) can0 38E#A523004011000000
(1786378385.304056) can0 38E#2B24004011000000
(1786378385.313805) can0 38F#B12AE25302000000
(1786378385.314098) can0 38E#7625004011000000
(1786378385.324093) can0 38E#9126004011000000
(1786378385.334189) can0 38F#EC2BE25302000000
(1786378385.334521) can0 38E#CC27004011000000
(1786378385.344066) can0 38E#9028004011000000
(1786378385.354135) can0 38F#622CE25302000000
(1786378385.354475) can0 38E#CD29004011000000
(1786378385.364113) can0 38E#2A2A004011000000
(1786378385.374129) can0 38F#3F2DE25302000000
(1786378385.374408) can0 38E#772B004011000000
(1786378385.384002) can0 38E#F92C004011000000
(1786378385.394030) can0 38F#D82EE25302000000
(1786378385.394262) can0 38E#A42D004011000000
(1786378385.404046) can0 38E#432E004011000000
(1786378385.414093) can0 38F#852FE25302000000
(1786378385.414336) can0 38E#1E2F004011000000
(1786378385.424054) can0 38E#4220004011000000
(1786378385.434008) can0 38F#D920E25302000000
(1786378385.434268) can0 38E#1F21004011000000
(1786378385.444110) can0 38E#F822004011000000
(1786378385.454109) can0 38F#8421E25302000000
(1786378385.454361) can0 38E#A523004011000000
(1786378385.464085) can0 38E#2B24004011000000
(1786378385.474020) can0 38F#6322E25302000000
(1786378385.474319) can0 38E#7625004011000000
(1786378385.484056) can0 38E#9126004011000000
(1786378385.494051) can0 38F#3E23E25302000000
(1786378385.494303) can0 38E#CC27004011000000
(1786378385.504097) can0 38E#9028004011000000
(1786378385.514082) can0 38F#B024E25302000000
(1786378385.514381) can0 38E#CD29004011000000
(1786378385.524180) can0 38E#2A2A004011000000
(1786378385.534164) can0 38F#ED25E25302000000
(1786378385.534488) can0 38E#772B004011000000
(1786378385.544119) can0 38E#F92C004011000000
(1786378385.554100) can0 38F#0A26E25302000000
(1786378385.554433) can0 38E#A42D004011000000
(1786378385.564013) can0 38E#432E004011000000
(1786378385.574089) can0 38F#5727E25302000000
(1786378385.574376) can0 38E#1E2F004011000000
(1786378385.584099) can0 38E#4220004011000000
(1786378385.593961) can0 38F#0B28E25302000000
(1786378385.594222) can0 38E#1F21004011000000
(1786378385.604037) can0 38E#F822004011000000
(1786378385.614059) can0 38F#5629E25302000000
(1786378385.614361) can0 38E#A523004011000000
(1786378385.624041) can0 38E#2B24004011000000
(1786378385.634074) can0 38F#B12AE25302000000
(1786378385.634356) can0 38E#7625004011000000
(1786378385.644031) can0 38E#9126004011000000
(1786378385.654064) can0 38F#EC2BE25302000000
(1786378385.654327) can0 38E#CC27004011000000
(1786378385.664147) can0 38E#9028004011000000
(1786378385.674024) can0 38F#622CE25302000000
(1786378385.674273) can0 38E#CD29004011000000
(1786378385.684064) can0 38E#2A2A004011000000
(1786378385.694070) can0 38F#3F2DE25302000000
(1786378385.694310) can0 38E#772B004011000000
(1786378385.704076) can0 38E#F92C004011000000
(1786378385.714053) can0 38F#D82EE25302000000
(1786378385.714285) can0 38E#A42D004011000000
(1786378385.724041) can0 38E#432E004011000000
(1786378385.734104) can0 38F#852FE25302000000
(1786378385.734370) can0 38E#1E2F004011000000
(1786378385.744041) can0 38E#4220004011000000
(1786378385.754003) can0 38F#D920E25302000000
(1786378385.754330) can0 38E#1F21004011000000
(1786378385.764071) can0 38E#F822004011000000
(1786378385.774104) can0 38F#8421E25302000000
(1786378385.774442) can0 38E#A523004011000000
(1786378385.784090) can0 38E#2B24004011000000
(1786378385.794051) can0 38F#6322E25302000000
(1786378385.794334) can0 38E#7625004011000000
(1786378385.804088) can0 38E#9126004011000000
(1786378385.813985) can0 38F#3E23E25302000000
(1786378385.814240) can0 38E#CC27004011000000
(1786378385.824040) can0 38E#9028004011000000
(1786378385.834029) can0 38F#B024E25302000000
(1786378385.834245) can0 38E#CD29004011000000
(1786378385.844087) can0 38E#2A2A004011000000
(1786378385.854039) can0 38F#ED25E25302000000
(1786378385.854274) can0 38E#772B004011000000
(1786378385.863996) can0 38E#F92C004011000000
(1786378385.874086) can0 38F#0A26E25302000000
(1786378385.874304) can0 38E#A42D004011000000
(1786378385.884044) can0 38E#432E004011000000
(1786378385.894096) can0 38F#5727E25302000000
(1786378385.894410) can0 38E#1E2F004011000000
(1786378385.904079) can0 38E#4220004011000000
(1786378385.914026) can0 38F#0B28E25302000000
(1786378385.914343) can0 38E#1F21004011000000
(1786378385.924073) can0 38E#F822004011000000
(1786378385.934105) can0 38F#5629E25302000000
(1786378385.934338) can0 38E#A523004011000000
(1786378385.944042) can0 38E#2B24004011000000
(1786378385.954031) can0 38F#B12AE25302000000
(1786378385.954260) can0 38E#7625004011000000
(1786378385.964091) can0 38E#9126004011000000
(1786378385.974113) can0 38F#EC2BE25302000000
(1786378385.974403) can0 38E#CC27004011000000
(1786378385.984092) can0 38E#9028004011000000
(1786378385.994026) can0 38F#622CE25302000000
(1786378385.994325) can0 38E#CD29004011000000
(1786378386.004165) can0 38E#2A2A004011000000
(1786378386.014009) can0 38F#3F2DE25302000000
(1786378386.014245) can0 38E#772B004011000000
(1786378386.024006) can0 38E#F92C004011000000
(1786378386.034060) can0 38F#D82EE25302000000
(1786378386.034534) can0 38E#A42D004011000000
(1786378386.044243) can0 38E#432E004011000000
(1786378386.054063) can0 38F#852FE25302000000
(1786378386.054362) can0 38E#1E2F004011000000
(1786378386.064113) can0 38E#4220004011000000
(1786378386.074014) can0 38F#D920E25302000000
(1786378386.074294) can0 38E#1F21004011000000
(1786378386.084006) can0 38E#F822004011000000
(1786378386.094157) can0 38F#8421E25302000000
(1786378386.094459) can0 38E#A523004011000000
(1786378386.104101) can0 38E#2B24004011000000
(1786378386.114133) can0 38F#6322E25302000000
(1786378386.114479) can0 38E#7625004011000000
(1786378386.124082) can0 38E#9126004011000000
(1786378386.134120) can0 38F#3E23E25302000000
(1786378386.134436) can0 38E#CC27004011000000
(1786378386.144160) can0 38E#9028004011000000
(1786378386.154064) can0 38F#B024E25302000000
(1786378386.154387) can0 38E#CD29004011000000
(1786378386.164075) can0 38E#2A2A004011000000
(1786378386.173859) can0 38F#ED25E25302000000
(1786378386.174201) can0 38E#772B004011000000
(1786378386.184045) can0 38E#F92C004011000000
(1786378386.194105) can0 38F#0A26E25302000000
(1786378386.194412) can0 38E#A42D004011000000
(1786378386.204072) can0 38E#432E004011000000
(1786378386.214024) can0 38F#5727E25302000000
(1786378386.214280) can0 38E#1E2F004011000000
(1786378386.224063) can0 38E#4220004011000000
(1786378386.234114) can0 38F#0B28E25302000000
(1786378386.234366) can0 38E#1F21004011000000
(1786378386.244108) can0 38E#F822004011000000
(1786378386.253815) can0 38F#5629E25302000000
(1786378386.254153) can0 38E#A523004011000000
(1786378386.264179) can0 38E#2B24004011000000
(1786378386.274113) can0 38F#B12AE25302000000
(1786378386.274393) can0 38E#7625004011000000
(1786378386.284059) can0 38E#9126004011000000
(1786378386.294061) can0 38F#EC2BE25302000000
(1786378386.294347) can0 38E#CC27004011000000
(1786378386.304076) can0 38E#9028004011000000
(1786378386.314160) can0 38F#622CE25302000000
(1786378386.314603) can0 38E#CD29004011000000
(1786378386.324164) can0 38E#2A2A004011000000
(1786378386.334041) can0 38F#3F2DE25302000000
(1786378386.334312) can0 38E#772B004011000000
(1786378386.344018) can0 38E#F92C004011000000
(1786378386.354047) can0 38F#D82EE25302000000
(1786378386.354349) can0 38E#A42D004011000000
(1786378386.364056) can0 38E#432E004011000000
(1786378386.374064) can0 38F#852FE25302000000
(1786378386.374340) can0 38E#1E2F004011000000
(1786378386.384019) can0 38E#4220004011000000
(1786378386.394041) can0 38F#D920E25302000000
(1786378386.394362) can0 38E#1F21004011000000
(1786378386.404079) can0 38E#F822004011000000
(1786378386.414060) can0 38F#8421E25302000000
(1786378386.414369) can0 38E#A523004011000000
(1786378386.424077) can0 38E#2B24004011000000
(1786378386.434123) can0 38F#6322E25302000000
(1786378386.434516) can0 38E#7625004011000000
(1786378386.444165) can0 38E#9126004011000000
(1786378386.453827) can0 38F#3E23E25302000000
(1786378386.454155) can0 38E#CC27004011000000
(1786378386.464132) can0 38E#9028004011000000
(1786378386.474107) can0 38F#B024E25302000000
(1786378386.474490) can0 38E#CD29004011000000
(1786378386.484122) can0 38E#2A2A004011000000
(1786378386.494144) can0 38F#ED25E25302000000
(1786378386.494456) can0 38E#772B004011000000
(1786378386.504039) can0 38E#F92C004011000000
(1786378386.514012) can0 38F#0A26E25302000000
(1786378386.514327) can0 38E#A42D004011000000
(1786378386.524120) can0 38E#432E004011000000
(1786378386.534068) can0 38F#5727E25302000000
(1786378386.534284) can0 38E#1E2F004011000000
(1786378386.544128) can0 38E#4220004011000000
(1786378386.554123) can0 38F#0B28E25302000000
(1786378386.554444) can0 38E#1F21004011000000
(1786378386.564181) can0 38E#F822004011000000
(1786378386.574105) can0 38F#5629E25302000000
(1786378386.574464) can0 38E#A523004011000000
(1786378386.584048) can0 38E#2B24004011000000
(1786378386.594079) can0 38F#B12AE25302000000
(1786378386.594476) can0 38E#7625004011000000
(1786378386.604054) can0 38E#9126004011000000
(1786378386.614005) can0 38F#EC2BE25302000000
(1786378386.614299) can0 38E#CC27004011000000
(1786378386.624054) can0 38E#9028004011000000
(1786378386.634089) can0 38F#622CE25302000000
(1786378386.634371) can0 38E#CD29004011000000
(1786378386.644067) can0 38E#2A2A004011000000
(1786378386.654099) can0 38F#3F2DE25302000000
(1786378386.654400) can0 38E#772B004011000000
(1786378386.664231) can0 38E#F92C004011000000
(1786378386.674057) can0 38F#D82EE25302000000
(1786378386.674543) can0 38E#A42D004011000000
(1786378386.684073) can0 38E#432E004011000000
(1786378386.694071) can0 38F#852FE25302000000
(1786378386.694354) can0 38E#1E2F004011000000
(1786378386.704109) can0 38E#4220004011000000
(1786378386.714050) can0 38F#D920E25302000000
(1786378386.714299) can0 38E#1F21004011000000
(1786378386.724049) can0 38E#F822004011000000
(1786378386.734037) can0 38F#8421E25302000000
(1786378386.734287) can0 38E#A523004011000000
(1786378386.744077) can0 38E#2B24004011000000
(1786378386.754023) can0 38F#6322E25302000000
(1786378386.754337) can0 38E#7625004011000000
(1786378386.763991) can0 38E#9126004011000000
(1786378386.774044) can0 38F#3E23E25302000000
(1786378386.774269) can0 38E#CC27004011000000
(1786378386.784009) can0 38E#9028004011000000
(1786378386.794087) can0 38F#B024E25302000000
(1786378386.794333) can0 38E#CD29004011000000
(1786378386.804044) can0 38E#2A2A004011000000
(1786378386.814063) can0 38F#ED25E25302000000
(1786378386.814402) can0 38E#772B004011000000
(1786378386.824084) can0 38E#F92C004011000000
(1786378386.834023) can0 38F#0A26E25302000000
(1786378386.834283) can0 38E#A42D004011000000
(1786378386.844047) can0 38E#432E004011000000
(1786378386.854026) can0 38F#5727E25302000000
(1786378386.854264) can0 38E#1E2F004011000000
(1786378386.864038) can0 38E#4220004011000000
(1786378386.874015) can0 38F#0B28E25302000000
(1786378386.874274) can0 38E#1F21004011000000
(1786378386.883627) can0 38E#F822004011000000
(1786378386.893974) can0 38F#5629E25302000000
(1786378386.894213) can0 38E#A523004011000000
(1786378386.904102) can0 38E#2B24004011000000
(1786378386.914048) can0 38F#B12AE25302000000
(1786378386.914280) can0 38E#7625004011000000
(1786378386.924065) can0 38E#9126004011000000
(1786378386.933996) can0 38F#EC2BE25302000000
(1786378386.934294) can0 38E#CC27004011000000
(1786378386.944036) can0 38E#9028004011000000
(1786378386.954074) can0 38F#622CE25302000000
(1786378386.954409) can0 38E#CD29004011000000
(1786378386.964044) can0 38E#2A2A004011000000
(1786378386.974037) can0 38F#3F2DE25302000000
(1786378386.974288) can0 38E#772B004011000000
(1786378386.984044) can0 38E#F92C004011000000
(1786378386.993996) can0 38F#D82EE25302000000
(1786378386.994321) can0 38E#A42D004011000000
(1786378387.004085) can0 38E#432E004011000000
(1786378387.014002) can0 38F#852FE25302000000
(1786378387.014327) can0 38E#1E2F004011000000
(1786378387.024062) can0 38E#4220004011000000
(1786378387.033959) can0 38F#D920E25302000000
(1786378387.034367) can0 38E#1F21004011000000
(1786378387.044133) can0 38E#F822004011000000
(1786378387.054111) can0 38F#8421E25302000000
(1786378387.054435) can0 38E#A523004011000000
(1786378387.063984) can0 38E#2B24004011000000
(1786378387.074022) can0 38F#6322E25302000000
(1786378387.074245) can0 38E#7625004011000000
(1786378387.084078) can0 38E#9126004011000000
(1786378387.094139) can0 38F#3E23E25302000000
(1786378387.094432) can0 38E#CC27004011000000
(1786378387.104024) can0 38E#9028004011000000
(1786378387.113958) can0 38F#B024E25302000000
(1786378387.114252) can0 38E#CD29004011000000
(1786378387.124052) can0 38E#2A2A004011000000
(1786378387.134063) can0 38F#ED25E25302000000
(1786378387.134304) can0 38E#772B004011000000
(1786378387.144076) can0 38E#F92C004011000000
(1786378387.154078) can0 38F#0A26E25302000000
(1786378387.154408) can0 38E#A42D004011000000
(1786378387.164053) can0 38E#432E004011000000
(1786378387.174108) can0 38F#5727E25302000000
(1786378387.174367) can0 38E#1E2F004011000000
(1786378387.183995) can0 38E#4220004011000000
(1786378387.193999) can0 38F#0B28E25302000000
(1786378387.194304) can0 38E#1F21004011000000
(1786378387.204088) can0 38E#F822004011000000
(1786378387.214105) can0 38F#5629E25302000000
(1786378387.214424) can0 38E#A523004011000000
(1786378387.224121) can0 38E#2B24004011000000
(1786378387.234054) can0 38F#B12AE25302000000
(1786378387.234349) can0 38E#7625004011000000
(1786378387.244067) can0 38E#9126004011000000
(1786378387.254044) can0 38F#EC2BE25302000000
(1786378387.254329) can0 38E#CC27004011000000
(1786378387.264074) can0 38E#9028004011000000
(1786378387.274068) can0 38F#622CE25302000000
(1786378387.274396) can0 38E#CD29004011000000
(1786378387.284162) can0 38E#2A2A004011000000
(1786378387.294082) can0 38F#3F2DE25302000000
(1786378387.294376) can0 38E#772B004011000000
(1786378387.304116) can0 38E#F92C004011000000
(1786378387.313724) can0 38F#D82EE25302000000
(1786378387.314045) can0 38E#A42D004011000000
(1786378387.324044) can0 38E#432E004011000000
(1786378387.334065) can0 38F#852FE25302000000
(1786378387.334337) can0 38E#1E2F004011000000
(1786378387.344047) can0 38E#4220004011000000
(1786378387.354057) can0 38F#D920E25302000000
(1786378387.354386) can0 38E#1F21004011000000
(1786378387.364023) can0 38E#F822004011000000
(1786378387.374116) can0 38F#8421E25302000000
(1786378387.374510) can0 38E#A523004011000000
(1786378387.384217) can0 38E#2B24004011000000
(1786378387.394059) can0 38F#6322E25302000000
(1786378387.394430) can0 38E#7625004011000000
(1786378387.404082) can0 38E#9126004011000000
(1786378387.413993) can0 38F#3E23E25302000000
(1786378387.414255) can0 38E#CC27004011000000
(1786378387.424056) can0 38E#9028004011000000
(1786378387.434054) can0 38F#B024E25302000000
(1786378387.434370) can0 38E#CD29004011000000
(1786378387.444128) can0 38E#2A2A004011000000
(1786378387.454148) can0 38F#ED25E25302000000
(1786378387.454550) can0 38E#772B004011000000
(1786378387.464014) can0 38E#F92C004011000000
(1786378387.474002) can0 38F#0A26E25302000000
(1786378387.474369) can0 38E#A42D004011000000
(1786378387.484019) can0 38E#432E004011000000
(1786378387.494050) can0 38F#5727E25302000000
(1786378387.494313) can0 38E#1E2F004011000000
(1786378387.504062) can0 38E#4220004011000000
(1786378387.514011) can0 38F#0B28E25302000000
(1786378387.514343) can0 38E#1F21004011000000
(1786378387.524097) can0 38E#F822004011000000
(1786378387.534065) can0 38F#5629E25302000000
(1786378387.534343) can0 38E#A523004011000000
(1786378387.544019) can0 38E#2B24004011000000
(1786378387.554094) can0 38F#B12AE25302000000
(1786378387.554388) can0 38E#7625004011000000
(1786378387.564236) can0 38E#9126004011000000
(1786378387.574239) can0 38F#EC2BE25302000000
(1786378387.574644) can0 38E#CC27004011000000
(1786378387.584047) can0 38E#9028004011000000
(1786378387.594051) can0 38F#622CE25302000000
(1786378387.594374) can0 38E#CD29004011000000
(1786378387.604155) can0 38E#2A2A004011000000
(1786378387.614037) can0 38F#3F2DE25302000000
(1786378387.614329) can0 38E#772B004011000000
(1786378387.624014) can0 38E#F92C004011000000
(1786378387.633968) can0 38F#D82EE25302000000
(1786378387.634305) can0 38E#A42D004011000000
(1786378387.644157) can0 38E#432E004011000000
(1786378387.654125) can0 38F#852FE25302000000
(1786378387.654453) can0 38E#1E2F004011000000
(1786378387.664159) can0 38E#4220004011000000
(1786378387.673987) can0 38F#D920E25302000000
(1786378387.674283) can0 38E#1F21004011000000
(1786378387.684030) can0 38E#F822004011000000
(1786378387.694137) can0 38F#8421E25302000000
(1786378387.694444) can0 38E#A523004011000000
(1786378387.704104) can0 38E#2B24004011000000
(1786378387.714008) can0 38F#6322E25302000000
(1786378387.714316) can0 38E#7625004011000000
(1786378387.724060) can0 38E#9126004011000000
(1786378387.734071) can0 38F#3E23E25302000000
(1786378387.734449) can0 38E#CC27004011000000
(1786378387.744077) can0 38E#9028004011000000
(1786378387.754018) can0 38F#B024E25302000000
(1786378387.754381) can0 38E#CD29004011000000
(1786378387.764178) can0 38E#2A2A004011000000
(1786378387.774095) can0 38F#ED25E25302000000
(1786378387.774400) can0 38E#772B004011000000
(1786378387.784133) can0 38E#F92C004011000000
(1786378387.794051) can0 38F#0A26E25302000000
(1786378387.794328) can0 38E#A42D004011000000
(1786378387.804019) can0 38E#432E004011000000
(1786378387.814081) can0 38F#5727E25302000000
(1786378387.814376) can0 38E#1E2F004011000000
(1786378387.824096) can0 38E#4220004011000000
(1786378387.833995) can0 38F#0B28E25302000000
(1786378387.834304) can0 38E#1F21004011000000
(1786378387.844158) can0 38E#F822004011000000
(1786378387.854148) can0 38F#5629E25302000000
(1786378387.854477) can0 38E#A523004011000000
(1786378387.864038) can0 38E#2B24004011000000
(1786378387.874011) can0 38F#B12AE25302000000
(1786378387.874268) can0 38E#7625004011000000
(1786378387.884069) can0 38E#9126004011000000
(1786378387.894087) can0 38F#EC2BE25302000000
(1786378387.894439) can0 38E#CC27004011000000
(1786378387.904051) can0 38E#9028004011000000
(1786378387.914045) can0 38F#622CE25302000000
(1786378387.914389) can0 38E#CD29004011000000
(1786378387.924070) can0 38E#2A2A004011000000
(1786378387.934036) can0 38F#3F2DE25302000000
(1786378387.934293) can0 38E#772B004011000000
(1786378387.944105) can0 38E#F92C004011000000
(1786378387.954075) can0 38F#D82EE25302000000
(1786378387.954431) can0 38E#A42D004011000000
(1786378387.964120) can0 38E#432E004011000000
(1786378387.974169) can0 38F#852FE25302000000
(1786378387.974530) can0 38E#1E2F004011000000
(1786378387.984051) can0 38E#4220004011000000
(1786378387.994087) can0 38F#D920E25302000000
(1786378387.994355) can0 38E#1F21004011000000
(1786378388.004145) can0 38E#F822004011000000
(1786378388.014090) can0 38F#8421E25302000000
(1786378388.014488) can0 38E#A523004011000000
(1786378388.024065) can0 38E#2B24004011000000
(1786378388.034018) can0 38F#6322E25302000000
(1786378388.034275) can0 38E#7625004011000000
(1786378388.044085) can0 38E#9126004011000000
(1786378388.054061) can0 38F#3E23E25302000000
(1786378388.054425) can0 38E#CC27004011000000
(1786378388.064042) can0 38E#9028004011000000
(1786378388.074013) can0 38F#B024E25302000000
(1786378388.074338) can0 38E#CD29004011000000
(1786378388.084057) can0 38E#2A2A004011000000
(1786378388.094082) can0 38F#ED25E25302000000
(1786378388.094390) can0 38E#772B004011000000
(1786378388.104065) can0 38E#F92C004011000000
(1786378388.114035) can0 38F#0A26E25302000000
(1786378388.114406) can0 38E#A42D004011000000
(1786378388.124104) can0 38E#432E004011000000
(1786378388.134035) can0 38F#5727E25302000000
(1786378388.134294) can0 38E#1E2F004011000000
(1786378388.144163) can0 38E#4220004011000000
(1786378388.154043) can0 38F#0B28E25302000000
(1786378388.154387) can0 38E#1F21004011000000
(1786378388.164180) can0 38E#F822004011000000
(1786378388.173773) can0 38F#5629E25302000000
(1786378388.174092) can0 38E#A523004011000000
(1786378388.183958) can0 38E#2B24004011000000
(1786378388.194095) can0 38F#B12AE25302000000
(1786378388.194454) can0 38E#7625004011000000
(1786378388.204157) can0 38E#9126004011000000
(1786378388.214124) can0 38F#EC2BE25302000000
(1786378388.214524) can0 38E#CC27004011000000
(1786378388.224010) can0 38E#9028004011000000
(1786378388.233996) can0 38F#622CE25302000000
(1786378388.234365) can0 38E#CD29004011000000
(1786378388.244131) can0 38E#2A2A004011000000
(1786378388.254048) can0 38F#3F2DE25302000000
(1786378388.254440) can0 38E#772B004011000000
(1786378388.263951) can0 38E#F92C004011000000
(1786378388.273967) can0 38F#D82EE25302000000
(1786378388.274249) can0 38E#A42D004011000000
(1786378388.284060) can0 38E#432E004011000000
(1786378388.294037) can0 38F#852FE25302000000
(1786378388.294280) can0 38E#1E2F004011000000
(1786378388.304056) can0 38E#4220004011000000
(1786378388.314069) can0 38F#D920E25302000000
(1786378388.314406) can0 38E#1F21004011000000
(1786378388.324009) can0 38E#F822004011000000
(1786378388.334051) can0 38F#8421E25302000000
(1786378388.334435) can0 38E#A523004011000000
(1786378388.344147) can0 38E#2B24004011000000
(1786378388.354007) can0 38F#6322E25302000000
(1786378388.354316) can0 38E#7625004011000000
(1786378388.364153) can0 38E#9126004011000000
(1786378388.374070) can0 38F#3E23E25302000000
(1786378388.374388) can0 38E#CC27004011000000
(1786378388.384019) can0 38E#9028004011000000
(1786378388.394022) can0 38F#B024E25302000000
(1786378388.394397) can0 38E#CD29004011000000
(1786378388.404014) can0 38E#2A2A004011000000
(1786378388.414116) can0 38F#ED25E25302000000
(1786378388.414577) can0 38E#772B004011000000
(1786378388.424077) can0 38E#F92C004011000000
(1786378388.434037) can0 38F#0A26E25302000000
(1786378388.434440) can0 38E#A42D004011000000
(1786378388.444144) can0 38E#432E004011000000
(1786378388.454164) can0 38F#5727E25302000000
(1786378388.454517) can0 38E#1E2F004011000000
(1786378388.464117) can0 38E#4220004011000000
(1786378388.474049) can0 38F#0B28E25302000000
(1786378388.474434) can0 38E#1F21004011000000
(1786378388.484098) can0 38E#F822004011000000
(1786378388.494096) can0 38F#5629E25302000000
(1786378388.494471) can0 38E#A523004011000000
(1786378388.504049) can0 38E#2B24004011000000
(1786378388.514025) can0 38F#B12AE25302000000
(1786378388.514374) can0 38E#7625004011000000
(1786378388.524122) can0 38E#9126004011000000
(1786378388.534042) can0 38F#EC2BE25302000000
(1786378388.534395) can0 38E#CC27004011000000
(1786378388.544099) can0 38E#9028004011000000
(1786378388.553962) can0 38F#622CE25302000000
(1786378388.554279) can0 38E#CD29004011000000
(1786378388.564084) can0 38E#2A2A004011000000
(1786378388.574082) can0 38F#3F2DE25302000000
(1786378388.574363) can0 38E#772B004011000000
(1786378388.584040) can0 38E#F92C004011000000
(1786378388.594064) can0 38F#D82EE25302000000
(1786378388.594399) can0 38E#A42D004011000000
(1786378388.603988) can0 38E#432E004011000000
(1786378388.614095) can0 38F#852FE25302000000
(1786378388.614540) can0 38E#1E2F004011000000
(1786378388.624116) can0 38E#4220004011000000
(1786378388.634072) can0 38F#D920E25302000000
(1786378388.634510) can0 38E#1F21004011000000
(1786378388.644198) can0 38E#F822004011000000
(1786378388.654080) can0 38F#8421E25302000000
(1786378388.654531) can0 38E#A523004011000000
(1786378388.664097) can0 38E#2B24004011000000
(1786378388.674116) can0 38F#6322E25302000000
(1786378388.674475) can0 38E#7625004011000000
(1786378388.684152) can0 38E#9126004011000000
(1786378388.694093) can0 38F#3E23E25302000000
(1786378388.694436) can0 38E#CC27004011000000
(1786378388.704038) can0 38E#9028004011000000
(1786378388.713980) can0 38F#B024E25302000000
(1786378388.714245) can0 38E#CD29004011000000
(1786378388.724006) can0 38E#2A2A004011000000
(1786378388.733966) can0 38F#ED25E25302000000
(1786378388.734223) can0 38E#772B004011000000
(1786378388.744041) can0 38E#F92C004011000000
(1786378388.753968) can0 38F#0A26E25302000000
(1786378388.754287) can0 38E#A42D004011000000
(1786378388.764009) can0 38E#432E004011000000
(1786378388.774128) can0 38F#5727E25302000000
(1786378388.774482) can0 38E#1E2F004011000000
(1786378388.784024) can0 38E#4220004011000000
(1786378388.794047) can0 38F#0B28E25302000000
(1786378388.794312) can0 38E#1F21004011000000
(1786378388.804142) can0 38E#F822004011000000
(1786378388.814025) can0 38F#5629E25302000000
(1786378388.814306) can0 38E#A523004011000000
(1786378388.824000) can0 38E#2B24004011000000
(1786378388.833977) can0 38F#B12AE25302000000
(1786378388.834211) can0 38E#7625004011000000
(1786378388.844123) can0 38E#9126004011000000
(1786378388.854235) can0 38F#EC2BE25302000000
(1786378388.854591) can0 38E#CC27004011000000
(1786378388.864015) can0 38E#9028004011000000
(1786378388.874023) can0 38F#622CE25302000000
(1786378388.874343) can0 38E#CD29004011000000
(1786378388.884128) can0 38E#2A2A004011000000
(1786378388.894121) can0 38F#3F2DE25302000000
(1786378388.894464) can0 38E#772B004011000000
(1786378388.904040) can0 38E#F92C004011000000
(1786378388.913964) can0 38F#D82EE25302000000
(1786378388.914227) can0 38E#A42D004011000000
(1786378388.923998) can0 38E#432E004011000000
(1786378388.933954) can0 38F#852FE25302000000
(1786378388.934193) can0 38E#1E2F004011000000
(1786378388.944142) can0 38E#4220004011000000
(1786378388.954038) can0 38F#D920E25302000000
(1786378388.954372) can0 38E#1F21004011000000
(1786378388.963992) can0 38E#F822004011000000
(1786378388.974037) can0 38F#8421E25302000000
(1786378388.974289) can0 38E#A523004011000000
(1786378388.983942) can0 38E#2B24004011000000
(1786378388.994075) can0 38F#6322E25302000000
(1786378388.994465) can0 38E#7625004011000000
(1786378389.004069) can0 38E#9126004011000000
(1786378389.014050) can0 38F#3E23E25302000000
(1786378389.014398) can0 38E#CC27004011000000
(1786378389.024146) can0 38E#9028004011000000
(1786378389.034012) can0 38F#B024E25302000000
(1786378389.034435) can0 38E#CD29004011000000
(1786378389.044079) can0 38E#2A2A004011000000
(1786378389.054117) can0 38F#ED25E25302000000
(1786378389.054461) can0 38E#772B004011000000
(1786378389.064044) can0 38E#F92C004011000000
(1786378389.074026) can0 38F#0A26E25302000000
(1786378389.074335) can0 38E#A42D004011000000
(1786378389.083974) can0 38E#432E004011000000
(1786378389.094069) can0 38F#5727E25302000000
(1786378389.094401) can0 38E#1E2F004011000000
(1786378389.104076) can0 38E#4220004011000000
(1786378389.114021) can0 38F#0B28E25302000000
(1786378389.114286) can0 38E#1F21004011000000
(1786378389.124029) can0 38E#F822004011000000
(1786378389.133981) can0 38F#5629E25302000000
(1786378389.134216) can0 38E#A523004011000000
(1786378389.144116) can0 38E#2B24004011000000
(1786378389.154020) can0 38F#B12AE25302000000
(1786378389.154390) can0 38E#7625004011000000
(1786378389.164085) can0 38E#9126004011000000
(1786378389.174149) can0 38F#EC2BE25302000000
(1786378389.174585) can0 38E#CC27004011000000
(1786378389.184024) can0 38E#9028004011000000
(1786378389.194030) can0 38F#622CE25302000000
(1786378389.194441) can0 38E#CD29004011000000
(1786378389.204075) can0 38E#2A2A004011000000
(1786378389.214075) can0 38F#3F2DE25302000000
(1786378389.214474) can0 38E#772B004011000000
(1786378389.224008) can0 38E#F92C004011000000
(1786378389.234006) can0 38F#D82EE25302000000
(1786378389.234431) can0 38E#A42D004011000000
(1786378389.244198) can0 38E#432E004011000000
(1786378389.254045) can0 38F#852FE25302000000
(1786378389.254319) can0 38E#1E2F004011000000
(1786378389.263977) can0 38E#4220004011000000
(1786378389.274032) can0 38F#D920E25302000000
(1786378389.274383) can0 38E#1F21004011000000
(1786378389.284055) can0 38E#F822004011000000
(1786378389.294087) can0 38F#8421E25302000000
(1786378389.294377) can0 38E#A523004011000000
(1786378389.304065) can0 38E#2B24004011000000
(1786378389.313997) can0 38F#6322E25302000000
(1786378389.314326) can0 38E#7625004011000000
(1786378389.324117) can0 38E#9126004011000000
(1786378389.334110) can0 38F#3E23E25302000000
(1786378389.334471) can0 38E#CC27004011000000
(1786378389.344048) can0 38E#9028004011000000
(1786378389.353978) can0 38F#B024E25302000000
(1786378389.354370) can0 38E#CD29004011000000
(1786378389.363996) can0 38E#2A2A004011000000
(1786378389.374191) can0 38F#ED25E25302000000
(1786378389.374538) can0 38E#772B004011000000
(1786378389.384024) can0 38E#F92C004011000000
(1786378389.393997) can0 38F#0A26E25302000000
(1786378389.394257) can0 38E#A42D004011000000
(1786378389.404066) can0 38E#432E004011000000
(1786378389.414111) can0 38F#5727E25302000000
(1786378389.414517) can0 38E#1E2F004011000000
(1786378389.424101) can0 38E#4220004011000000
(1786378389.433956) can0 38F#0B28E25302000000
(1786378389.434240) can0 38E#1F21004011000000
(1786378389.444079) can0 38E#F822004011000000
(1786378389.454078) can0 38F#5629E25302000000
(1786378389.454439) can0 38E#A523004011000000
(1786378389.463944) can0 38E#2B24004011000000
(1786378389.473969) can0 38F#B12AE25302000000
(1786378389.474273) can0 38E#7625004011000000
(1786378389.484016) can0 38E#9126004011000000
(1786378389.494097) can0 38F#EC2BE25302000000
(1786378389.494393) can0 38E#CC27004011000000
(1786378389.504092) can0 38E#9028004011000000
(1786378389.513980) can0 38F#622CE25302000000
(1786378389.514391) can0 38E#CD29004011000000
(1786378389.524087) can0 38E#2A2A004011000000
(1786378389.534106) can0 38F#3F2DE25302000000
(1786378389.534487) can0 38E#772B004011000000
(1786378389.544080) can0 38E#F92C004011000000
(1786378389.553988) can0 38F#D82EE25302000000
(1786378389.554349) can0 38E#A42D004011000000
(1786378389.564109) can0 38E#432E004011000000
(1786378389.574041) can0 38F#852FE25302000000
(1786378389.574415) can0 38E#1E2F004011000000
(1786378389.584155) can0 38E#4220004011000000
(1786378389.593993) can0 38F#D920E25302000000
(1786378389.594354) can0 38E#1F21004011000000
(1786378389.604092) can0 38E#F822004011000000
(1786378389.614029) can0 38F#8421E25302000000
(1786378389.614393) can0 38E#A523004011000000
(1786378389.624081) can0 38E#2B24004011000000
(1786378389.633993) can0 38F#6322E25302000000
(1786378389.634376) can0 38E#7625004011000000
(1786378389.644096) can0 38E#9126004011000000
(1786378389.654164) can0 38F#3E23E25302000000
(1786378389.654493) can0 38E#CC27004011000000
(1786378389.664093) can0 38E#9028004011000000
(1786378389.674110) can0 38F#B024E25302000000
(1786378389.674438) can0 38E#CD29004011000000
(1786378389.683929) can0 38E#2A2A004011000000
(1786378389.694053) can0 38F#ED25E25302000000
(1786378389.694353) can0 38E#772B004011000000
(1786378389.703998) can0 38E#F92C004011000000
(1786378389.714052) can0 38F#0A26E25302000000
(1786378389.714364) can0 38E#A42D004011000000
(1786378389.724032) can0 38E#432E004011000000
(1786378389.734051) can0 38F#5727E25302000000
(1786378389.734415) can0 38E#1E2F004011000000
(1786378389.744058) can0 38E#4220004011000000
(1786378389.754086) can0 38F#0B28E25302000000
(1786378389.754433) can0 38E#1F21004011000000
(1786378389.764165) can0 38E#F822004011000000
(1786378389.774040) can0 38F#5629E25302000000
(1786378389.774351) can0 38E#A523004011000000
(1786378389.784013) can0 38E#2B24004011000000
(1786378389.794002) can0 38F#B12AE25302000000
(1786378389.794348) can0 38E#7625004011000000
(1786378389.804102) can0 38E#9126004011000000
(1786378389.814022) can0 38F#EC2BE25302000000
(1786378389.814269) can0 38E#CC27004011000000
(1786378389.823957) can0 38E#9028004011000000
(1786378389.833964) can0 38F#622CE25302000000
(1786378389.834229) can0 38E#CD29004011000000
(1786378389.843994) can0 38E#2A2A004011000000
(1786378389.854082) can0 38F#3F2DE25302000000
(1786378389.854360) can0 38E#772B004011000000
(1786378389.863933) can0 38E#F92C004011000000
(1786378389.873996) can0 38F#D82EE25302000000
(1786378389.874218) can0 38E#A42D004011000000
(1786378389.884008) can0 38E#432E004011000000
(1786378389.893937) can0 38F#852FE25302000000
(1786378389.894206) can0 38E#1E2F004011000000
(1786378389.904008) can0 38E#4220004011000000
(1786378389.914014) can0 38F#D920E25302000000
(1786378389.914296) can0 38E#1F21004011000000
(1786378389.923991) can0 38E#F822004011000000
(1786378389.934092) can0 38F#8421E25302000000
(1786378389.934343) can0 38E#A523004011000000
(1786378389.943997) can0 38E#2B24004011000000
(1786378389.953976) can0 38F#6322E25302000000
(1786378389.954251) can0 38E#7625004011000000
(1786378389.964060) can0 38E#9126004011000000
(1786378389.973983) can0 38F#3E23E25302000000
(1786378389.974249) can0 38E#CC27004011000000
(1786378389.984032) can0 38E#9028004011000000
(1786378389.993929) can0 38F#B024E25302000000
(1786378389.994200) can0 38E#CD29004011000000
(1786378390.004023) can0 38E#2A2A004011000000
(1786378390.014081) can0 38F#ED25E25302000000
(1786378390.014468) can0 38E#772B004011000000
(1786378390.024015) can0 38E#F92C004011000000
(1786378390.034044) can0 38F#0A26E25302000000
(1786378390.034377) can0 38E#A42D004011000000
(1786378390.044013) can0 38E#432E004011000000
(1786378390.054024) can0 38F#5727E25302000000
(1786378390.054312) can0 38E#1E2F004011000000
(1786378390.063972) can0 38E#4220004011000000
(1786378390.073970) can0 38F#0B28E25302000000
(1786378390.074210) can0 38E#1F21004011000000
(1786378390.083953) can0 38E#F822004011000000
(1786378390.094009) can0 38F#5629E25302000000
(1786378390.094233) can0 38E#A523004011000000
(1786378390.104029) can0 38E#2B24004011000000
(1786378390.113904) can0 38F#B12AE25302000000
(1786378390.114118) can0 38E#7625004011000000
(1786378390.123959) can0 38E#9126004011000000
(1786378390.133928) can0 38F#EC2BE25302000000
(1786378390.134135) can0 38E#CC27004011000000
(1786378390.144013) can0 38E#9028004011000000
(1786378390.153958) can0 38F#622CE25302000000
(1786378390.154192) can0 38E#CD29004011000000
(1786378390.163941) can0 38E#2A2A004011000000
(1786378390.174010) can0 38F#3F2DE25302000000
(1786378390.174271) can0 38E#772B004011000000
(1786378390.184005) can0 38E#F92C004011000000
(1786378390.194042) can0 38F#D82EE25302000000
(1786378390.194356) can0 38E#A42D004011000000
(1786378390.203982) can0 38E#432E004011000000
(1786378390.214000) can0 38F#852FE25302000000
(1786378390.214354) can0 38E#1E2F004011000000
(1786378390.224042) can0 38E#4220004011000000
(1786378390.233985) can0 38F#D920E25302000000
(1786378390.234250) can0 38E#1F21004011000000
(1786378390.243959) can0 38E#F822004011000000
(1786378390.253978) can0 38F#8421E25302000000
(1786378390.254240) can0 38E#A523004011000000
(1786378390.263901) can0 38E#2B24004011000000
(1786378390.273930) can0 38F#6322E25302000000
(1786378390.274159) can0 38E#7625004011000000
(1786378390.284004) can0 38E#9126004011000000
(1786378390.293992) can0 38F#3E23E25302000000
(1786378390.294271) can0 38E#CC27004011000000
(1786378390.304080) can0 38E#9028004011000000
(1786378390.314002) can0 38F#B024E25302000000
(1786378390.314227) can0 38E#CD29004011000000
(1786378390.323627) can0 38E#2A2A004011000000
(1786378390.333939) can0 38F#ED25E25302000000
(1786378390.334211) can0 38E#772B004011000000
(1786378390.344025) can0 38E#F92C004011000000
(1786378390.353963) can0 38F#0A26E25302000000
(1786378390.354281) can0 38E#A42D004011000000
(1786378390.363989) can0 38E#432E004011000000
(1786378390.373928) can0 38F#5727E25302000000
(1786378390.374153) can0 38E#1E2F004011000000
(1786378390.383938) can0 38E#4220004011000000
(1786378390.394018) can0 38F#0B28E25302000000
(1786378390.394314) can0 38E#1F21004011000000
(1786378390.404015) can0 38E#F822004011000000
(1786378390.413926) can0 38F#5629E25302000000
(1786378390.414138) can0 38E#A523004011000000
(1786378390.423981) can0 38E#2B24004011000000
(1786378390.434031) can0 38F#B12AE25302000000
(1786378390.434409) can0 38E#7625004011000000
(1786378390.444057) can0 38E#9126004011000000
(1786378390.453975) can0 38F#EC2BE25302000000
(1786378390.454294) can0 38E#CC27004011000000
(1786378390.464031) can0 38E#9028004011000000
(1786378390.473938) can0 38F#622CE25302000000
(1786378390.474197) can0 38E#CD29004011000000
(1786378390.483915) can0 38E#2A2A004011000000
(1786378390.493959) can0 38F#3F2DE25302000000
(1786378390.494209) can0 38E#772B004011000000
(1786378390.503992) can0 38E#F92C004011000000
(1786378390.513957) can0 38F#D82EE25302000000
(1786378390.514162) can0 38E#A42D004011000000
(1786378390.524017) can0 38E#432E004011000000
(1786378390.533921) can0 38F#852FE25302000000
(1786378390.534164) can0 38E#1E2F004011000000
(1786378390.544003) can0 38E#4220004011000000
(1786378390.553914) can0 38F#D920E25302000000
(1786378390.554226) can0 38E#1F21004011000000
(1786378390.564041) can0 38E#F822004011000000
(1786378390.573970) can0 38F#8421E25302000000
(1786378390.574222) can0 38E#A523004011000000
(1786378390.583965) can0 38E#2B24004011000000
(1786378390.593968) can0 38F#6322E25302000000
(1786378390.594172) can0 38E#7625004011000000
(1786378390.603965) can0 38E#9126004011000000
(1786378390.614091) can0 38F#3E23E25302000000
(1786378390.614433) can0 38E#CC27004011000000
(1786378390.624001) can0 38E#9028004011000000
(1786378390.633922) can0 38F#B024E25302000000
(1786378390.634196) can0 38E#CD29004011000000
(1786378390.643919) can0 38E#2A2A004011000000
(1786378390.653946) can0 38F#ED25E25302000000
(1786378390.654189) can0 38E#772B004011000000
(1786378390.663977) can0 38E#F92C004011000000
(1786378390.673970) can0 38F#0A26E25302000000
(1786378390.674193) can0 38E#A42D004011000000
(1786378390.683929) can0 38E#432E004011000000
(1786378390.694048) can0 38F#5727E25302000000
(1786378390.694294) can0 38E#1E2F004011000000
(1786378390.704012) can0 38E#4220004011000000
(1786378390.713991) can0 38F#0B28E25302000000
(1786378390.714252) can0 38E#1F21004011000000
(1786378390.723971) can0 38E#F822004011000000
(1786378390.733938) can0 38F#5629E25302000000
(1786378390.734239) can0 38E#A523004011000000
(1786378390.743969) can0 38E#2B24004011000000
(1786378390.753638) can0 38F#B12AE25302000000
(1786378390.753884) can0 38E#7625004011000000
(1786378390.763992) can0 38E#9126004011000000
(1786378390.774091) can0 38F#EC2BE25302000000
(1786378390.774466) can0 38E#CC27004011000000
(1786378390.783977) can0 38E#9028004011000000
(1786378390.794014) can0 38F#622CE25302000000
(1786378390.794281) can0 38E#CD29004011000000
(1786378390.803953) can0 38E#2A2A004011000000
(1786378390.814013) can0 38F#3F2DE25302000000
(1786378390.814343) can0 38E#772B004011000000
(1786378390.824039) can0 38E#F92C004011000000
(1786378390.833960) can0 38F#D82EE25302000000
(1786378390.834201) can0 38E#A42D004011000000
(1786378390.844062) can0 38E#432E004011000000
(1786378390.854054) can0 38F#852FE25302000000
(1786378390.854453) can0 38E#1E2F004011000000
(1786378390.864029) can0 38E#4220004011000000
(1786378390.873991) can0 38F#D920E25302000000
(1786378390.874306) can0 38E#1F21004011000000
(1786378390.883958) can0 38E#F822004011000000
(1786378390.894047) can0 38F#8421E25302000000
(1786378390.894326) can0 38E#A523004011000000
(1786378390.903960) can0 38E#2B24004011000000
(1786378390.914010) can0 38F#6322E25302000000
(1786378390.914397) can0 38E#7625004011000000
(1786378390.924002) can0 38E#9126004011000000
(1786378390.934049) can0 38F#3E23E25302000000
(1786378390.934379) can0 38E#CC27004011000000
(1786378390.944060) can0 38E#9028004011000000
(1786378390.954003) can0 38F#B024E25302000000
(1786378390.954282) can0 38E#CD29004011000000
(1786378390.963972) can0 38E#2A2A004011000000
(1786378390.973948) can0 38F#ED25E25302000000
(1786378390.974189) can0 38E#772B004011000000
(1786378390.983864) can0 38E#F92C004011000000
(1786378390.994011) can0 38F#0A26E25302000000
(1786378390.994295) can0 38E#A42D004011000000
(1786378391.004027) can0 38E#432E004011000000
(1786378391.013971) can0 38F#5727E25302000000
(1786378391.014264) can0 38E#1E2F004011000000
(1786378391.023965) can0 38E#4220004011000000
(1786378391.034033) can0 38F#0B28E25302000000
(1786378391.034354) can0 38E#1F21004011000000
(1786378391.044104) can0 38E#F822004011000000
(1786378391.054033) can0 38F#5629E25302000000
(1786378391.054329) can0 38E#A523004011000000
(1786378391.063987) can0 38E#2B24004011000000
(1786378391.074005) can0 38F#B12AE25302000000
(1786378391.074277) can0 38E#7625004011000000
(1786378391.083912) can0 38E#9126004011000000
(1786378391.094007) can0 38F#EC2BE25302000000
(1786378391.094229) can0 38E#CC27004011000000
(1786378391.103965) can0 38E#9028004011000000
(1786378391.114016) can0 38F#622CE25302000000
(1786378391.114430) can0 38E#CD29004011000000
(1786378391.123991) can0 38E#2A2A004011000000
(1786378391.133955) can0 38F#3F2DE25302000000
(1786378391.134212) can0 38E#772B004011000000
(1786378391.144058) can0 38E#F92C004011000000
(1786378391.153931) can0 38F#D82EE25302000000
(1786378391.154220) can0 38E#A42D004011000000
(1786378391.164011) can0 38E#432E004011000000
(1786378391.174009) can0 38F#852FE25302000000
(1786378391.174260) can0 38E#1E2F004011000000
(1786378391.183919) can0 38E#4220004011000000
(1786378391.193976) can0 38F#D920E25302000000
(1786378391.194340) can0 38E#1F21004011000000
(1786378391.204030) can0 38E#F822004011000000
(1786378391.214004) can0 38F#8421E25302000000
(1786378391.214347) can0 38E#A523004011000000
(1786378391.224064) can0 38E#2B24004011000000
(1786378391.233949) can0 38F#6322E25302000000
(1786378391.234287) can0 38E#7625004011000000
(1786378391.244010) can0 38E#9126004011000000
(1786378391.254089) can0 38F#3E23E25302000000
(1786378391.254375) can0 38E#CC27004011000000
(1786378391.264039) can0 38E#9028004011000000
(1786378391.273947) can0 38F#B024E25302000000
(1786378391.274270) can0 38E#CD29004011000000
(1786378391.283963) can0 38E#2A2A004011000000
(1786378391.294001) can0 38F#ED25E25302000000
(1786378391.294312) can0 38E#772B004011000000
(1786378391.303959) can0 38E#F92C004011000000
(1786378391.313920) can0 38F#0A26E25302000000
(1786378391.314284) can0 38E#A42D004011000000
(1786378391.323986) can0 38E#432E004011000000
(1786378391.333930) can0 38F#5727E25302000000
(1786378391.334258) can0 38E#1E2F004011000000
(1786378391.344008) can0 38E#4220004011000000
(1786378391.353997) can0 38F#0B28E25302000000
(1786378391.354269) can0 38E#1F21004011000000
(1786378391.363995) can0 38E#F822004011000000
(1786378391.374055) can0 38F#5629E25302000000
(1786378391.374380) can0 38E#A523004011000000
(1786378391.383992) can0 38E#2B24004011000000
(1786378391.393978) can0 38F#B12AE25302000000
(1786378391.394169) can0 38E#7625004011000000
(1786378391.403915) can0 38E#9126004011000000
(1786378391.413947) can0 38F#EC2BE25302000000
(1786378391.414264) can0 38E#CC27004011000000
(1786378391.423956) can0 38E#9028004011000000
(1786378391.434050) can0 38F#622CE25302000000
(1786378391.434411) can0 38E#CD29004011000000
(1786378391.443982) can0 38E#2A2A004011000000
(1786378391.453987) can0 38F#3F2DE25302000000
(1786378391.454273) can0 38E#772B004011000000
(1786378391.464043) can0 38E#F92C004011000000
(1786378391.474002) can0 38F#D82EE25302000000
(1786378391.474288) can0 38E#A42D004011000000
(1786378391.483995) can0 38E#432E004011000000
(1786378391.493968) can0 38F#852FE25302000000
(1786378391.494302) can0 38E#1E2F004011000000
(1786378391.503945) can0 38E#4220004011000000
(1786378391.513913) can0 38F#D920E25302000000
(1786378391.514221) can0 38E#1F21004011000000
(1786378391.524035) can0 38E#F822004011000000
(1786378391.534107) can0 38F#8421E25302000000
(1786378391.534442) can0 38E#A523004011000000
(1786378391.544051) can0 38E#2B24004011000000
(1786378391.553889) can0 38F#6322E25302000000
(1786378391.554203) can0 38E#7625004011000000
(1786378391.564102) can0 38E#9126004011000000
(1786378391.574087) can0 38F#3E23E25302000000
(1786378391.574409) can0 38E#CC27004011000000
(1786378391.583984) can0 38E#9028004011000000
(1786378391.593961) can0 38F#B024E25302000000
(1786378391.594293) can0 38E#CD29004011000000
(1786378391.603988) can0 38E#2A2A004011000000
(1786378391.613626) can0 38F#ED25E25302000000
(1786378391.613924) can0 38E#772B004011000000
(1786378391.623924) can0 38E#F92C004011000000
(1786378391.634113) can0 38F#0A26E25302000000
(1786378391.634468) can0 38E#A42D004011000000
(1786378391.644057) can0 38E#432E004011000000
(1786378391.654014) can0 38F#5727E25302000000
(1786378391.654348) can0 38E#1E2F004011000000
(1786378391.664035) can0 38E#4220004011000000
(1786378391.673946) can0 38F#0B28E25302000000
(1786378391.674296) can0 38E#1F21004011000000
(1786378391.684002) can0 38E#F822004011000000
(1786378391.694051) can0 38F#5629E25302000000
(1786378391.694323) can0 38E#A523004011000000
(1786378391.703943) can0 38E#2B24004011000000
(1786378391.713950) can0 38F#B12AE25302000000
(1786378391.714168) can0 38E#7625004011000000
(1786378391.723976) can0 38E#9126004011000000
(1786378391.733893) can0 38F#EC2BE25302000000
(1786378391.734106) can0 38E#CC27004011000000
(1786378391.743924) can0 38E#9028004011000000
(1786378391.753963) can0 38F#622CE25302000000
(1786378391.754182) can0 38E#CD29004011000000
(1786378391.763936) can0 38E#2A2A004011000000
(1786378391.774006) can0 38F#3F2DE25302000000
(1786378391.774292) can0 38E#772B004011000000
(1786378391.783947) can0 38E#F92C004011000000
(1786378391.793992) can0 38F#D82EE25302000000
(1786378391.794279) can0 38E#A42D004011000000
(1786378391.803975) can0 38E#432E004011000000
(1786378391.813967) can0 38F#852FE25302000000
(1786378391.814255) can0 38E#1E2F004011000000
(1786378391.824009) can0 38E#4220004011000000
(1786378391.833915) can0 38F#D920E25302000000
(1786378391.834180) can0 38E#1F21004011000000
(1786378391.843960) can0 38E#F822004011000000
(1786378391.854001) can0 38F#8421E25302000000
(1786378391.854343) can0 38E#A523004011000000
(1786378391.863951) can0 38E#2B24004011000000
(1786378391.873917) can0 38F#6322E25302000000
(1786378391.874150) can0 38E#7625004011000000
(1786378391.883968) can0 38E#9126004011000000
(1786378391.893990) can0 38F#3E23E25302000000
(1786378391.894250) can0 38E#CC27004011000000
(1786378391.904005) can0 38E#9028004011000000
(1786378391.914035) can0 38F#B024E25302000000
(1786378391.914416) can0 38E#CD29004011000000
(1786378391.923954) can0 38E#2A2A004011000000
(1786378391.934025) can0 38F#ED25E25302000000
(1786378391.934404) can0 38E#772B004011000000
(1786378391.944045) can0 38E#F92C004011000000
(1786378391.953961) can0 38F#0A26E25302000000
(1786378391.954331) can0 38E#A42D004011000000
(1786378391.963957) can0 38E#432E004011000000
(1786378391.974023) can0 38F#5727E25302000000
(1786378391.974285) can0 38E#1E2F004011000000
(1786378391.983898) can0 38E#4220004011000000
(1786378391.993940) can0 38F#0B28E25302000000
(1786378391.994210) can0 38E#1F21004011000000
(1786378392.004019) can0 38E#F822004011000000
(1786378392.013955) can0 38F#5629E25302000000
(1786378392.014278) can0 38E#A523004011000000
(1786378392.024081) can0 38E#2B24004011000000
(1786378392.033920) can0 38F#B12AE25302000000
(1786378392.034218) can0 38E#7625004011000000
(1786378392.043985) can0 38E#9126004011000000
(1786378392.053946) can0 38F#EC2BE25302000000
(1786378392.054247) can0 38E#CC27004011000000
(1786378392.064041) can0 38E#9028004011000000
(1786378392.073936) can0 38F#622CE25302000000
(1786378392.074243) can0 38E#CD29004011000000
(1786378392.083945) can0 38E#2A2A004011000000
(1786378392.093961) can0 38F#3F2DE25302000000
(1786378392.094267) can0 38E#772B004011000000
(1786378392.103936) can0 38E#F92C004011000000
(1786378392.113981) can0 38F#D82EE25302000000
(1786378392.114238) can0 38E#A42D004011000000
(1786378392.123951) can0 38E#432E004011000000
(1786378392.133868) can0 38F#852FE25302000000
(1786378392.134085) can0 38E#1E2F004011000000
(1786378392.143998) can0 38E#4220004011000000
(1786378392.153971) can0 38F#D920E25302000000
(1786378392.154279) can0 38E#1F21004011000000
(1786378392.163997) can0 38E#F822004011000000
(1786378392.173912) can0 38F#8421E25302000000
(1786378392.174146) can0 38E#A523004011000000
(1786378392.183926) can0 38E#2B24004011000000
(1786378392.193911) can0 38F#6322E25302000000
(1786378392.194165) can0 38E#7625004011000000
(1786378392.203988) can0 38E#9126004011000000
(1786378392.214002) can0 38F#3E23E25302000000
(1786378392.214359) can0 38E#CC27004011000000
(1786378392.223944) can0 38E#9028004011000000
(1786378392.233996) can0 38F#B024E25302000000
(1786378392.234369) can0 38E#CD29004011000000
(1786378392.243982) can0 38E#2A2A004011000000
(1786378392.254028) can0 38F#ED25E25302000000
(1786378392.254328) can0 38E#772B004011000000
(1786378392.263941) can0 38E#F92C004011000000
(1786378392.273900) can0 38F#0A26E25302000000
(1786378392.274113) can0 38E#A42D004011000000
(1786378392.283999) can0 38E#432E004011000000
(1786378392.293997) can0 38F#5727E25302000000
(1786378392.294302) can0 38E#1E2F004011000000
(1786378392.303985) can0 38E#4220004011000000
(1786378392.313970) can0 38F#0B28E25302000000
(1786378392.314366) can0 38E#1F21004011000000
(1786378392.323980) can0 38E#F822004011000000
(1786378392.333984) can0 38F#5629E25302000000
(1786378392.334227) can0 38E#A523004011000000
(1786378392.343954) can0 38E#2B24004011000000
(1786378392.353869) can0 38F#B12AE25302000000
(1786378392.354122) can0 38E#7625004011000000
(1786378392.363861) can0 38E#9126004011000000
(1786378392.373949) can0 38F#EC2BE25302000000
(1786378392.374211) can0 38E#CC27004011000000
(1786378392.383949) can0 38E#9028004011000000
(1786378392.394009) can0 38F#622CE25302000000
(1786378392.394256) can0 38E#CD29004011000000
(1786378392.403923) can0 38E#2A2A004011000000
(1786378392.413906) can0 38F#3F2DE25302000000
(1786378392.414178) can0 38E#772B004011000000
(1786378392.423961) can0 38E#F92C004011000000
(1786378392.433951) can0 38F#D82EE25302000000
(1786378392.434201) can0 38E#A42D004011000000
(1786378392.443913) can0 38E#432E004011000000
(1786378392.453988) can0 38F#852FE25302000000
(1786378392.454241) can0 38E#1E2F004011000000
(1786378392.464042) can0 38E#4220004011000000
(1786378392.473860) can0 38F#D920E25302000000
(1786378392.474288) can0 38E#1F21004011000000
(1786378392.483895) can0 38E#F822004011000000
(1786378392.494083) can0 38F#8421E25302000000
(1786378392.494448) can0 38E#A523004011000000
(1786378392.503980) can0 38E#2B24004011000000
(1786378392.513998) can0 38F#6322E25302000000
(1786378392.514311) can0 38E#7625004011000000
(1786378392.523985) can0 38E#9126004011000000
(1786378392.533985) can0 38F#3E23E25302000000
(1786378392.534282) can0 38E#CC27004011000000
(1786378392.544108) can0 38E#9028004011000000
(1786378392.554024) can0 38F#B024E25302000000
(1786378392.554352) can0 38E#CD29004011000000
(1786378392.564084) can0 38E#2A2A004011000000
(1786378392.573997) can0 38F#ED25E25302000000
(1786378392.574314) can0 38E#772B004011000000
(1786378392.583947) can0 38E#F92C004011000000
(1786378392.593963) can0 38F#0A26E25302000000
(1786378392.594335) can0 38E#A42D004011000000
(1786378392.603933) can0 38E#432E004011000000
(1786378392.613957) can0 38F#5727E25302000000
(1786378392.614207) can0 38E#1E2F004011000000
(1786378392.623862) can0 38E#4220004011000000
(1786378392.633984) can0 38F#0B28E25302000000
(1786378392.634334) can0 38E#1F21004011000000
(1786378392.644062) can0 38E#F822004011000000
(1786378392.653924) can0 38F#5629E25302000000
(1786378392.654223) can0 38E#A523004011000000
(1786378392.663995) can0 38E#2B24004011000000
(1786378392.673973) can0 38F#B12AE25302000000
(1786378392.674300) can0 38E#7625004011000000
(1786378392.683942) can0 38E#9126004011000000
(1786378392.693923) can0 38F#EC2BE25302000000
(1786378392.694230) can0 38E#CC27004011000000
(1786378392.703932) can0 38E#9028004011000000
(1786378392.713980) can0 38F#622CE25302000000
(1786378392.714262) can0 38E#CD29004011000000
(1786378392.723956) can0 38E#2A2A004011000000
(1786378392.733871) can0 38F#3F2DE25302000000
(1786378392.734175) can0 38E#772B004011000000
(1786378392.743943) can0 38E#F92C004011000000
(1786378392.753946) can0 38F#D82EE25302000000
(1786378392.754168) can0 38E#A42D004011000000
(1786378392.763992) can0 38E#432E004011000000
(1786378392.773978) can0 38F#852FE25302000000
(1786378392.774313) can0 38E#1E2F004011000000
(1786378392.783961) can0 38E#4220004011000000
(1786378392.793927) can0 38F#D920E25302000000
(1786378392.794267) can0 38E#1F21004011000000
(1786378392.803914) can0 38E#F822004011000000
(1786378392.814015) can0 38F#8421E25302000000
(1786378392.814361) can0 38E#A523004011000000
(1786378392.824017) can0 38E#2B24004011000000
(1786378392.833922) can0 38F#6322E25302000000
(1786378392.834198) can0 38E#7625004011000000
(1786378392.843961) can0 38E#9126004011000000
(1786378392.853935) can0 38F#3E23E25302000000
(1786378392.854215) can0 38E#CC27004011000000
(1786378392.863994) can0 38E#9028004011000000
(1786378392.873923) can0 38F#B024E25302000000
(1786378392.874278) can0 38E#CD29004011000000
(1786378392.884081) can0 38E#2A2A004011000000
(1786378392.894035) can0 38F#ED25E25302000000
(1786378392.894372) can0 38E#772B004011000000
(1786378392.903949) can0 38E#F92C004011000000
(1786378392.913939) can0 38F#0A26E25302000000
(1786378392.914349) can0 38E#A42D004011000000
(1786378392.924038) can0 38E#432E004011000000
(1786378392.934015) can0 38F#5727E25302000000
(1786378392.934328) can0 38E#1E2F004011000000
(1786378392.944044) can0 38E#4220004011000000
(1786378392.953959) can0 38F#0B28E25302000000
(1786378392.954289) can0 38E#1F21004011000000
(1786378392.963931) can0 38E#F822004011000000
(1786378392.973964) can0 38F#5629E25302000000
(1786378392.974243) can0 38E#A523004011000000
(1786378392.983942) can0 38E#2B24004011000000
(1786378392.993963) can0 38F#B12AE25302000000
(1786378392.994327) can0 38E#7625004011000000
(1786378393.003958) can0 38E#9126004011000000
(1786378393.013975) can0 38F#EC2BE25302000000
(1786378393.014357) can0 38E#CC27004011000000
(1786378393.023929) can0 38E#9028004011000000
(1786378393.033908) can0 38F#622CE25302000000
(1786378393.034185) can0 38E#CD29004011000000
(1786378393.044032) can0 38E#2A2A004011000000
(1786378393.053946) can0 38F#3F2DE25302000000
(1786378393.054245) can0 38E#772B004011000000
(1786378393.064058) can0 38E#F92C004011000000
(1786378393.073959) can0 38F#D82EE25302000000
(1786378393.074264) can0 38E#A42D004011000000
(1786378393.084025) can0 38E#432E004011000000
(1786378393.094037) can0 38F#852FE25302000000
(1786378393.094410) can0 38E#1E2F004011000000
(1786378393.104001) can0 38E#4220004011000000
(1786378393.113971) can0 38F#D920E25302000000
(1786378393.114302) can0 38E#1F21004011000000
(1786378393.123969) can0 38E#F822004011000000
(1786378393.133983) can0 38F#8421E25302000000
(1786378393.134340) can0 38E#A523004011000000
(1786378393.143999) can0 38E#2B24004011000000
(1786378393.153971) can0 38F#6322E25302000000
(1786378393.154247) can0 38E#7625004011000000
(1786378393.163982) can0 38E#9126004011000000
(1786378393.173971) can0 38F#3E23E25302000000
(1786378393.174290) can0 38E#CC27004011000000
(1786378393.183948) can0 38E#9028004011000000
(1786378393.193951) can0 38F#B024E25302000000
(1786378393.194237) can0 38E#CD29004011000000
(1786378393.203968) can0 38E#2A2A004011000000
(1786378393.213905) can0 38F#ED25E25302000000
(1786378393.214190) can0 38E#772B004011000000
(1786378393.223906) can0 38E#F92C004011000000
(1786378393.233926) can0 38F#0A26E25302000000
(1786378393.234182) can0 38E#A42D004011000000
(1786378393.244058) can0 38E#432E004011000000
(1786378393.254017) can0 38F#5727E25302000000
(1786378393.254306) can0 38E#1E2F004011000000
(1786378393.263957) can0 38E#4220004011000000
(1786378393.273914) can0 38F#0B28E25302000000
(1786378393.274188) can0 38E#1F21004011000000
(1786378393.283924) can0 38E#F822004011000000
(1786378393.293988) can0 38F#5629E25302000000
(1786378393.294217) can0 38E#A523004011000000
(1786378393.303920) can0 38E#2B24004011000000
(1786378393.313930) can0 38F#B12AE25302000000
(1786378393.314211) can0 38E#7625004011000000
(1786378393.323955) can0 38E#9126004011000000
(1786378393.333819) can0 38F#EC2BE25302000000
(1786378393.334042) can0 38E#CC27004011000000
(1786378393.343892) can0 38E#9028004011000000
(1786378393.353958) can0 38F#622CE25302000000
(1786378393.354209) can0 38E#CD29004011000000
(1786378393.363911) can0 38E#2A2A004011000000
(1786378393.373935) can0 38F#3F2DE25302000000
(1786378393.374169) can0 38E#772B004011000000
(1786378393.383881) can0 38E#F92C004011000000
(1786378393.393878) can0 38F#D82EE25302000000
(1786378393.394204) can0 38E#A42D004011000000
(1786378393.404031) can0 38E#432E004011000000
(1786378393.413963) can0 38F#852FE25302000000
(1786378393.414323) can0 38E#1E2F004011000000
(1786378393.423990) can0 38E#4220004011000000
(1786378393.434026) can0 38F#D920E25302000000
(1786378393.434453) can0 38E#1F21004011000000
(1786378393.444178) can0 38E#F822004011000000
(1786378393.453966) can0 38F#8421E25302000000
(1786378393.454326) can0 38E#A523004011000000
(1786378393.463916) can0 38E#2B24004011000000
(1786378393.473923) can0 38F#6322E25302000000
(1786378393.474205) can0 38E#7625004011000000
(1786378393.483946) can0 38E#9126004011000000
(1786378393.493938) can0 38F#3E23E25302000000
(1786378393.494192) can0 38E#CC27004011000000
(1786378393.503954) can0 38E#9028004011000000
(1786378393.513937) can0 38F#B024E25302000000
(1786378393.514210) can0 38E#CD29004011000000
(1786378393.523927) can0 38E#2A2A004011000000
(1786378393.533962) can0 38F#ED25E25302000000
(1786378393.534291) can0 38E#772B004011000000
(1786378393.543982) can0 38E#F92C004011000000
(1786378393.553933) can0 38F#0A26E25302000000
(1786378393.554199) can0 38E#A42D004011000000
(1786378393.564031) can0 38E#432E004011000000
(1786378393.574048) can0 38F#5727E25302000000
(1786378393.574445) can0 38E#1E2F004011000000
(1786378393.584027) can0 38E#4220004011000000
(1786378393.593979) can0 38F#0B28E25302000000
(1786378393.594324) can0 38E#1F21004011000000
(1786378393.603945) can0 38E#F822004011000000
(1786378393.614056) can0 38F#5629E25302000000
(1786378393.614410) can0 38E#A523004011000000
(1786378393.624063) can0 38E#2B24004011000000
(1786378393.633915) can0 38F#B12AE25302000000
(1786378393.634262) can0 38E#7625004011000000
(1786378393.643925) can0 38E#9126004011000000
(1786378393.653902) can0 38F#EC2BE25302000000
(1786378393.654175) can0 38E#CC27004011000000
(1786378393.663904) can0 38E#9028004011000000
(1786378393.673977) can0 38F#622CE25302000000
(1786378393.674199) can0 38E#CD29004011000000
(1786378393.684019) can0 38E#2A2A004011000000
(1786378393.693954) can0 38F#3F2DE25302000000
(1786378393.694353) can0 38E#772B004011000000
(1786378393.703892) can0 38E#F92C004011000000
(1786378393.713908) can0 38F#D82EE25302000000
(1786378393.714252) can0 38E#A42D004011000000
(1786378393.724014) can0 38E#432E004011000000
(1786378393.733874) can0 38F#852FE25302000000
(1786378393.734159) can0 38E#1E2F004011000000
(1786378393.743937) can0 38E#4220004011000000
(1786378393.753927) can0 38F#D920E25302000000
(1786378393.754211) can0 38E#1F21004011000000
(1786378393.763871) can0 38E#F822004011000000
(1786378393.773849) can0 38F#8421E25302000000
(1786378393.774081) can0 38E#A523004011000000
(1786378393.783900) can0 38E#2B24004011000000
(1786378393.793919) can0 38F#6322E25302000000
(1786378393.794201) can0 38E#7625004011000000
(1786378393.803951) can0 38E#9126004011000000
(1786378393.813903) can0 38F#3E23E25302000000
(1786378393.814207) can0 38E#CC27004011000000
(1786378393.823951) can0 38E#9028004011000000
(1786378393.833943) can0 38F#B024E25302000000
(1786378393.834239) can0 38E#CD29004011000000
(1786378393.843953) can0 38E#2A2A004011000000
(1786378393.853937) can0 38F#ED25E25302000000
(1786378393.854233) can0 38E#772B004011000000
(1786378393.863983) can0 38E#F92C004011000000
(1786378393.873949) can0 38F#0A26E25302000000
(1786378393.874337) can0 38E#A42D004011000000
(1786378393.883933) can0 38E#432E004011000000
(1786378393.893949) can0 38F#5727E25302000000
(1786378393.894230) can0 38E#1E2F004011000000
(1786378393.903990) can0 38E#4220004011000000
(1786378393.913930) can0 38F#0B28E25302000000
(1786378393.914167) can0 38E#1F21004011000000
(1786378393.923900) can0 38E#F822004011000000
(1786378393.934019) can0 38F#5629E25302000000
(1786378393.934329) can0 38E#A523004011000000
(1786378393.943938) can0 38E#2B24004011000000
(1786378393.953951) can0 38F#B12AE25302000000
(1786378393.954221) can0 38E#7625004011000000
(1786378393.963972) can0 38E#9126004011000000
(1786378393.973953) can0 38F#EC2BE25302000000
(1786378393.974196) can0 38E#CC27004011000000
(1786378393.983879) can0 38E#9028004011000000
(1786378393.993901) can0 38F#622CE25302000000
(1786378393.994259) can0 38E#CD29004011000000
(1786378394.004048) can0 38E#2A2A004011000000
(1786378394.013964) can0 38F#3F2DE25302000000
(1786378394.014272) can0 38E#772B004011000000
(1786378394.023902) can0 38E#F92C004011000000
(1786378394.034014) can0 38F#D82EE25302000000
(1786378394.034436) can0 38E#A42D004011000000
(1786378394.044017) can0 38E#432E004011000000
(1786378394.053961) can0 38F#852FE25302000000
(1786378394.054242) can0 38E#1E2F004011000000
(1786378394.063890) can0 38E#4220004011000000
(1786378394.073860) can0 38F#D920E25302000000
(1786378394.074069) can0 38E#1F21004011000000
(1786378394.083867) can0 38E#F822004011000000
(1786378394.093952) can0 38F#8421E25302000000
(1786378394.094294) can0 38E#A523004011000000
(1786378394.104016) can0 38E#2B24004011000000
(1786378394.113976) can0 38F#6322E25302000000
(1786378394.114434) can0 38E#7625004011000000
(1786378394.123987) can0 38E#9126004011000000
(1786378394.133964) can0 38F#3E23E25302000000
(1786378394.134302) can0 38E#CC27004011000000
(1786378394.143953) can0 38E#9028004011000000
(1786378394.153997) can0 38F#B024E25302000000
(1786378394.154347) can0 38E#CD29004011000000
(1786378394.164008) can0 38E#2A2A004011000000
(1786378394.173977) can0 38F#ED25E25302000000
(1786378394.174269) can0 38E#772B004011000000
(1786378394.183902) can0 38E#F92C004011000000
(1786378394.193875) can0 38F#0A26E25302000000
(1786378394.194185) can0 38E#A42D004011000000
(1786378394.203855) can0 38E#432E004011000000
(1786378394.213973) can0 38F#5727E25302000000
(1786378394.214308) can0 38E#1E2F004011000000
(1786378394.223893) can0 38E#4220004011000000
(1786378394.233917) can0 38F#0B28E25302000000
(1786378394.234154) can0 38E#1F21004011000000
(1786378394.243954) can0 38E#F822004011000000
(1786378394.253942) can0 38F#5629E25302000000
(1786378394.254241) can0 38E#A523004011000000
(1786378394.264009) can0 38E#2B24004011000000
(1786378394.273917) can0 38F#B12AE25302000000
(1786378394.274182) can0 38E#7625004011000000
(1786378394.283873) can0 38E#9126004011000000
(1786378394.293898) can0 38F#EC2BE25302000000
(1786378394.294128) can0 38E#CC27004011000000
(1786378394.303903) can0 38E#9028004011000000
(1786378394.313984) can0 38F#622CE25302000000
(1786378394.314406) can0 38E#CD29004011000000
(1786378394.323917) can0 38E#2A2A004011000000
(1786378394.333926) can0 38F#3F2DE25302000000
(1786378394.334334) can0 38E#772B004011000000
(1786378394.343865) can0 38E#F92C004011000000
(1786378394.353890) can0 38F#D82EE25302000000
(1786378394.354169) can0 38E#A42D004011000000
(1786378394.363926) can0 38E#432E004011000000
(1786378394.373937) can0 38F#852FE25302000000
(1786378394.374233) can0 38E#1E2F004011000000
(1786378394.383939) can0 38E#4220004011000000
(1786378394.393915) can0 38F#D920E25302000000
(1786378394.394232) can0 38E#1F21004011000000
(1786378394.403957) can0 38E#F822004011000000
(1786378394.413904) can0 38F#8421E25302000000
(1786378394.414329) can0 38E#A523004011000000
(1786378394.423857) can0 38E#2B24004011000000
(1786378394.434015) can0 38F#6322E25302000000
(1786378394.434403) can0 38E#7625004011000000
(1786378394.444065) can0 38E#9126004011000000
(1786378394.453988) can0 38F#3E23E25302000000
(1786378394.454342) can0 38E#CC27004011000000
(1786378394.463970) can0 38E#9028004011000000
(1786378394.473929) can0 38F#B024E25302000000
(1786378394.474160) can0 38E#CD29004011000000
(1786378394.483977) can0 38E#2A2A004011000000
(1786378394.493934) can0 38F#ED25E25302000000
(1786378394.494228) can0 38E#772B004011000000
(1786378394.503926) can0 38E#F92C004011000000
(1786378394.513934) can0 38F#0A26E25302000000
(1786378394.514253) can0 38E#A42D004011000000
(1786378394.523954) can0 38E#432E004011000000
(1786378394.534080) can0 38F#5727E25302000000
(1786378394.534484) can0 38E#1E2F004011000000
(1786378394.543957) can0 38E#4220004011000000
(1786378394.553959) can0 38F#0B28E25302000000
(1786378394.554289) can0 38E#1F21004011000000
(1786378394.563913) can0 38E#F822004011000000
(1786378394.573891) can0 38F#5629E25302000000
(1786378394.574120) can0 38E#A523004011000000
(1786378394.583940) can0 38E#2B24004011000000
(1786378394.593927) can0 38F#B12AE25302000000
(1786378394.594207) can0 38E#7625004011000000
(1786378394.603907) can0 38E#9126004011000000
(1786378394.613923) can0 38F#EC2BE25302000000
(1786378394.614210) can0 38E#CC27004011000000
(1786378394.623860) can0 38E#9028004011000000
(1786378394.633865) can0 38F#622CE25302000000
(1786378394.634197) can0 38E#CD29004011000000
(1786378394.644010) can0 38E#2A2A004011000000
(1786378394.653929) can0 38F#3F2DE25302000000
(1786378394.654235) can0 38E#772B004011000000
(1786378394.663957) can0 38E#F92C004011000000
(1786378394.673898) can0 38F#D82EE25302000000
(1786378394.674218) can0 38E#A42D004011000000
(1786378394.683875) can0 38E#432E004011000000
(1786378394.693974) can0 38F#852FE25302000000
(1786378394.694375) can0 38E#1E2F004011000000
(1786378394.703920) can0 38E#4220004011000000
(1786378394.713885) can0 38F#D920E25302000000
(1786378394.714224) can0 38E#1F21004011000000
(1786378394.723899) can0 38E#F822004011000000
(1786378394.733850) can0 38F#8421E25302000000
(1786378394.734077) can0 38E#A523004011000000
(1786378394.743910) can0 38E#2B24004011000000
(1786378394.753895) can0 38F#6322E25302000000
(1786378394.754189) can0 38E#7625004011000000
(1786378394.763928) can0 38E#9126004011000000
(1786378394.773953) can0 38F#3E23E25302000000
(1786378394.774288) can0 38E#CC27004011000000
(1786378394.783955) can0 38E#9028004011000000
(1786378394.793909) can0 38F#B024E25302000000
(1786378394.794218) can0 38E#CD29004011000000
(1786378394.803877) can0 38E#2A2A004011000000
(1786378394.813949) can0 38F#ED25E25302000000
(1786378394.814294) can0 38E#772B004011000000
(1786378394.823970) can0 38E#F92C004011000000
(1786378394.833975) can0 38F#0A26E25302000000
(1786378394.834288) can0 38E#A42D004011000000
(1786378394.843891) can0 38E#432E004011000000
(1786378394.853888) can0 38F#5727E25302000000
(1786378394.854243) can0 38E#1E2F004011000000
(1786378394.864042) can0 38E#4220004011000000
(1786378394.874066) can0 38F#0B28E25302000000
(1786378394.874478) can0 38E#1F21004011000000
(1786378394.883981) can0 38E#F822004011000000
(1786378394.893969) can0 38F#5629E25302000000
(1786378394.894346) can0 38E#A523004011000000
(1786378394.904027) can0 38E#2B24004011000000
(1786378394.913941) can0 38F#B12AE25302000000
(1786378394.914255) can0 38E#7625004011000000
(1786378394.923915) can0 38E#9126004011000000
(1786378394.933999) can0 38F#EC2BE25302000000
(1786378394.934390) can0 38E#CC27004011000000
(1786378394.943958) can0 38E#9028004011000000
(1786378394.953901) can0 38F#622CE25302000000
(1786378394.954192) can0 38E#CD29004011000000
(1786378394.963974) can0 38E#2A2A004011000000
(1786378394.973945) can0 38F#3F2DE25302000000
(1786378394.974293) can0 38E#772B004011000000
(1786378394.983953) can0 38E#F92C004011000000
(1786378394.993867) can0 38F#D82EE25302000000
(1786378394.994122) can0 38E#A42D004011000000
(1786378395.003931) can0 38E#432E004011000000
(1786378395.013905) can0 38F#852FE25302000000
(1786378395.014211) can0 38E#1E2F004011000000
(1786378395.023899) can0 38E#4220004011000000
(1786378395.033899) can0 38F#D920E25302000000
(1786378395.034169) can0 38E#1F21004011000000
(1786378395.043978) can0 38E#F822004011000000
(1786378395.053901) can0 38F#8421E25302000000
(1786378395.054187) can0 38E#A523004011000000
(1786378395.063886) can0 38E#2B24004011000000
(1786378395.074001) can0 38F#6322E25302000000
(1786378395.074307) can0 38E#7625004011000000
(1786378395.083881) can0 38E#9126004011000000
(1786378395.093929) can0 38F#3E23E25302000000
(1786378395.094168) can0 38E#CC27004011000000
(1786378395.103900) can0 38E#9028004011000000
(1786378395.113850) can0 38F#B024E25302000000
(1786378395.114062) can0 38E#CD29004011000000
(1786378395.123935) can0 38E#2A2A004011000000
(1786378395.133848) can0 38F#ED25E25302000000
(1786378395.134050) can0 38E#772B004011000000
(1786378395.143858) can0 38E#F92C004011000000
(1786378395.153922) can0 38F#0A26E25302000000
(1786378395.154154) can0 38E#A42D004011000000
(1786378395.164019) can0 38E#432E004011000000
(1786378395.173971) can0 38F#5727E25302000000
(1786378395.174344) can0 38E#1E2F004011000000
(1786378395.183977) can0 38E#4220004011000000
(1786378395.193893) can0 38F#0B28E25302000000
(1786378395.194202) can0 38E#1F21004011000000
(1786378395.203925) can0 38E#F822004011000000
(1786378395.213940) can0 38F#5629E25302000000
(1786378395.214223) can0 38E#A523004011000000
(1786378395.223903) can0 38E#2B24004011000000
(1786378395.233900) can0 38F#B12AE25302000000
(1786378395.234222) can0 38E#7625004011000000
(1786378395.243968) can0 38E#9126004011000000
(1786378395.253979) can0 38F#EC2BE25302000000
(1786378395.254269) can0 38E#CC27004011000000
(1786378395.263991) can0 38E#9028004011000000
(1786378395.273854) can0 38F#622CE25302000000
(1786378395.274165) can0 38E#CD29004011000000
(1786378395.283818) can0 38E#2A2A004011000000
(1786378395.293944) can0 38F#3F2DE25302000000
(1786378395.294262) can0 38E#772B004011000000
(1786378395.303974) can0 38E#F92C004011000000
(1786378395.313928) can0 38F#D82EE25302000000
(1786378395.314296) can0 38E#A42D004011000000
(1786378395.323933) can0 38E#432E004011000000
(1786378395.334106) can0 38F#852FE25302000000
(1786378395.334514) can0 38E#1E2F004011000000
(1786378395.344085) can0 38E#4220004011000000
(1786378395.353926) can0 38F#D920E25302000000
(1786378395.354225) can0 38E#1F21004011000000
(1786378395.363934) can0 38E#F822004011000000
(1786378395.373931) can0 38F#8421E25302000000
(1786378395.374278) can0 38E#A523004011000000
(1786378395.383955) can0 38E#2B24004011000000
(1786378395.393939) can0 38F#6322E25302000000
(1786378395.394287) can0 38E#7625004011000000
(1786378395.403953) can0 38E#9126004011000000
(1786378395.414002) can0 38F#3E23E25302000000
(1786378395.414394) can0 38E#CC27004011000000
(1786378395.424044) can0 38E#9028004011000000
(1786378395.434009) can0 38F#B024E25302000000
(1786378395.434407) can0 38E#CD29004011000000
(1786378395.444101) can0 38E#2A2A004011000000
(1786378395.453958) can0 38F#ED25E25302000000
(1786378395.454300) can0 38E#772B004011000000
(1786378395.464029) can0 38E#F92C004011000000
(1786378395.473910) can0 38F#0A26E25302000000
(1786378395.474404) can0 38E#A42D004011000000
(1786378395.483973) can0 38E#432E004011000000
(1786378395.494051) can0 38F#5727E25302000000
(1786378395.494602) can0 38E#1E2F004011000000
(1786378395.503999) can0 38E#4220004011000000
(1786378395.513995) can0 38F#0B28E25302000000
(1786378395.514420) can0 38E#1F21004011000000
(1786378395.523967) can0 38E#F822004011000000
(1786378395.533979) can0 38F#5629E25302000000
(1786378395.534318) can0 38E#A523004011000000
(1786378395.544111) can0 38E#2B24004011000000
(1786378395.553967) can0 38F#B12AE25302000000
(1786378395.554299) can0 38E#7625004011000000
(1786378395.564046) can0 38E#9126004011000000
(1786378395.573940) can0 38F#EC2BE25302000000
(1786378395.574230) can0 38E#CC27004011000000
(1786378395.583913) can0 38E#9028004011000000
(1786378395.593948) can0 38F#622CE25302000000
(1786378395.594279) can0 38E#CD29004011000000
(1786378395.604071) can0 38E#2A2A004011000000
(1786378395.614001) can0 38F#3F2DE25302000000
(1786378395.614423) can0 38E#772B004011000000
(1786378395.623978) can0 38E#F92C004011000000
(1786378395.633876) can0 38F#D82EE25302000000
(1786378395.634125) can0 38E#A42D004011000000
(1786378395.644031) can0 38E#432E004011000000
(1786378395.653944) can0 38F#852FE25302000000
(1786378395.654291) can0 38E#1E2F004011000000
(1786378395.663901) can0 38E#4220004011000000
(1786378395.673887) can0 38F#D920E25302000000
(1786378395.674176) can0 38E#1F21004011000000
(1786378395.683936) can0 38E#F822004011000000
(1786378395.694096) can0 38F#8421E25302000000
(1786378395.694708) can0 38E#A523004011000000
(1786378395.703940) can0 38E#2B24004011000000
(1786378395.713954) can0 38F#6322E25302000000
(1786378395.714397) can0 38E#7625004011000000
(1786378395.723949) can0 38E#9126004011000000
(1786378395.734057) can0 38F#3E23E25302000000
(1786378395.734482) can0 38E#CC27004011000000
(1786378395.744048) can0 38E#9028004011000000
(1786378395.753876) can0 38F#B024E25302000000
(1786378395.754253) can0 38E#CD29004011000000
(1786378395.763970) can0 38E#2A2A004011000000
(1786378395.774096) can0 38F#ED25E25302000000
(1786378395.774436) can0 38E#772B004011000000
(1786378395.783968) can0 38E#F92C004011000000
(1786378395.793921) can0 38F#0A26E25302000000
(1786378395.794282) can0 38E#A42D004011000000
(1786378395.803906) can0 38E#432E004011000000
(1786378395.813999) can0 38F#5727E25302000000
(1786378395.814494) can0 38E#1E2F004011000000
(1786378395.823967) can0 38E#4220004011000000
(1786378395.833930) can0 38F#0B28E25302000000
(1786378395.834257) can0 38E#1F21004011000000
(1786378395.844036) can0 38E#F822004011000000
(1786378395.853951) can0 38F#5629E25302000000
(1786378395.854286) can0 38E#A523004011000000
(1786378395.864026) can0 38E#2B24004011000000
(1786378395.873957) can0 38F#B12AE25302000000
(1786378395.874304) can0 38E#7625004011000000
(1786378395.884011) can0 38E#9126004011000000
(1786378395.894082) can0 38F#EC2BE25302000000
(1786378395.894617) can0 38E#CC27004011000000
(1786378395.903978) can0 38E#9028004011000000
(1786378395.913902) can0 38F#622CE25302000000
(1786378395.914353) can0 38E#CD29004011000000
(1786378395.923909) can0 38E#2A2A004011000000
(1786378395.933978) can0 38F#3F2DE25302000000
(1786378395.934369) can0 38E#772B004011000000
(1786378395.944004) can0 38E#F92C004011000000
(1786378395.953914) can0 38F#D82EE25302000000
(1786378395.954254) can0 38E#A42D004011000000
(1786378395.963929) can0 38E#432E004011000000
(1786378395.973878) can0 38F#852FE25302000000
(1786378395.974144) can0 38E#1E2F004011000000
(1786378395.983930) can0 38E#4220004011000000
(1786378395.993922) can0 38F#D920E25302000000
(1786378395.994195) can0 38E#1F21004011000000
(1786378396.003930) can0 38E#F822004011000000
(1786378396.013903) can0 38F#8421E25302000000
(1786378396.014285) can0 38E#A523004011000000
(1786378396.023877) can0 38E#2B24004011000000
(1786378396.033882) can0 38F#6322E25302000000
(1786378396.034204) can0 38E#7625004011000000
(1786378396.043941) can0 38E#9126004011000000
(1786378396.053901) can0 38F#3E23E25302000000
(1786378396.054181) can0 38E#CC27004011000000
(1786378396.063867) can0 38E#9028004011000000
(1786378396.073916) can0 38F#B024E25302000000
(1786378396.074236) can0 38E#CD29004011000000
(1786378396.083907) can0 38E#2A2A004011000000
(1786378396.093947) can0 38F#ED25E25302000000
(1786378396.094268) can0 38E#772B004011000000
(1786378396.103921) can0 38E#F92C004011000000
(1786378396.113926) can0 38F#0A26E25302000000
(1786378396.114275) can0 38E#A42D004011000000
(1786378396.123943) can0 38E#432E004011000000
(1786378396.133878) can0 38F#5727E25302000000
(1786378396.134235) can0 38E#1E2F004011000000
(1786378396.143921) can0 38E#4220004011000000
(1786378396.153925) can0 38F#0B28E25302000000
(1786378396.154195) can0 38E#1F21004011000000
(1786378396.163958) can0 38E#F822004011000000
(1786378396.173861) can0 38F#5629E25302000000
(1786378396.174125) can0 38E#A523004011000000
(1786378396.183956) can0 38E#2B24004011000000
(1786378396.193869) can0 38F#B12AE25302000000
(1786378396.194178) can0 38E#7625004011000000
(1786378396.203943) can0 38E#9126004011000000
(1786378396.213870) can0 38F#EC2BE25302000000
(1786378396.214143) can0 38E#CC27004011000000
(1786378396.223835) can0 38E#9028004011000000
(1786378396.233892) can0 38F#622CE25302000000
(1786378396.234260) can0 38E#CD29004011000000
(1786378396.243883) can0 38E#2A2A004011000000
(1786378396.253919) can0 38F#3F2DE25302000000
(1786378396.254195) can0 38E#772B004011000000
(1786378396.263874) can0 38E#F92C004011000000
(1786378396.273897) can0 38F#D82EE25302000000
(1786378396.274144) can0 38E#A42D004011000000
(1786378396.283836) can0 38E#432E004011000000
(1786378396.293936) can0 38F#852FE25302000000
(1786378396.294236) can0 38E#1E2F004011000000
(1786378396.303936) can0 38E#4220004011000000
(1786378396.313920) can0 38F#D920E25302000000
(1786378396.314253) can0 38E#1F21004011000000
(1786378396.323895) can0 38E#F822004011000000
(1786378396.333872) can0 38F#8421E25302000000
(1786378396.334098) can0 38E#A523004011000000
(1786378396.343832) can0 38E#2B24004011000000
(1786378396.353842) can0 38F#6322E25302000000
(1786378396.354062) can0 38E#7625004011000000
(1786378396.363909) can0 38E#9126004011000000
(1786378396.373882) can0 38F#3E23E25302000000
(1786378396.374140) can0 38E#CC27004011000000
(1786378396.383830) can0 38E#9028004011000000
(1786378396.393842) can0 38F#B024E25302000000
(1786378396.394143) can0 38E#CD29004011000000
(1786378396.403872) can0 38E#2A2A004011000000
(1786378396.413921) can0 38F#ED25E25302000000
(1786378396.414255) can0 38E#772B004011000000
(1786378396.423901) can0 38E#F92C004011000000
(1786378396.433884) can0 38F#0A26E25302000000
(1786378396.434242) can0 38E#A42D004011000000
(1786378396.443908) can0 38E#432E004011000000
(1786378396.453898) can0 38F#5727E25302000000
(1786378396.454162) can0 38E#1E2F004011000000
(1786378396.463910) can0 38E#4220004011000000
(1786378396.473844) can0 38F#0B28E25302000000
(1786378396.474055) can0 38E#1F21004011000000
(1786378396.483844) can0 38E#F822004011000000
(1786378396.493833) can0 38F#5629E25302000000
(1786378396.494061) can0 38E#A523004011000000
(1786378396.503860) can0 38E#2B24004011000000
(1786378396.513946) can0 38F#B12AE25302000000
(1786378396.514216) can0 38E#7625004011000000
(1786378396.523846) can0 38E#9126004011000000
(1786378396.534036) can0 38F#EC2BE25302000000
(1786378396.534414) can0 38E#CC27004011000000
(1786378396.544015) can0 38E#9028004011000000
(1786378396.553924) can0 38F#622CE25302000000
(1786378396.554253) can0 38E#CD29004011000000
(1786378396.563824) can0 38E#2A2A004011000000
(1786378396.573934) can0 38F#3F2DE25302000000
(1786378396.574263) can0 38E#772B004011000000
(1786378396.583903) can0 38E#F92C004011000000
(1786378396.593963) can0 38F#D82EE25302000000
(1786378396.594206) can0 38E#A42D004011000000
(1786378396.603870) can0 38E#432E004011000000
(1786378396.613858) can0 38F#852FE25302000000
(1786378396.614181) can0 38E#1E2F004011000000
(1786378396.623882) can0 38E#4220004011000000
(1786378396.633958) can0 38F#D920E25302000000
(1786378396.634167) can0 38E#1F21004011000000
(1786378396.643864) can0 38E#F822004011000000
(1786378396.653855) can0 38F#8421E25302000000
(1786378396.654126) can0 38E#A523004011000000
(1786378396.663832) can0 38E#2B24004011000000
(1786378396.673856) can0 38F#6322E25302000000
(1786378396.674087) can0 38E#7625004011000000
(1786378396.683900) can0 38E#9126004011000000
(1786378396.693917) can0 38F#3E23E25302000000
(1786378396.694192) can0 38E#CC27004011000000
(1786378396.704017) can0 38E#9028004011000000
(1786378396.713924) can0 38F#B024E25302000000
(1786378396.714391) can0 38E#CD29004011000000
(1786378396.723922) can0 38E#2A2A004011000000
(1786378396.734077) can0 38F#ED25E25302000000
(1786378396.734491) can0 38E#772B004011000000
(1786378396.743949) can0 38E#F92C004011000000
(1786378396.753960) can0 38F#0A26E25302000000
(1786378396.754255) can0 38E#A42D004011000000
(1786378396.763966) can0 38E#432E004011000000
(1786378396.773834) can0 38F#5727E25302000000
(1786378396.774135) can0 38E#1E2F004011000000
(1786378396.783825) can0 38E#4220004011000000
(1786378396.794070) can0 38F#0B28E25302000000
(1786378396.794375) can0 38E#1F21004011000000
(1786378396.803951) can0 38E#F822004011000000
(1786378396.814006) can0 38F#5629E25302000000
(1786378396.814364) can0 38E#A523004011000000
(1786378396.823850) can0 38E#2B24004011000000
(1786378396.833872) can0 38F#B12AE25302000000
(1786378396.834160) can0 38E#7625004011000000
(1786378396.844092) can0 38E#9126004011000000
(1786378396.853945) can0 38F#EC2BE25302000000
(1786378396.854234) can0 38E#CC27004011000000
(1786378396.863841) can0 38E#9028004011000000
(1786378396.873827) can0 38F#622CE25302000000
(1786378396.874103) can0 38E#CD29004011000000
(1786378396.883803) can0 38E#2A2A004011000000
(1786378396.893888) can0 38F#3F2DE25302000000
(1786378396.894169) can0 38E#772B004011000000
(1786378396.903894) can0 38E#F92C004011000000
(1786378396.913895) can0 38F#D82EE25302000000
(1786378396.914288) can0 38E#A42D004011000000
(1786378396.923833) can0 38E#432E004011000000
(1786378396.933874) can0 38F#852FE25302000000
(1786378396.934168) can0 38E#1E2F004011000000
(1786378396.943879) can0 38E#4220004011000000
(1786378396.953833) can0 38F#D920E25302000000
(1786378396.954071) can0 38E#1F21004011000000
(1786378396.963919) can0 38E#F822004011000000
(1786378396.973901) can0 38F#8421E25302000000
(1786378396.974196) can0 38E#A523004011000000
(1786378396.983896) can0 38E#2B24004011000000
(1786378396.993810) can0 38F#6322E25302000000
(1786378396.994057) can0 38E#7625004011000000
(1786378397.003839) can0 38E#9126004011000000
(1786378397.013835) can0 38F#3E23E25302000000
(1786378397.014071) can0 38E#CC27004011000000
(1786378397.023888) can0 38E#9028004011000000
(1786378397.033832) can0 38F#B024E25302000000
(1786378397.034096) can0 38E#CD29004011000000
(1786378397.043867) can0 38E#2A2A004011000000
(1786378397.053977) can0 38F#ED25E25302000000
(1786378397.054312) can0 38E#772B004011000000
(1786378397.063929) can0 38E#F92C004011000000
(1786378397.073898) can0 38F#0A26E25302000000
(1786378397.074211) can0 38E#A42D004011000000
(1786378397.083872) can0 38E#432E004011000000
(1786378397.093924) can0 38F#5727E25302000000
(1786378397.094209) can0 38E#1E2F004011000000
(1786378397.103844) can0 38E#4220004011000000
(1786378397.113926) can0 38F#0B28E25302000000
(1786378397.114187) can0 38E#1F21004011000000
(1786378397.123888) can0 38E#F822004011000000
(1786378397.133909) can0 38F#5629E25302000000
(1786378397.134276) can0 38E#A523004011000000
(1786378397.143915) can0 38E#2B24004011000000
(1786378397.153901) can0 38F#B12AE25302000000
(1786378397.154247) can0 38E#7625004011000000
(1786378397.163912) can0 38E#9126004011000000
(1786378397.173835) can0 38F#EC2BE25302000000
(1786378397.174064) can0 38E#CC27004011000000
(1786378397.183823) can0 38E#9028004011000000
(1786378397.193839) can0 38F#622CE25302000000
(1786378397.194094) can0 38E#CD29004011000000
(1786378397.203804) can0 38E#2A2A004011000000
(1786378397.213886) can0 38F#3F2DE25302000000
(1786378397.214252) can0 38E#772B004011000000
(1786378397.223935) can0 38E#F92C004011000000
(1786378397.233817) can0 38F#D82EE25302000000
(1786378397.234091) can0 38E#A42D004011000000
(1786378397.243879) can0 38E#432E004011000000
(1786378397.253801) can0 38F#852FE25302000000
(1786378397.254045) can0 38E#1E2F004011000000
(1786378397.263914) can0 38E#4220004011000000
(1786378397.273987) can0 38F#D920E25302000000
(1786378397.274353) can0 38E#1F21004011000000
